equipo_id,codigo_inventario,numero_serie,nombre_equipo,clase_funcional,marca,modelo,clase_riesgo,criticidad,fecha_adquisicion,costo_adquisicion,vida_util_anios,modalidad_propiedad,fecha_vencimiento_garantia,bajo_plan_mantenimiento,estrategia_mantenimiento,estado_actual
1,EQ-00001,SN-0001-84689785,Tallímetro,Apoyo a diagnóstico,Gima,GI-751,I,Baja,2022-10-19,239000.0,10,Propio,,True,Contrato,Bueno
2,EQ-00002,SN-0002-83663312,Bomba de infusión,Soporte vital,Fresenius Kabi,FR-513,III,Alta,2024-06-15,1746000.0,13,Propio,,False,Interno,Bueno
3,EQ-00003,SN-0003-40856884,Monitor multiparámetro,Monitoreo,Bionet,BI-971,III,Media,2022-02-04,3571000.0,11,Propio,,False,Contrato,Regular
4,EQ-00004,SN-0004-32999948,Esfigmomanómetro,Apoyo a diagnóstico,A&D Medical,AD-847,II,Baja,2014-05-24,267000.0,8,Comodato,2015-06-30,True,Interno,Regular
5,EQ-00005,SN-0005-17051103,Camilla de transporte,Apoyo a diagnóstico,Hillrom/Baxter,HI-309,I,Alta,2021-07-19,3221000.0,10,Propio,,True,Interno,Bueno
6,EQ-00006,SN-0006-99705531,Bomba de infusión,Soporte vital,Baxter,BA-251,III,Alta,2016-07-06,1634000.0,12,Comodato,2018-11-11,True,Interno,Bueno
7,EQ-00007,SN-0007-27147873,Esfigmomanómetro,Apoyo a diagnóstico,Gima,GI-823,II,Media,2026-03-17,247000.0,7,Comodato,2028-08-01,False,Contrato,Baja
8,EQ-00008,SN-0008-41563073,Oftalmoscopio,Apoyo a diagnóstico,Gima,GI-859,I,Media,2014-12-17,688000.0,11,Propio,2017-02-23,True,Interno,Bueno
9,EQ-00009,SN-0009-66707956,Cuna radiante,Neonatología,Medix,ME-204,II,Alta,2021-06-16,12370000.0,10,Propio,,True,Contrato,Regular
10,EQ-00010,SN-0010-11882562,Otoscopio,Apoyo a diagnóstico,Welch Allyn/Hillrom,WE-408,I,Baja,2021-05-22,468000.0,14,Propio,,True,Interno,Bueno
11,EQ-00011,SN-0011-93925308,Balanza clínica,Apoyo a diagnóstico,Tanita,TA-822,I,Media,2026-04-05,1282000.0,11,Propio,,False,Contrato,Regular
12,EQ-00012,SN-0012-95579844,Incubadora,Neonatología,Dräger,DR-898,III,Alta,2023-04-23,12415000.0,14,Propio,,True,Externo,Regular
13,EQ-00013,SN-0013-10542565,Doppler fetal,Apoyo a diagnóstico,Huntleigh,HU-251,II,Baja,2021-09-16,937000.0,11,Propio,,True,Interno,Bueno
14,EQ-00014,SN-0014-84242863,Desfibrilador,Soporte vital,Stryker/Physio-Control,ST-196,III,Alta,2017-04-06,4911000.0,7,Propio,,True,Externo,Bueno
15,EQ-00015,SN-0015-20017532,Termómetro clínico,Apoyo a diagnóstico,Riester,RI-540,II,Baja,2026-04-29,116000.0,12,Propio,,False,Contrato,Bueno
16,EQ-00016,SN-0016-42816814,Oftalmoscopio,Apoyo a diagnóstico,Riester,RI-440,I,Baja,2017-06-30,794000.0,11,Propio,,True,Contrato,Regular
17,EQ-00017,SN-0017-25532025,Desfibrilador,Soporte vital,Mindray,MI-253,III,Alta,2011-08-02,4022000.0,14,Arriendo,2013-10-28,True,Contrato,Bueno
18,EQ-00018,SN-0018-51639572,Bomba de infusión,Soporte vital,Mindray,MI-572,III,Media,2022-06-27,1809000.0,9,Propio,2024-09-02,True,Externo,Bueno
19,EQ-00019,SN-0019-86955992,Arco C,Imagenología,Philips,PH-682,II,Media,2015-09-06,127911000.0,13,Propio,2018-08-21,True,Interno,Bueno
20,EQ-00020,SN-0020-13628638,Monitor signos vitales,Monitoreo,Edan,ED-647,II,Media,2013-08-05,1415000.0,11,Propio,,True,Externo,Bueno
21,EQ-00021,SN-0021-36462333,Monitor multiparámetro,Monitoreo,Spacelabs,SP-603,III,Alta,2019-04-28,3200000.0,9,Propio,,True,Interno,Regular
22,EQ-00022,SN-0022-27348076,Glucómetro,Apoyo a diagnóstico,Roche/Accu-Chek,RO-257,II,Baja,2024-06-06,53000.0,8,Propio,2025-06-30,True,Interno,Bueno
23,EQ-00023,SN-0023-56846922,Ventilador mecánico,Soporte vital,Dräger,DR-283,III,Alta,2017-11-09,23209000.0,9,Propio,2018-12-06,True,Interno,Bueno
24,EQ-00024,SN-0024-63807696,Bomba de infusión,Soporte vital,B. Braun,BB-999,III,Alta,2019-02-19,1847000.0,10,Propio,,True,Contrato,Bueno
25,EQ-00025,SN-0025-45212386,Esfigmomanómetro,Apoyo a diagnóstico,Microlife,MI-603,II,Baja,2017-03-13,307000.0,14,Propio,2019-11-06,False,Contrato,Regular
26,EQ-00026,SN-0026-29262181,Refrigerador clínico,Laboratorio,Helmer,HE-579,I,Baja,2012-08-26,6994000.0,12,Comodato,2013-10-26,True,Externo,Bueno
27,EQ-00027,SN-0027-24814744,Incubadora,Neonatología,GE HealthCare/Ohmeda,GE-925,III,Alta,2014-06-10,12569000.0,9,Propio,,True,Interno,Malo
28,EQ-00028,SN-0028-92533830,Termómetro clínico,Apoyo a diagnóstico,Riester,RI-440,II,Baja,2010-12-29,148000.0,9,Propio,2013-01-17,True,Interno,Bueno
29,EQ-00029,SN-0029-16529929,Desfibrilador,Soporte vital,ZOLL,ZO-603,III,Media,2010-06-24,6105000.0,9,Propio,2011-07-16,False,Interno,Regular
30,EQ-00030,SN-0030-98932950,Termómetro clínico,Apoyo a diagnóstico,Riester,RI-571,II,Media,2015-04-03,136000.0,12,Comodato,2016-09-28,True,Externo,Bueno
31,EQ-00031,SN-0031-64020596,Esfigmomanómetro,Apoyo a diagnóstico,A&D Medical,AD-785,II,Media,2016-08-28,84000.0,8,Comodato,2018-12-21,True,Interno,Bueno
32,EQ-00032,SN-0032-50868471,Tallímetro,Apoyo a diagnóstico,Tanita,TA-352,I,Baja,2018-11-27,165000.0,12,Propio,2020-01-12,True,Contrato,Bueno
33,EQ-00033,SN-0033-30911227,Esfigmomanómetro,Apoyo a diagnóstico,Welch Allyn/Hillrom,WE-424,II,Media,2016-04-16,214000.0,12,Propio,2017-08-26,True,Contrato,Regular
34,EQ-00034,SN-0034-17659440,Bicicleta ergométrica,Rehabilitación,Monark,MO-791,I,Baja,2012-09-12,3308000.0,9,Propio,2014-01-15,True,Externo,Bueno
35,EQ-00035,SN-0035-38284030,Incubadora,Neonatología,Dräger,DR-668,III,Media,2018-08-17,10040000.0,11,Propio,2020-02-25,False,Interno,Bueno
36,EQ-00036,SN-0036-51064647,Termómetro clínico,Apoyo a diagnóstico,Gima,GI-590,II,Baja,2025-05-20,31000.0,11,Propio,2026-06-19,True,Interno,Bueno
37,EQ-00037,SN-0037-52574591,Desfibrilador,Soporte vital,ZOLL,ZO-871,III,Alta,2010-06-08,6996000.0,10,Comodato,2011-07-09,True,Interno,Malo
38,EQ-00038,SN-0038-89918815,Monitor multiparámetro,Monitoreo,Spacelabs,SP-949,III,Baja,2015-08-06,4484000.0,13,Propio,2017-02-18,False,Interno,Bueno
39,EQ-00039,SN-0039-82930182,Bomba de infusión,Soporte vital,B. Braun,BB-371,III,Alta,2020-06-15,931000.0,13,Propio,,True,Interno,Bueno
40,EQ-00040,SN-0040-81869923,Compresor dental,Odontología,Gnatus,GN-596,I,Media,2026-01-23,2286000.0,11,Propio,,True,Interno,Bueno
41,EQ-00041,SN-0041-90136661,Centrífuga,Laboratorio,Eppendorf,EP-893,I,Media,2013-08-03,2134000.0,8,Propio,2015-12-01,True,Contrato,Bueno
42,EQ-00042,SN-0042-45077424,Bomba PCA,Soporte vital,Fresenius Kabi,FR-997,III,Alta,2018-05-25,1711000.0,7,Arriendo,,True,Interno,Bueno
43,EQ-00043,SN-0043-83895264,Microscopio,Laboratorio,Leica,LE-836,I,Media,2022-06-12,1377000.0,8,Propio,2023-06-23,True,Externo,Bueno
44,EQ-00044,SN-0044-98044118,Bomba de infusión,Soporte vital,BD/CareFusion,BD-797,III,Media,2026-02-13,1474000.0,13,Propio,2027-05-16,True,Interno,Bueno
45,EQ-00045,SN-0045-17431073,Centrífuga,Laboratorio,Eppendorf,EP-924,I,Baja,2022-11-16,3228000.0,12,Arriendo,,True,Interno,Bueno
46,EQ-00046,SN-0046-55913495,Camilla de transporte,Apoyo a diagnóstico,Malvestio,MA-434,I,Baja,2011-06-08,4744000.0,7,Propio,2013-04-17,False,Externo,Bueno
47,EQ-00047,SN-0047-50684096,Cuna radiante,Neonatología,Dräger,DR-483,II,Alta,2025-04-12,4920000.0,15,Arriendo,,True,Interno,Bueno
48,EQ-00048,SN-0048-75741534,Centrífuga,Laboratorio,Eppendorf,EP-155,I,Alta,2024-11-24,1227000.0,13,Propio,2026-04-14,True,Interno,Bueno
49,EQ-00049,SN-0049-50212544,Refrigerador clínico,Laboratorio,Thermo Fisher Scientific,TH-239,I,Media,2015-07-15,4912000.0,7,Propio,,True,Contrato,Bueno
50,EQ-00050,SN-0050-53119693,Monitor multiparámetro,Monitoreo,Spacelabs,SP-272,III,Alta,2016-06-02,3638000.0,10,Propio,2018-07-20,True,Interno,Regular
51,EQ-00051,SN-0051-80260279,Microscopio quirúrgico oftalmológico,Oftalmología,Zeiss,ZE-969,II,Baja,2010-09-19,57389000.0,15,Propio,2013-04-02,True,Interno,Bueno
52,EQ-00052,SN-0052-98947595,Bomba de infusión,Soporte vital,ICU Medical,IC-194,III,Alta,2022-06-14,1634000.0,9,Comodato,2023-08-01,True,Contrato,Bueno
53,EQ-00053,SN-0053-35423466,Bomba de infusión,Soporte vital,BD/CareFusion,BD-408,III,Alta,2016-07-03,1813000.0,13,Propio,2018-06-30,True,Contrato,Bueno
54,EQ-00054,SN-0054-11937510,Analizador bioquímico,Laboratorio,Horiba,HO-186,II,Alta,2019-07-12,19050000.0,13,Propio,,True,Interno,Bueno
55,EQ-00055,SN-0055-67632084,Bomba de infusión,Soporte vital,ICU Medical,IC-827,III,Alta,2019-12-08,1620000.0,6,Propio,,False,Interno,Bueno
56,EQ-00056,SN-0056-35693676,Termómetro clínico,Apoyo a diagnóstico,Microlife,MI-129,II,Media,2010-10-25,95000.0,13,Propio,,False,Interno,Bueno
57,EQ-00057,SN-0057-86207291,Esfigmomanómetro,Apoyo a diagnóstico,A&D Medical,AD-264,II,Media,2016-04-23,131000.0,13,Propio,,True,Contrato,Bueno
58,EQ-00058,SN-0058-31254476,Microscopio,Laboratorio,Olympus/Evident,OL-788,I,Baja,2019-12-20,3281000.0,7,Propio,2022-03-27,False,Contrato,Bueno
59,EQ-00059,SN-0059-17364344,Monitor multiparámetro,Monitoreo,Dräger,DR-510,III,Alta,2016-08-26,3920000.0,8,Comodato,2018-05-18,False,Interno,Bueno
60,EQ-00060,SN-0060-54134451,Autoclave,Esterilización,W&H,WH-329,II,Baja,2020-02-17,22820000.0,9,Propio,,False,Interno,Bueno
61,EQ-00061,SN-0061-71237105,Camilla de transporte,Apoyo a diagnóstico,Hillrom/Baxter,HI-601,I,Baja,2019-10-21,4986000.0,13,Propio,,True,Contrato,Bueno
62,EQ-00062,SN-0062-27278155,Termómetro clínico,Apoyo a diagnóstico,Riester,RI-213,II,Baja,2014-10-11,69000.0,13,Propio,,True,Interno,Bueno
63,EQ-00063,SN-0063-88484082,Glucómetro,Apoyo a diagnóstico,Gima,GI-142,II,Media,2025-01-12,32000.0,12,Propio,,True,Interno,Bueno
64,EQ-00064,SN-0064-81484565,Bomba de infusión,Soporte vital,B. Braun,BB-130,III,Alta,2011-03-30,1757000.0,13,Propio,2012-10-29,True,Interno,Bueno
65,EQ-00065,SN-0065-16456586,Camilla de transporte,Apoyo a diagnóstico,Malvestio,MA-230,I,Media,2011-12-06,3895000.0,12,Arriendo,,True,Interno,Bueno
66,EQ-00066,SN-0066-39523992,Ecógrafo,Imagenología,United Imaging,UN-730,II,Alta,2019-10-27,30291000.0,12,Propio,2022-05-06,False,Interno,Regular
67,EQ-00067,SN-0067-12436415,Ecógrafo,Imagenología,Fujifilm,FU-889,II,Media,2019-10-10,21890000.0,12,Propio,2022-05-19,True,Interno,Bueno
68,EQ-00068,SN-0068-96599222,Ecógrafo,Imagenología,Mindray,MI-303,II,Media,2014-05-16,35973000.0,10,Propio,2017-01-13,True,Interno,Regular
69,EQ-00069,SN-0069-77562259,Bomba de infusión,Soporte vital,B. Braun,BB-105,III,Alta,2015-12-16,1730000.0,12,Propio,,True,Contrato,Bueno
70,EQ-00070,SN-0070-31683465,Termómetro clínico,Apoyo a diagnóstico,Omron,OM-637,II,Media,2022-03-03,64000.0,5,Propio,,True,Externo,Bueno
71,EQ-00071,SN-0071-62801325,Monitor multiparámetro,Monitoreo,Dräger,DR-661,III,Alta,2021-10-31,3542000.0,13,Propio,2023-06-15,True,Interno,Bueno
72,EQ-00072,SN-0072-50118786,Analizador bioquímico,Laboratorio,Beckman Coulter,BE-161,II,Alta,2018-03-31,36164000.0,10,Propio,2020-04-26,True,Externo,Bueno
73,EQ-00073,SN-0073-68939523,Camilla de transporte,Apoyo a diagnóstico,Hillrom/Baxter,HI-360,I,Baja,2015-11-07,3574000.0,10,Propio,2018-06-20,False,Interno,Bueno
74,EQ-00074,SN-0074-87439354,Esfigmomanómetro,Apoyo a diagnóstico,Gima,GI-129,II,Alta,2017-10-15,222000.0,12,Propio,,False,Externo,Bueno
75,EQ-00075,SN-0075-12853726,Tallímetro,Apoyo a diagnóstico,Tanita,TA-214,I,Baja,2017-03-23,381000.0,8,Propio,,True,Externo,Bueno
76,EQ-00076,SN-0076-29340849,Monitor multiparámetro,Monitoreo,Mindray,MI-947,III,Alta,2026-04-15,3413000.0,7,Propio,2027-09-08,True,Contrato,Bueno
77,EQ-00077,SN-0077-40752896,Mesa de inspección,Esterilización,STERIS,ST-250,I,Media,2024-05-05,1685000.0,12,Propio,2025-07-23,False,Interno,Regular
78,EQ-00078,SN-0078-29172225,Termómetro clínico,Apoyo a diagnóstico,Braun,BR-758,II,Baja,2012-08-04,141000.0,15,Propio,2015-05-10,False,Interno,Baja
79,EQ-00079,SN-0079-99147506,Monitor signos vitales,Monitoreo,GE HealthCare,GE-448,II,Media,2012-06-01,1447000.0,12,Propio,2014-07-01,False,Interno,Regular
80,EQ-00080,SN-0080-55256704,Fototerapia,Neonatología,Atom Medical,AT-229,II,Media,2025-09-24,3125000.0,13,Propio,2026-12-15,True,Interno,Bueno
81,EQ-00081,SN-0081-62691430,Bomba de infusión,Soporte vital,ICU Medical,IC-462,III,Alta,2021-06-14,2298000.0,7,Propio,2024-02-01,True,Contrato,Bueno
82,EQ-00082,SN-0082-22226382,Esfigmomanómetro,Apoyo a diagnóstico,Gima,GI-387,II,Baja,2014-12-14,306000.0,12,Propio,2017-02-03,False,Interno,Bueno
83,EQ-00083,SN-0083-99183869,Centrífuga,Laboratorio,Eppendorf,EP-540,I,Media,2011-07-02,2304000.0,14,Comodato,,False,Interno,Bueno
84,EQ-00084,SN-0084-12146854,Tallímetro,Apoyo a diagnóstico,Detecto,DE-679,I,Media,2018-07-23,111000.0,14,Propio,2020-01-15,False,Interno,Bueno
85,EQ-00085,SN-0085-88964076,Tomógrafo CT,Imagenología,Canon Medical,CA-572,II,Alta,2023-06-26,540103000.0,14,Propio,,True,Externo,Bueno
86,EQ-00086,SN-0086-43881434,Fototerapia,Neonatología,GE HealthCare/Ohmeda,GE-315,II,Alta,2026-02-27,2571000.0,13,Arriendo,2028-09-12,True,Contrato,Bueno
87,EQ-00087,SN-0087-84884029,Esfigmomanómetro,Apoyo a diagnóstico,Microlife,MI-273,II,Media,2010-07-02,147000.0,13,Propio,,True,Contrato,Baja
88,EQ-00088,SN-0088-78290879,Termómetro clínico,Apoyo a diagnóstico,Microlife,MI-391,II,Media,2018-08-31,167000.0,6,Propio,2021-01-11,False,Contrato,Bueno
89,EQ-00089,SN-0089-65496059,Monitor signos vitales,Monitoreo,Edan,ED-687,II,Media,2017-07-08,1783000.0,8,Propio,,False,Interno,Bueno
90,EQ-00090,SN-0090-81130852,Esfigmomanómetro,Apoyo a diagnóstico,Welch Allyn/Hillrom,WE-556,II,Media,2025-08-15,183000.0,14,Propio,2026-09-02,True,Contrato,Bueno
91,EQ-00091,SN-0091-35829773,Electrocardiógrafo,Monitoreo,Mindray,MI-527,II,Alta,2015-12-14,1549000.0,14,Propio,,False,Contrato,Bueno
92,EQ-00092,SN-0092-79876552,Ventilador mecánico,Soporte vital,Mindray,MI-353,III,Alta,2025-07-05,33668000.0,8,Propio,,True,Interno,Bueno
93,EQ-00093,SN-0093-99698463,Camilla de transporte,Apoyo a diagnóstico,Malvestio,MA-579,I,Baja,2017-03-14,3367000.0,13,Propio,2019-10-08,True,Interno,Bueno
94,EQ-00094,SN-0094-54194550,Oftalmoscopio,Apoyo a diagnóstico,Gima,GI-480,I,Media,2016-06-25,685000.0,11,Comodato,2019-02-26,True,Interno,Regular
95,EQ-00095,SN-0095-51662161,Monitor signos vitales,Monitoreo,Philips,PH-521,II,Alta,2021-08-31,1412000.0,10,Propio,2024-04-18,True,Interno,Bueno
96,EQ-00096,SN-0096-87231252,Ventilador mecánico,Soporte vital,Hamilton Medical,HA-507,III,Alta,2011-03-25,22811000.0,14,Propio,,True,Contrato,Bueno
97,EQ-00097,SN-0097-12333323,Fototerapia,Neonatología,Medix,ME-111,II,Alta,2023-03-24,1572000.0,8,Propio,2025-10-03,True,Interno,Bueno
98,EQ-00098,SN-0098-49218723,Centrífuga,Laboratorio,Eppendorf,EP-614,I,Media,2010-09-07,2015000.0,12,Comodato,2013-01-28,True,Externo,Bueno
99,EQ-00099,SN-0099-90131836,Esfigmomanómetro,Apoyo a diagnóstico,Riester,RI-919,II,Media,2014-11-12,299000.0,13,Propio,,False,Interno,Bueno
100,EQ-00100,SN-0100-25187982,Monitor signos vitales,Monitoreo,Welch Allyn/Hillrom,WE-976,II,Alta,2021-06-09,1004000.0,8,Arriendo,2022-06-25,True,Interno,Bueno
101,EQ-00101,SN-0101-94174461,Termómetro clínico,Apoyo a diagnóstico,Gima,GI-286,II,Baja,2018-05-05,149000.0,11,Propio,2021-02-15,True,Externo,Bueno
102,EQ-00102,SN-0102-97291109,Termómetro clínico,Apoyo a diagnóstico,Riester,RI-444,II,Baja,2020-05-07,37000.0,10,Comodato,2023-02-27,False,Externo,Regular
103,EQ-00103,SN-0103-70206004,Cuna radiante,Neonatología,Atom Medical,AT-815,II,Alta,2015-07-16,8945000.0,12,Propio,2016-09-17,True,Contrato,Bueno
104,EQ-00104,SN-0104-53816509,Bomba PCA,Soporte vital,Fresenius Kabi,FR-784,III,Alta,2015-05-10,2466000.0,14,Comodato,2018-01-29,False,Interno,Bueno
105,EQ-00105,SN-0105-81105943,Desfibrilador,Soporte vital,Philips,PH-453,III,Media,2025-01-03,6219000.0,11,Propio,,True,Interno,Bueno
106,EQ-00106,SN-0106-46614399,Ecógrafo,Imagenología,Philips,PH-213,II,Alta,2025-10-09,27256000.0,8,Propio,,False,Interno,Bueno
107,EQ-00107,SN-0107-12547280,Balanza clínica,Apoyo a diagnóstico,Detecto,DE-321,I,Baja,2011-09-04,463000.0,13,Propio,,False,Interno,Bueno
108,EQ-00108,SN-0108-87584781,Autoclave,Esterilización,STERIS,ST-717,II,Alta,2018-07-31,25782000.0,7,Propio,,True,Contrato,Bueno
109,EQ-00109,SN-0109-69107232,Holter,Monitoreo,Spacelabs,SP-308,II,Media,2010-10-04,3949000.0,12,Propio,2012-01-14,False,Interno,Regular
110,EQ-00110,SN-0110-91879970,Carro de transporte estéril,Esterilización,MMM Group,MM-215,I,Alta,2023-09-11,1890000.0,9,Propio,,True,Interno,Bueno
111,EQ-00111,SN-0111-81952866,Esfigmomanómetro,Apoyo a diagnóstico,Gima,GI-339,II,Baja,2018-01-02,220000.0,12,Propio,,False,Externo,Regular
112,EQ-00112,SN-0112-15561564,Monitor multiparámetro,Monitoreo,Philips,PH-499,III,Media,2017-04-01,4231000.0,13,Propio,,True,Externo,Bueno
113,EQ-00113,SN-0113-77121524,Termómetro clínico,Apoyo a diagnóstico,Gima,GI-467,II,Media,2013-02-28,179000.0,10,Propio,,True,Interno,Bueno
114,EQ-00114,SN-0114-29193707,Ventilador mecánico,Soporte vital,Dräger,DR-659,III,Alta,2010-10-17,23322000.0,13,Propio,2013-06-08,True,Interno,Bueno
115,EQ-00115,SN-0115-22690583,Balanza clínica,Apoyo a diagnóstico,SECA,SE-594,I,Baja,2023-12-24,680000.0,15,Comodato,2025-06-06,False,Contrato,Bueno
116,EQ-00116,SN-0116-48832242,Desfibrilador,Soporte vital,Philips,PH-630,III,Alta,2011-02-18,4357000.0,12,Comodato,,True,Interno,Bueno
117,EQ-00117,SN-0117-18080415,Bomba de infusión,Soporte vital,ICU Medical,IC-853,III,Alta,2019-12-30,1354000.0,8,Propio,2021-09-22,True,Contrato,Bueno
118,EQ-00118,SN-0118-82544847,Centrífuga,Laboratorio,Hettich,HE-696,I,Media,2020-01-03,2860000.0,9,Propio,2022-10-15,False,Contrato,Bueno
119,EQ-00119,SN-0119-15529956,Ventilador neonatal,Neonatología,Dräger,DR-184,III,Alta,2021-04-16,38191000.0,15,Propio,,True,Interno,Bueno
120,EQ-00120,SN-0120-93769158,Microscopio,Laboratorio,Olympus/Evident,OL-878,I,Alta,2023-07-14,3805000.0,7,Propio,,True,Interno,Bueno
121,EQ-00121,SN-0121-83108442,Microscopio,Laboratorio,Olympus/Evident,OL-446,I,Media,2014-03-09,2448000.0,8,Propio,,True,Interno,Regular
122,EQ-00122,SN-0122-16405533,Bomba de infusión,Soporte vital,B. Braun,BB-489,III,Alta,2015-08-03,1661000.0,11,Propio,2016-09-11,True,Contrato,Bueno
123,EQ-00123,SN-0123-32989100,Monitor multiparámetro,Monitoreo,Bionet,BI-506,III,Alta,2011-03-21,3676000.0,8,Propio,2013-06-01,True,Interno,Bueno
124,EQ-00124,SN-0124-17252968,Esfigmomanómetro,Apoyo a diagnóstico,Riester,RI-198,II,Media,2019-10-01,313000.0,13,Propio,2021-05-06,True,Interno,Bueno
125,EQ-00125,SN-0125-16910922,Incubadora,Neonatología,Atom Medical,AT-871,III,Media,2023-10-22,17893000.0,12,Comodato,2024-11-06,True,Contrato,Bueno
126,EQ-00126,SN-0126-88418783,Termómetro clínico,Apoyo a diagnóstico,Riester,RI-967,II,Baja,2012-03-16,112000.0,11,Comodato,2014-10-21,True,Interno,Regular
127,EQ-00127,SN-0127-73998649,Monitor signos vitales,Monitoreo,Masimo,MA-347,II,Alta,2021-08-29,1823000.0,9,Propio,,True,Interno,Bueno
128,EQ-00128,SN-0128-99815345,Bomba PCA,Soporte vital,B. Braun,BB-568,III,Alta,2025-05-12,2576000.0,10,Arriendo,,False,Contrato,Bueno
129,EQ-00129,SN-0129-43134017,Termómetro clínico,Apoyo a diagnóstico,Braun,BR-181,II,Baja,2023-06-19,26000.0,9,Propio,2024-11-25,True,Interno,Bueno
130,EQ-00130,SN-0130-86801913,Bomba de infusión,Soporte vital,B. Braun,BB-472,III,Media,2025-12-20,1999000.0,10,Propio,2028-08-17,True,Interno,Bueno
131,EQ-00131,SN-0131-99906815,Otoscopio,Apoyo a diagnóstico,HEINE,HE-789,I,Baja,2014-07-11,328000.0,10,Propio,2016-01-25,True,Externo,Bueno
132,EQ-00132,SN-0132-72572017,Esfigmomanómetro,Apoyo a diagnóstico,Microlife,MI-747,II,Baja,2022-03-02,223000.0,13,Propio,,True,Contrato,Bueno
133,EQ-00133,SN-0133-51195498,Oftalmoscopio,Apoyo a diagnóstico,Welch Allyn/Hillrom,WE-468,I,Media,2018-09-28,864000.0,7,Propio,2021-06-22,False,Contrato,Regular
134,EQ-00134,SN-0134-16652929,Oftalmoscopio,Apoyo a diagnóstico,Welch Allyn/Hillrom,WE-859,I,Baja,2020-11-06,817000.0,11,Propio,,True,Externo,Bueno
135,EQ-00135,SN-0135-23189706,Lavadora desinfectora,Esterilización,Matachana,MA-194,II,Alta,2012-03-21,22739000.0,12,Propio,2014-02-14,True,Interno,Bueno
136,EQ-00136,SN-0136-71326088,Monitor multiparámetro,Monitoreo,Mindray,MI-539,III,Alta,2013-05-24,2681000.0,12,Comodato,,False,Interno,Bueno
137,EQ-00137,SN-0137-65438085,Selladora térmica,Esterilización,MELAG,ME-919,I,Alta,2013-04-07,1817000.0,13,Comodato,,True,Externo,Bueno
138,EQ-00138,SN-0138-39652885,Bomba de infusión,Soporte vital,B. Braun,BB-449,III,Alta,2015-07-01,1961000.0,10,Comodato,,False,Contrato,Regular
139,EQ-00139,SN-0139-20818823,Bomba de infusión,Soporte vital,Fresenius Kabi,FR-324,III,Media,2010-11-07,2219000.0,9,Propio,,True,Contrato,Bueno
140,EQ-00140,SN-0140-49629074,Campímetro,Oftalmología,Zeiss,ZE-828,II,Media,2021-10-15,22622000.0,13,Propio,2024-08-22,True,Interno,Bueno
141,EQ-00141,SN-0141-30825092,Bomba de infusión,Soporte vital,Fresenius Kabi,FR-174,III,Media,2014-11-08,1320000.0,13,Propio,2017-03-20,True,Contrato,Bueno
142,EQ-00142,SN-0142-34107356,Bomba de infusión,Soporte vital,ICU Medical,IC-554,III,Media,2015-08-02,1283000.0,10,Propio,2017-05-20,True,Externo,Bueno
143,EQ-00143,SN-0143-44166237,Monitor multiparámetro,Monitoreo,Mindray,MI-636,III,Media,2011-02-01,2076000.0,10,Arriendo,2012-03-23,False,Externo,Bueno
144,EQ-00144,SN-0144-28846945,Ecógrafo,Imagenología,Esaote,ES-204,II,Alta,2014-02-06,40172000.0,8,Comodato,,True,Contrato,Bueno
145,EQ-00145,SN-0145-61757382,Camilla de fisioterapia,Rehabilitación,BTL,BT-374,I,Baja,2022-01-23,2045000.0,14,Propio,,True,Contrato,Bueno
146,EQ-00146,SN-0146-54111598,Termómetro clínico,Apoyo a diagnóstico,Microlife,MI-661,II,Baja,2016-03-07,26000.0,12,Propio,2018-01-20,True,Externo,Bueno
147,EQ-00147,SN-0147-62686186,Monitor multiparámetro,Monitoreo,Spacelabs,SP-751,III,Alta,2024-12-16,5246000.0,12,Propio,2027-08-16,True,Contrato,Bueno
148,EQ-00148,SN-0148-49770347,Ventilador mecánico,Soporte vital,Dräger,DR-422,III,Alta,2023-08-02,33695000.0,11,Propio,2025-05-09,True,Interno,Bueno
149,EQ-00149,SN-0149-61433846,Termómetro clínico,Apoyo a diagnóstico,Omron,OM-383,II,Baja,2024-03-01,139000.0,13,Propio,,True,Contrato,Bueno
150,EQ-00150,SN-0150-98198681,Bomba de infusión,Soporte vital,B. Braun,BB-960,III,Alta,2025-10-04,2382000.0,14,Propio,,True,Externo,Bueno
151,EQ-00151,SN-0151-16339066,Camilla de transporte,Apoyo a diagnóstico,Stryker/Physio-Control,ST-350,I,Baja,2016-07-05,4114000.0,12,Propio,,False,Contrato,Bueno
152,EQ-00152,SN-0152-94984948,Termómetro clínico,Apoyo a diagnóstico,Braun,BR-272,II,Baja,2018-12-11,179000.0,13,Propio,2021-08-22,True,Contrato,Bueno
153,EQ-00153,SN-0153-20043630,Monitor multiparámetro,Monitoreo,Spacelabs,SP-641,III,Alta,2010-07-14,5211000.0,12,Comodato,,True,Interno,Bueno
154,EQ-00154,SN-0154-89233987,Máquina de anestesia,Soporte vital,GE HealthCare,GE-910,III,Alta,2022-09-30,58654000.0,11,Propio,2024-07-02,False,Contrato,Bueno
155,EQ-00155,SN-0155-44270314,Otoscopio,Apoyo a diagnóstico,Riester,RI-897,I,Baja,2022-03-24,816000.0,7,Propio,,True,Interno,Bueno
156,EQ-00156,SN-0156-51661219,Electrocardiógrafo,Monitoreo,Nihon Kohden,NI-411,II,Alta,2014-10-29,2943000.0,10,Propio,2016-05-23,False,Externo,Bueno
157,EQ-00157,SN-0157-90066513,Termómetro clínico,Apoyo a diagnóstico,Welch Allyn/Hillrom,WE-495,II,Baja,2012-03-21,109000.0,7,Propio,,False,Contrato,Bueno
158,EQ-00158,SN-0158-22041890,Doppler fetal,Apoyo a diagnóstico,Gima,GI-869,II,Baja,2023-12-30,680000.0,9,Propio,,True,Interno,Bueno
159,EQ-00159,SN-0159-47297759,Oftalmoscopio,Apoyo a diagnóstico,Riester,RI-153,I,Baja,2022-01-28,866000.0,11,Propio,2023-06-19,True,Interno,Regular
160,EQ-00160,SN-0160-85560378,Bomba de infusión,Soporte vital,ICU Medical,IC-556,III,Alta,2013-05-26,1584000.0,12,Arriendo,2015-11-02,True,Contrato,Bueno
161,EQ-00161,SN-0161-94260785,Compresor dental,Odontología,KaVo,KA-907,I,Baja,2022-04-24,939000.0,14,Propio,2024-05-31,False,Externo,Bueno
162,EQ-00162,SN-0162-15877232,Bomba de infusión,Soporte vital,BD/CareFusion,BD-228,III,Alta,2023-10-01,1795000.0,11,Propio,2025-12-05,False,Interno,Bueno
163,EQ-00163,SN-0163-90369646,Monitor multiparámetro,Monitoreo,GE HealthCare,GE-732,III,Alta,2019-10-20,4216000.0,11,Propio,,True,Interno,Bueno
164,EQ-00164,SN-0164-54121419,Baño termorregulado,Laboratorio,Memmert,ME-957,I,Alta,2023-02-26,756000.0,8,Propio,,False,Interno,Bueno
165,EQ-00165,SN-0165-41409532,Electroestimulador,Rehabilitación,I-TECH,IT-411,II,Baja,2019-03-13,672000.0,8,Propio,,True,Contrato,Bueno
166,EQ-00166,SN-0166-19689559,Monitor signos vitales,Monitoreo,Welch Allyn/Hillrom,WE-703,II,Alta,2013-02-27,799000.0,13,Propio,,False,Interno,Bueno
167,EQ-00167,SN-0167-72555812,Termómetro clínico,Apoyo a diagnóstico,Welch Allyn/Hillrom,WE-899,II,Baja,2017-04-30,83000.0,11,Comodato,,True,Interno,Bueno
168,EQ-00168,SN-0168-71996361,Camilla de transporte,Apoyo a diagnóstico,Hillrom/Baxter,HI-551,I,Baja,2026-04-14,4215000.0,13,Propio,2028-07-14,False,Contrato,Bueno
169,EQ-00169,SN-0169-51562812,Monitor multiparámetro,Monitoreo,Edan,ED-314,III,Baja,2022-09-17,4036000.0,14,Propio,2023-12-09,True,Externo,Bueno
170,EQ-00170,SN-0170-60471935,Desfibrilador,Soporte vital,Mindray,MI-882,III,Alta,2013-06-25,5625000.0,13,Propio,2015-12-23,False,Interno,Bueno
171,EQ-00171,SN-0171-69491320,Termómetro clínico,Apoyo a diagnóstico,Gima,GI-119,II,Baja,2025-04-09,142000.0,14,Propio,,True,Interno,Regular
172,EQ-00172,SN-0172-61123908,Esfigmomanómetro,Apoyo a diagnóstico,Welch Allyn/Hillrom,WE-578,II,Baja,2012-12-20,250000.0,6,Comodato,,False,Contrato,Regular
173,EQ-00173,SN-0173-51914144,Bomba de infusión,Soporte vital,Fresenius Kabi,FR-278,III,Media,2012-09-09,1690000.0,9,Propio,,False,Interno,Bueno
174,EQ-00174,SN-0174-30320552,Oxímetro central,Monitoreo,Nihon Kohden,NI-959,III,Media,2016-07-07,3282000.0,12,Propio,,True,Externo,Bueno
175,EQ-00175,SN-0175-11725649,Bomba de infusión,Soporte vital,ICU Medical,IC-759,III,Alta,2024-01-11,1334000.0,10,Propio,,True,Contrato,Bueno
176,EQ-00176,SN-0176-50968695,Electrocardiógrafo,Monitoreo,Nihon Kohden,NI-190,II,Media,2016-05-25,3668000.0,9,Propio,,False,Contrato,Bueno
177,EQ-00177,SN-0177-44457127,Bomba de infusión,Soporte vital,ICU Medical,IC-284,III,Alta,2017-03-16,2109000.0,13,Propio,,True,Contrato,Bueno
178,EQ-00178,SN-0178-29591570,Monitor signos vitales,Monitoreo,Bionet,BI-402,II,Media,2025-05-13,1152000.0,14,Propio,,False,Contrato,Bueno
179,EQ-00179,SN-0179-12123887,Lámpara de hendidura,Oftalmología,Huvitz,HU-407,I,Baja,2024-07-06,10250000.0,12,Arriendo,,False,Interno,Bueno
180,EQ-00180,SN-0180-50258103,Esfigmomanómetro,Apoyo a diagnóstico,Gima,GI-232,II,Media,2025-01-12,276000.0,13,Propio,,True,Contrato,Bueno
181,EQ-00181,SN-0181-50681630,Selladora térmica,Esterilización,MELAG,ME-209,I,Alta,2011-03-18,1384000.0,12,Propio,,False,Interno,Bueno
182,EQ-00182,SN-0182-26765905,Cuna radiante,Neonatología,GE HealthCare/Ohmeda,GE-771,II,Media,2024-07-03,7445000.0,14,Propio,2026-03-16,True,Contrato,Bueno
183,EQ-00183,SN-0183-10634648,Desfibrilador,Soporte vital,Philips,PH-401,III,Alta,2025-05-29,7664000.0,14,Propio,2027-08-06,True,Interno,Bueno
184,EQ-00184,SN-0184-48631186,Refrigerador clínico,Laboratorio,Haier Biomedical,HA-648,I,Media,2024-02-10,4871000.0,12,Propio,,True,Externo,Bueno
185,EQ-00185,SN-0185-94786588,Monitor multiparámetro,Monitoreo,Spacelabs,SP-466,III,Media,2019-02-12,2409000.0,13,Propio,,True,Contrato,Bueno
186,EQ-00186,SN-0186-54802048,Centrífuga,Laboratorio,Thermo Fisher Scientific,TH-479,I,Baja,2025-11-01,1747000.0,10,Propio,2027-08-26,False,Interno,Bueno
187,EQ-00187,SN-0187-67371059,Esfigmomanómetro,Apoyo a diagnóstico,A&D Medical,AD-588,II,Media,2022-10-11,80000.0,10,Propio,2024-07-20,True,Interno,Bueno
188,EQ-00188,SN-0188-67245043,Termómetro clínico,Apoyo a diagnóstico,Riester,RI-926,II,Media,2010-12-03,94000.0,11,Propio,,False,Interno,Bueno
189,EQ-00189,SN-0189-62634936,Espirómetro,Apoyo a diagnóstico,MIR,MI-824,II,Baja,2024-01-29,1926000.0,12,Propio,,False,Externo,Bueno
190,EQ-00190,SN-0190-69037617,Esfigmomanómetro,Apoyo a diagnóstico,Omron,OM-776,II,Baja,2016-05-08,237000.0,6,Propio,2018-12-30,True,Interno,Regular
191,EQ-00191,SN-0191-96217754,Monitor multiparámetro,Monitoreo,Nihon Kohden,NI-274,III,Alta,2019-12-29,3573000.0,12,Comodato,,False,Contrato,Bueno
192,EQ-00192,SN-0192-65835518,Rayos X portátil,Imagenología,United Imaging,UN-278,II,Alta,2024-01-18,39500000.0,11,Propio,,False,Contrato,Bueno
193,EQ-00193,SN-0193-11447020,Termómetro clínico,Apoyo a diagnóstico,Gima,GI-330,II,Media,2011-01-17,16000.0,12,Propio,,False,Externo,Bueno
194,EQ-00194,SN-0194-74661346,Esfigmomanómetro,Apoyo a diagnóstico,Microlife,MI-454,II,Media,2023-01-22,191000.0,13,Propio,2025-12-27,True,Interno,Bueno
195,EQ-00195,SN-0195-22534530,Balanza clínica,Apoyo a diagnóstico,Detecto,DE-476,I,Media,2025-10-05,1057000.0,12,Comodato,2027-12-04,True,Interno,Bueno
196,EQ-00196,SN-0196-63906314,Esfigmomanómetro,Apoyo a diagnóstico,Gima,GI-328,II,Media,2017-10-29,196000.0,12,Propio,2019-07-03,True,Contrato,Bueno
197,EQ-00197,SN-0197-49691835,Camilla de transporte,Apoyo a diagnóstico,Hillrom/Baxter,HI-524,I,Media,2014-12-28,3864000.0,7,Propio,2016-12-17,True,Externo,Bueno
198,EQ-00198,SN-0198-13647884,Bomba de infusión,Soporte vital,Fresenius Kabi,FR-378,III,Media,2015-04-17,1543000.0,14,Propio,,True,Interno,Bueno
199,EQ-00199,SN-0199-38513577,Bomba de infusión,Soporte vital,Baxter,BA-206,III,Media,2022-08-08,1812000.0,12,Propio,2025-02-18,True,Contrato,Baja
200,EQ-00200,SN-0200-90062342,Ecógrafo,Imagenología,Esaote,ES-397,II,Media,2011-10-31,34391000.0,13,Propio,,True,Externo,Bueno
201,EQ-00201,SN-0201-54976840,Bomba de infusión,Soporte vital,ICU Medical,IC-307,III,Alta,2015-08-20,1589000.0,10,Propio,,False,Contrato,Regular
202,EQ-00202,SN-0202-78992730,Máquina de anestesia,Soporte vital,Mindray,MI-660,III,Media,2024-01-06,59997000.0,13,Comodato,,True,Externo,Regular
203,EQ-00203,SN-0203-42094332,Máquina de anestesia,Soporte vital,Mindray,MI-529,III,Media,2015-02-14,55464000.0,8,Propio,2016-02-16,True,Interno,Bueno
204,EQ-00204,SN-0204-73626765,Bomba de infusión,Soporte vital,Mindray,MI-778,III,Alta,2020-05-26,1727000.0,11,Propio,2021-07-29,False,Contrato,Bueno
205,EQ-00205,SN-0205-90822822,Esfigmomanómetro,Apoyo a diagnóstico,Welch Allyn/Hillrom,WE-575,II,Media,2023-04-03,155000.0,12,Propio,2025-07-04,True,Externo,Regular
206,EQ-00206,SN-0206-73548898,Ventilador mecánico,Soporte vital,GE HealthCare,GE-925,III,Alta,2016-10-20,26359000.0,14,Propio,,False,Externo,Bueno
207,EQ-00207,SN-0207-40480050,Camilla de transporte,Apoyo a diagnóstico,Malvestio,MA-857,I,Baja,2015-11-26,5065000.0,11,Propio,2017-09-08,True,Contrato,Bueno
208,EQ-00208,SN-0208-90737237,Baño termorregulado,Laboratorio,Memmert,ME-895,I,Alta,2017-03-31,934000.0,9,Propio,2019-04-16,True,Externo,Bueno
209,EQ-00209,SN-0209-63806263,Monitor signos vitales,Monitoreo,Bionet,BI-833,II,Media,2019-02-21,1136000.0,14,Propio,,True,Contrato,Bueno
210,EQ-00210,SN-0210-21701928,Baño termorregulado,Laboratorio,Binder,BI-197,I,Alta,2024-10-19,1544000.0,10,Propio,2027-07-13,False,Contrato,Bueno
211,EQ-00211,SN-0211-53618535,Monitor multiparámetro,Monitoreo,Edan,ED-264,III,Media,2023-09-01,4737000.0,11,Propio,,True,Interno,Bueno
212,EQ-00212,SN-0212-21818540,Tallímetro,Apoyo a diagnóstico,SECA,SE-611,I,Baja,2010-03-13,178000.0,13,Comodato,,True,Contrato,Bueno
213,EQ-00213,SN-0213-62247437,Desfibrilador,Soporte vital,Nihon Kohden,NI-994,III,Alta,2018-11-10,5688000.0,13,Arriendo,,True,Externo,Bueno
214,EQ-00214,SN-0214-11434947,Ecógrafo,Imagenología,Mindray,MI-262,II,Alta,2014-10-06,31036000.0,12,Propio,,True,Interno,Bueno
215,EQ-00215,SN-0215-84068670,Monitor multiparámetro,Monitoreo,Bionet,BI-866,III,Media,2024-06-01,4168000.0,12,Propio,,True,Contrato,Bueno
216,EQ-00216,SN-0216-61768997,Máquina de anestesia,Soporte vital,Mindray,MI-813,III,Alta,2016-12-07,66319000.0,14,Propio,,True,Interno,Bueno
217,EQ-00217,SN-0217-87759173,Monitor signos vitales,Monitoreo,Bionet,BI-981,II,Alta,2010-11-27,1217000.0,13,Propio,2013-08-04,False,Contrato,Bueno
218,EQ-00218,SN-0218-15343968,Analizador bioquímico,Laboratorio,Horiba,HO-604,II,Media,2013-10-19,45407000.0,14,Propio,,False,Contrato,Bueno
219,EQ-00219,SN-0219-48095796,Electrocardiógrafo,Monitoreo,Nihon Kohden,NI-354,II,Media,2023-07-12,3563000.0,13,Comodato,,True,Externo,Bueno
220,EQ-00220,SN-0220-96742519,Balanza clínica,Apoyo a diagnóstico,Health o meter,HE-369,I,Media,2015-10-27,687000.0,7,Propio,2018-02-12,True,Interno,Bueno
221,EQ-00221,SN-0221-26297295,Glucómetro,Apoyo a diagnóstico,Roche/Accu-Chek,RO-502,II,Media,2011-09-12,74000.0,13,Propio,,False,Interno,Bueno
222,EQ-00222,SN-0222-61459430,Bomba de infusión,Soporte vital,BD/CareFusion,BD-482,III,Media,2014-04-02,2080000.0,9,Comodato,2015-11-10,True,Contrato,Bueno
223,EQ-00223,SN-0223-55439872,Lavadora desinfectora,Esterilización,Belimed,BE-681,II,Alta,2016-08-14,14960000.0,10,Propio,2018-03-29,True,Contrato,Bueno
224,EQ-00224,SN-0224-57359532,Camilla de fisioterapia,Rehabilitación,Chattanooga,CH-169,I,Baja,2018-03-13,1189000.0,13,Propio,,True,Contrato,Bueno
225,EQ-00225,SN-0225-15448303,Bomba de infusión,Soporte vital,Fresenius Kabi,FR-617,III,Alta,2016-03-24,1015000.0,9,Propio,,True,Externo,Bueno
226,EQ-00226,SN-0226-87253904,Bomba PCA,Soporte vital,Baxter,BA-660,III,Media,2023-10-18,2433000.0,9,Propio,,True,Contrato,Bueno
227,EQ-00227,SN-0227-35753227,Esfigmomanómetro,Apoyo a diagnóstico,Microlife,MI-630,II,Media,2010-09-23,199000.0,8,Propio,,True,Interno,Bueno
228,EQ-00228,SN-0228-83293679,Ventilador mecánico,Soporte vital,Hamilton Medical,HA-660,III,Alta,2017-11-14,33447000.0,11,Propio,2019-11-04,True,Interno,Bueno
229,EQ-00229,SN-0229-69869796,Incubadora,Neonatología,Medix,ME-464,III,Media,2018-08-16,10809000.0,11,Comodato,,True,Interno,Bueno
230,EQ-00230,SN-0230-77168352,Monitor multiparámetro,Monitoreo,Spacelabs,SP-260,III,Media,2010-02-19,5141000.0,12,Propio,,True,Interno,Bueno
231,EQ-00231,SN-0231-37800078,Termómetro clínico,Apoyo a diagnóstico,Gima,GI-441,II,Baja,2024-04-29,142000.0,7,Arriendo,2026-02-11,True,Externo,Bueno
232,EQ-00232,SN-0232-29758269,Monitor signos vitales,Monitoreo,GE HealthCare,GE-186,II,Media,2024-01-27,1112000.0,12,Propio,,False,Contrato,Regular
233,EQ-00233,SN-0233-14165977,Otoscopio,Apoyo a diagnóstico,Riester,RI-709,I,Baja,2024-03-18,494000.0,12,Propio,2026-11-19,True,Contrato,Bueno
234,EQ-00234,SN-0234-50564222,Monitor multiparámetro,Monitoreo,GE HealthCare,GE-544,III,Baja,2022-07-02,4191000.0,13,Comodato,2025-05-01,True,Contrato,Bueno
235,EQ-00235,SN-0235-58418571,Termómetro clínico,Apoyo a diagnóstico,Welch Allyn/Hillrom,WE-913,II,Baja,2010-03-07,67000.0,9,Propio,2011-03-28,True,Externo,Baja
236,EQ-00236,SN-0236-71165240,Desfibrilador,Soporte vital,Stryker/Physio-Control,ST-497,III,Alta,2017-01-05,6232000.0,13,Arriendo,,True,Externo,Bueno
237,EQ-00237,SN-0237-56336131,Fototerapia,Neonatología,Atom Medical,AT-563,II,Media,2020-10-14,2093000.0,11,Propio,2023-05-07,True,Contrato,Regular
238,EQ-00238,SN-0238-93253999,Bomba de infusión,Soporte vital,ICU Medical,IC-271,III,Alta,2014-06-30,1264000.0,13,Propio,,True,Contrato,Bueno
239,EQ-00239,SN-0239-46115819,Monitor multiparámetro,Monitoreo,Bionet,BI-993,III,Alta,2016-08-24,2774000.0,12,Propio,2017-10-06,False,Contrato,Bueno
240,EQ-00240,SN-0240-51973365,Esfigmomanómetro,Apoyo a diagnóstico,Omron,OM-219,II,Media,2015-04-18,182000.0,12,Comodato,2016-12-05,False,Externo,Bueno
241,EQ-00241,SN-0241-93248506,Otoscopio,Apoyo a diagnóstico,HEINE,HE-907,I,Alta,2016-09-20,464000.0,14,Propio,2018-11-05,False,Interno,Bueno
242,EQ-00242,SN-0242-10985866,Bomba de infusión,Soporte vital,BD/CareFusion,BD-440,III,Alta,2019-04-26,1679000.0,9,Propio,2021-10-11,False,Contrato,Bueno
243,EQ-00243,SN-0243-92771454,Incubadora,Neonatología,Atom Medical,AT-917,III,Media,2024-04-23,11361000.0,14,Arriendo,2025-11-06,True,Contrato,Bueno
244,EQ-00244,SN-0244-60557864,Camilla de transporte,Apoyo a diagnóstico,Malvestio,MA-449,I,Baja,2011-07-25,4845000.0,9,Arriendo,2012-12-25,False,Contrato,Bueno
245,EQ-00245,SN-0245-38968518,Compresor dental,Odontología,KaVo,KA-313,I,Baja,2024-11-17,2710000.0,14,Comodato,,False,Contrato,Bueno
246,EQ-00246,SN-0246-27200513,Termómetro clínico,Apoyo a diagnóstico,Microlife,MI-409,II,Baja,2015-12-15,97000.0,13,Propio,,True,Interno,Bueno
247,EQ-00247,SN-0247-54188798,Electroestimulador,Rehabilitación,Enraf-Nonius,EN-143,II,Baja,2022-08-14,2504000.0,7,Propio,,True,Contrato,Bueno
248,EQ-00248,SN-0248-38343644,Bomba PCA,Soporte vital,Fresenius Kabi,FR-426,III,Alta,2013-09-24,1961000.0,12,Comodato,,False,Interno,Bueno
249,EQ-00249,SN-0249-27210931,Monitor multiparámetro,Monitoreo,Mindray,MI-448,III,Media,2019-09-17,4267000.0,13,Propio,,True,Externo,Bueno
250,EQ-00250,SN-0250-71383906,Monitor signos vitales,Monitoreo,Edan,ED-540,II,Media,2011-09-17,1333000.0,8,Propio,,True,Interno,Bueno
251,EQ-00251,SN-0251-94933090,Camilla de transporte,Apoyo a diagnóstico,Stryker/Physio-Control,ST-444,I,Baja,2021-06-14,2885000.0,13,Propio,,True,Interno,Bueno
252,EQ-00252,SN-0252-34376753,Monitor signos vitales,Monitoreo,Philips,PH-616,II,Alta,2020-05-15,1954000.0,7,Propio,,False,Interno,Bueno
253,EQ-00253,SN-0253-68104602,Electrocardiógrafo,Monitoreo,Edan,ED-287,II,Media,2021-07-18,2955000.0,12,Comodato,,False,Interno,Bueno
254,EQ-00254,SN-0254-24161105,Doppler fetal,Apoyo a diagnóstico,Gima,GI-706,II,Baja,2019-10-27,1118000.0,11,Arriendo,,True,Interno,Bueno
255,EQ-00255,SN-0255-73662921,Monitor signos vitales,Monitoreo,Mindray,MI-132,II,Media,2021-06-22,1037000.0,7,Propio,,True,Interno,Bueno
256,EQ-00256,SN-0256-62004566,Monitor signos vitales,Monitoreo,Philips,PH-110,II,Media,2013-12-27,1491000.0,12,Propio,,True,Contrato,Bueno
257,EQ-00257,SN-0257-18321259,Otoscopio,Apoyo a diagnóstico,HEINE,HE-917,I,Baja,2018-06-29,199000.0,10,Propio,,True,Interno,Bueno
258,EQ-00258,SN-0258-48596336,Tallímetro,Apoyo a diagnóstico,SECA,SE-498,I,Baja,2019-05-24,124000.0,12,Comodato,,False,Contrato,Bueno
259,EQ-00259,SN-0259-21644865,Ecógrafo,Imagenología,Samsung Medison,SA-192,II,Baja,2016-08-17,34502000.0,10,Propio,,False,Externo,Bueno
260,EQ-00260,SN-0260-58634571,Incubadora,Neonatología,Medix,ME-478,III,Media,2023-01-08,18101000.0,8,Comodato,2025-07-06,True,Externo,Bueno
261,EQ-00261,SN-0261-36558962,Refrigerador clínico,Laboratorio,Thermo Fisher Scientific,TH-569,I,Baja,2012-05-04,3855000.0,10,Propio,,True,Contrato,Bueno
262,EQ-00262,SN-0262-32793283,Autoclave,Esterilización,Belimed,BE-350,II,Alta,2018-03-06,16510000.0,9,Propio,2019-09-01,True,Interno,Bueno
263,EQ-00263,SN-0263-57997719,Monitor multiparámetro,Monitoreo,Edan,ED-198,III,Media,2020-08-21,3192000.0,9,Comodato,2022-10-02,True,Interno,Bueno
264,EQ-00264,SN-0264-65135017,Bomba de infusión,Soporte vital,Fresenius Kabi,FR-222,III,Alta,2021-07-07,1618000.0,14,Propio,,True,Interno,Bueno
265,EQ-00265,SN-0265-61796661,Esfigmomanómetro,Apoyo a diagnóstico,Omron,OM-478,II,Baja,2019-05-30,190000.0,9,Propio,2020-09-05,False,Contrato,Bueno
266,EQ-00266,SN-0266-90073649,Bomba de infusión,Soporte vital,Fresenius Kabi,FR-952,III,Alta,2020-08-26,2058000.0,9,Propio,2023-05-01,False,Contrato,Bueno
267,EQ-00267,SN-0267-61046153,Glucómetro,Apoyo a diagnóstico,Gima,GI-476,II,Baja,2018-11-06,56000.0,8,Propio,,True,Contrato,Bueno
268,EQ-00268,SN-0268-50033755,Termómetro clínico,Apoyo a diagnóstico,Gima,GI-588,II,Media,2025-10-30,181000.0,7,Propio,,True,Contrato,Bueno
269,EQ-00269,SN-0269-23617119,Rayos X portátil,Imagenología,Siemens Healthineers,SI-237,II,Media,2011-07-04,42577000.0,14,Comodato,2013-08-25,True,Interno,Bueno
270,EQ-00270,SN-0270-49221017,Termómetro clínico,Apoyo a diagnóstico,Riester,RI-115,II,Media,2012-05-06,94000.0,11,Propio,2014-08-24,True,Interno,Bueno
271,EQ-00271,SN-0271-93382386,Glucómetro,Apoyo a diagnóstico,Abbott,AB-703,II,Baja,2013-02-16,66000.0,6,Propio,2014-06-18,True,Contrato,Bueno
272,EQ-00272,SN-0272-86067341,Monitor multiparámetro,Monitoreo,Bionet,BI-530,III,Media,2017-09-14,3273000.0,13,Comodato,,False,Interno,Bueno
273,EQ-00273,SN-0273-69054459,Glucómetro,Apoyo a diagnóstico,Gima,GI-681,II,Media,2018-04-03,41000.0,10,Propio,,True,Interno,Bueno
274,EQ-00274,SN-0274-64665893,Campímetro,Oftalmología,Zeiss,ZE-408,II,Alta,2025-07-19,17214000.0,11,Propio,2026-10-08,False,Externo,Bueno
275,EQ-00275,SN-0275-87644054,Oxímetro central,Monitoreo,GE HealthCare,GE-522,III,Alta,2013-11-02,3455000.0,14,Propio,2015-03-18,False,Contrato,Regular
276,EQ-00276,SN-0276-33000881,Monitor multiparámetro,Monitoreo,Bionet,BI-731,III,Alta,2015-08-18,3069000.0,8,Propio,2017-05-28,True,Interno,Bueno
277,EQ-00277,SN-0277-28677435,Balanza clínica,Apoyo a diagnóstico,Health o meter,HE-498,I,Media,2016-05-23,1011000.0,10,Propio,,True,Externo,Bueno
278,EQ-00278,SN-0278-87883522,Autoclave,Esterilización,Tuttnauer,TU-925,II,Media,2020-12-27,17107000.0,13,Propio,2022-09-23,True,Interno,Baja
279,EQ-00279,SN-0279-31587358,Balanza clínica,Apoyo a diagnóstico,Health o meter,HE-308,I,Baja,2022-09-30,902000.0,10,Propio,,True,Interno,Bueno
280,EQ-00280,SN-0280-21017097,Bomba de infusión,Soporte vital,ICU Medical,IC-633,III,Alta,2013-09-29,1825000.0,13,Propio,2014-12-04,True,Externo,Bueno
281,EQ-00281,SN-0281-77212328,Termómetro clínico,Apoyo a diagnóstico,Microlife,MI-213,II,Baja,2013-01-03,101000.0,13,Propio,,True,Externo,Bueno
282,EQ-00282,SN-0282-90424103,Doppler fetal,Apoyo a diagnóstico,Gima,GI-675,II,Baja,2019-09-21,665000.0,12,Propio,,True,Contrato,Bueno
283,EQ-00283,SN-0283-19026856,Bomba de infusión,Soporte vital,Fresenius Kabi,FR-954,III,Alta,2013-07-04,1565000.0,12,Propio,2015-06-04,True,Externo,Regular
284,EQ-00284,SN-0284-49913380,Carro de transporte estéril,Esterilización,Belimed,BE-743,I,Media,2019-12-08,2729000.0,10,Propio,,True,Interno,Bueno
285,EQ-00285,SN-0285-85008847,Desfibrilador,Soporte vital,Mindray,MI-108,III,Alta,2020-02-25,6464000.0,13,Propio,2022-12-31,False,Interno,Bueno
286,EQ-00286,SN-0286-55595631,Monitor multiparámetro,Monitoreo,Mindray,MI-922,III,Media,2025-10-10,5234000.0,13,Comodato,2027-06-11,True,Interno,Bueno
287,EQ-00287,SN-0287-73830926,Electrocardiógrafo,Monitoreo,GE HealthCare,GE-603,II,Media,2014-03-05,1399000.0,7,Propio,,False,Contrato,Bueno
288,EQ-00288,SN-0288-15782538,Fototerapia,Neonatología,GE HealthCare/Ohmeda,GE-955,II,Alta,2017-01-15,3657000.0,12,Propio,,True,Interno,Bueno
289,EQ-00289,SN-0289-86080530,Electrocardiógrafo,Monitoreo,Edan,ED-203,II,Media,2012-05-12,3890000.0,13,Propio,,True,Externo,Regular
290,EQ-00290,SN-0290-11030549,Monitor multiparámetro,Monitoreo,Edan,ED-624,III,Media,2023-11-05,2641000.0,13,Propio,,True,Interno,Bueno
291,EQ-00291,SN-0291-37577893,Microscopio quirúrgico oftalmológico,Oftalmología,Leica Microsystems,LE-923,II,Media,2017-03-05,61295000.0,12,Arriendo,,True,Contrato,Bueno
292,EQ-00292,SN-0292-45650747,Esfigmomanómetro,Apoyo a diagnóstico,Welch Allyn/Hillrom,WE-657,II,Baja,2022-04-20,129000.0,14,Comodato,,False,Externo,Bueno
293,EQ-00293,SN-0293-61980508,Esfigmomanómetro,Apoyo a diagnóstico,Omron,OM-513,II,Baja,2011-11-18,281000.0,10,Comodato,,True,Externo,Bueno
294,EQ-00294,SN-0294-33415753,Tallímetro,Apoyo a diagnóstico,Gima,GI-933,I,Media,2023-03-19,110000.0,11,Propio,2025-09-10,False,Interno,Bueno
295,EQ-00295,SN-0295-58371820,Fototerapia,Neonatología,Fanem,FA-667,II,Alta,2014-04-02,3562000.0,11,Propio,,True,Contrato,Bueno
296,EQ-00296,SN-0296-20210563,Holter,Monitoreo,Bionet,BI-322,II,Media,2014-05-08,4890000.0,14,Propio,2017-04-05,True,Interno,Regular
297,EQ-00297,SN-0297-40967755,Tomógrafo CT,Imagenología,United Imaging,UN-909,II,Alta,2021-09-01,611034000.0,15,Comodato,,True,Externo,Bueno
298,EQ-00298,SN-0298-81548724,Monitor multiparámetro,Monitoreo,Edan,ED-776,III,Alta,2024-01-08,3454000.0,12,Propio,,True,Interno,Bueno
299,EQ-00299,SN-0299-30873414,Bomba de infusión,Soporte vital,ICU Medical,IC-812,III,Alta,2024-12-06,1468000.0,9,Comodato,,True,Interno,Bueno
300,EQ-00300,SN-0300-49090191,Esfigmomanómetro,Apoyo a diagnóstico,Omron,OM-869,II,Media,2022-07-19,281000.0,7,Propio,2024-10-23,True,Interno,Bueno
301,EQ-00301,SN-0301-84946361,Ecógrafo,Imagenología,GE HealthCare,GE-424,II,Baja,2014-05-18,20218000.0,15,Propio,2017-03-07,False,Contrato,Bueno
302,EQ-00302,SN-0302-49610850,Balanza clínica,Apoyo a diagnóstico,Health o meter,HE-867,I,Baja,2013-03-28,1280000.0,13,Propio,,False,Interno,Bueno
303,EQ-00303,SN-0303-86761304,Camilla de transporte,Apoyo a diagnóstico,Stryker/Physio-Control,ST-488,I,Media,2021-08-24,5794000.0,10,Propio,,True,Contrato,Bueno
304,EQ-00304,SN-0304-67770255,Microscopio,Laboratorio,Leica,LE-534,I,Media,2026-06-18,1495000.0,12,Propio,,True,Contrato,Bueno
305,EQ-00305,SN-0305-17779214,Refrigerador clínico,Laboratorio,Haier Biomedical,HA-887,I,Media,2014-05-05,2492000.0,6,Comodato,,True,Externo,Bueno
306,EQ-00306,SN-0306-39855264,Bomba de infusión,Soporte vital,ICU Medical,IC-172,III,Alta,2015-09-26,1515000.0,12,Propio,2017-01-02,True,Externo,Bueno
307,EQ-00307,SN-0307-15503506,Termómetro clínico,Apoyo a diagnóstico,Gima,GI-257,II,Baja,2014-08-20,146000.0,12,Comodato,,False,Interno,Regular
308,EQ-00308,SN-0308-10512521,Balanza clínica,Apoyo a diagnóstico,Tanita,TA-158,I,Media,2014-10-14,533000.0,8,Propio,2016-06-26,True,Interno,Bueno
309,EQ-00309,SN-0309-87982614,Monitor signos vitales,Monitoreo,Edan,ED-322,II,Media,2020-10-03,1422000.0,14,Propio,,False,Interno,Regular
310,EQ-00310,SN-0310-13886121,Bomba de infusión,Soporte vital,Fresenius Kabi,FR-169,III,Media,2013-05-31,1656000.0,12,Propio,2015-09-10,False,Interno,Bueno
311,EQ-00311,SN-0311-33620923,Bomba de infusión,Soporte vital,Baxter,BA-677,III,Alta,2016-05-19,1678000.0,12,Propio,2017-12-22,True,Interno,Bueno
312,EQ-00312,SN-0312-93697244,Monitor multiparámetro,Monitoreo,GE HealthCare,GE-169,III,Alta,2015-01-27,3915000.0,8,Propio,2016-07-19,False,Externo,Regular
313,EQ-00313,SN-0313-83970618,Arco C,Imagenología,Shimadzu,SH-483,II,Baja,2021-01-10,144134000.0,11,Propio,,False,Contrato,Bueno
314,EQ-00314,SN-0314-34189967,Termómetro clínico,Apoyo a diagnóstico,Microlife,MI-570,II,Baja,2021-07-30,66000.0,14,Propio,2024-02-24,True,Contrato,Bueno
315,EQ-00315,SN-0315-64864913,Esfigmomanómetro,Apoyo a diagnóstico,Welch Allyn/Hillrom,WE-335,II,Media,2024-12-22,230000.0,13,Propio,,False,Interno,Bueno
316,EQ-00316,SN-0316-85858711,Bomba PCA,Soporte vital,Fresenius Kabi,FR-925,III,Alta,2014-05-30,2769000.0,13,Propio,2015-06-30,True,Interno,Bueno
317,EQ-00317,SN-0317-93130637,Monitor multiparámetro,Monitoreo,GE HealthCare,GE-297,III,Alta,2014-03-18,4757000.0,12,Arriendo,2016-06-06,False,Externo,Bueno
318,EQ-00318,SN-0318-77800585,Camilla de fisioterapia,Rehabilitación,Lojer,LO-617,I,Baja,2022-12-03,1435000.0,11,Propio,2025-04-07,True,Contrato,Bueno
319,EQ-00319,SN-0319-23912350,Termómetro clínico,Apoyo a diagnóstico,Braun,BR-122,II,Media,2023-03-10,64000.0,11,Propio,,False,Interno,Bueno
320,EQ-00320,SN-0320-99135321,Otoscopio,Apoyo a diagnóstico,HEINE,HE-201,I,Media,2023-06-01,645000.0,13,Comodato,2024-09-11,True,Interno,Bueno
321,EQ-00321,SN-0321-74383599,Termómetro clínico,Apoyo a diagnóstico,Microlife,MI-557,II,Media,2013-10-25,151000.0,10,Propio,2016-10-07,True,Externo,Bueno
322,EQ-00322,SN-0322-70423208,Bomba de infusión,Soporte vital,Fresenius Kabi,FR-497,III,Alta,2024-11-05,1385000.0,7,Propio,2027-03-05,False,Interno,Bueno
323,EQ-00323,SN-0323-49684958,Sillón dental,Odontología,Belmont,BE-647,I,Media,2014-06-14,9623000.0,7,Propio,2015-10-30,False,Contrato,Bueno
324,EQ-00324,SN-0324-83748455,Otoscopio,Apoyo a diagnóstico,Riester,RI-469,I,Baja,2017-06-17,605000.0,12,Propio,2019-05-23,True,Contrato,Bueno
325,EQ-00325,SN-0325-92938856,Monitor multiparámetro,Monitoreo,Nihon Kohden,NI-737,III,Baja,2020-08-02,2874000.0,13,Propio,,True,Interno,Bueno
326,EQ-00326,SN-0326-11222786,Balanza clínica,Apoyo a diagnóstico,SECA,SE-656,I,Media,2015-07-10,722000.0,14,Comodato,,False,Interno,Baja
327,EQ-00327,SN-0327-17479249,Ventilador mecánico,Soporte vital,Philips,PH-351,III,Alta,2016-06-16,37342000.0,13,Propio,2017-11-26,True,Interno,Bueno
328,EQ-00328,SN-0328-20593039,Glucómetro,Apoyo a diagnóstico,Gima,GI-340,II,Media,2010-06-27,63000.0,8,Propio,,True,Interno,Bueno
329,EQ-00329,SN-0329-76491834,Tallímetro,Apoyo a diagnóstico,SECA,SE-586,I,Baja,2018-11-06,429000.0,9,Propio,,True,Interno,Bueno
330,EQ-00330,SN-0330-98725684,Holter,Monitoreo,Schiller,SC-354,II,Media,2013-08-11,3428000.0,6,Propio,,True,Externo,Bueno
331,EQ-00331,SN-0331-60143875,Camilla de transporte,Apoyo a diagnóstico,Stryker/Physio-Control,ST-787,I,Baja,2024-11-14,4167000.0,13,Propio,2027-08-27,True,Contrato,Bueno
332,EQ-00332,SN-0332-68659994,Electroestimulador,Rehabilitación,Zimmer MedizinSysteme,ZI-456,II,Media,2010-11-18,1985000.0,13,Propio,,False,Contrato,Bueno
333,EQ-00333,SN-0333-15742833,Bomba de infusión,Soporte vital,ICU Medical,IC-775,III,Alta,2016-12-06,1161000.0,10,Propio,2019-04-22,True,Interno,Bueno
334,EQ-00334,SN-0334-75293474,Carro de transporte estéril,Esterilización,Belimed,BE-948,I,Alta,2015-04-22,1682000.0,13,Propio,,False,Contrato,Regular
335,EQ-00335,SN-0335-39421625,Cuna radiante,Neonatología,Fanem,FA-868,II,Alta,2022-06-26,11777000.0,13,Propio,,True,Externo,Bueno
336,EQ-00336,SN-0336-20103223,Tallímetro,Apoyo a diagnóstico,Detecto,DE-142,I,Baja,2019-07-06,257000.0,13,Propio,2020-12-15,True,Contrato,Bueno
337,EQ-00337,SN-0337-36283893,Ventilador mecánico,Soporte vital,Hamilton Medical,HA-555,III,Alta,2010-09-01,30823000.0,12,Propio,2012-03-02,True,Interno,Bueno
338,EQ-00338,SN-0338-97664843,Carro de transporte estéril,Esterilización,Matachana,MA-653,I,Media,2021-04-13,2036000.0,11,Propio,,True,Contrato,Bueno
339,EQ-00339,SN-0339-29622939,Selladora térmica,Esterilización,hawo,HA-583,I,Alta,2021-01-28,866000.0,12,Comodato,2022-02-27,True,Contrato,Bueno
340,EQ-00340,SN-0340-30256631,Camilla de fisioterapia,Rehabilitación,Gymna,GY-116,I,Baja,2017-01-14,1110000.0,12,Propio,2019-10-09,True,Interno,Regular
341,EQ-00341,SN-0341-76817949,Bomba de infusión,Soporte vital,Mindray,MI-242,III,Alta,2021-11-16,1442000.0,10,Comodato,2023-07-19,False,Externo,Bueno
342,EQ-00342,SN-0342-91559718,Incubadora,Neonatología,Atom Medical,AT-676,III,Media,2026-02-10,17981000.0,9,Propio,2027-12-26,True,Externo,Bueno
343,EQ-00343,SN-0343-19253045,Desfibrilador,Soporte vital,Stryker/Physio-Control,ST-213,III,Alta,2018-08-23,5279000.0,13,Propio,,False,Contrato,Bueno
344,EQ-00344,SN-0344-44493017,Lavadora desinfectora,Esterilización,Steelco,ST-850,II,Media,2019-06-24,16823000.0,12,Propio,,True,Interno,Bueno
345,EQ-00345,SN-0345-80307909,Esfigmomanómetro,Apoyo a diagnóstico,Omron,OM-614,II,Media,2021-12-14,247000.0,13,Propio,2023-12-31,False,Contrato,Bueno
346,EQ-00346,SN-0346-55273086,Desfibrilador,Soporte vital,Philips,PH-995,III,Alta,2013-12-24,5219000.0,6,Propio,,True,Interno,Bueno
347,EQ-00347,SN-0347-67582377,Tallímetro,Apoyo a diagnóstico,SECA,SE-331,I,Baja,2015-07-20,202000.0,13,Propio,2017-11-12,True,Interno,Bueno
348,EQ-00348,SN-0348-43485885,Campímetro,Oftalmología,Zeiss,ZE-316,II,Baja,2011-10-07,16841000.0,11,Propio,2014-04-14,False,Contrato,Bueno
349,EQ-00349,SN-0349-35196045,Otoscopio,Apoyo a diagnóstico,HEINE,HE-694,I,Baja,2018-10-25,612000.0,12,Propio,2020-10-24,False,Interno,Bueno
350,EQ-00350,SN-0350-66605994,Tallímetro,Apoyo a diagnóstico,SECA,SE-583,I,Media,2011-02-15,186000.0,13,Propio,2012-04-24,False,Externo,Bueno
351,EQ-00351,SN-0351-28201187,Máquina de anestesia,Soporte vital,Dräger,DR-276,III,Alta,2017-06-20,64132000.0,10,Comodato,,True,Interno,Bueno
352,EQ-00352,SN-0352-69329024,Termómetro clínico,Apoyo a diagnóstico,Gima,GI-327,II,Media,2013-09-23,71000.0,8,Propio,,False,Externo,Bueno
353,EQ-00353,SN-0353-52108868,Esfigmomanómetro,Apoyo a diagnóstico,Gima,GI-433,II,Media,2024-04-21,161000.0,13,Propio,2025-08-17,True,Interno,Bueno
354,EQ-00354,SN-0354-27629277,Monitor signos vitales,Monitoreo,Nihon Kohden,NI-143,II,Alta,2013-10-11,1763000.0,11,Propio,,True,Contrato,Bueno
355,EQ-00355,SN-0355-70684334,Balanza clínica,Apoyo a diagnóstico,Gima,GI-957,I,Baja,2016-01-15,1041000.0,8,Propio,,True,Interno,Bueno
356,EQ-00356,SN-0356-83369885,Lavadora desinfectora,Esterilización,Matachana,MA-691,II,Media,2014-10-10,12643000.0,12,Propio,2016-11-02,True,Contrato,Bueno
357,EQ-00357,SN-0357-63791518,Glucómetro,Apoyo a diagnóstico,Gima,GI-462,II,Media,2023-11-16,54000.0,8,Propio,2025-09-24,False,Externo,Bueno
358,EQ-00358,SN-0358-96149890,Bomba de infusión,Soporte vital,Mindray,MI-672,III,Alta,2015-03-30,1317000.0,14,Propio,2016-12-25,False,Externo,Bueno
359,EQ-00359,SN-0359-60579975,Esfigmomanómetro,Apoyo a diagnóstico,Riester,RI-306,II,Baja,2015-06-21,144000.0,5,Propio,,True,Contrato,Regular
360,EQ-00360,SN-0360-23848959,Termómetro clínico,Apoyo a diagnóstico,Riester,RI-412,II,Baja,2010-01-31,131000.0,13,Propio,2011-03-11,False,Contrato,Bueno
361,EQ-00361,SN-0361-56625812,Glucómetro,Apoyo a diagnóstico,Roche/Accu-Chek,RO-320,II,Baja,2015-02-12,75000.0,12,Propio,,True,Externo,Bueno
362,EQ-00362,SN-0362-60427025,Camilla de transporte,Apoyo a diagnóstico,Stryker/Physio-Control,ST-191,I,Media,2017-10-28,4804000.0,9,Propio,2019-01-20,False,Contrato,Bueno
363,EQ-00363,SN-0363-57527949,Ecógrafo,Imagenología,Siemens Healthineers,SI-751,II,Alta,2017-10-13,51513000.0,10,Propio,,False,Externo,Regular
364,EQ-00364,SN-0364-44729967,Oftalmoscopio,Apoyo a diagnóstico,HEINE,HE-691,I,Media,2026-02-19,683000.0,13,Comodato,2027-11-20,True,Interno,Bueno
365,EQ-00365,SN-0365-53120373,Desfibrilador,Soporte vital,Stryker/Physio-Control,ST-200,III,Media,2024-07-06,3150000.0,8,Propio,,True,Interno,Bueno
366,EQ-00366,SN-0366-64534897,Ventilador neonatal,Neonatología,Vyaire,VY-404,III,Media,2018-05-16,43720000.0,13,Comodato,,True,Interno,Bueno
367,EQ-00367,SN-0367-53486590,Termómetro clínico,Apoyo a diagnóstico,Omron,OM-106,II,Baja,2023-12-10,122000.0,12,Comodato,2025-01-23,False,Interno,Bueno
368,EQ-00368,SN-0368-11348194,Ventilador mecánico,Soporte vital,Philips,PH-382,III,Alta,2018-07-17,16242000.0,13,Propio,,False,Interno,Bueno
369,EQ-00369,SN-0369-70532723,Termómetro clínico,Apoyo a diagnóstico,Braun,BR-998,II,Media,2019-08-28,168000.0,13,Propio,,True,Interno,Bueno
370,EQ-00370,SN-0370-26323155,Ventilador mecánico,Soporte vital,Mindray,MI-527,III,Alta,2020-06-01,26161000.0,12,Propio,2021-07-04,True,Interno,Bueno
371,EQ-00371,SN-0371-94134717,Monitor signos vitales,Monitoreo,Nihon Kohden,NI-677,II,Media,2010-04-28,1521000.0,13,Propio,,True,Contrato,Bueno
372,EQ-00372,SN-0372-40419243,Esfigmomanómetro,Apoyo a diagnóstico,Riester,RI-821,II,Media,2016-05-02,192000.0,11,Propio,2018-07-12,True,Interno,Bueno
373,EQ-00373,SN-0373-13245173,Monitor multiparámetro,Monitoreo,Bionet,BI-388,III,Alta,2025-04-13,4345000.0,12,Propio,,False,Contrato,Bueno
374,EQ-00374,SN-0374-35462249,Autoclave,Esterilización,MMM Group,MM-765,II,Alta,2014-06-16,27097000.0,12,Propio,,True,Interno,Bueno
375,EQ-00375,SN-0375-87152139,Camilla de transporte,Apoyo a diagnóstico,Hillrom/Baxter,HI-863,I,Baja,2018-08-25,5352000.0,8,Propio,2021-05-13,True,Externo,Bueno
376,EQ-00376,SN-0376-44925081,Monitor multiparámetro,Monitoreo,Spacelabs,SP-314,III,Media,2012-02-17,5631000.0,12,Propio,,True,Contrato,Bueno
377,EQ-00377,SN-0377-60798029,Balanza clínica,Apoyo a diagnóstico,SECA,SE-931,I,Media,2017-04-09,1192000.0,9,Propio,2018-06-25,True,Contrato,Bueno
378,EQ-00378,SN-0378-18615701,Ventilador mecánico,Soporte vital,Mindray,MI-933,III,Alta,2015-08-21,36887000.0,13,Propio,,True,Interno,Bueno
379,EQ-00379,SN-0379-18761502,Bomba de infusión,Soporte vital,Fresenius Kabi,FR-784,III,Alta,2012-03-25,1537000.0,11,Propio,,False,Interno,Bueno
380,EQ-00380,SN-0380-93862795,Termómetro clínico,Apoyo a diagnóstico,Welch Allyn/Hillrom,WE-301,II,Baja,2017-06-22,114000.0,13,Propio,,True,Interno,Bueno
381,EQ-00381,SN-0381-44358429,Ventilador neonatal,Neonatología,SLE,SL-574,III,Alta,2011-11-03,41923000.0,13,Propio,2013-01-11,False,Contrato,Bueno
382,EQ-00382,SN-0382-69615448,Bomba de infusión,Soporte vital,B. Braun,BB-178,III,Alta,2014-08-21,2112000.0,8,Propio,2016-12-22,True,Externo,Bueno
383,EQ-00383,SN-0383-36140848,Termómetro clínico,Apoyo a diagnóstico,Omron,OM-117,II,Baja,2020-09-03,89000.0,8,Propio,,True,Interno,Bueno
384,EQ-00384,SN-0384-72212576,Bomba de infusión,Soporte vital,Baxter,BA-319,III,Alta,2018-01-22,1078000.0,14,Comodato,2019-10-29,False,Contrato,Bueno
385,EQ-00385,SN-0385-92398183,Monitor signos vitales,Monitoreo,Edan,ED-624,II,Media,2021-06-14,1376000.0,13,Propio,2022-07-22,True,Interno,Bueno
386,EQ-00386,SN-0386-46733831,Bomba de infusión,Soporte vital,Mindray,MI-335,III,Alta,2019-07-16,1965000.0,11,Propio,,True,Externo,Bueno
387,EQ-00387,SN-0387-39830149,Termómetro clínico,Apoyo a diagnóstico,Microlife,MI-537,II,Baja,2018-12-09,19000.0,14,Propio,2021-09-21,True,Interno,Bueno
388,EQ-00388,SN-0388-27099862,Carro de transporte estéril,Esterilización,Getinge,GE-958,I,Alta,2026-05-24,2053000.0,14,Comodato,,True,Interno,Bueno
389,EQ-00389,SN-0389-77942433,Glucómetro,Apoyo a diagnóstico,Gima,GI-591,II,Baja,2020-09-08,57000.0,12,Comodato,2022-01-21,True,Interno,Bueno
390,EQ-00390,SN-0390-68432346,Esfigmomanómetro,Apoyo a diagnóstico,Omron,OM-442,II,Media,2010-03-20,130000.0,9,Propio,2012-09-17,False,Externo,Bueno
391,EQ-00391,SN-0391-26953259,Monitor multiparámetro,Monitoreo,Nihon Kohden,NI-718,III,Media,2020-06-18,3864000.0,11,Propio,2022-07-07,True,Contrato,Bueno
392,EQ-00392,SN-0392-72492582,Monitor multiparámetro,Monitoreo,Philips,PH-614,III,Alta,2025-04-22,5324000.0,10,Arriendo,2027-07-02,True,Interno,Bueno
393,EQ-00393,SN-0393-62432163,Balanza clínica,Apoyo a diagnóstico,SECA,SE-350,I,Baja,2011-07-08,586000.0,14,Propio,2014-02-17,True,Contrato,Regular
394,EQ-00394,SN-0394-61906120,Camilla de transporte,Apoyo a diagnóstico,Malvestio,MA-991,I,Media,2011-08-18,3679000.0,12,Comodato,2012-09-02,False,Contrato,Bueno
395,EQ-00395,SN-0395-84315569,Monitor multiparámetro,Monitoreo,Spacelabs,SP-863,III,Media,2019-08-18,4617000.0,9,Comodato,2022-01-26,True,Interno,Bueno
396,EQ-00396,SN-0396-47118373,Centrífuga,Laboratorio,Hettich,HE-744,I,Baja,2022-01-23,3453000.0,8,Propio,2024-09-07,False,Contrato,Bueno
397,EQ-00397,SN-0397-72428980,Bomba de infusión,Soporte vital,Baxter,BA-626,III,Alta,2017-10-03,1964000.0,9,Propio,,False,Interno,Bueno
398,EQ-00398,SN-0398-67160482,Termómetro clínico,Apoyo a diagnóstico,Riester,RI-949,II,Baja,2023-08-16,118000.0,11,Comodato,2026-02-19,False,Contrato,Bueno
399,EQ-00399,SN-0399-84383652,Monitor signos vitales,Monitoreo,Mindray,MI-940,II,Media,2015-07-05,1851000.0,10,Propio,2018-01-07,False,Interno,Bueno
400,EQ-00400,SN-0400-65915987,Glucómetro,Apoyo a diagnóstico,Roche/Accu-Chek,RO-913,II,Baja,2012-06-07,59000.0,13,Propio,,True,Contrato,Regular
401,EQ-00401,SN-0401-25478911,Bomba PCA,Soporte vital,B. Braun,BB-358,III,Alta,2019-02-18,2793000.0,13,Propio,,True,Interno,Bueno
402,EQ-00402,SN-0402-43592882,Bomba PCA,Soporte vital,ICU Medical,IC-128,III,Media,2024-07-20,2414000.0,11,Propio,2027-01-17,True,Externo,Bueno
403,EQ-00403,SN-0403-50765434,Desfibrilador,Soporte vital,Philips,PH-292,III,Alta,2010-04-03,5559000.0,13,Propio,,False,Interno,Bueno
404,EQ-00404,SN-0404-86616852,Audiómetro,Apoyo a diagnóstico,MAICO,MA-205,II,Baja,2012-07-02,5393000.0,7,Propio,,False,Externo,Bueno
405,EQ-00405,SN-0405-22589343,Bomba de infusión,Soporte vital,Baxter,BA-584,III,Alta,2010-05-30,1925000.0,10,Comodato,2012-07-18,True,Externo,Bueno
406,EQ-00406,SN-0406-36827845,Oftalmoscopio,Apoyo a diagnóstico,HEINE,HE-583,I,Baja,2012-10-17,776000.0,13,Propio,,True,Interno,Bueno
407,EQ-00407,SN-0407-48421420,Ecógrafo,Imagenología,Siemens Healthineers,SI-565,II,Alta,2014-08-15,23886000.0,11,Arriendo,2015-09-23,True,Interno,Bueno
408,EQ-00408,SN-0408-82470967,Ventilador neonatal,Neonatología,Inspiration Healthcare,IN-748,III,Alta,2016-10-06,38526000.0,11,Comodato,,True,Contrato,Bueno
409,EQ-00409,SN-0409-62203402,Monitor multiparámetro,Monitoreo,Nihon Kohden,NI-680,III,Media,2016-06-21,5262000.0,6,Propio,,True,Externo,Bueno
410,EQ-00410,SN-0410-33706998,Incubadora,Neonatología,GE HealthCare/Ohmeda,GE-355,III,Alta,2013-03-28,12088000.0,11,Propio,2016-02-16,True,Interno,Bueno
411,EQ-00411,SN-0411-34446551,Incubadora,Neonatología,Atom Medical,AT-237,III,Alta,2020-03-13,10295000.0,11,Propio,2022-08-29,True,Interno,Bueno
412,EQ-00412,SN-0412-81340229,Esfigmomanómetro,Apoyo a diagnóstico,A&D Medical,AD-549,II,Media,2024-03-03,152000.0,14,Arriendo,,True,Interno,Bueno
413,EQ-00413,SN-0413-57222430,Glucómetro,Apoyo a diagnóstico,Roche/Accu-Chek,RO-598,II,Media,2010-11-14,52000.0,11,Propio,,True,Contrato,Bueno
414,EQ-00414,SN-0414-26567277,Electroestimulador,Rehabilitación,DJO/Compex,DJ-453,II,Baja,2022-08-03,2024000.0,13,Propio,2023-12-16,True,Externo,Bueno
415,EQ-00415,SN-0415-40454287,Desfibrilador,Soporte vital,Mindray,MI-372,III,Media,2016-03-29,5887000.0,11,Propio,,False,Interno,Bueno
416,EQ-00416,SN-0416-31489128,Bomba de infusión,Soporte vital,Fresenius Kabi,FR-876,III,Media,2024-05-07,1850000.0,7,Propio,,False,Externo,Bueno
417,EQ-00417,SN-0417-60856510,Microscopio,Laboratorio,Olympus/Evident,OL-476,I,Alta,2024-08-02,2001000.0,10,Propio,2026-05-06,True,Interno,Bueno
418,EQ-00418,SN-0418-37894949,Holter,Monitoreo,Philips,PH-913,II,Media,2018-04-02,3954000.0,12,Propio,2019-05-19,False,Contrato,Regular
419,EQ-00419,SN-0419-47901076,Lámpara de hendidura,Oftalmología,Keeler,KE-585,I,Media,2024-11-03,9454000.0,12,Propio,2026-07-16,True,Interno,Bueno
420,EQ-00420,SN-0420-49297938,Tallímetro,Apoyo a diagnóstico,Health o meter,HE-302,I,Alta,2012-01-20,287000.0,8,Propio,,False,Externo,Malo
421,EQ-00421,SN-0421-72322927,Desfibrilador,Soporte vital,Nihon Kohden,NI-779,III,Alta,2026-05-16,4206000.0,9,Propio,2029-02-07,True,Contrato,Bueno
422,EQ-00422,SN-0422-41047942,Termómetro clínico,Apoyo a diagnóstico,Microlife,MI-876,II,Baja,2025-10-27,74000.0,14,Comodato,2027-01-14,False,Externo,Bueno
423,EQ-00423,SN-0423-60945594,Tallímetro,Apoyo a diagnóstico,Health o meter,HE-580,I,Alta,2011-05-07,236000.0,12,Propio,,False,Externo,Bueno
424,EQ-00424,SN-0424-98634770,Oftalmoscopio,Apoyo a diagnóstico,Riester,RI-945,I,Media,2026-06-23,792000.0,14,Propio,2028-02-16,True,Interno,Bueno
425,EQ-00425,SN-0425-89915069,Camilla de transporte,Apoyo a diagnóstico,Malvestio,MA-948,I,Baja,2020-07-21,5339000.0,10,Propio,2022-04-13,True,Interno,Bueno
426,EQ-00426,SN-0426-93720190,Bomba de infusión,Soporte vital,Mindray,MI-187,III,Alta,2014-05-17,1925000.0,13,Propio,2017-01-15,False,Interno,Bueno
427,EQ-00427,SN-0427-22202761,Glucómetro,Apoyo a diagnóstico,Abbott,AB-762,II,Baja,2023-06-25,46000.0,8,Comodato,2024-07-14,True,Contrato,Bueno
428,EQ-00428,SN-0428-18260636,Fototerapia,Neonatología,Dräger,DR-458,II,Alta,2017-11-22,3677000.0,13,Propio,2020-06-15,True,Interno,Bueno
429,EQ-00429,SN-0429-79603400,Motor endodoncia,Odontología,W&H,WH-447,II,Baja,2011-01-18,1713000.0,9,Propio,2013-06-23,False,Contrato,Regular
430,EQ-00430,SN-0430-65810345,Termómetro clínico,Apoyo a diagnóstico,Omron,OM-135,II,Baja,2023-04-03,63000.0,12,Propio,2024-06-21,True,Contrato,Bueno
431,EQ-00431,SN-0431-23449517,Oftalmoscopio,Apoyo a diagnóstico,HEINE,HE-984,I,Media,2016-08-05,415000.0,12,Propio,,True,Interno,Bueno
432,EQ-00432,SN-0432-51129850,Tonómetro,Oftalmología,Reichert,RE-805,II,Alta,2017-07-07,3367000.0,10,Propio,2020-04-10,False,Externo,Bueno
433,EQ-00433,SN-0433-65389184,Tallímetro,Apoyo a diagnóstico,Gima,GI-445,I,Baja,2026-03-19,209000.0,13,Propio,2027-04-28,True,Contrato,Bueno
434,EQ-00434,SN-0434-67924587,Monitor signos vitales,Monitoreo,Mindray,MI-847,II,Baja,2013-07-18,1638000.0,15,Comodato,,True,Interno,Bueno
435,EQ-00435,SN-0435-92569755,Monitor multiparámetro,Monitoreo,Mindray,MI-622,III,Baja,2011-02-13,5984000.0,14,Comodato,,True,Contrato,Bueno
436,EQ-00436,SN-0436-44287476,Doppler vascular,Apoyo a diagnóstico,Edan,ED-440,II,Media,2019-12-25,2301000.0,11,Propio,,True,Contrato,Bueno
437,EQ-00437,SN-0437-26791663,Bomba de infusión,Soporte vital,ICU Medical,IC-632,III,Alta,2011-11-03,1518000.0,10,Propio,,False,Interno,Bueno
438,EQ-00438,SN-0438-39724632,Monitor signos vitales,Monitoreo,Mindray,MI-109,II,Alta,2012-03-30,978000.0,9,Propio,2013-09-25,True,Contrato,Bueno
439,EQ-00439,SN-0439-60875239,Bomba de infusión,Soporte vital,BD/CareFusion,BD-475,III,Alta,2016-07-20,1502000.0,12,Propio,,True,Interno,Bueno
440,EQ-00440,SN-0440-60477336,Esfigmomanómetro,Apoyo a diagnóstico,Welch Allyn/Hillrom,WE-667,II,Baja,2014-10-29,194000.0,8,Propio,2016-08-10,True,Contrato,Bueno
441,EQ-00441,SN-0441-62496601,Cuna radiante,Neonatología,GE HealthCare/Ohmeda,GE-122,II,Alta,2011-04-20,9839000.0,11,Propio,2013-05-26,True,Contrato,Bueno
442,EQ-00442,SN-0442-75877794,Camilla de transporte,Apoyo a diagnóstico,Hillrom/Baxter,HI-851,I,Baja,2010-12-15,3304000.0,13,Comodato,2013-11-24,True,Interno,Bueno
443,EQ-00443,SN-0443-59465776,Bomba de infusión,Soporte vital,Baxter,BA-685,III,Alta,2013-10-02,1854000.0,10,Propio,2016-01-02,True,Externo,Bueno
444,EQ-00444,SN-0444-79541775,Bomba de infusión,Soporte vital,BD/CareFusion,BD-863,III,Alta,2014-06-19,1781000.0,11,Comodato,,True,Interno,Bueno
445,EQ-00445,SN-0445-45018354,Oftalmoscopio,Apoyo a diagnóstico,Welch Allyn/Hillrom,WE-204,I,Media,2010-01-25,769000.0,13,Propio,,True,Contrato,Regular
446,EQ-00446,SN-0446-43524654,Balanza clínica,Apoyo a diagnóstico,Tanita,TA-849,I,Baja,2013-02-10,977000.0,12,Propio,,True,Contrato,Bueno
447,EQ-00447,SN-0447-60239764,Esfigmomanómetro,Apoyo a diagnóstico,Welch Allyn/Hillrom,WE-690,II,Media,2019-01-02,185000.0,14,Comodato,,False,Interno,Bueno
448,EQ-00448,SN-0448-36183674,Balanza clínica,Apoyo a diagnóstico,SECA,SE-429,I,Baja,2023-06-25,643000.0,8,Propio,,True,Interno,Bueno
449,EQ-00449,SN-0449-59635784,Ventilador mecánico,Soporte vital,Philips,PH-646,III,Alta,2017-08-31,19143000.0,11,Propio,2019-09-28,True,Interno,Bueno
450,EQ-00450,SN-0450-65480959,Tallímetro,Apoyo a diagnóstico,Tanita,TA-361,I,Baja,2022-07-06,158000.0,13,Propio,,True,Externo,Bueno
451,EQ-00451,SN-0451-84122559,Carro de transporte estéril,Esterilización,CISA Group,CI-969,I,Alta,2010-06-27,1625000.0,12,Propio,,True,Contrato,Bueno
452,EQ-00452,SN-0452-60016825,Camilla de transporte,Apoyo a diagnóstico,Hillrom/Baxter,HI-967,I,Baja,2014-12-15,3689000.0,9,Propio,,True,Externo,Bueno
453,EQ-00453,SN-0453-39932796,Termómetro clínico,Apoyo a diagnóstico,Welch Allyn/Hillrom,WE-493,II,Baja,2016-09-25,116000.0,12,Propio,,True,Interno,Bueno
454,EQ-00454,SN-0454-15407854,Balanza clínica,Apoyo a diagnóstico,SECA,SE-977,I,Baja,2022-03-14,1344000.0,13,Propio,,False,Contrato,Bueno
455,EQ-00455,SN-0455-89040865,Camilla de transporte,Apoyo a diagnóstico,Malvestio,MA-860,I,Media,2010-08-17,4327000.0,13,Propio,2013-05-26,False,Interno,Baja
456,EQ-00456,SN-0456-75173658,Monitor multiparámetro,Monitoreo,Spacelabs,SP-275,III,Media,2015-03-25,4127000.0,13,Propio,,False,Contrato,Bueno
457,EQ-00457,SN-0457-17409200,Monitor multiparámetro,Monitoreo,Spacelabs,SP-728,III,Alta,2018-01-29,3872000.0,13,Propio,2019-06-11,False,Externo,Bueno
458,EQ-00458,SN-0458-72645953,Ventilador mecánico,Soporte vital,GE HealthCare,GE-537,III,Alta,2014-03-09,36141000.0,12,Propio,2015-04-24,True,Contrato,Baja
459,EQ-00459,SN-0459-88860887,Camilla de transporte,Apoyo a diagnóstico,Malvestio,MA-228,I,Baja,2023-04-16,4384000.0,8,Propio,,True,Externo,Baja
460,EQ-00460,SN-0460-90803736,Tallímetro,Apoyo a diagnóstico,SECA,SE-409,I,Media,2023-10-21,175000.0,14,Propio,2025-03-03,False,Interno,Bueno
461,EQ-00461,SN-0461-56477935,Centrífuga,Laboratorio,Beckman Coulter,BE-608,I,Baja,2017-02-20,3169000.0,8,Comodato,,True,Externo,Bueno
462,EQ-00462,SN-0462-55955991,Bomba de infusión,Soporte vital,BD/CareFusion,BD-623,III,Alta,2025-07-16,1277000.0,13,Propio,2026-09-24,True,Interno,Bueno
463,EQ-00463,SN-0463-15279022,Bomba PCA,Soporte vital,ICU Medical,IC-645,III,Alta,2018-03-06,2459000.0,13,Propio,2019-05-05,False,Interno,Regular
464,EQ-00464,SN-0464-44610039,Termómetro clínico,Apoyo a diagnóstico,Microlife,MI-317,II,Baja,2010-04-25,58000.0,12,Comodato,2012-08-12,True,Interno,Bueno
465,EQ-00465,SN-0465-89572911,Cuna radiante,Neonatología,Fanem,FA-748,II,Alta,2018-10-25,11567000.0,12,Propio,,True,Externo,Bueno
466,EQ-00466,SN-0466-92116780,Desfibrilador,Soporte vital,Mindray,MI-254,III,Alta,2017-05-17,5141000.0,11,Propio,2019-04-24,True,Interno,Bueno
467,EQ-00467,SN-0467-72897111,Camilla de transporte,Apoyo a diagnóstico,Malvestio,MA-758,I,Baja,2017-04-14,4683000.0,10,Propio,2018-04-14,False,Interno,Bueno
468,EQ-00468,SN-0468-78196259,Bomba de infusión,Soporte vital,Fresenius Kabi,FR-184,III,Alta,2014-08-13,1478000.0,8,Propio,,True,Contrato,Bueno
469,EQ-00469,SN-0469-42262285,Camilla de fisioterapia,Rehabilitación,Lojer,LO-199,I,Media,2010-12-17,2072000.0,6,Arriendo,2012-04-28,False,Externo,Bueno
470,EQ-00470,SN-0470-84241053,Termómetro clínico,Apoyo a diagnóstico,Gima,GI-179,II,Baja,2011-02-08,62000.0,11,Propio,,True,Externo,Bueno
471,EQ-00471,SN-0471-26563211,Esfigmomanómetro,Apoyo a diagnóstico,Gima,GI-851,II,Baja,2024-11-05,157000.0,12,Propio,2026-04-02,True,Contrato,Bueno
472,EQ-00472,SN-0472-98091188,Termómetro clínico,Apoyo a diagnóstico,Braun,BR-709,II,Baja,2023-05-20,83000.0,12,Propio,,True,Externo,Bueno
473,EQ-00473,SN-0473-23196234,Esfigmomanómetro,Apoyo a diagnóstico,Riester,RI-415,II,Media,2022-01-30,206000.0,12,Propio,2024-02-05,True,Interno,Bueno
474,EQ-00474,SN-0474-19638483,Doppler fetal,Apoyo a diagnóstico,Huntleigh,HU-749,II,Baja,2017-09-21,1308000.0,12,Propio,,True,Interno,Bueno
475,EQ-00475,SN-0475-24074948,Bomba de infusión,Soporte vital,ICU Medical,IC-506,III,Alta,2017-10-24,2198000.0,12,Arriendo,2019-11-06,True,Interno,Bueno
476,EQ-00476,SN-0476-21106271,Ventilador mecánico,Soporte vital,GE HealthCare,GE-986,III,Alta,2021-05-22,33141000.0,12,Propio,,True,Interno,Regular
477,EQ-00477,SN-0477-45996270,Bomba de infusión,Soporte vital,Fresenius Kabi,FR-671,III,Media,2025-12-27,1787000.0,13,Propio,,True,Interno,Bueno
478,EQ-00478,SN-0478-46521327,Monitor multiparámetro,Monitoreo,Bionet,BI-642,III,Media,2015-03-03,4631000.0,13,Propio,2017-05-01,True,Contrato,Bueno
479,EQ-00479,SN-0479-89396498,Desfibrilador,Soporte vital,Stryker/Physio-Control,ST-206,III,Media,2012-10-04,5627000.0,12,Propio,,True,Interno,Regular
480,EQ-00480,SN-0480-91372612,Termómetro clínico,Apoyo a diagnóstico,Riester,RI-608,II,Media,2024-05-01,87000.0,7,Propio,,False,Interno,Bueno
481,EQ-00481,SN-0481-29017126,Bomba de infusión,Soporte vital,B. Braun,BB-200,III,Alta,2017-01-23,2075000.0,14,Propio,2018-11-27,True,Contrato,Bueno
482,EQ-00482,SN-0482-65168699,Lámpara de fotocurado,Odontología,Dentsply Sirona,DE-662,I,Media,2013-02-13,636000.0,13,Propio,,True,Interno,Bueno
483,EQ-00483,SN-0483-36071849,Bomba de infusión,Soporte vital,Baxter,BA-580,III,Alta,2016-01-14,1351000.0,10,Propio,2017-12-31,True,Interno,Bueno
484,EQ-00484,SN-0484-51104943,Camilla de transporte,Apoyo a diagnóstico,Malvestio,MA-312,I,Baja,2021-03-11,5085000.0,8,Propio,,True,Interno,Bueno
485,EQ-00485,SN-0485-92022309,Termómetro clínico,Apoyo a diagnóstico,Braun,BR-651,II,Media,2014-02-26,150000.0,10,Propio,,True,Externo,Regular
486,EQ-00486,SN-0486-50039211,Esfigmomanómetro,Apoyo a diagnóstico,Omron,OM-195,II,Baja,2026-05-02,227000.0,12,Comodato,,True,Contrato,Bueno
487,EQ-00487,SN-0487-21790634,Monitor multiparámetro,Monitoreo,Nihon Kohden,NI-940,III,Media,2011-08-03,4377000.0,12,Propio,2013-10-25,True,Interno,Bueno
488,EQ-00488,SN-0488-77139821,Doppler vascular,Apoyo a diagnóstico,Gima,GI-918,II,Media,2024-05-31,1852000.0,12,Propio,,False,Externo,Bueno
489,EQ-00489,SN-0489-14656754,Ventilador neonatal,Neonatología,Vyaire,VY-299,III,Alta,2017-10-08,44431000.0,9,Propio,,False,Interno,Bueno
490,EQ-00490,SN-0490-81655187,Bomba PCA,Soporte vital,Fresenius Kabi,FR-657,III,Alta,2016-11-28,2049000.0,10,Propio,2019-11-19,True,Contrato,Bueno
491,EQ-00491,SN-0491-42962672,Desfibrilador,Soporte vital,Mindray,MI-449,III,Alta,2017-05-30,4387000.0,11,Propio,,True,Contrato,Bueno
492,EQ-00492,SN-0492-81926689,Bomba de infusión,Soporte vital,Mindray,MI-110,III,Alta,2012-11-21,2010000.0,10,Propio,2015-08-22,True,Interno,Bueno
493,EQ-00493,SN-0493-43150950,Mamógrafo,Imagenología,Siemens Healthineers,SI-337,II,Alta,2024-12-24,219586000.0,11,Propio,2026-12-17,False,Interno,Bueno
494,EQ-00494,SN-0494-80974677,Carro de transporte estéril,Esterilización,Belimed,BE-250,I,Baja,2025-04-18,2154000.0,8,Propio,2027-05-03,True,Contrato,Bueno
495,EQ-00495,SN-0495-98973403,Ecógrafo,Imagenología,Philips,PH-475,II,Media,2021-06-28,46313000.0,8,Arriendo,,True,Interno,Bueno
496,EQ-00496,SN-0496-56560538,Camilla de transporte,Apoyo a diagnóstico,Stryker/Physio-Control,ST-114,I,Baja,2011-05-21,5454000.0,7,Propio,,True,Interno,Bueno
497,EQ-00497,SN-0497-18848247,Bomba de infusión,Soporte vital,Fresenius Kabi,FR-627,III,Alta,2025-04-14,2054000.0,12,Propio,2026-12-26,True,Interno,Bueno
498,EQ-00498,SN-0498-77268254,Monitor multiparámetro,Monitoreo,Nihon Kohden,NI-597,III,Media,2011-10-29,6132000.0,9,Propio,2012-12-17,False,Contrato,Regular
499,EQ-00499,SN-0499-46774047,Electrocardiógrafo,Monitoreo,Schiller,SC-881,II,Alta,2015-02-01,2867000.0,9,Arriendo,2016-11-07,False,Interno,Bueno
500,EQ-00500,SN-0500-58400147,Esfigmomanómetro,Apoyo a diagnóstico,Gima,GI-739,II,Baja,2012-03-21,175000.0,10,Propio,2013-12-21,False,Interno,Bueno
501,EQ-00501,SN-0501-54620811,Esfigmomanómetro,Apoyo a diagnóstico,Omron,OM-411,II,Baja,2022-05-04,270000.0,12,Propio,2024-06-23,True,Contrato,Bueno
502,EQ-00502,SN-0502-20239821,Termómetro clínico,Apoyo a diagnóstico,Welch Allyn/Hillrom,WE-953,II,Baja,2011-11-19,95000.0,12,Comodato,,False,Interno,Bueno
503,EQ-00503,SN-0503-17987137,Microscopio,Laboratorio,Olympus/Evident,OL-489,I,Media,2022-07-25,2943000.0,7,Propio,,True,Contrato,Bueno
504,EQ-00504,SN-0504-93739799,Camilla de transporte,Apoyo a diagnóstico,Malvestio,MA-382,I,Baja,2018-09-11,2717000.0,12,Propio,,False,Externo,Bueno
505,EQ-00505,SN-0505-79162273,Máquina de anestesia,Soporte vital,GE HealthCare,GE-110,III,Alta,2023-01-31,60443000.0,12,Comodato,2025-06-19,False,Externo,Bueno
506,EQ-00506,SN-0506-34422992,Monitor multiparámetro,Monitoreo,Bionet,BI-288,III,Media,2014-09-25,2969000.0,14,Comodato,,False,Interno,Bueno
507,EQ-00507,SN-0507-35856154,Tallímetro,Apoyo a diagnóstico,Health o meter,HE-183,I,Baja,2021-12-25,124000.0,13,Propio,2023-01-20,True,Contrato,Bueno
508,EQ-00508,SN-0508-54118095,Monitor multiparámetro,Monitoreo,Mindray,MI-295,III,Alta,2021-07-22,3309000.0,6,Propio,2024-01-25,True,Interno,Bueno
509,EQ-00509,SN-0509-72798606,Bomba de infusión,Soporte vital,Fresenius Kabi,FR-526,III,Alta,2010-05-13,1661000.0,13,Propio,2011-07-28,True,Interno,Regular
510,EQ-00510,SN-0510-18837296,Monitor multiparámetro,Monitoreo,Bionet,BI-605,III,Alta,2015-08-05,4150000.0,14,Propio,,False,Interno,Bueno
511,EQ-00511,SN-0511-45350018,Baño termorregulado,Laboratorio,Binder,BI-945,I,Alta,2011-01-14,788000.0,13,Propio,,True,Interno,Bueno
512,EQ-00512,SN-0512-63906087,Camilla de transporte,Apoyo a diagnóstico,Hillrom/Baxter,HI-878,I,Baja,2026-05-13,4973000.0,14,Propio,2028-03-22,False,Interno,Bueno
513,EQ-00513,SN-0513-35887369,Balanza clínica,Apoyo a diagnóstico,Tanita,TA-363,I,Media,2020-05-21,801000.0,8,Propio,,True,Interno,Bueno
514,EQ-00514,SN-0514-22292920,Monitor multiparámetro,Monitoreo,Bionet,BI-701,III,Media,2020-10-07,4028000.0,7,Comodato,2021-10-16,True,Contrato,Bueno
515,EQ-00515,SN-0515-73247846,Otoscopio,Apoyo a diagnóstico,HEINE,HE-725,I,Baja,2020-10-05,535000.0,10,Propio,2022-03-02,True,Externo,Regular
516,EQ-00516,SN-0516-81504545,Bomba de infusión,Soporte vital,Fresenius Kabi,FR-486,III,Alta,2015-08-22,1418000.0,10,Propio,,True,Contrato,Bueno
517,EQ-00517,SN-0517-19714181,Retinógrafo,Oftalmología,Zeiss,ZE-297,II,Baja,2025-10-23,10927000.0,13,Propio,,True,Contrato,Bueno
518,EQ-00518,SN-0518-51902317,Glucómetro,Apoyo a diagnóstico,Roche/Accu-Chek,RO-740,II,Baja,2020-06-24,37000.0,12,Comodato,2023-04-07,False,Interno,Bueno
519,EQ-00519,SN-0519-92952898,Bomba PCA,Soporte vital,Baxter,BA-359,III,Alta,2010-10-15,2550000.0,5,Propio,,False,Interno,Bueno
520,EQ-00520,SN-0520-20759061,Incubadora,Neonatología,Atom Medical,AT-917,III,Alta,2022-02-06,15537000.0,9,Propio,,True,Externo,Bueno
521,EQ-00521,SN-0521-71300861,Monitor multiparámetro,Monitoreo,Edan,ED-870,III,Baja,2026-05-29,3557000.0,8,Propio,,True,Contrato,Regular
522,EQ-00522,SN-0522-53553493,Monitor signos vitales,Monitoreo,Edan,ED-111,II,Alta,2016-11-16,1202000.0,8,Propio,2018-05-14,False,Interno,Bueno
523,EQ-00523,SN-0523-67854972,Glucómetro,Apoyo a diagnóstico,Gima,GI-759,II,Baja,2022-03-01,50000.0,7,Propio,,True,Contrato,Bueno
524,EQ-00524,SN-0524-64455228,Ecógrafo,Imagenología,Mindray,MI-248,II,Media,2022-01-08,38171000.0,12,Propio,,True,Externo,Bueno
525,EQ-00525,SN-0525-73599123,Monitor signos vitales,Monitoreo,Masimo,MA-131,II,Alta,2017-11-04,1678000.0,11,Propio,2019-03-30,False,Interno,Bueno
526,EQ-00526,SN-0526-59229610,Ventilador mecánico,Soporte vital,Hamilton Medical,HA-442,III,Media,2021-03-18,32436000.0,13,Propio,,False,Externo,Bueno
527,EQ-00527,SN-0527-48398275,Otoscopio,Apoyo a diagnóstico,Welch Allyn/Hillrom,WE-534,I,Baja,2011-04-16,650000.0,11,Propio,2012-12-06,True,Contrato,Bueno
528,EQ-00528,SN-0528-55849595,Espirómetro,Apoyo a diagnóstico,Welch Allyn/Hillrom,WE-706,II,Baja,2010-07-02,2449000.0,8,Propio,2012-04-18,False,Interno,Bueno
529,EQ-00529,SN-0529-87306633,Monitor signos vitales,Monitoreo,Bionet,BI-311,II,Media,2011-07-01,1133000.0,13,Comodato,2014-01-28,True,Interno,Regular
530,EQ-00530,SN-0530-68186380,Bomba de infusión,Soporte vital,Fresenius Kabi,FR-546,III,Media,2015-11-01,1240000.0,14,Comodato,2018-06-24,True,Contrato,Bueno
531,EQ-00531,SN-0531-61775517,Lámpara de fotocurado,Odontología,KaVo,KA-284,I,Alta,2015-02-21,597000.0,11,Propio,2016-05-02,False,Contrato,Bueno
532,EQ-00532,SN-0532-39486517,Glucómetro,Apoyo a diagnóstico,Roche/Accu-Chek,RO-252,II,Baja,2012-03-09,45000.0,10,Arriendo,,False,Externo,Bueno
533,EQ-00533,SN-0533-53657778,Bomba de infusión,Soporte vital,ICU Medical,IC-487,III,Alta,2024-08-18,1752000.0,12,Propio,,True,Interno,Bueno
534,EQ-00534,SN-0534-14573839,Monitor multiparámetro,Monitoreo,Philips,PH-327,III,Media,2012-05-25,4774000.0,9,Propio,2014-02-03,True,Externo,Bueno
535,EQ-00535,SN-0535-59798389,Baño termorregulado,Laboratorio,Binder,BI-591,I,Media,2021-05-10,773000.0,14,Propio,,True,Interno,Bueno
536,EQ-00536,SN-0536-68293138,Glucómetro,Apoyo a diagnóstico,Abbott,AB-680,II,Baja,2021-09-17,43000.0,14,Propio,2023-08-21,True,Externo,Bueno
537,EQ-00537,SN-0537-80686394,Balanza clínica,Apoyo a diagnóstico,SECA,SE-614,I,Baja,2017-10-11,493000.0,13,Propio,,True,Externo,Bueno
538,EQ-00538,SN-0538-19461335,TAC dental,Odontología,Morita,MO-518,II,Baja,2023-05-23,95491000.0,15,Arriendo,,True,Externo,Bueno
539,EQ-00539,SN-0539-48916006,Desfibrilador,Soporte vital,ZOLL,ZO-289,III,Alta,2015-07-19,6976000.0,11,Propio,2017-11-21,False,Contrato,Bueno
540,EQ-00540,SN-0540-99539821,Bomba PCA,Soporte vital,BD/CareFusion,BD-333,III,Alta,2012-03-31,2519000.0,14,Comodato,2015-03-29,False,Interno,Bueno
541,EQ-00541,SN-0541-84499967,Balanza clínica,Apoyo a diagnóstico,Gima,GI-821,I,Baja,2011-12-28,970000.0,14,Propio,,True,Interno,Bueno
542,EQ-00542,SN-0542-24907018,Camilla de transporte,Apoyo a diagnóstico,Malvestio,MA-638,I,Media,2022-04-06,3989000.0,11,Propio,2023-07-11,True,Interno,Bueno
543,EQ-00543,SN-0543-65419531,Centrífuga,Laboratorio,Thermo Fisher Scientific,TH-800,I,Alta,2010-06-21,2948000.0,13,Propio,,True,Interno,Bueno
544,EQ-00544,SN-0544-17105202,Tallímetro,Apoyo a diagnóstico,SECA,SE-118,I,Baja,2010-07-04,247000.0,13,Propio,2012-05-01,True,Interno,Bueno
545,EQ-00545,SN-0545-98063122,Monitor multiparámetro,Monitoreo,Bionet,BI-248,III,Alta,2020-06-05,3152000.0,13,Propio,,False,Contrato,Bueno
546,EQ-00546,SN-0546-89517910,Doppler fetal,Apoyo a diagnóstico,Huntleigh,HU-962,II,Baja,2026-06-25,576000.0,12,Propio,2027-06-29,False,Contrato,Bueno
547,EQ-00547,SN-0547-82893652,Espirómetro,Apoyo a diagnóstico,Welch Allyn/Hillrom,WE-989,II,Baja,2015-04-24,2201000.0,12,Propio,,True,Contrato,Bueno
548,EQ-00548,SN-0548-86109289,Compresor dental,Odontología,W&H,WH-971,I,Media,2014-08-01,2782000.0,7,Arriendo,,False,Externo,Bueno
549,EQ-00549,SN-0549-93811341,Desfibrilador,Soporte vital,Philips,PH-315,III,Alta,2015-04-23,5501000.0,12,Propio,2016-10-10,True,Externo,Bueno
550,EQ-00550,SN-0550-34308979,Balanza clínica,Apoyo a diagnóstico,Health o meter,HE-692,I,Baja,2022-11-08,959000.0,14,Propio,2024-03-07,True,Contrato,Bueno
551,EQ-00551,SN-0551-84442994,Monitor multiparámetro,Monitoreo,Nihon Kohden,NI-555,III,Alta,2019-10-16,3376000.0,9,Propio,2022-02-04,True,Interno,Bueno
552,EQ-00552,SN-0552-46885454,Selladora térmica,Esterilización,Matachana,MA-990,I,Alta,2020-01-19,1981000.0,10,Propio,2022-09-17,False,Interno,Bueno
553,EQ-00553,SN-0553-80529869,Ventilador neonatal,Neonatología,SLE,SL-121,III,Media,2020-08-31,32379000.0,14,Propio,2022-08-26,True,Interno,Bueno
554,EQ-00554,SN-0554-31342371,Esfigmomanómetro,Apoyo a diagnóstico,Riester,RI-208,II,Media,2024-09-23,223000.0,9,Propio,2026-06-25,True,Interno,Bueno
555,EQ-00555,SN-0555-32263056,Balanza clínica,Apoyo a diagnóstico,SECA,SE-971,I,Baja,2010-12-29,649000.0,15,Propio,2012-01-31,False,Interno,Bueno
556,EQ-00556,SN-0556-12334460,Tallímetro,Apoyo a diagnóstico,Gima,GI-299,I,Baja,2025-03-30,300000.0,11,Propio,,True,Interno,Regular
557,EQ-00557,SN-0557-44434147,Holter,Monitoreo,Philips,PH-377,II,Baja,2014-02-20,4361000.0,7,Propio,,False,Externo,Bueno
558,EQ-00558,SN-0558-12244716,Monitor multiparámetro,Monitoreo,GE HealthCare,GE-671,III,Alta,2018-11-23,3997000.0,13,Propio,2020-04-14,True,Contrato,Bueno
559,EQ-00559,SN-0559-41772197,Termómetro clínico,Apoyo a diagnóstico,Riester,RI-464,II,Media,2024-07-29,96000.0,7,Propio,,True,Contrato,Bueno
560,EQ-00560,SN-0560-25490323,Cuna radiante,Neonatología,Fanem,FA-274,II,Media,2015-11-03,8403000.0,9,Propio,,True,Interno,Bueno
561,EQ-00561,SN-0561-51501627,Camilla de transporte,Apoyo a diagnóstico,Stryker/Physio-Control,ST-149,I,Baja,2014-09-15,4074000.0,8,Propio,2017-01-18,True,Interno,Bueno
562,EQ-00562,SN-0562-52473242,Monitor multiparámetro,Monitoreo,Spacelabs,SP-672,III,Media,2016-05-17,4803000.0,7,Propio,2019-02-08,True,Externo,Bueno
563,EQ-00563,SN-0563-12439587,Monitor signos vitales,Monitoreo,Nonin,NO-227,II,Media,2022-11-26,1568000.0,8,Arriendo,2023-11-26,True,Interno,Bueno
564,EQ-00564,SN-0564-19755087,Balanza clínica,Apoyo a diagnóstico,Detecto,DE-756,I,Media,2010-02-28,882000.0,12,Arriendo,,True,Interno,Bueno
565,EQ-00565,SN-0565-43294289,Selladora térmica,Esterilización,Matachana,MA-703,I,Alta,2023-11-13,1785000.0,8,Propio,2025-02-18,False,Interno,Bueno
566,EQ-00566,SN-0566-25996616,Esfigmomanómetro,Apoyo a diagnóstico,Riester,RI-188,II,Baja,2018-10-23,153000.0,9,Propio,2019-11-14,True,Interno,Bueno
567,EQ-00567,SN-0567-57860523,Centrífuga,Laboratorio,Beckman Coulter,BE-703,I,Media,2024-06-15,3148000.0,12,Propio,,True,Contrato,Bueno
568,EQ-00568,SN-0568-54759358,Oxímetro central,Monitoreo,Nonin,NO-489,III,Media,2015-07-03,2268000.0,13,Propio,2017-01-06,False,Interno,Bueno
569,EQ-00569,SN-0569-43677031,Bomba de infusión,Soporte vital,BD/CareFusion,BD-218,III,Alta,2018-02-08,1799000.0,7,Propio,2020-08-07,True,Contrato,Bueno
570,EQ-00570,SN-0570-83224324,Bomba de infusión,Soporte vital,B. Braun,BB-535,III,Alta,2018-02-11,1854000.0,8,Propio,,True,Externo,Bueno
571,EQ-00571,SN-0571-87132362,Espirómetro,Apoyo a diagnóstico,ndd,ND-327,II,Baja,2017-03-11,1319000.0,14,Comodato,2018-11-26,False,Contrato,Bueno
572,EQ-00572,SN-0572-72396978,Esfigmomanómetro,Apoyo a diagnóstico,Welch Allyn/Hillrom,WE-769,II,Baja,2018-05-16,228000.0,14,Propio,,True,Interno,Regular
573,EQ-00573,SN-0573-37260872,Máquina de anestesia,Soporte vital,Dräger,DR-200,III,Alta,2025-08-17,60423000.0,8,Propio,,True,Interno,Bueno
574,EQ-00574,SN-0574-33524886,Fototerapia,Neonatología,GE HealthCare/Ohmeda,GE-762,II,Alta,2010-10-04,4529000.0,12,Comodato,2012-12-06,True,Interno,Bueno
575,EQ-00575,SN-0575-88240698,Oftalmoscopio,Apoyo a diagnóstico,Welch Allyn/Hillrom,WE-679,I,Media,2015-05-14,512000.0,9,Propio,,False,Interno,Bueno
576,EQ-00576,SN-0576-59354551,Monitor multiparámetro,Monitoreo,Dräger,DR-664,III,Baja,2017-03-22,5995000.0,15,Propio,2018-08-07,True,Contrato,Bueno
577,EQ-00577,SN-0577-38336437,Bomba de infusión,Soporte vital,B. Braun,BB-750,III,Media,2019-03-25,1098000.0,13,Propio,,False,Interno,Bueno
578,EQ-00578,SN-0578-40626415,Electrocardiógrafo,Monitoreo,Edan,ED-509,II,Alta,2011-12-18,3597000.0,13,Propio,,True,Contrato,Bueno
579,EQ-00579,SN-0579-12493840,Desfibrilador,Soporte vital,Mindray,MI-290,III,Media,2010-10-21,4779000.0,10,Comodato,2013-08-11,True,Interno,Bueno
580,EQ-00580,SN-0580-89015007,Glucómetro,Apoyo a diagnóstico,Roche/Accu-Chek,RO-394,II,Media,2015-03-05,54000.0,12,Propio,2017-05-26,True,Contrato,Bueno
581,EQ-00581,SN-0581-51618346,Bomba de infusión,Soporte vital,Mindray,MI-342,III,Alta,2013-10-26,1781000.0,8,Propio,2016-02-08,True,Interno,Regular
582,EQ-00582,SN-0582-65078529,Camilla de fisioterapia,Rehabilitación,Enraf-Nonius,EN-571,I,Baja,2025-07-02,1471000.0,14,Propio,,True,Contrato,Regular
583,EQ-00583,SN-0583-30068579,Analizador bioquímico,Laboratorio,Roche,RO-634,II,Media,2020-05-07,21943000.0,7,Propio,,False,Interno,Bueno
584,EQ-00584,SN-0584-26911169,Oftalmoscopio,Apoyo a diagnóstico,Riester,RI-465,I,Alta,2025-04-12,582000.0,10,Propio,,False,Interno,Bueno
585,EQ-00585,SN-0585-79780916,Glucómetro,Apoyo a diagnóstico,Roche/Accu-Chek,RO-101,II,Media,2022-03-23,61000.0,15,Propio,,True,Contrato,Bueno
586,EQ-00586,SN-0586-13020335,Termómetro clínico,Apoyo a diagnóstico,Braun,BR-609,II,Media,2018-09-21,137000.0,11,Propio,2021-08-22,False,Interno,Bueno
587,EQ-00587,SN-0587-79141352,Termómetro clínico,Apoyo a diagnóstico,Gima,GI-355,II,Baja,2017-05-31,81000.0,14,Comodato,2019-02-09,True,Contrato,Bueno
588,EQ-00588,SN-0588-34835675,Ventilador mecánico,Soporte vital,Mindray,MI-116,III,Alta,2011-10-06,34694000.0,10,Propio,,True,Interno,Bueno
589,EQ-00589,SN-0589-21856786,Desfibrilador,Soporte vital,ZOLL,ZO-920,III,Alta,2013-06-11,5325000.0,12,Propio,,True,Externo,Bueno
590,EQ-00590,SN-0590-46442927,Refrigerador clínico,Laboratorio,Thermo Fisher Scientific,TH-671,I,Baja,2025-08-09,5279000.0,10,Propio,,True,Externo,Bueno
591,EQ-00591,SN-0591-78596787,Bomba PCA,Soporte vital,Fresenius Kabi,FR-561,III,Alta,2021-09-16,3398000.0,13,Propio,2024-05-04,True,Interno,Bueno
592,EQ-00592,SN-0592-97825281,Camilla de transporte,Apoyo a diagnóstico,Hillrom/Baxter,HI-418,I,Baja,2012-04-24,5346000.0,11,Propio,,True,Contrato,Bueno
593,EQ-00593,SN-0593-26929720,Carro de transporte estéril,Esterilización,Getinge,GE-202,I,Alta,2022-11-26,2286000.0,12,Arriendo,2024-05-06,True,Interno,Bueno
594,EQ-00594,SN-0594-17249769,Balanza clínica,Apoyo a diagnóstico,Health o meter,HE-678,I,Media,2012-07-17,1054000.0,13,Propio,2015-05-18,True,Contrato,Bueno
595,EQ-00595,SN-0595-63330765,Balanza clínica,Apoyo a diagnóstico,Tanita,TA-137,I,Media,2019-11-10,1327000.0,12,Comodato,,False,Interno,Bueno
596,EQ-00596,SN-0596-88511160,Bomba de infusión,Soporte vital,BD/CareFusion,BD-177,III,Alta,2013-03-31,2178000.0,7,Propio,2014-08-02,True,Contrato,Bueno
597,EQ-00597,SN-0597-95544646,Sillón dental,Odontología,KaVo,KA-267,I,Alta,2020-02-11,9029000.0,9,Propio,,True,Contrato,Bueno
598,EQ-00598,SN-0598-55960267,Termómetro clínico,Apoyo a diagnóstico,Welch Allyn/Hillrom,WE-991,II,Media,2024-11-10,121000.0,6,Propio,2027-04-12,False,Externo,Malo
599,EQ-00599,SN-0599-87478806,Monitor signos vitales,Monitoreo,Mindray,MI-256,II,Media,2023-01-15,1538000.0,10,Propio,2025-09-29,True,Contrato,Bueno
600,EQ-00600,SN-0600-45976672,Monitor signos vitales,Monitoreo,GE HealthCare,GE-156,II,Baja,2022-11-07,1150000.0,10,Comodato,2025-02-02,False,Externo,Bueno
601,EQ-00601,SN-0601-50267728,Monitor multiparámetro,Monitoreo,Bionet,BI-803,III,Media,2019-11-16,5016000.0,13,Propio,2020-12-21,True,Externo,Bueno
602,EQ-00602,SN-0602-18390288,Glucómetro,Apoyo a diagnóstico,Abbott,AB-424,II,Media,2016-11-03,62000.0,10,Propio,2018-04-19,False,Externo,Bueno
603,EQ-00603,SN-0603-53816454,Ventilador mecánico,Soporte vital,Mindray,MI-755,III,Alta,2024-08-14,31128000.0,10,Comodato,2026-01-16,False,Interno,Bueno
604,EQ-00604,SN-0604-64726708,Carro de transporte estéril,Esterilización,Steelco,ST-966,I,Alta,2020-07-09,1565000.0,12,Propio,,True,Interno,Bueno
605,EQ-00605,SN-0605-45750877,Glucómetro,Apoyo a diagnóstico,Abbott,AB-204,II,Baja,2010-10-17,38000.0,11,Propio,,True,Externo,Bueno
606,EQ-00606,SN-0606-42083719,Camilla de fisioterapia,Rehabilitación,Chattanooga,CH-978,I,Baja,2021-05-17,1705000.0,14,Propio,,True,Interno,Bueno
607,EQ-00607,SN-0607-84010328,Esfigmomanómetro,Apoyo a diagnóstico,Gima,GI-183,II,Media,2016-10-26,146000.0,6,Propio,,False,Interno,Bueno
608,EQ-00608,SN-0608-43131297,Ventilador mecánico,Soporte vital,GE HealthCare,GE-712,III,Media,2019-10-16,28112000.0,12,Propio,,True,Contrato,Bueno
609,EQ-00609,SN-0609-65913988,Esfigmomanómetro,Apoyo a diagnóstico,Microlife,MI-767,II,Baja,2017-02-23,286000.0,13,Propio,2018-10-20,False,Interno,Bueno
610,EQ-00610,SN-0610-64988502,Oftalmoscopio,Apoyo a diagnóstico,Gima,GI-536,I,Media,2010-06-05,202000.0,9,Propio,,True,Interno,Bueno
611,EQ-00611,SN-0611-19102734,Termómetro clínico,Apoyo a diagnóstico,Microlife,MI-105,II,Media,2016-08-06,124000.0,12,Propio,2018-07-21,False,Externo,Bueno
612,EQ-00612,SN-0612-46868091,Tonómetro,Oftalmología,Nidek,NI-209,II,Media,2015-05-11,6187000.0,13,Propio,2017-10-31,True,Interno,Bueno
613,EQ-00613,SN-0613-98770829,Camilla de transporte,Apoyo a diagnóstico,Hillrom/Baxter,HI-537,I,Baja,2019-04-04,4796000.0,13,Propio,,True,Interno,Bueno
614,EQ-00614,SN-0614-72466088,Fototerapia,Neonatología,Atom Medical,AT-717,II,Alta,2025-08-02,4002000.0,10,Propio,,True,Externo,Regular
615,EQ-00615,SN-0615-78720045,Balanza clínica,Apoyo a diagnóstico,Gima,GI-271,I,Media,2015-02-20,1009000.0,12,Propio,2016-09-02,True,Contrato,Bueno
616,EQ-00616,SN-0616-40894643,Monitor multiparámetro,Monitoreo,Mindray,MI-135,III,Alta,2014-05-16,5525000.0,13,Propio,,True,Interno,Bueno
617,EQ-00617,SN-0617-40706308,Rayos X portátil,Imagenología,GE HealthCare,GE-956,II,Media,2010-01-30,50279000.0,8,Propio,2012-01-08,True,Interno,Bueno
618,EQ-00618,SN-0618-66247191,Monitor multiparámetro,Monitoreo,Dräger,DR-499,III,Baja,2010-04-08,3817000.0,8,Propio,,True,Externo,Bueno
619,EQ-00619,SN-0619-15749127,Bomba de infusión,Soporte vital,Fresenius Kabi,FR-305,III,Media,2022-10-11,1776000.0,10,Comodato,2024-07-11,True,Interno,Bueno
620,EQ-00620,SN-0620-85121114,Electrocardiógrafo,Monitoreo,Mindray,MI-944,II,Media,2018-04-13,3623000.0,10,Propio,2020-11-15,False,Interno,Baja
621,EQ-00621,SN-0621-49217113,Camilla de transporte,Apoyo a diagnóstico,Malvestio,MA-912,I,Baja,2020-11-29,4592000.0,12,Propio,,True,Externo,Regular
622,EQ-00622,SN-0622-77913393,Camilla de transporte,Apoyo a diagnóstico,Malvestio,MA-837,I,Media,2020-01-27,5204000.0,14,Propio,2021-10-06,True,Externo,Bueno
623,EQ-00623,SN-0623-90065740,Otoscopio,Apoyo a diagnóstico,Welch Allyn/Hillrom,WE-740,I,Media,2017-04-26,457000.0,13,Arriendo,,True,Externo,Bueno
624,EQ-00624,SN-0624-78808706,Camilla de transporte,Apoyo a diagnóstico,Malvestio,MA-887,I,Baja,2025-09-08,4442000.0,7,Arriendo,,False,Interno,Bueno
625,EQ-00625,SN-0625-44015956,Otoscopio,Apoyo a diagnóstico,Welch Allyn/Hillrom,WE-796,I,Media,2018-04-21,691000.0,14,Propio,2020-06-28,False,Interno,Regular
626,EQ-00626,SN-0626-76090058,Camilla de transporte,Apoyo a diagnóstico,Stryker/Physio-Control,ST-399,I,Media,2021-02-25,5561000.0,13,Propio,,False,Externo,Bueno
627,EQ-00627,SN-0627-35168354,Bomba PCA,Soporte vital,Fresenius Kabi,FR-810,III,Alta,2019-07-06,1852000.0,11,Comodato,,True,Externo,Bueno
628,EQ-00628,SN-0628-14005547,Balanza clínica,Apoyo a diagnóstico,SECA,SE-701,I,Baja,2022-01-01,533000.0,12,Propio,,True,Interno,Bueno
629,EQ-00629,SN-0629-52565287,Electrocardiógrafo,Monitoreo,Nihon Kohden,NI-101,II,Alta,2021-06-25,1941000.0,10,Propio,2023-04-29,False,Interno,Regular
630,EQ-00630,SN-0630-44492303,Doppler fetal,Apoyo a diagnóstico,Huntleigh,HU-458,II,Media,2023-08-09,919000.0,8,Arriendo,,True,Interno,Bueno
631,EQ-00631,SN-0631-65833726,Lensómetro,Oftalmología,Reichert,RE-295,I,Media,2010-07-14,3850000.0,8,Propio,2012-01-17,True,Contrato,Bueno
632,EQ-00632,SN-0632-83356820,Monitor multiparámetro,Monitoreo,Edan,ED-704,III,Media,2021-05-08,3456000.0,11,Propio,2023-07-11,True,Externo,Bueno
633,EQ-00633,SN-0633-12898037,Esfigmomanómetro,Apoyo a diagnóstico,Gima,GI-978,II,Media,2022-08-20,157000.0,13,Propio,2024-11-26,True,Interno,Bueno
634,EQ-00634,SN-0634-97681804,Glucómetro,Apoyo a diagnóstico,Abbott,AB-640,II,Baja,2025-02-13,38000.0,10,Propio,,True,Contrato,Bueno
635,EQ-00635,SN-0635-31491418,Termómetro clínico,Apoyo a diagnóstico,Microlife,MI-690,II,Baja,2012-04-20,58000.0,15,Comodato,,True,Interno,Bueno
636,EQ-00636,SN-0636-14907454,Termómetro clínico,Apoyo a diagnóstico,Riester,RI-213,II,Baja,2016-12-08,163000.0,10,Propio,2018-06-11,True,Externo,Bueno
637,EQ-00637,SN-0637-39813513,Tomógrafo CT,Imagenología,GE HealthCare,GE-893,II,Alta,2010-05-02,787592000.0,13,Propio,2013-01-16,True,Interno,Bueno
638,EQ-00638,SN-0638-55673889,Otoscopio,Apoyo a diagnóstico,HEINE,HE-217,I,Baja,2025-09-27,277000.0,8,Propio,,False,Interno,Regular
639,EQ-00639,SN-0639-63139644,Esfigmomanómetro,Apoyo a diagnóstico,Microlife,MI-869,II,Baja,2010-09-03,266000.0,9,Propio,,False,Contrato,Bueno
640,EQ-00640,SN-0640-27937626,Glucómetro,Apoyo a diagnóstico,Abbott,AB-342,II,Baja,2018-03-17,52000.0,12,Propio,2020-09-12,False,Contrato,Bueno
641,EQ-00641,SN-0641-80039355,Tomógrafo CT,Imagenología,Siemens Healthineers,SI-662,II,Alta,2018-08-21,537238000.0,6,Propio,,True,Externo,Bueno
642,EQ-00642,SN-0642-41055269,Bomba de infusión,Soporte vital,Baxter,BA-579,III,Alta,2026-03-22,1957000.0,10,Propio,2028-12-09,False,Contrato,Bueno
643,EQ-00643,SN-0643-64833552,Termómetro clínico,Apoyo a diagnóstico,Riester,RI-274,II,Baja,2024-08-08,97000.0,9,Propio,2025-10-19,True,Interno,Bueno
644,EQ-00644,SN-0644-10308921,Termómetro clínico,Apoyo a diagnóstico,Gima,GI-741,II,Media,2021-05-22,110000.0,12,Propio,2023-05-09,False,Contrato,Bueno
645,EQ-00645,SN-0645-47129186,Esfigmomanómetro,Apoyo a diagnóstico,Riester,RI-579,II,Alta,2017-07-05,224000.0,12,Propio,2020-02-22,False,Externo,Bueno
646,EQ-00646,SN-0646-99643790,Oxímetro central,Monitoreo,Philips,PH-196,III,Media,2022-10-19,2398000.0,14,Propio,,True,Interno,Bueno
647,EQ-00647,SN-0647-74137367,Balanza clínica,Apoyo a diagnóstico,Health o meter,HE-743,I,Baja,2011-07-01,683000.0,10,Propio,,True,Contrato,Bueno
648,EQ-00648,SN-0648-41738650,Microscopio,Laboratorio,Zeiss,ZE-797,I,Media,2013-11-25,2834000.0,8,Propio,2015-11-01,False,Interno,Bueno
649,EQ-00649,SN-0649-53044995,Bomba PCA,Soporte vital,Fresenius Kabi,FR-194,III,Alta,2018-08-11,2399000.0,10,Propio,2020-06-20,True,Contrato,Bueno
650,EQ-00650,SN-0650-78768466,Bomba de infusión,Soporte vital,Fresenius Kabi,FR-979,III,Alta,2019-02-16,1480000.0,12,Propio,2021-07-18,True,Interno,Bueno
651,EQ-00651,SN-0651-38966625,Analizador bioquímico,Laboratorio,Mindray,MI-149,II,Media,2020-11-17,49340000.0,13,Comodato,,False,Interno,Bueno
652,EQ-00652,SN-0652-30717796,Glucómetro,Apoyo a diagnóstico,Abbott,AB-120,II,Baja,2015-03-29,57000.0,11,Propio,,False,Interno,Bueno
653,EQ-00653,SN-0653-96405783,Analizador bioquímico,Laboratorio,Beckman Coulter,BE-601,II,Media,2024-01-22,27506000.0,12,Propio,,True,Contrato,Bueno
654,EQ-00654,SN-0654-35884472,Balanza clínica,Apoyo a diagnóstico,SECA,SE-963,I,Baja,2020-10-25,1086000.0,12,Comodato,2022-04-29,False,Externo,Bueno
655,EQ-00655,SN-0655-49756822,Monitor signos vitales,Monitoreo,Welch Allyn/Hillrom,WE-862,II,Alta,2015-12-26,1987000.0,15,Propio,2018-10-18,True,Interno,Bueno
656,EQ-00656,SN-0656-46856940,Termómetro clínico,Apoyo a diagnóstico,Gima,GI-333,II,Baja,2021-01-08,53000.0,13,Propio,2022-12-29,True,Externo,Regular
657,EQ-00657,SN-0657-13049653,Centrífuga,Laboratorio,Hettich,HE-573,I,Alta,2022-04-03,1701000.0,15,Propio,2023-05-08,True,Externo,Malo
658,EQ-00658,SN-0658-75917610,Incubadora,Neonatología,Fanem,FA-591,III,Media,2012-12-16,8067000.0,13,Propio,2015-05-27,False,Externo,Bueno
659,EQ-00659,SN-0659-10414097,Desfibrilador,Soporte vital,ZOLL,ZO-172,III,Alta,2012-03-23,6059000.0,12,Comodato,,True,Interno,Bueno
660,EQ-00660,SN-0660-82802384,Microscopio,Laboratorio,Olympus/Evident,OL-739,I,Media,2025-07-08,3925000.0,5,Propio,,True,Contrato,Bueno
661,EQ-00661,SN-0661-62300474,Glucómetro,Apoyo a diagnóstico,Abbott,AB-445,II,Baja,2026-02-12,49000.0,12,Propio,,True,Externo,Bueno
662,EQ-00662,SN-0662-15662619,Monitor signos vitales,Monitoreo,Bionet,BI-467,II,Media,2010-08-10,1166000.0,12,Propio,,False,Contrato,Bueno
663,EQ-00663,SN-0663-58997401,Incubadora,Neonatología,Medix,ME-291,III,Media,2022-02-18,15981000.0,8,Propio,2025-01-10,False,Contrato,Bueno
664,EQ-00664,SN-0664-76481487,Desfibrilador,Soporte vital,Philips,PH-657,III,Alta,2024-12-24,5310000.0,12,Propio,2027-10-25,False,Interno,Regular
665,EQ-00665,SN-0665-19048146,Balanza clínica,Apoyo a diagnóstico,Gima,GI-143,I,Alta,2019-11-29,1293000.0,11,Propio,,False,Interno,Bueno
666,EQ-00666,SN-0666-20099324,Monitor multiparámetro,Monitoreo,Spacelabs,SP-334,III,Media,2010-06-22,5096000.0,11,Propio,2012-04-14,True,Interno,Bueno
667,EQ-00667,SN-0667-71912041,Monitor multiparámetro,Monitoreo,GE HealthCare,GE-221,III,Media,2015-03-16,3452000.0,10,Propio,2017-09-10,True,Interno,Bueno
668,EQ-00668,SN-0668-72360556,Esfigmomanómetro,Apoyo a diagnóstico,A&D Medical,AD-677,II,Media,2021-01-03,172000.0,12,Propio,2022-07-29,False,Externo,Bueno
669,EQ-00669,SN-0669-92362165,Esfigmomanómetro,Apoyo a diagnóstico,Omron,OM-797,II,Media,2025-11-08,248000.0,11,Comodato,2028-09-16,False,Contrato,Regular
670,EQ-00670,SN-0670-11070990,Bomba de infusión,Soporte vital,ICU Medical,IC-562,III,Alta,2011-05-01,1823000.0,9,Propio,2013-02-17,False,Externo,Bueno
671,EQ-00671,SN-0671-42490819,Centrífuga,Laboratorio,Thermo Fisher Scientific,TH-678,I,Alta,2012-04-20,2312000.0,7,Propio,,False,Interno,Bueno
672,EQ-00672,SN-0672-41826810,Glucómetro,Apoyo a diagnóstico,Gima,GI-474,II,Baja,2010-10-31,52000.0,15,Arriendo,,True,Contrato,Bueno
673,EQ-00673,SN-0673-54897540,Monitor signos vitales,Monitoreo,Welch Allyn/Hillrom,WE-585,II,Alta,2012-12-23,1652000.0,13,Propio,2013-12-29,True,Contrato,Bueno
674,EQ-00674,SN-0674-35801933,Glucómetro,Apoyo a diagnóstico,Gima,GI-970,II,Media,2015-05-29,70000.0,10,Propio,,True,Contrato,Bueno
675,EQ-00675,SN-0675-75377692,Termómetro clínico,Apoyo a diagnóstico,Microlife,MI-994,II,Baja,2016-12-04,145000.0,7,Propio,,False,Interno,Bueno
676,EQ-00676,SN-0676-58455094,Bomba PCA,Soporte vital,Fresenius Kabi,FR-577,III,Alta,2021-03-24,2161000.0,15,Propio,,True,Contrato,Bueno
677,EQ-00677,SN-0677-43489476,Monitor signos vitales,Monitoreo,Edan,ED-788,II,Alta,2013-05-04,1156000.0,14,Propio,2016-03-22,True,Externo,Bueno
678,EQ-00678,SN-0678-91495868,Oftalmoscopio,Apoyo a diagnóstico,Gima,GI-802,I,Baja,2024-07-05,214000.0,14,Propio,2027-04-21,True,Externo,Bueno
679,EQ-00679,SN-0679-98768736,Esfigmomanómetro,Apoyo a diagnóstico,Riester,RI-482,II,Baja,2020-10-31,143000.0,13,Propio,2023-04-12,False,Externo,Bueno
680,EQ-00680,SN-0680-15212637,Bomba de infusión,Soporte vital,BD/CareFusion,BD-689,III,Alta,2026-04-08,1730000.0,13,Arriendo,,True,Contrato,Bueno
681,EQ-00681,SN-0681-42093133,Esfigmomanómetro,Apoyo a diagnóstico,Welch Allyn/Hillrom,WE-453,II,Baja,2017-10-14,218000.0,13,Propio,2019-03-16,True,Interno,Bueno
682,EQ-00682,SN-0682-29319862,Bomba de infusión,Soporte vital,Fresenius Kabi,FR-901,III,Media,2012-11-10,995000.0,14,Propio,2013-12-27,True,Interno,Bueno
683,EQ-00683,SN-0683-40089823,Esfigmomanómetro,Apoyo a diagnóstico,A&D Medical,AD-365,II,Baja,2013-08-28,261000.0,9,Propio,2015-06-01,True,Contrato,Bueno
684,EQ-00684,SN-0684-39524848,Ventilador mecánico,Soporte vital,Mindray,MI-187,III,Alta,2019-12-24,34393000.0,13,Propio,2022-10-02,True,Externo,Bueno
685,EQ-00685,SN-0685-31301722,Oftalmoscopio,Apoyo a diagnóstico,HEINE,HE-989,I,Alta,2026-02-14,824000.0,10,Comodato,2027-11-20,False,Contrato,Bueno
686,EQ-00686,SN-0686-59834215,Desfibrilador,Soporte vital,Mindray,MI-447,III,Alta,2022-01-06,4263000.0,11,Propio,,True,Contrato,Bueno
687,EQ-00687,SN-0687-61758609,Termómetro clínico,Apoyo a diagnóstico,Omron,OM-342,II,Media,2010-05-25,92000.0,7,Propio,,True,Interno,Bueno
688,EQ-00688,SN-0688-93143217,Bomba de infusión,Soporte vital,BD/CareFusion,BD-127,III,Alta,2016-05-31,1691000.0,14,Propio,,True,Contrato,Bueno
689,EQ-00689,SN-0689-63834630,Sillón dental,Odontología,Morita,MO-687,I,Baja,2011-05-28,10381000.0,15,Propio,2013-04-30,True,Interno,Bueno
690,EQ-00690,SN-0690-59442243,Monitor multiparámetro,Monitoreo,Philips,PH-203,III,Alta,2023-03-08,4229000.0,9,Propio,,False,Interno,Bueno
691,EQ-00691,SN-0691-85811469,Carro de transporte estéril,Esterilización,CISA Group,CI-922,I,Media,2024-10-29,1903000.0,8,Propio,,True,Externo,Bueno
692,EQ-00692,SN-0692-56418509,Oftalmoscopio,Apoyo a diagnóstico,Riester,RI-845,I,Media,2019-03-27,631000.0,13,Propio,2021-03-15,True,Interno,Bueno
693,EQ-00693,SN-0693-27685254,Analizador hematológico,Laboratorio,Horiba,HO-473,II,Baja,2026-03-11,12045000.0,10,Propio,2028-10-12,False,Interno,Bueno
694,EQ-00694,SN-0694-13776444,Holter,Monitoreo,Spacelabs,SP-563,II,Alta,2020-11-19,2731000.0,13,Propio,,False,Interno,Bueno
695,EQ-00695,SN-0695-63581159,Esfigmomanómetro,Apoyo a diagnóstico,Omron,OM-146,II,Baja,2014-02-15,236000.0,10,Propio,2015-10-17,False,Interno,Bueno
696,EQ-00696,SN-0696-20433017,Otoscopio,Apoyo a diagnóstico,Gima,GI-133,I,Baja,2016-08-23,458000.0,11,Propio,,True,Contrato,Bueno
697,EQ-00697,SN-0697-40294451,Bomba de infusión,Soporte vital,Baxter,BA-788,III,Alta,2010-01-25,1639000.0,11,Propio,,True,Interno,Bueno
698,EQ-00698,SN-0698-55012320,Glucómetro,Apoyo a diagnóstico,Abbott,AB-691,II,Baja,2025-06-29,70000.0,13,Propio,,True,Externo,Regular
699,EQ-00699,SN-0699-81946170,Glucómetro,Apoyo a diagnóstico,Abbott,AB-242,II,Baja,2013-12-26,55000.0,8,Propio,2015-11-06,True,Contrato,Bueno
700,EQ-00700,SN-0700-36419939,Ventilador mecánico,Soporte vital,Dräger,DR-381,III,Alta,2023-11-02,24035000.0,13,Propio,2025-02-15,True,Interno,Bueno
701,EQ-00701,SN-0701-55298053,Centrífuga,Laboratorio,Hettich,HE-532,I,Baja,2014-11-05,2785000.0,14,Propio,,True,Interno,Bueno
702,EQ-00702,SN-0702-16323959,Electroestimulador,Rehabilitación,Globus,GL-164,II,Baja,2023-05-14,2524000.0,8,Propio,,True,Interno,Bueno
703,EQ-00703,SN-0703-95360510,Termómetro clínico,Apoyo a diagnóstico,Riester,RI-820,II,Media,2015-07-05,38000.0,10,Propio,2017-06-23,True,Interno,Regular
704,EQ-00704,SN-0704-99282309,Electrocardiógrafo,Monitoreo,Schiller,SC-881,II,Alta,2012-08-25,1669000.0,13,Comodato,2015-08-10,True,Interno,Bueno
705,EQ-00705,SN-0705-26335348,Balanza clínica,Apoyo a diagnóstico,Detecto,DE-320,I,Baja,2011-10-25,670000.0,10,Propio,2013-10-09,True,Externo,Regular
706,EQ-00706,SN-0706-24551818,Tallímetro,Apoyo a diagnóstico,Tanita,TA-627,I,Baja,2019-10-28,180000.0,12,Comodato,2021-08-01,True,Externo,Regular
707,EQ-00707,SN-0707-85542200,Desfibrilador,Soporte vital,ZOLL,ZO-207,III,Alta,2012-05-18,7462000.0,11,Propio,,True,Interno,Regular
708,EQ-00708,SN-0708-46669583,Camilla de transporte,Apoyo a diagnóstico,Hillrom/Baxter,HI-407,I,Baja,2018-01-28,3432000.0,14,Propio,,True,Contrato,Bueno
709,EQ-00709,SN-0709-56442194,Tallímetro,Apoyo a diagnóstico,Detecto,DE-584,I,Baja,2017-04-04,271000.0,11,Propio,,True,Externo,Bueno
710,EQ-00710,SN-0710-40787826,Selladora térmica,Esterilización,MELAG,ME-647,I,Media,2021-10-13,2054000.0,10,Propio,2024-04-26,False,Contrato,Bueno
711,EQ-00711,SN-0711-98246371,Mesa de inspección,Esterilización,Steelco,ST-418,I,Alta,2019-05-16,2331000.0,13,Propio,2021-04-29,False,Interno,Bueno
712,EQ-00712,SN-0712-53404134,Mesa de inspección,Esterilización,Getinge,GE-736,I,Baja,2016-09-18,1230000.0,8,Propio,2019-07-31,True,Interno,Bueno
713,EQ-00713,SN-0713-27523437,Bomba de infusión,Soporte vital,Mindray,MI-940,III,Alta,2025-04-05,1979000.0,10,Propio,,False,Externo,Bueno
714,EQ-00714,SN-0714-60976092,Bomba de infusión,Soporte vital,ICU Medical,IC-940,III,Alta,2013-02-16,1530000.0,10,Arriendo,,True,Externo,Bueno
715,EQ-00715,SN-0715-67468837,Lavadora desinfectora,Esterilización,STERIS,ST-575,II,Media,2018-10-28,21362000.0,7,Propio,,True,Interno,Bueno
716,EQ-00716,SN-0716-90575911,Selladora térmica,Esterilización,hawo,HA-886,I,Media,2013-09-25,1557000.0,15,Propio,,True,Contrato,Bueno
717,EQ-00717,SN-0717-98133915,Esfigmomanómetro,Apoyo a diagnóstico,Welch Allyn/Hillrom,WE-570,II,Alta,2022-10-30,137000.0,9,Propio,2023-10-31,True,Externo,Bueno
718,EQ-00718,SN-0718-95449286,Otoscopio,Apoyo a diagnóstico,HEINE,HE-351,I,Media,2017-07-07,610000.0,9,Propio,2020-05-27,False,Interno,Regular
719,EQ-00719,SN-0719-28426022,Balanza clínica,Apoyo a diagnóstico,Detecto,DE-921,I,Baja,2017-12-14,625000.0,11,Propio,2020-01-03,True,Externo,Bueno
720,EQ-00720,SN-0720-92385450,Esfigmomanómetro,Apoyo a diagnóstico,Omron,OM-599,II,Media,2019-04-03,207000.0,12,Propio,2021-09-22,False,Interno,Bueno
721,EQ-00721,SN-0721-27821425,Termómetro clínico,Apoyo a diagnóstico,Microlife,MI-295,II,Baja,2020-09-28,119000.0,12,Comodato,,True,Interno,Bueno
722,EQ-00722,SN-0722-52222017,Bomba de infusión,Soporte vital,ICU Medical,IC-900,III,Alta,2016-12-11,1564000.0,12,Propio,2018-02-02,True,Interno,Bueno
723,EQ-00723,SN-0723-26262238,Desfibrilador,Soporte vital,Philips,PH-444,III,Alta,2025-08-09,5016000.0,11,Propio,2027-05-28,True,Contrato,Bueno
724,EQ-00724,SN-0724-66312257,Termómetro clínico,Apoyo a diagnóstico,Microlife,MI-109,II,Baja,2021-06-25,124000.0,11,Propio,2023-10-31,True,Interno,Bueno
725,EQ-00725,SN-0725-42107959,Microscopio,Laboratorio,Leica,LE-467,I,Alta,2013-10-01,2224000.0,12,Propio,2014-10-12,False,Interno,Regular
726,EQ-00726,SN-0726-22872853,Esfigmomanómetro,Apoyo a diagnóstico,Omron,OM-570,II,Baja,2016-09-11,170000.0,7,Propio,2018-10-05,True,Externo,Bueno
727,EQ-00727,SN-0727-67935866,Bomba de infusión,Soporte vital,BD/CareFusion,BD-788,III,Alta,2013-02-09,886000.0,7,Comodato,,True,Interno,Bueno
728,EQ-00728,SN-0728-14736438,Rayos X portátil,Imagenología,Philips,PH-371,II,Alta,2025-01-19,54793000.0,11,Propio,,True,Externo,Bueno
729,EQ-00729,SN-0729-42965355,Carro de transporte estéril,Esterilización,CISA Group,CI-335,I,Media,2014-06-09,1429000.0,15,Propio,2015-11-13,False,Interno,Bueno
730,EQ-00730,SN-0730-41682476,Otoscopio,Apoyo a diagnóstico,Riester,RI-867,I,Baja,2019-11-10,470000.0,13,Propio,,True,Contrato,Bueno
731,EQ-00731,SN-0731-73884271,Balanza clínica,Apoyo a diagnóstico,Health o meter,HE-730,I,Baja,2017-02-10,672000.0,10,Comodato,2018-07-22,True,Interno,Bueno
732,EQ-00732,SN-0732-81995345,Cuna radiante,Neonatología,Medix,ME-600,II,Alta,2016-02-06,7533000.0,13,Propio,,True,Interno,Regular
733,EQ-00733,SN-0733-62376756,Glucómetro,Apoyo a diagnóstico,Gima,GI-366,II,Media,2023-11-10,58000.0,13,Comodato,,False,Externo,Bueno
734,EQ-00734,SN-0734-65869205,Ecógrafo,Imagenología,Philips,PH-636,II,Media,2024-07-18,13251000.0,13,Propio,,True,Contrato,Bueno
735,EQ-00735,SN-0735-73603976,Esfigmomanómetro,Apoyo a diagnóstico,Welch Allyn/Hillrom,WE-585,II,Alta,2022-12-30,129000.0,10,Propio,2024-04-21,True,Contrato,Bueno
736,EQ-00736,SN-0736-30763873,Fototerapia,Neonatología,Fanem,FA-288,II,Alta,2011-01-08,3337000.0,13,Propio,2012-11-07,False,Contrato,Bueno
737,EQ-00737,SN-0737-59661764,Incubadora,Neonatología,Fanem,FA-815,III,Media,2018-11-18,15914000.0,14,Propio,2021-01-24,True,Interno,Bueno
738,EQ-00738,SN-0738-47677712,Bomba de infusión,Soporte vital,Baxter,BA-618,III,Alta,2024-07-02,2000000.0,14,Propio,,True,Contrato,Bueno
739,EQ-00739,SN-0739-63769790,Tallímetro,Apoyo a diagnóstico,Detecto,DE-692,I,Baja,2010-06-19,294000.0,10,Comodato,2012-02-10,True,Contrato,Bueno
740,EQ-00740,SN-0740-73791379,Bomba de infusión,Soporte vital,Fresenius Kabi,FR-676,III,Alta,2020-02-28,1480000.0,13,Propio,2022-05-12,True,Interno,Bueno
741,EQ-00741,SN-0741-94368349,Camilla de transporte,Apoyo a diagnóstico,Malvestio,MA-385,I,Media,2015-12-30,3093000.0,7,Propio,,False,Interno,Bueno
742,EQ-00742,SN-0742-28300476,Esfigmomanómetro,Apoyo a diagnóstico,A&D Medical,AD-588,II,Baja,2019-06-18,254000.0,11,Arriendo,2022-03-20,False,Externo,Bueno
743,EQ-00743,SN-0743-61769376,Bomba de infusión,Soporte vital,Fresenius Kabi,FR-806,III,Alta,2011-01-16,1813000.0,13,Propio,,False,Externo,Bueno
744,EQ-00744,SN-0744-50653073,Electroestimulador,Rehabilitación,DJO/Compex,DJ-697,II,Baja,2012-03-16,1576000.0,10,Propio,2014-03-21,False,Externo,Bueno
745,EQ-00745,SN-0745-51591635,Centrífuga,Laboratorio,Hettich,HE-987,I,Media,2015-03-17,4546000.0,13,Propio,2017-03-23,False,Interno,Bueno
746,EQ-00746,SN-0746-44675785,Monitor multiparámetro,Monitoreo,Bionet,BI-296,III,Alta,2019-03-14,4290000.0,10,Propio,,True,Contrato,Bueno
747,EQ-00747,SN-0747-66177479,Carro de transporte estéril,Esterilización,MMM Group,MM-562,I,Alta,2014-03-17,1977000.0,12,Comodato,2017-02-18,True,Contrato,Bueno
748,EQ-00748,SN-0748-16910513,Bomba de infusión,Soporte vital,Fresenius Kabi,FR-569,III,Alta,2025-03-30,1390000.0,8,Propio,,False,Externo,Bueno
749,EQ-00749,SN-0749-47097365,Termómetro clínico,Apoyo a diagnóstico,Omron,OM-888,II,Baja,2024-10-13,163000.0,7,Propio,2026-06-22,True,Interno,Bueno
750,EQ-00750,SN-0750-88115010,Tallímetro,Apoyo a diagnóstico,Detecto,DE-428,I,Baja,2015-09-30,258000.0,6,Propio,2018-04-01,True,Interno,Regular
751,EQ-00751,SN-0751-71885547,Incubadora,Neonatología,Fanem,FA-528,III,Alta,2011-10-22,15060000.0,11,Propio,,True,Interno,Regular
752,EQ-00752,SN-0752-88261185,Desfibrilador,Soporte vital,ZOLL,ZO-239,III,Alta,2018-08-20,5417000.0,6,Comodato,2019-12-03,True,Contrato,Regular
753,EQ-00753,SN-0753-21893446,Glucómetro,Apoyo a diagnóstico,Abbott,AB-270,II,Baja,2023-03-14,67000.0,8,Propio,,True,Externo,Bueno
754,EQ-00754,SN-0754-77829153,Tallímetro,Apoyo a diagnóstico,Tanita,TA-825,I,Alta,2022-08-03,264000.0,10,Propio,2024-04-26,True,Externo,Bueno
755,EQ-00755,SN-0755-60794663,Bomba de infusión,Soporte vital,B. Braun,BB-285,III,Media,2011-06-11,1564000.0,13,Comodato,,False,Interno,Bueno
756,EQ-00756,SN-0756-13037193,Bicicleta ergométrica,Rehabilitación,Monark,MO-305,I,Baja,2023-12-14,2889000.0,10,Propio,,False,Externo,Regular
757,EQ-00757,SN-0757-25886826,Esfigmomanómetro,Apoyo a diagnóstico,Welch Allyn/Hillrom,WE-284,II,Media,2017-07-02,309000.0,14,Propio,,True,Interno,Bueno
758,EQ-00758,SN-0758-30393029,Termómetro clínico,Apoyo a diagnóstico,Microlife,MI-112,II,Baja,2015-08-11,131000.0,12,Propio,2017-08-12,False,Contrato,Bueno
759,EQ-00759,SN-0759-71056134,Bomba de infusión,Soporte vital,Fresenius Kabi,FR-463,III,Media,2017-06-12,1710000.0,10,Comodato,2019-02-19,True,Contrato,Bueno
760,EQ-00760,SN-0760-44468536,Bomba de infusión,Soporte vital,Mindray,MI-954,III,Alta,2019-08-24,1988000.0,14,Propio,,False,Externo,Bueno
761,EQ-00761,SN-0761-88580935,Mesa de inspección,Esterilización,CISA Group,CI-941,I,Alta,2015-01-25,1529000.0,8,Propio,2017-08-10,True,Externo,Bueno
762,EQ-00762,SN-0762-68482016,Otoscopio,Apoyo a diagnóstico,Welch Allyn/Hillrom,WE-558,I,Baja,2022-11-17,469000.0,11,Propio,2025-04-01,False,Interno,Bueno
763,EQ-00763,SN-0763-46346933,Carro de transporte estéril,Esterilización,Belimed,BE-350,I,Media,2012-05-12,1737000.0,13,Comodato,,True,Contrato,Bueno
764,EQ-00764,SN-0764-45063602,Camilla de transporte,Apoyo a diagnóstico,Malvestio,MA-398,I,Baja,2016-01-03,4426000.0,13,Propio,2018-06-30,True,Contrato,Bueno
765,EQ-00765,SN-0765-21946896,Ventilador mecánico,Soporte vital,Mindray,MI-317,III,Media,2010-12-19,18870000.0,8,Propio,2013-07-26,False,Interno,Bueno
766,EQ-00766,SN-0766-25910898,Camilla de transporte,Apoyo a diagnóstico,Stryker/Physio-Control,ST-463,I,Alta,2013-12-25,4069000.0,12,Propio,,True,Externo,Bueno
767,EQ-00767,SN-0767-67547350,Desfibrilador,Soporte vital,Mindray,MI-717,III,Alta,2014-07-12,5521000.0,11,Propio,,False,Externo,Bueno
768,EQ-00768,SN-0768-63374404,Bomba de infusión,Soporte vital,Baxter,BA-534,III,Alta,2012-12-05,1735000.0,14,Comodato,,True,Interno,Bueno
769,EQ-00769,SN-0769-26803633,Oftalmoscopio,Apoyo a diagnóstico,HEINE,HE-436,I,Baja,2024-03-01,652000.0,12,Propio,2025-08-27,True,Interno,Bueno
770,EQ-00770,SN-0770-78824886,Lavadora desinfectora,Esterilización,Belimed,BE-451,II,Media,2017-04-05,23823000.0,9,Propio,2020-01-10,False,Interno,Regular
771,EQ-00771,SN-0771-94573983,Glucómetro,Apoyo a diagnóstico,Abbott,AB-993,II,Baja,2023-06-12,54000.0,14,Propio,,True,Interno,Bueno
772,EQ-00772,SN-0772-35891696,Esfigmomanómetro,Apoyo a diagnóstico,Riester,RI-103,II,Baja,2018-02-08,145000.0,11,Comodato,,False,Externo,Bueno
773,EQ-00773,SN-0773-51447479,Electrocardiógrafo,Monitoreo,Philips,PH-412,II,Alta,2017-12-09,2157000.0,12,Propio,,False,Contrato,Bueno
774,EQ-00774,SN-0774-33458542,Electroestimulador,Rehabilitación,Zimmer MedizinSysteme,ZI-248,II,Baja,2014-01-01,1107000.0,7,Propio,2015-05-16,False,Interno,Bueno
775,EQ-00775,SN-0775-85659774,Motor endodoncia,Odontología,NSK,NS-434,II,Baja,2016-09-15,1565000.0,8,Propio,,True,Contrato,Bueno
776,EQ-00776,SN-0776-71135933,Glucómetro,Apoyo a diagnóstico,Gima,GI-303,II,Media,2019-09-24,49000.0,13,Propio,2021-12-09,True,Interno,Bueno
777,EQ-00777,SN-0777-51096965,Bomba de infusión,Soporte vital,Mindray,MI-974,III,Alta,2025-01-24,1436000.0,15,Propio,,True,Contrato,Bueno
778,EQ-00778,SN-0778-72967734,Fototerapia,Neonatología,Atom Medical,AT-595,II,Media,2010-11-16,2569000.0,9,Propio,2013-11-01,True,Contrato,Bueno
779,EQ-00779,SN-0779-76997033,Esfigmomanómetro,Apoyo a diagnóstico,Welch Allyn/Hillrom,WE-266,II,Baja,2022-08-30,317000.0,11,Propio,2024-11-11,True,Interno,Bueno
780,EQ-00780,SN-0780-66834084,Refrigerador clínico,Laboratorio,Haier Biomedical,HA-418,I,Alta,2024-01-27,5644000.0,15,Propio,,False,Contrato,Bueno
781,EQ-00781,SN-0781-80512863,Espirómetro,Apoyo a diagnóstico,MIR,MI-471,II,Media,2018-12-17,2353000.0,11,Propio,,True,Interno,Bueno
782,EQ-00782,SN-0782-87621521,Bomba de infusión,Soporte vital,Mindray,MI-863,III,Alta,2015-12-28,1207000.0,11,Propio,2018-05-26,False,Contrato,Regular
783,EQ-00783,SN-0783-19694445,Bicicleta ergométrica,Rehabilitación,Technogym,TE-746,I,Baja,2015-12-31,3153000.0,8,Propio,,False,Interno,Bueno
784,EQ-00784,SN-0784-23712480,Bomba de infusión,Soporte vital,ICU Medical,IC-872,III,Alta,2015-01-18,1812000.0,12,Propio,2016-07-27,True,Interno,Bueno
785,EQ-00785,SN-0785-55341216,Baño termorregulado,Laboratorio,Thermo Fisher Scientific,TH-785,I,Media,2017-11-10,792000.0,12,Comodato,2019-05-04,False,Interno,Bueno
786,EQ-00786,SN-0786-38291534,Electrocardiógrafo,Monitoreo,Mindray,MI-514,II,Alta,2021-05-05,1971000.0,13,Arriendo,,True,Externo,Bueno
787,EQ-00787,SN-0787-35815509,Camilla de transporte,Apoyo a diagnóstico,Hillrom/Baxter,HI-811,I,Media,2016-04-15,4831000.0,8,Comodato,,True,Externo,Bueno
788,EQ-00788,SN-0788-31362573,Desfibrilador,Soporte vital,Nihon Kohden,NI-186,III,Media,2012-11-13,4397000.0,9,Propio,2015-07-19,True,Interno,Bueno
789,EQ-00789,SN-0789-21009549,Incubadora,Neonatología,GE HealthCare/Ohmeda,GE-127,III,Alta,2017-01-25,13537000.0,11,Propio,2018-05-26,False,Externo,Bueno
790,EQ-00790,SN-0790-21599162,Máquina de anestesia,Soporte vital,Dräger,DR-274,III,Media,2014-04-26,53552000.0,12,Propio,2016-08-27,True,Contrato,Bueno
791,EQ-00791,SN-0791-93037222,Bomba PCA,Soporte vital,BD/CareFusion,BD-270,III,Alta,2017-04-10,2779000.0,11,Propio,,True,Interno,Regular
792,EQ-00792,SN-0792-81823135,Termómetro clínico,Apoyo a diagnóstico,Omron,OM-153,II,Media,2013-05-06,185000.0,14,Propio,,True,Externo,Bueno
793,EQ-00793,SN-0793-24798141,Glucómetro,Apoyo a diagnóstico,Gima,GI-554,II,Baja,2025-10-13,62000.0,11,Propio,,True,Contrato,Bueno
794,EQ-00794,SN-0794-60379450,Electrocardiógrafo,Monitoreo,Philips,PH-296,II,Media,2015-05-28,4078000.0,9,Propio,,True,Externo,Bueno
795,EQ-00795,SN-0795-37804737,Bomba PCA,Soporte vital,Baxter,BA-863,III,Media,2012-09-23,3131000.0,14,Propio,,True,Interno,Bueno
796,EQ-00796,SN-0796-40188242,Termómetro clínico,Apoyo a diagnóstico,Braun,BR-714,II,Baja,2019-10-22,119000.0,8,Propio,2021-08-06,False,Contrato,Bueno
797,EQ-00797,SN-0797-98251965,Tallímetro,Apoyo a diagnóstico,Tanita,TA-923,I,Baja,2019-02-24,370000.0,13,Propio,,True,Interno,Bueno
798,EQ-00798,SN-0798-70200827,Camilla de transporte,Apoyo a diagnóstico,Malvestio,MA-812,I,Baja,2022-05-14,3182000.0,8,Propio,,True,Contrato,Bueno
799,EQ-00799,SN-0799-51032691,Balanza clínica,Apoyo a diagnóstico,SECA,SE-820,I,Media,2018-03-25,1228000.0,14,Propio,,True,Interno,Bueno
800,EQ-00800,SN-0800-53846591,Microscopio,Laboratorio,Olympus/Evident,OL-934,I,Media,2016-02-20,2392000.0,8,Comodato,2017-11-12,True,Interno,Bueno
801,EQ-00801,SN-0801-25082119,Monitor multiparámetro,Monitoreo,Bionet,BI-758,III,Media,2018-05-05,4641000.0,11,Propio,,True,Contrato,Baja
802,EQ-00802,SN-0802-31702180,Tallímetro,Apoyo a diagnóstico,Tanita,TA-201,I,Media,2014-06-24,221000.0,9,Propio,2016-09-21,True,Contrato,Bueno
803,EQ-00803,SN-0803-62822763,Termómetro clínico,Apoyo a diagnóstico,Omron,OM-634,II,Baja,2014-12-17,53000.0,8,Propio,2017-04-03,True,Interno,Bueno
804,EQ-00804,SN-0804-80797375,Ecógrafo,Imagenología,Mindray,MI-327,II,Alta,2013-10-05,56805000.0,9,Propio,,True,Contrato,Bueno
805,EQ-00805,SN-0805-89034699,Glucómetro,Apoyo a diagnóstico,Abbott,AB-896,II,Baja,2026-01-20,71000.0,11,Propio,2027-10-25,True,Interno,Bueno
806,EQ-00806,SN-0806-57389337,Oftalmoscopio,Apoyo a diagnóstico,Riester,RI-496,I,Baja,2019-04-22,552000.0,13,Propio,,True,Contrato,Bueno
807,EQ-00807,SN-0807-97228030,Monitor multiparámetro,Monitoreo,Bionet,BI-250,III,Alta,2025-01-25,4826000.0,9,Propio,2027-01-12,False,Interno,Bueno
808,EQ-00808,SN-0808-55077119,Esfigmomanómetro,Apoyo a diagnóstico,Welch Allyn/Hillrom,WE-855,II,Media,2023-01-25,213000.0,8,Propio,,False,Contrato,Bueno
809,EQ-00809,SN-0809-25359936,Monitor signos vitales,Monitoreo,Nihon Kohden,NI-363,II,Media,2016-09-19,1196000.0,15,Propio,2019-01-24,True,Externo,Bueno
810,EQ-00810,SN-0810-37209195,Selladora térmica,Esterilización,Tuttnauer,TU-661,I,Alta,2015-03-25,1305000.0,12,Propio,,True,Interno,Bueno
811,EQ-00811,SN-0811-97778719,Camilla de transporte,Apoyo a diagnóstico,Malvestio,MA-841,I,Media,2026-02-21,3189000.0,11,Comodato,,True,Interno,Regular
812,EQ-00812,SN-0812-26770562,Glucómetro,Apoyo a diagnóstico,Abbott,AB-513,II,Media,2026-04-13,53000.0,14,Propio,2027-07-09,False,Interno,Bueno
813,EQ-00813,SN-0813-22615519,Monitor multiparámetro,Monitoreo,Nihon Kohden,NI-200,III,Alta,2015-05-02,2950000.0,15,Propio,2017-02-22,True,Interno,Regular
814,EQ-00814,SN-0814-86272751,Lavadora desinfectora,Esterilización,CISA Group,CI-671,II,Media,2023-05-08,25600000.0,13,Propio,2024-05-30,False,Interno,Bueno
815,EQ-00815,SN-0815-43803186,Desfibrilador,Soporte vital,Stryker/Physio-Control,ST-962,III,Alta,2010-04-12,6823000.0,12,Propio,,True,Interno,Bueno
816,EQ-00816,SN-0816-25509279,Glucómetro,Apoyo a diagnóstico,Abbott,AB-718,II,Media,2026-03-23,49000.0,14,Propio,,False,Contrato,Bueno
817,EQ-00817,SN-0817-24130199,Electroestimulador,Rehabilitación,BTL,BT-486,II,Baja,2016-07-24,2918000.0,14,Propio,,True,Interno,Bueno
818,EQ-00818,SN-0818-61962446,Balanza clínica,Apoyo a diagnóstico,Gima,GI-595,I,Alta,2019-03-26,587000.0,13,Propio,,True,Contrato,Bueno
819,EQ-00819,SN-0819-49712182,Bomba de infusión,Soporte vital,Fresenius Kabi,FR-878,III,Alta,2010-04-30,2389000.0,10,Propio,2011-12-27,True,Externo,Bueno
820,EQ-00820,SN-0820-14583228,Otoscopio,Apoyo a diagnóstico,Riester,RI-384,I,Media,2024-09-26,419000.0,10,Propio,2026-10-15,True,Interno,Bueno
821,EQ-00821,SN-0821-38251909,Cuna radiante,Neonatología,Atom Medical,AT-358,II,Alta,2018-03-12,7265000.0,10,Propio,2019-11-13,False,Interno,Bueno
822,EQ-00822,SN-0822-51591595,Arco C,Imagenología,Philips,PH-380,II,Media,2025-07-03,115427000.0,14,Propio,,True,Contrato,Bueno
823,EQ-00823,SN-0823-66562909,Camilla de transporte,Apoyo a diagnóstico,Stryker/Physio-Control,ST-389,I,Baja,2021-07-01,5038000.0,13,Propio,,True,Externo,Bueno
824,EQ-00824,SN-0824-19659795,Esfigmomanómetro,Apoyo a diagnóstico,Microlife,MI-812,II,Baja,2021-03-30,268000.0,12,Propio,,True,Interno,Bueno
825,EQ-00825,SN-0825-67131500,Camilla de transporte,Apoyo a diagnóstico,Malvestio,MA-344,I,Media,2013-05-29,3402000.0,12,Propio,,True,Externo,Bueno
826,EQ-00826,SN-0826-23700564,Glucómetro,Apoyo a diagnóstico,Abbott,AB-923,II,Media,2020-04-06,59000.0,10,Comodato,2022-08-31,False,Interno,Bueno
827,EQ-00827,SN-0827-64494070,Ecógrafo,Imagenología,Philips,PH-771,II,Media,2018-02-25,16067000.0,15,Propio,,True,Externo,Bueno
828,EQ-00828,SN-0828-86831339,Electrocardiógrafo,Monitoreo,GE HealthCare,GE-897,II,Alta,2015-06-28,2877000.0,11,Comodato,,True,Externo,Bueno
829,EQ-00829,SN-0829-11945348,Termómetro clínico,Apoyo a diagnóstico,Omron,OM-378,II,Media,2016-05-30,59000.0,13,Propio,,False,Interno,Bueno
830,EQ-00830,SN-0830-26896002,Desfibrilador,Soporte vital,ZOLL,ZO-159,III,Alta,2013-10-30,3907000.0,11,Comodato,2015-10-24,True,Externo,Regular
831,EQ-00831,SN-0831-17941771,Esfigmomanómetro,Apoyo a diagnóstico,Welch Allyn/Hillrom,WE-824,II,Baja,2011-02-13,138000.0,14,Propio,,True,Interno,Regular
832,EQ-00832,SN-0832-84379180,Bomba de infusión,Soporte vital,Fresenius Kabi,FR-139,III,Alta,2013-05-23,1268000.0,11,Propio,,False,Interno,Bueno
833,EQ-00833,SN-0833-60839460,Tallímetro,Apoyo a diagnóstico,Tanita,TA-478,I,Baja,2024-03-15,349000.0,9,Propio,,False,Contrato,Bueno
834,EQ-00834,SN-0834-37311584,Termómetro clínico,Apoyo a diagnóstico,Welch Allyn/Hillrom,WE-566,II,Media,2022-05-12,91000.0,8,Comodato,2024-02-14,True,Interno,Bueno
835,EQ-00835,SN-0835-72462932,Bomba de infusión,Soporte vital,BD/CareFusion,BD-477,III,Alta,2021-02-24,947000.0,11,Propio,,True,Externo,Bueno
836,EQ-00836,SN-0836-65321284,Ventilador mecánico,Soporte vital,Philips,PH-467,III,Alta,2024-11-05,33357000.0,10,Propio,2027-07-24,True,Externo,Bueno
837,EQ-00837,SN-0837-29131585,Monitor multiparámetro,Monitoreo,Spacelabs,SP-316,III,Media,2025-05-28,4054000.0,12,Propio,2026-10-26,True,Interno,Bueno
838,EQ-00838,SN-0838-82170440,Esfigmomanómetro,Apoyo a diagnóstico,Microlife,MI-194,II,Baja,2019-11-12,113000.0,13,Propio,2022-02-28,True,Interno,Bueno
839,EQ-00839,SN-0839-32419913,Monitor multiparámetro,Monitoreo,GE HealthCare,GE-309,III,Media,2026-03-11,3187000.0,12,Propio,,False,Externo,Bueno
840,EQ-00840,SN-0840-99923964,Incubadora,Neonatología,Fanem,FA-401,III,Alta,2020-01-24,15127000.0,13,Comodato,2023-01-16,True,Contrato,Bueno
841,EQ-00841,SN-0841-70649445,Ecógrafo,Imagenología,Mindray,MI-847,II,Media,2017-10-03,44885000.0,13,Propio,,False,Externo,Bueno
842,EQ-00842,SN-0842-55708313,Unidad dental,Odontología,Belmont,BE-400,I,Baja,2016-08-29,12578000.0,14,Arriendo,,True,Contrato,Bueno
843,EQ-00843,SN-0843-52587238,Doppler vascular,Apoyo a diagnóstico,Gima,GI-624,II,Media,2020-07-21,1192000.0,11,Propio,2022-02-12,True,Contrato,Bueno
844,EQ-00844,SN-0844-21287089,Bomba PCA,Soporte vital,B. Braun,BB-739,III,Alta,2011-11-06,2828000.0,11,Propio,2014-02-09,True,Interno,Bueno
845,EQ-00845,SN-0845-76567659,Monitor multiparámetro,Monitoreo,Dräger,DR-570,III,Alta,2017-12-16,4773000.0,14,Propio,,True,Interno,Bueno
846,EQ-00846,SN-0846-37591628,Bomba de infusión,Soporte vital,Mindray,MI-659,III,Alta,2013-05-16,1461000.0,10,Propio,,False,Externo,Bueno
847,EQ-00847,SN-0847-83823837,Glucómetro,Apoyo a diagnóstico,Abbott,AB-197,II,Baja,2013-12-28,45000.0,13,Propio,,True,Interno,Bueno
848,EQ-00848,SN-0848-49835587,Balanza clínica,Apoyo a diagnóstico,SECA,SE-474,I,Media,2014-07-10,996000.0,8,Propio,,False,Interno,Bueno
849,EQ-00849,SN-0849-70521581,Monitor signos vitales,Monitoreo,Nihon Kohden,NI-908,II,Alta,2021-01-09,1595000.0,11,Propio,,True,Interno,Regular
850,EQ-00850,SN-0850-94539775,Monitor multiparámetro,Monitoreo,Spacelabs,SP-499,III,Media,2012-05-09,5963000.0,14,Propio,,True,Contrato,Bueno
851,EQ-00851,SN-0851-95979422,Rayos X portátil,Imagenología,Fujifilm,FU-247,II,Media,2017-08-01,57535000.0,14,Propio,2019-10-24,True,Interno,Bueno
852,EQ-00852,SN-0852-65160598,Termómetro clínico,Apoyo a diagnóstico,Braun,BR-605,II,Media,2022-01-11,82000.0,14,Propio,,False,Interno,Bueno
853,EQ-00853,SN-0853-35595552,Tonómetro,Oftalmología,Tomey,TO-370,II,Baja,2012-01-24,3177000.0,12,Propio,,True,Interno,Bueno
854,EQ-00854,SN-0854-45280918,Desfibrilador,Soporte vital,Nihon Kohden,NI-984,III,Alta,2012-06-10,4842000.0,8,Propio,2013-11-19,False,Contrato,Bueno
855,EQ-00855,SN-0855-43274652,Balanza clínica,Apoyo a diagnóstico,Health o meter,HE-469,I,Baja,2011-11-10,735000.0,13,Comodato,2012-11-27,True,Interno,Bueno
856,EQ-00856,SN-0856-49578813,Arco C,Imagenología,Shimadzu,SH-382,II,Alta,2026-02-21,240783000.0,8,Propio,,True,Contrato,Bueno
857,EQ-00857,SN-0857-27435421,Máquina de anestesia,Soporte vital,GE HealthCare,GE-390,III,Media,2020-12-22,63789000.0,14,Propio,2022-12-20,True,Interno,Bueno
858,EQ-00858,SN-0858-62484826,Monitor multiparámetro,Monitoreo,Spacelabs,SP-524,III,Media,2023-06-23,2833000.0,12,Propio,,False,Interno,Baja
859,EQ-00859,SN-0859-89501904,Termómetro clínico,Apoyo a diagnóstico,Riester,RI-492,II,Baja,2013-03-30,162000.0,12,Propio,,True,Interno,Bueno
860,EQ-00860,SN-0860-84890618,Bomba de infusión,Soporte vital,BD/CareFusion,BD-834,III,Alta,2017-05-11,1678000.0,11,Propio,,True,Contrato,Bueno
861,EQ-00861,SN-0861-92632908,Sillón dental,Odontología,Gnatus,GN-321,I,Media,2023-12-18,12248000.0,13,Propio,2026-06-04,True,Contrato,Bueno
862,EQ-00862,SN-0862-45133945,Camilla de transporte,Apoyo a diagnóstico,Stryker/Physio-Control,ST-726,I,Baja,2015-05-11,4184000.0,10,Propio,2016-11-21,True,Interno,Bueno
863,EQ-00863,SN-0863-33830635,Baño termorregulado,Laboratorio,Thermo Fisher Scientific,TH-261,I,Media,2019-07-17,811000.0,14,Propio,,True,Interno,Regular
864,EQ-00864,SN-0864-47811254,Resonador magnético,Imagenología,Siemens Healthineers,SI-783,II,Alta,2017-02-22,1062201000.0,12,Propio,2019-01-25,True,Interno,Bueno
865,EQ-00865,SN-0865-84839115,Esfigmomanómetro,Apoyo a diagnóstico,Omron,OM-338,II,Baja,2020-02-21,118000.0,12,Propio,2022-11-24,True,Interno,Bueno
866,EQ-00866,SN-0866-97544702,Cuna radiante,Neonatología,Medix,ME-420,II,Alta,2013-10-08,12784000.0,10,Propio,,True,Contrato,Bueno
867,EQ-00867,SN-0867-14670231,Bomba de infusión,Soporte vital,BD/CareFusion,BD-806,III,Alta,2013-11-26,1312000.0,14,Propio,,True,Contrato,Bueno
868,EQ-00868,SN-0868-32595541,Esfigmomanómetro,Apoyo a diagnóstico,A&D Medical,AD-742,II,Media,2010-11-07,208000.0,12,Propio,,True,Contrato,Bueno
869,EQ-00869,SN-0869-41847143,Esfigmomanómetro,Apoyo a diagnóstico,Welch Allyn/Hillrom,WE-176,II,Baja,2019-02-09,272000.0,12,Propio,,False,Interno,Bueno
870,EQ-00870,SN-0870-15625489,Otoscopio,Apoyo a diagnóstico,Gima,GI-673,I,Media,2016-12-24,686000.0,15,Propio,2018-03-14,True,Interno,Bueno
871,EQ-00871,SN-0871-12879122,Otoscopio,Apoyo a diagnóstico,Gima,GI-619,I,Alta,2021-11-02,698000.0,15,Propio,,True,Contrato,Bueno
872,EQ-00872,SN-0872-60167923,Balanza clínica,Apoyo a diagnóstico,Detecto,DE-145,I,Media,2022-07-12,1135000.0,10,Propio,,True,Interno,Bueno
873,EQ-00873,SN-0873-71347947,Termómetro clínico,Apoyo a diagnóstico,Braun,BR-874,II,Baja,2024-03-21,95000.0,12,Propio,,True,Contrato,Bueno
874,EQ-00874,SN-0874-41998831,Bomba PCA,Soporte vital,B. Braun,BB-279,III,Alta,2021-06-14,2648000.0,9,Propio,,True,Interno,Bueno
875,EQ-00875,SN-0875-61625168,Termómetro clínico,Apoyo a diagnóstico,Welch Allyn/Hillrom,WE-934,II,Media,2019-11-06,106000.0,9,Comodato,2021-07-25,True,Interno,Bueno
876,EQ-00876,SN-0876-73870103,Camilla de transporte,Apoyo a diagnóstico,Stryker/Physio-Control,ST-312,I,Media,2010-11-14,4006000.0,13,Propio,,False,Contrato,Bueno
877,EQ-00877,SN-0877-24245325,Termómetro clínico,Apoyo a diagnóstico,Omron,OM-214,II,Media,2025-12-17,76000.0,13,Propio,2028-11-17,True,Interno,Bueno
878,EQ-00878,SN-0878-92838608,Monitor multiparámetro,Monitoreo,Bionet,BI-940,III,Alta,2021-11-30,2608000.0,15,Propio,2024-04-27,True,Externo,Bueno
879,EQ-00879,SN-0879-10675572,Bomba PCA,Soporte vital,ICU Medical,IC-632,III,Media,2025-06-13,2683000.0,15,Propio,2028-05-15,True,Interno,Bueno
880,EQ-00880,SN-0880-26389056,Oftalmoscopio,Apoyo a diagnóstico,Riester,RI-562,I,Baja,2020-06-22,552000.0,15,Propio,2022-11-18,True,Contrato,Regular
881,EQ-00881,SN-0881-21368809,Bicicleta ergométrica,Rehabilitación,Biodex,BI-305,I,Baja,2021-06-15,2407000.0,6,Propio,2023-10-02,True,Contrato,Bueno
882,EQ-00882,SN-0882-73410063,Glucómetro,Apoyo a diagnóstico,Gima,GI-399,II,Media,2011-12-20,48000.0,8,Propio,,False,Interno,Regular
883,EQ-00883,SN-0883-30965931,Selladora térmica,Esterilización,W&H,WH-964,I,Media,2013-06-12,1591000.0,13,Propio,,True,Interno,Bueno
884,EQ-00884,SN-0884-30534631,Monitor multiparámetro,Monitoreo,GE HealthCare,GE-877,III,Alta,2018-09-22,5349000.0,13,Propio,,True,Contrato,Bueno
885,EQ-00885,SN-0885-85963863,Motor endodoncia,Odontología,Morita,MO-627,II,Baja,2014-12-14,1044000.0,7,Propio,2017-12-10,True,Contrato,Bueno
886,EQ-00886,SN-0886-60787199,Monitor multiparámetro,Monitoreo,Edan,ED-284,III,Alta,2019-06-18,3292000.0,15,Propio,2021-07-25,False,Contrato,Bueno
887,EQ-00887,SN-0887-95043077,Balanza clínica,Apoyo a diagnóstico,Tanita,TA-325,I,Baja,2023-03-31,425000.0,13,Comodato,,False,Interno,Bueno
888,EQ-00888,SN-0888-51171440,Termómetro clínico,Apoyo a diagnóstico,Gima,GI-635,II,Alta,2017-06-06,93000.0,14,Propio,,True,Contrato,Bueno
889,EQ-00889,SN-0889-86003223,Ecógrafo,Imagenología,GE HealthCare,GE-200,II,Alta,2016-11-16,25002000.0,12,Propio,2019-08-27,True,Interno,Bueno
890,EQ-00890,SN-0890-44186798,Doppler vascular,Apoyo a diagnóstico,Huntleigh,HU-710,II,Baja,2014-01-30,636000.0,11,Propio,,True,Contrato,Bueno
891,EQ-00891,SN-0891-44835042,Esfigmomanómetro,Apoyo a diagnóstico,A&D Medical,AD-892,II,Media,2024-04-03,212000.0,12,Propio,,True,Externo,Bueno
892,EQ-00892,SN-0892-38385092,Máquina de anestesia,Soporte vital,Mindray,MI-833,III,Alta,2023-02-01,69307000.0,10,Comodato,,True,Interno,Bueno
893,EQ-00893,SN-0893-70413340,Audiómetro,Apoyo a diagnóstico,Inventis,IN-623,II,Baja,2023-01-13,3121000.0,13,Propio,2025-07-18,False,Contrato,Bueno
894,EQ-00894,SN-0894-26565173,Autoclave,Esterilización,Matachana,MA-781,II,Alta,2018-05-09,30684000.0,9,Propio,,True,Externo,Bueno
895,EQ-00895,SN-0895-69566419,Bomba de infusión,Soporte vital,ICU Medical,IC-263,III,Media,2017-04-01,1541000.0,10,Propio,2018-09-20,False,Externo,Bueno
896,EQ-00896,SN-0896-69413881,Bomba de infusión,Soporte vital,Mindray,MI-667,III,Alta,2022-12-26,1519000.0,7,Propio,2025-02-25,False,Contrato,Bueno
897,EQ-00897,SN-0897-49055791,Glucómetro,Apoyo a diagnóstico,Gima,GI-821,II,Media,2014-06-05,56000.0,10,Propio,,False,Interno,Bueno
898,EQ-00898,SN-0898-79539406,Balanza clínica,Apoyo a diagnóstico,Health o meter,HE-837,I,Media,2024-11-14,1025000.0,6,Propio,,True,Interno,Malo
899,EQ-00899,SN-0899-78286392,Monitor multiparámetro,Monitoreo,Bionet,BI-641,III,Alta,2020-09-01,6044000.0,11,Propio,,True,Interno,Bueno
900,EQ-00900,SN-0900-78471462,Refrigerador clínico,Laboratorio,PHCbi,PH-675,I,Media,2015-08-08,5656000.0,12,Propio,2018-01-12,True,Interno,Bueno
901,EQ-00901,SN-0901-23855990,Centrífuga,Laboratorio,Hettich,HE-475,I,Media,2017-01-06,1034000.0,14,Comodato,,True,Interno,Bueno
902,EQ-00902,SN-0902-85464101,Monitor multiparámetro,Monitoreo,Philips,PH-623,III,Alta,2023-07-20,2709000.0,9,Propio,2025-09-29,False,Interno,Bueno
903,EQ-00903,SN-0903-56747272,Bomba de infusión,Soporte vital,B. Braun,BB-880,III,Alta,2023-02-23,1620000.0,13,Propio,2024-09-21,True,Interno,Bueno
904,EQ-00904,SN-0904-77475124,Arco C,Imagenología,Ziehm Imaging,ZI-781,II,Alta,2012-05-14,173851000.0,12,Propio,,True,Interno,Bueno
905,EQ-00905,SN-0905-67105434,Glucómetro,Apoyo a diagnóstico,Gima,GI-867,II,Media,2020-10-27,54000.0,13,Propio,,False,Externo,Bueno
906,EQ-00906,SN-0906-40029177,Glucómetro,Apoyo a diagnóstico,Abbott,AB-198,II,Media,2018-08-31,45000.0,12,Comodato,,True,Interno,Regular
907,EQ-00907,SN-0907-44730921,Balanza clínica,Apoyo a diagnóstico,Tanita,TA-913,I,Baja,2022-12-18,510000.0,8,Propio,2025-06-17,True,Externo,Regular
908,EQ-00908,SN-0908-16979289,Tallímetro,Apoyo a diagnóstico,SECA,SE-166,I,Baja,2015-09-02,283000.0,12,Propio,,True,Interno,Bueno
909,EQ-00909,SN-0909-71482121,Otoscopio,Apoyo a diagnóstico,Riester,RI-104,I,Alta,2021-04-22,613000.0,11,Propio,2023-01-17,False,Interno,Bueno
910,EQ-00910,SN-0910-62847703,Holter,Monitoreo,Schiller,SC-329,II,Alta,2012-07-27,4570000.0,13,Propio,,False,Externo,Bueno
911,EQ-00911,SN-0911-41090915,Bomba de infusión,Soporte vital,B. Braun,BB-392,III,Media,2017-08-12,1799000.0,9,Propio,,True,Interno,Bueno
912,EQ-00912,SN-0912-74469900,Esfigmomanómetro,Apoyo a diagnóstico,Welch Allyn/Hillrom,WE-163,II,Media,2020-08-04,212000.0,9,Propio,2022-08-15,True,Interno,Bueno
913,EQ-00913,SN-0913-58940196,Compresor dental,Odontología,W&H,WH-658,I,Media,2018-09-15,2246000.0,11,Propio,2020-04-18,True,Interno,Bueno
914,EQ-00914,SN-0914-72527343,Ecógrafo,Imagenología,United Imaging,UN-460,II,Media,2011-07-04,40441000.0,13,Propio,,True,Externo,Bueno
915,EQ-00915,SN-0915-81529351,Termómetro clínico,Apoyo a diagnóstico,Gima,GI-155,II,Baja,2015-03-12,135000.0,13,Comodato,,True,Interno,Bueno
916,EQ-00916,SN-0916-68487472,Ventilador neonatal,Neonatología,Hamilton Medical,HA-515,III,Alta,2021-02-10,35085000.0,8,Propio,2023-05-17,True,Interno,Bueno
917,EQ-00917,SN-0917-28795806,Desfibrilador,Soporte vital,Stryker/Physio-Control,ST-614,III,Alta,2017-08-15,4565000.0,13,Propio,2019-09-16,True,Contrato,Bueno
918,EQ-00918,SN-0918-51166425,Termómetro clínico,Apoyo a diagnóstico,Microlife,MI-630,II,Baja,2014-10-06,119000.0,10,Comodato,,True,Contrato,Bueno
919,EQ-00919,SN-0919-94838958,Monitor multiparámetro,Monitoreo,Bionet,BI-381,III,Alta,2026-02-16,3732000.0,14,Arriendo,,True,Interno,Bueno
920,EQ-00920,SN-0920-32293106,Bomba de infusión,Soporte vital,Fresenius Kabi,FR-575,III,Alta,2018-06-10,1611000.0,14,Propio,2019-12-08,True,Contrato,Bueno
921,EQ-00921,SN-0921-40227956,Monitor multiparámetro,Monitoreo,Mindray,MI-633,III,Baja,2019-01-10,4929000.0,10,Propio,2020-02-29,True,Contrato,Bueno
922,EQ-00922,SN-0922-20114114,Camilla de transporte,Apoyo a diagnóstico,Stryker/Physio-Control,ST-755,I,Alta,2012-03-02,4680000.0,14,Propio,2013-04-27,False,Interno,Bueno
923,EQ-00923,SN-0923-17254515,Bomba de infusión,Soporte vital,Fresenius Kabi,FR-712,III,Alta,2018-11-03,1318000.0,10,Propio,,False,Interno,Bueno
924,EQ-00924,SN-0924-11334674,OCT,Oftalmología,Zeiss,ZE-985,II,Media,2011-02-15,79310000.0,12,Propio,,False,Contrato,Bueno
925,EQ-00925,SN-0925-80683911,Balanza clínica,Apoyo a diagnóstico,Health o meter,HE-552,I,Media,2018-11-26,1014000.0,12,Propio,,True,Interno,Bueno
926,EQ-00926,SN-0926-92158421,Holter,Monitoreo,Nihon Kohden,NI-386,II,Media,2021-03-26,3565000.0,14,Comodato,,True,Interno,Regular
927,EQ-00927,SN-0927-88231566,Bomba de infusión,Soporte vital,ICU Medical,IC-487,III,Alta,2010-12-14,1546000.0,15,Propio,2013-08-07,True,Contrato,Bueno
928,EQ-00928,SN-0928-32760645,Ecógrafo,Imagenología,United Imaging,UN-102,II,Alta,2024-11-15,22289000.0,12,Propio,,True,Interno,Bueno
929,EQ-00929,SN-0929-30721386,Bomba de infusión,Soporte vital,ICU Medical,IC-765,III,Media,2018-08-31,1698000.0,12,Propio,,False,Interno,Bueno
930,EQ-00930,SN-0930-29023921,Balanza clínica,Apoyo a diagnóstico,Tanita,TA-344,I,Baja,2011-06-14,1195000.0,11,Propio,,True,Interno,Bueno
931,EQ-00931,SN-0931-32572718,Glucómetro,Apoyo a diagnóstico,Gima,GI-742,II,Baja,2020-08-21,50000.0,14,Propio,2021-10-25,True,Interno,Baja
932,EQ-00932,SN-0932-30495660,Monitor multiparámetro,Monitoreo,Edan,ED-300,III,Media,2018-05-11,4213000.0,11,Propio,2020-12-15,False,Interno,Bueno
933,EQ-00933,SN-0933-81374639,Desfibrilador,Soporte vital,ZOLL,ZO-688,III,Alta,2021-12-26,8286000.0,11,Propio,,False,Contrato,Bueno
934,EQ-00934,SN-0934-48078168,Máquina de anestesia,Soporte vital,Mindray,MI-959,III,Alta,2022-09-26,57073000.0,10,Propio,,True,Contrato,Bueno
935,EQ-00935,SN-0935-80935767,Bioimpedanciómetro,Apoyo a diagnóstico,InBody,IN-734,II,Baja,2015-09-06,8743000.0,6,Propio,,True,Externo,Bueno
936,EQ-00936,SN-0936-42309072,Camilla de transporte,Apoyo a diagnóstico,Hillrom/Baxter,HI-584,I,Media,2020-07-29,4655000.0,9,Propio,,True,Interno,Bueno
937,EQ-00937,SN-0937-65005476,Baño termorregulado,Laboratorio,Thermo Fisher Scientific,TH-874,I,Media,2022-03-25,1221000.0,10,Propio,,True,Interno,Bueno
938,EQ-00938,SN-0938-50956603,Bomba de infusión,Soporte vital,BD/CareFusion,BD-918,III,Alta,2020-02-04,1993000.0,14,Propio,2021-09-19,True,Externo,Bueno
939,EQ-00939,SN-0939-97310926,Glucómetro,Apoyo a diagnóstico,Abbott,AB-670,II,Media,2023-05-14,56000.0,11,Propio,,True,Interno,Regular
940,EQ-00940,SN-0940-58502786,Monitor multiparámetro,Monitoreo,Philips,PH-117,III,Media,2013-08-10,4351000.0,12,Propio,,False,Interno,Bueno
941,EQ-00941,SN-0941-38391784,Balanza clínica,Apoyo a diagnóstico,Health o meter,HE-764,I,Media,2014-03-05,639000.0,12,Arriendo,2015-05-14,True,Interno,Bueno
942,EQ-00942,SN-0942-58764560,Bomba de infusión,Soporte vital,ICU Medical,IC-912,III,Media,2026-06-05,1585000.0,12,Propio,,True,Externo,Bueno
943,EQ-00943,SN-0943-82388597,Ventilador mecánico,Soporte vital,Philips,PH-152,III,Media,2011-01-07,36620000.0,11,Comodato,,True,Externo,Regular
944,EQ-00944,SN-0944-66725748,Bomba PCA,Soporte vital,B. Braun,BB-354,III,Alta,2016-11-14,2812000.0,13,Propio,2018-09-14,False,Contrato,Bueno
945,EQ-00945,SN-0945-21262007,Camilla de transporte,Apoyo a diagnóstico,Stryker/Physio-Control,ST-148,I,Media,2011-09-04,4969000.0,12,Propio,2012-09-12,True,Contrato,Bueno
946,EQ-00946,SN-0946-66485322,Balanza clínica,Apoyo a diagnóstico,SECA,SE-919,I,Baja,2026-05-22,1072000.0,9,Propio,2027-08-14,True,Externo,Bueno
947,EQ-00947,SN-0947-43030038,Bomba de infusión,Soporte vital,ICU Medical,IC-280,III,Alta,2015-06-12,2329000.0,10,Propio,,True,Interno,Bueno
948,EQ-00948,SN-0948-65255547,Ventilador mecánico,Soporte vital,Hamilton Medical,HA-803,III,Alta,2021-10-08,39466000.0,9,Propio,2024-01-25,True,Externo,Bueno
949,EQ-00949,SN-0949-85865133,Bomba de infusión,Soporte vital,Baxter,BA-795,III,Alta,2022-10-24,2024000.0,11,Propio,,False,Contrato,Bueno
950,EQ-00950,SN-0950-76171092,Oftalmoscopio,Apoyo a diagnóstico,Riester,RI-461,I,Media,2015-06-09,502000.0,12,Propio,,True,Interno,Bueno
951,EQ-00951,SN-0951-52844389,Termómetro clínico,Apoyo a diagnóstico,Microlife,MI-191,II,Baja,2017-12-09,152000.0,12,Propio,2019-07-24,True,Contrato,Bueno
952,EQ-00952,SN-0952-17644033,Autoclave,Esterilización,CISA Group,CI-692,II,Alta,2025-07-18,14391000.0,12,Comodato,2027-10-05,True,Interno,Bueno
953,EQ-00953,SN-0953-40720109,Centrífuga,Laboratorio,Beckman Coulter,BE-491,I,Media,2020-09-30,2495000.0,11,Comodato,,True,Interno,Bueno
954,EQ-00954,SN-0954-96332613,Bomba de infusión,Soporte vital,BD/CareFusion,BD-169,III,Media,2015-07-24,1694000.0,11,Propio,2018-02-02,False,Contrato,Regular
955,EQ-00955,SN-0955-52313350,Microscopio,Laboratorio,Olympus/Evident,OL-449,I,Media,2021-10-13,2803000.0,11,Comodato,,True,Interno,Bueno
956,EQ-00956,SN-0956-24171515,Oxímetro central,Monitoreo,Nihon Kohden,NI-280,III,Media,2019-05-02,2559000.0,15,Propio,2021-07-08,True,Interno,Bueno
957,EQ-00957,SN-0957-55097761,Centrífuga,Laboratorio,Thermo Fisher Scientific,TH-491,I,Baja,2024-01-17,4022000.0,9,Propio,,True,Interno,Bueno
958,EQ-00958,SN-0958-87790831,Máquina de anestesia,Soporte vital,Mindray,MI-690,III,Alta,2013-11-20,62840000.0,10,Comodato,2015-09-18,True,Interno,Bueno
959,EQ-00959,SN-0959-29136574,Bomba de infusión,Soporte vital,Fresenius Kabi,FR-953,III,Media,2013-11-04,1891000.0,10,Propio,,True,Externo,Regular
960,EQ-00960,SN-0960-99935403,Glucómetro,Apoyo a diagnóstico,Roche/Accu-Chek,RO-665,II,Media,2022-04-21,62000.0,11,Propio,2024-02-03,False,Externo,Bueno
961,EQ-00961,SN-0961-16189350,Electrocardiógrafo,Monitoreo,Bionet,BI-593,II,Media,2010-12-05,2620000.0,11,Propio,2013-07-05,True,Contrato,Bueno
962,EQ-00962,SN-0962-27732508,Glucómetro,Apoyo a diagnóstico,Gima,GI-470,II,Baja,2017-12-31,52000.0,12,Propio,2019-02-20,True,Interno,Bueno
963,EQ-00963,SN-0963-73835491,Monitor multiparámetro,Monitoreo,GE HealthCare,GE-588,III,Media,2014-06-04,3904000.0,12,Propio,,True,Contrato,Bueno
964,EQ-00964,SN-0964-43929226,Tallímetro,Apoyo a diagnóstico,Detecto,DE-833,I,Baja,2024-07-30,318000.0,7,Propio,2026-06-20,True,Contrato,Bueno
965,EQ-00965,SN-0965-87658349,Ecógrafo,Imagenología,GE HealthCare,GE-686,II,Alta,2021-06-08,41392000.0,7,Propio,2023-01-14,True,Contrato,Bueno
966,EQ-00966,SN-0966-73956202,Incubadora,Neonatología,GE HealthCare/Ohmeda,GE-176,III,Media,2024-08-10,11654000.0,12,Arriendo,2027-07-02,True,Contrato,Bueno
967,EQ-00967,SN-0967-53122308,Monitor signos vitales,Monitoreo,Mindray,MI-289,II,Alta,2024-07-20,1608000.0,12,Propio,2025-08-04,False,Interno,Regular
968,EQ-00968,SN-0968-81583265,Camilla de fisioterapia,Rehabilitación,Gymna,GY-519,I,Baja,2018-02-21,2277000.0,14,Propio,2020-08-20,False,Externo,Bueno
969,EQ-00969,SN-0969-99831086,Trotadora,Rehabilitación,SCIFIT,SC-252,I,Baja,2023-07-08,5415000.0,14,Comodato,,False,Interno,Bueno
970,EQ-00970,SN-0970-52812364,Desfibrilador,Soporte vital,Stryker/Physio-Control,ST-421,III,Media,2023-06-15,4376000.0,11,Propio,2025-12-17,False,Contrato,Bueno
971,EQ-00971,SN-0971-38266557,Bomba PCA,Soporte vital,Baxter,BA-201,III,Media,2024-12-01,2168000.0,11,Propio,,True,Contrato,Bueno
972,EQ-00972,SN-0972-53214604,Bomba de infusión,Soporte vital,Mindray,MI-479,III,Alta,2025-11-17,1149000.0,13,Propio,2028-05-24,True,Contrato,Bueno
973,EQ-00973,SN-0973-76677293,Monitor multiparámetro,Monitoreo,Edan,ED-693,III,Media,2014-04-03,2813000.0,11,Comodato,,True,Contrato,Bueno
974,EQ-00974,SN-0974-45622589,Incubadora,Neonatología,Fanem,FA-399,III,Alta,2018-10-17,10324000.0,12,Propio,,False,Interno,Bueno
975,EQ-00975,SN-0975-47057987,Termómetro clínico,Apoyo a diagnóstico,Omron,OM-177,II,Baja,2020-09-22,73000.0,14,Propio,,True,Interno,Bueno
976,EQ-00976,SN-0976-20153627,Esfigmomanómetro,Apoyo a diagnóstico,Welch Allyn/Hillrom,WE-872,II,Media,2014-08-26,131000.0,14,Propio,2015-11-24,True,Externo,Bueno
977,EQ-00977,SN-0977-18683326,Máquina de anestesia,Soporte vital,GE HealthCare,GE-733,III,Alta,2014-06-19,69162000.0,9,Propio,,True,Contrato,Bueno
978,EQ-00978,SN-0978-96349860,Desfibrilador,Soporte vital,Mindray,MI-870,III,Alta,2011-04-15,6009000.0,14,Propio,,False,Externo,Regular
979,EQ-00979,SN-0979-92387414,Carro de transporte estéril,Esterilización,Steelco,ST-667,I,Baja,2013-09-20,1702000.0,8,Arriendo,2015-06-24,True,Interno,Bueno
980,EQ-00980,SN-0980-15202722,Lavadora desinfectora,Esterilización,Steelco,ST-574,II,Media,2018-04-20,16155000.0,13,Propio,2019-06-16,True,Contrato,Bueno
981,EQ-00981,SN-0981-76141860,Camilla de transporte,Apoyo a diagnóstico,Hillrom/Baxter,HI-203,I,Baja,2024-07-01,3874000.0,9,Propio,,True,Interno,Bueno
982,EQ-00982,SN-0982-10106319,Monitor multiparámetro,Monitoreo,Dräger,DR-958,III,Baja,2010-11-10,5658000.0,13,Propio,2012-05-26,False,Interno,Bueno
983,EQ-00983,SN-0983-93274990,Tallímetro,Apoyo a diagnóstico,Gima,GI-277,I,Baja,2010-03-28,157000.0,13,Propio,2011-06-15,True,Externo,Bueno
984,EQ-00984,SN-0984-42576868,Bomba de infusión,Soporte vital,Mindray,MI-944,III,Alta,2019-12-19,1318000.0,10,Propio,,True,Externo,Bueno
985,EQ-00985,SN-0985-72578108,Esfigmomanómetro,Apoyo a diagnóstico,Welch Allyn/Hillrom,WE-677,II,Media,2012-07-17,264000.0,10,Propio,2015-05-18,True,Interno,Bueno
986,EQ-00986,SN-0986-47255983,Tonómetro,Oftalmología,Haag-Streit,HA-563,II,Media,2022-12-07,3977000.0,11,Propio,2024-04-27,True,Contrato,Bueno
987,EQ-00987,SN-0987-96018838,Camilla de transporte,Apoyo a diagnóstico,Malvestio,MA-323,I,Baja,2012-06-20,4735000.0,10,Propio,,True,Contrato,Bueno
988,EQ-00988,SN-0988-22135973,Balanza clínica,Apoyo a diagnóstico,SECA,SE-118,I,Baja,2025-01-25,1193000.0,9,Propio,,True,Contrato,Bueno
989,EQ-00989,SN-0989-96094306,Bomba PCA,Soporte vital,Baxter,BA-597,III,Media,2014-11-07,2131000.0,11,Arriendo,2016-07-31,True,Interno,Bueno
990,EQ-00990,SN-0990-95225833,Glucómetro,Apoyo a diagnóstico,Gima,GI-666,II,Media,2012-05-22,33000.0,6,Propio,,True,Externo,Bueno
991,EQ-00991,SN-0991-81021964,Bomba de infusión,Soporte vital,Baxter,BA-449,III,Alta,2018-09-03,2139000.0,14,Propio,,True,Externo,Bueno
992,EQ-00992,SN-0992-61437837,Baño termorregulado,Laboratorio,Binder,BI-602,I,Media,2022-10-23,827000.0,14,Propio,2024-12-22,True,Interno,Bueno
993,EQ-00993,SN-0993-25623531,Ventilador mecánico,Soporte vital,Dräger,DR-251,III,Alta,2018-10-04,27858000.0,9,Propio,2020-08-02,True,Interno,Bueno
994,EQ-00994,SN-0994-52610530,Monitor multiparámetro,Monitoreo,Philips,PH-538,III,Media,2016-11-15,3629000.0,11,Propio,,True,Externo,Bueno
995,EQ-00995,SN-0995-95335049,Bomba de infusión,Soporte vital,BD/CareFusion,BD-824,III,Alta,2023-04-10,2014000.0,11,Propio,2024-07-15,True,Externo,Bueno
996,EQ-00996,SN-0996-75481733,Oftalmoscopio,Apoyo a diagnóstico,HEINE,HE-645,I,Baja,2017-12-01,559000.0,10,Propio,,True,Contrato,Bueno
997,EQ-00997,SN-0997-10727598,Termómetro clínico,Apoyo a diagnóstico,Omron,OM-623,II,Baja,2017-10-17,155000.0,11,Propio,,False,Contrato,Bueno
998,EQ-00998,SN-0998-28715345,Refrigerador clínico,Laboratorio,PHCbi,PH-114,I,Media,2012-11-05,6680000.0,13,Comodato,2014-11-20,True,Interno,Bueno
999,EQ-00999,SN-0999-44323076,Bomba de infusión,Soporte vital,ICU Medical,IC-298,III,Alta,2016-08-23,2100000.0,14,Comodato,2019-03-22,False,Contrato,Regular
1000,EQ-01000,SN-1000-92893264,Balanza clínica,Apoyo a diagnóstico,Health o meter,HE-809,I,Baja,2024-01-23,995000.0,13,Propio,,True,Externo,Bueno
1001,EQ-01001,SN-1001-79475870,Incubadora,Neonatología,Fanem,FA-604,III,Alta,2016-05-20,17237000.0,12,Propio,2017-11-02,True,Externo,Bueno
1002,EQ-01002,SN-1002-22953688,Fototerapia,Neonatología,Dräger,DR-831,II,Alta,2014-09-05,3212000.0,12,Propio,,False,Interno,Bueno
1003,EQ-01003,SN-1003-66529240,Autoclave,Esterilización,Getinge,GE-947,II,Media,2017-12-05,14391000.0,13,Propio,2019-08-30,True,Contrato,Bueno
1004,EQ-01004,SN-1004-90706563,Oftalmoscopio,Apoyo a diagnóstico,Gima,GI-666,I,Media,2025-05-24,523000.0,6,Propio,2027-12-02,False,Interno,Bueno
1005,EQ-01005,SN-1005-59562332,Fototerapia,Neonatología,GE HealthCare/Ohmeda,GE-374,II,Alta,2010-06-22,3726000.0,12,Propio,2011-07-06,False,Externo,Malo
1006,EQ-01006,SN-1006-91266924,Esfigmomanómetro,Apoyo a diagnóstico,Riester,RI-395,II,Baja,2020-01-16,262000.0,13,Propio,2022-10-07,True,Interno,Bueno
1007,EQ-01007,SN-1007-11709792,Termómetro clínico,Apoyo a diagnóstico,Riester,RI-828,II,Baja,2021-11-09,29000.0,12,Propio,,True,Interno,Bueno
1008,EQ-01008,SN-1008-19744473,Lavadora desinfectora,Esterilización,Steelco,ST-123,II,Alta,2024-10-03,12053000.0,13,Propio,2026-04-17,True,Interno,Bueno
1009,EQ-01009,SN-1009-30814226,Monitor signos vitales,Monitoreo,Edan,ED-294,II,Alta,2011-10-12,1571000.0,11,Propio,2014-06-09,False,Contrato,Bueno
1010,EQ-01010,SN-1010-71213409,Monitor signos vitales,Monitoreo,Nihon Kohden,NI-139,II,Baja,2010-01-13,1278000.0,15,Propio,,True,Externo,Bueno
1011,EQ-01011,SN-1011-32751374,Mesa de inspección,Esterilización,Getinge,GE-181,I,Media,2011-06-15,1720000.0,13,Arriendo,2012-12-10,True,Contrato,Bueno
1012,EQ-01012,SN-1012-88673965,Bomba PCA,Soporte vital,Baxter,BA-163,III,Alta,2011-06-11,2322000.0,12,Comodato,2013-10-07,True,Interno,Bueno
1013,EQ-01013,SN-1013-48198641,Monitor multiparámetro,Monitoreo,Nihon Kohden,NI-444,III,Media,2018-10-02,3070000.0,13,Comodato,2020-01-02,True,Externo,Bueno
1014,EQ-01014,SN-1014-38207375,Termómetro clínico,Apoyo a diagnóstico,Riester,RI-393,II,Baja,2024-01-06,118000.0,10,Propio,2025-08-28,False,Contrato,Bueno
1015,EQ-01015,SN-1015-40784318,Camilla de transporte,Apoyo a diagnóstico,Stryker/Physio-Control,ST-538,I,Media,2016-06-17,4966000.0,9,Propio,2017-12-04,False,Interno,Bueno
1016,EQ-01016,SN-1016-69583811,Oftalmoscopio,Apoyo a diagnóstico,Gima,GI-907,I,Media,2018-12-14,914000.0,13,Propio,,True,Contrato,Bueno
1017,EQ-01017,SN-1017-87855179,Monitor signos vitales,Monitoreo,Nihon Kohden,NI-884,II,Alta,2013-02-21,874000.0,11,Propio,2015-12-05,False,Contrato,Bueno
1018,EQ-01018,SN-1018-60694952,Termómetro clínico,Apoyo a diagnóstico,Welch Allyn/Hillrom,WE-133,II,Baja,2015-02-19,110000.0,14,Propio,2017-05-20,False,Externo,Bueno
1019,EQ-01019,SN-1019-13416221,Glucómetro,Apoyo a diagnóstico,Gima,GI-885,II,Baja,2022-07-22,50000.0,9,Propio,2023-11-17,True,Interno,Bueno
1020,EQ-01020,SN-1020-56394005,Esfigmomanómetro,Apoyo a diagnóstico,A&D Medical,AD-851,II,Baja,2018-11-24,180000.0,9,Propio,2020-08-29,True,Externo,Bueno
1021,EQ-01021,SN-1021-30103466,Bomba PCA,Soporte vital,Fresenius Kabi,FR-188,III,Media,2010-04-30,2340000.0,10,Propio,2011-05-31,True,Contrato,Bueno
1022,EQ-01022,SN-1022-34622159,TAC dental,Odontología,Planmeca,PL-875,II,Baja,2015-11-21,67216000.0,9,Propio,2017-01-13,True,Externo,Bueno
1023,EQ-01023,SN-1023-94868460,Camilla de fisioterapia,Rehabilitación,BTL,BT-710,I,Media,2010-05-14,2341000.0,13,Propio,2012-09-20,True,Interno,Bueno
1024,EQ-01024,SN-1024-48635084,Monitor signos vitales,Monitoreo,Welch Allyn/Hillrom,WE-860,II,Media,2011-10-10,1804000.0,14,Propio,,True,Externo,Bueno
1025,EQ-01025,SN-1025-43497280,Bomba de infusión,Soporte vital,Fresenius Kabi,FR-433,III,Media,2017-02-27,1154000.0,9,Propio,,True,Interno,Bueno
1026,EQ-01026,SN-1026-53403721,Camilla de transporte,Apoyo a diagnóstico,Malvestio,MA-713,I,Baja,2024-09-27,3862000.0,13,Propio,2026-12-06,False,Contrato,Bueno
1027,EQ-01027,SN-1027-70077226,Selladora térmica,Esterilización,W&H,WH-122,I,Media,2026-02-16,1918000.0,14,Comodato,,False,Externo,Bueno
1028,EQ-01028,SN-1028-39041337,Bomba de infusión,Soporte vital,B. Braun,BB-320,III,Media,2011-01-30,1001000.0,13,Propio,2013-09-08,True,Contrato,Bueno
1029,EQ-01029,SN-1029-62540824,Centrífuga,Laboratorio,Thermo Fisher Scientific,TH-806,I,Alta,2015-10-08,2500000.0,9,Propio,2017-05-09,True,Interno,Bueno
1030,EQ-01030,SN-1030-67584643,Monitor signos vitales,Monitoreo,Welch Allyn/Hillrom,WE-556,II,Media,2023-03-01,1921000.0,11,Propio,2025-07-24,False,Interno,Bueno
1031,EQ-01031,SN-1031-79839571,Bomba de infusión,Soporte vital,B. Braun,BB-453,III,Alta,2016-11-19,1173000.0,9,Propio,2018-11-26,True,Interno,Bueno
1032,EQ-01032,SN-1032-41826078,Termómetro clínico,Apoyo a diagnóstico,Braun,BR-458,II,Media,2024-04-13,74000.0,13,Propio,,True,Interno,Bueno
1033,EQ-01033,SN-1033-63004824,Microscopio,Laboratorio,Zeiss,ZE-900,I,Alta,2023-07-15,2910000.0,14,Propio,2024-10-05,True,Interno,Bueno
1034,EQ-01034,SN-1034-65309861,Refrigerador clínico,Laboratorio,Helmer,HE-941,I,Media,2012-12-20,4616000.0,15,Propio,2014-10-04,False,Interno,Regular
1035,EQ-01035,SN-1035-49033441,Incubadora,Neonatología,GE HealthCare/Ohmeda,GE-731,III,Alta,2022-10-22,15787000.0,12,Propio,,False,Interno,Bueno
1036,EQ-01036,SN-1036-23829477,Electrocardiógrafo,Monitoreo,Nihon Kohden,NI-765,II,Alta,2025-07-09,2566000.0,14,Propio,,True,Contrato,Bueno
1037,EQ-01037,SN-1037-12884254,Máquina de anestesia,Soporte vital,GE HealthCare,GE-535,III,Media,2016-06-04,34113000.0,12,Comodato,,True,Externo,Bueno
1038,EQ-01038,SN-1038-89015817,Monitor multiparámetro,Monitoreo,Mindray,MI-806,III,Alta,2020-06-20,4102000.0,15,Propio,,True,Interno,Bueno
1039,EQ-01039,SN-1039-34915188,Desfibrilador,Soporte vital,Mindray,MI-828,III,Alta,2012-02-25,5265000.0,6,Propio,2014-06-16,True,Contrato,Bueno
1040,EQ-01040,SN-1040-38175852,Bomba de infusión,Soporte vital,ICU Medical,IC-731,III,Alta,2019-04-18,1919000.0,11,Propio,,True,Contrato,Bueno
1041,EQ-01041,SN-1041-36046732,Monitor multiparámetro,Monitoreo,Edan,ED-387,III,Media,2019-08-29,3929000.0,13,Comodato,,True,Interno,Bueno
1042,EQ-01042,SN-1042-51533981,Ventilador neonatal,Neonatología,Vyaire,VY-915,III,Media,2019-09-15,33183000.0,10,Propio,,True,Interno,Bueno
1043,EQ-01043,SN-1043-73059452,Glucómetro,Apoyo a diagnóstico,Abbott,AB-514,II,Baja,2015-02-03,69000.0,12,Propio,,True,Externo,Bueno
1044,EQ-01044,SN-1044-91723147,Electrocardiógrafo,Monitoreo,GE HealthCare,GE-560,II,Media,2024-05-01,2527000.0,6,Propio,2026-09-13,True,Interno,Bueno
1045,EQ-01045,SN-1045-87415818,Termómetro clínico,Apoyo a diagnóstico,Braun,BR-115,II,Media,2026-03-16,39000.0,11,Propio,,True,Contrato,Bueno
1046,EQ-01046,SN-1046-96996476,Glucómetro,Apoyo a diagnóstico,Abbott,AB-892,II,Baja,2022-09-22,58000.0,12,Propio,2023-12-10,True,Interno,Bueno
1047,EQ-01047,SN-1047-62786402,Incubadora,Neonatología,Dräger,DR-293,III,Alta,2022-12-21,12733000.0,11,Comodato,,True,Interno,Bueno
1048,EQ-01048,SN-1048-61362278,Otoscopio,Apoyo a diagnóstico,Gima,GI-753,I,Media,2016-06-12,278000.0,13,Comodato,2018-02-01,True,Interno,Bueno
1049,EQ-01049,SN-1049-30916292,Oxímetro central,Monitoreo,Nonin,NO-103,III,Alta,2024-06-06,2333000.0,13,Propio,,False,Externo,Bueno
1050,EQ-01050,SN-1050-43262170,Termómetro clínico,Apoyo a diagnóstico,Omron,OM-853,II,Baja,2025-09-12,156000.0,13,Propio,2027-10-24,True,Contrato,Regular
1051,EQ-01051,SN-1051-82427094,Ventilador mecánico,Soporte vital,Philips,PH-628,III,Media,2019-02-03,30080000.0,11,Propio,2020-04-26,True,Interno,Bueno
1052,EQ-01052,SN-1052-79245996,Incubadora,Neonatología,GE HealthCare/Ohmeda,GE-338,III,Alta,2011-09-09,19205000.0,12,Propio,2013-05-06,True,Externo,Bueno
1053,EQ-01053,SN-1053-98987075,Monitor multiparámetro,Monitoreo,Philips,PH-862,III,Media,2012-03-19,3012000.0,8,Propio,2014-05-12,True,Contrato,Bueno
1054,EQ-01054,SN-1054-93133622,Termómetro clínico,Apoyo a diagnóstico,Gima,GI-737,II,Baja,2018-12-31,117000.0,8,Comodato,,True,Externo,Bueno
1055,EQ-01055,SN-1055-56611883,Termómetro clínico,Apoyo a diagnóstico,Omron,OM-165,II,Media,2011-05-04,156000.0,9,Propio,,True,Interno,Bueno
1056,EQ-01056,SN-1056-65354118,Bomba de infusión,Soporte vital,Mindray,MI-741,III,Media,2018-01-23,1696000.0,10,Propio,,True,Interno,Bueno
1057,EQ-01057,SN-1057-61326711,Termómetro clínico,Apoyo a diagnóstico,Welch Allyn/Hillrom,WE-546,II,Media,2020-12-20,128000.0,13,Arriendo,,True,Interno,Bueno
1058,EQ-01058,SN-1058-65665781,Ventilador mecánico,Soporte vital,GE HealthCare,GE-581,III,Alta,2012-05-28,24833000.0,11,Propio,2014-12-02,True,Interno,Bueno
1059,EQ-01059,SN-1059-69220656,Ventilador mecánico,Soporte vital,Dräger,DR-458,III,Alta,2014-07-22,36499000.0,11,Propio,,True,Interno,Bueno
1060,EQ-01060,SN-1060-40723209,Microscopio,Laboratorio,Olympus/Evident,OL-331,I,Alta,2026-01-07,2167000.0,14,Propio,,True,Externo,Bueno
1061,EQ-01061,SN-1061-38760201,Balanza clínica,Apoyo a diagnóstico,SECA,SE-183,I,Baja,2026-02-01,665000.0,10,Propio,,True,Contrato,Bueno
1062,EQ-01062,SN-1062-10107575,Termómetro clínico,Apoyo a diagnóstico,Microlife,MI-937,II,Baja,2021-11-17,76000.0,11,Propio,2023-09-22,False,Externo,Bueno
1063,EQ-01063,SN-1063-10488305,Selladora térmica,Esterilización,MELAG,ME-558,I,Alta,2017-12-10,1251000.0,10,Propio,2019-06-22,False,Contrato,Bueno
1064,EQ-01064,SN-1064-46963523,Oftalmoscopio,Apoyo a diagnóstico,Welch Allyn/Hillrom,WE-802,I,Baja,2012-05-31,578000.0,13,Propio,,False,Interno,Bueno
1065,EQ-01065,SN-1065-42962771,Termómetro clínico,Apoyo a diagnóstico,Omron,OM-684,II,Baja,2017-01-07,68000.0,10,Propio,2018-02-22,True,Contrato,Regular
1066,EQ-01066,SN-1066-20263309,Termómetro clínico,Apoyo a diagnóstico,Welch Allyn/Hillrom,WE-870,II,Baja,2018-05-22,101000.0,14,Propio,,True,Externo,Bueno
1067,EQ-01067,SN-1067-28071645,Monitor signos vitales,Monitoreo,GE HealthCare,GE-698,II,Alta,2023-01-02,1244000.0,10,Propio,,True,Interno,Bueno
1068,EQ-01068,SN-1068-36073845,Bomba de infusión,Soporte vital,B. Braun,BB-602,III,Alta,2019-11-01,1941000.0,8,Propio,,False,Contrato,Bueno
1069,EQ-01069,SN-1069-84802168,Máquina de anestesia,Soporte vital,GE HealthCare,GE-339,III,Alta,2010-02-26,58862000.0,14,Propio,,False,Interno,Bueno
1070,EQ-01070,SN-1070-32959815,Selladora térmica,Esterilización,hawo,HA-618,I,Baja,2011-06-23,2298000.0,13,Propio,,True,Interno,Bueno
1071,EQ-01071,SN-1071-31753406,Bomba de infusión,Soporte vital,Fresenius Kabi,FR-714,III,Alta,2024-10-23,1625000.0,9,Propio,,False,Interno,Regular
1072,EQ-01072,SN-1072-68016200,Camilla de fisioterapia,Rehabilitación,Lojer,LO-952,I,Media,2010-01-29,2544000.0,15,Propio,,True,Contrato,Bueno
1073,EQ-01073,SN-1073-49586689,Glucómetro,Apoyo a diagnóstico,Gima,GI-164,II,Media,2015-07-06,43000.0,11,Propio,,True,Interno,Bueno
1074,EQ-01074,SN-1074-36775640,Bomba de infusión,Soporte vital,Mindray,MI-911,III,Media,2012-01-13,2022000.0,11,Propio,,True,Interno,Bueno
1075,EQ-01075,SN-1075-55931797,Ecógrafo,Imagenología,Samsung Medison,SA-452,II,Alta,2017-10-19,42332000.0,15,Propio,2019-09-05,True,Externo,Bueno
1076,EQ-01076,SN-1076-78100893,Glucómetro,Apoyo a diagnóstico,Abbott,AB-832,II,Media,2018-11-14,42000.0,13,Propio,,True,Interno,Bueno
1077,EQ-01077,SN-1077-72020967,Desfibrilador,Soporte vital,Stryker/Physio-Control,ST-176,III,Alta,2022-02-15,6063000.0,10,Comodato,,True,Externo,Bueno
1078,EQ-01078,SN-1078-36844607,Camilla de fisioterapia,Rehabilitación,Chattanooga,CH-370,I,Baja,2017-06-23,931000.0,11,Propio,,False,Contrato,Bueno
1079,EQ-01079,SN-1079-96945143,Monitor multiparámetro,Monitoreo,Nihon Kohden,NI-104,III,Media,2021-07-02,3759000.0,8,Propio,,True,Interno,Bueno
1080,EQ-01080,SN-1080-30335859,Sillón dental,Odontología,KaVo,KA-110,I,Media,2019-03-15,9693000.0,10,Propio,,True,Contrato,Bueno
1081,EQ-01081,SN-1081-42365862,Incubadora,Neonatología,Fanem,FA-171,III,Alta,2024-09-09,12481000.0,14,Propio,,True,Contrato,Bueno
1082,EQ-01082,SN-1082-43489211,Bomba de infusión,Soporte vital,BD/CareFusion,BD-925,III,Alta,2011-03-12,1556000.0,13,Propio,,False,Interno,Bueno
1083,EQ-01083,SN-1083-66756483,Electrocardiógrafo,Monitoreo,Bionet,BI-853,II,Alta,2012-05-30,4005000.0,10,Propio,2015-05-12,True,Contrato,Bueno
1084,EQ-01084,SN-1084-42647686,Camilla de transporte,Apoyo a diagnóstico,Stryker/Physio-Control,ST-811,I,Media,2011-06-07,4665000.0,9,Comodato,2013-11-26,True,Interno,Bueno
1085,EQ-01085,SN-1085-62072311,Monitor multiparámetro,Monitoreo,Philips,PH-518,III,Media,2019-08-09,6209000.0,12,Comodato,,True,Contrato,Regular
1086,EQ-01086,SN-1086-17150928,Monitor multiparámetro,Monitoreo,Philips,PH-118,III,Media,2017-06-22,2500000.0,13,Propio,2019-07-15,True,Interno,Bueno
1087,EQ-01087,SN-1087-63529864,Mesa de inspección,Esterilización,MMM Group,MM-575,I,Alta,2025-12-26,1983000.0,11,Propio,,True,Interno,Bueno
1088,EQ-01088,SN-1088-40194244,Monitor multiparámetro,Monitoreo,Mindray,MI-708,III,Media,2022-02-05,3772000.0,11,Propio,,False,Interno,Bueno
1089,EQ-01089,SN-1089-34246879,Espirómetro,Apoyo a diagnóstico,Vyaire/CareFusion,VY-784,II,Baja,2011-07-08,3115000.0,12,Propio,2012-09-21,True,Interno,Bueno
1090,EQ-01090,SN-1090-12300653,Bomba de infusión,Soporte vital,Mindray,MI-992,III,Alta,2013-06-28,1877000.0,14,Propio,2015-11-15,False,Interno,Regular
1091,EQ-01091,SN-1091-59994107,Balanza clínica,Apoyo a diagnóstico,Health o meter,HE-584,I,Baja,2016-07-21,1093000.0,12,Propio,,True,Interno,Bueno
1092,EQ-01092,SN-1092-98577702,Monitor multiparámetro,Monitoreo,Edan,ED-702,III,Alta,2024-07-27,4930000.0,13,Propio,,False,Externo,Malo
1093,EQ-01093,SN-1093-38671605,Mamógrafo,Imagenología,Fujifilm,FU-143,II,Media,2025-05-16,344411000.0,7,Propio,,False,Interno,Bueno
1094,EQ-01094,SN-1094-21743740,Carro de transporte estéril,Esterilización,STERIS,ST-626,I,Media,2019-04-02,1386000.0,14,Comodato,,False,Contrato,Regular
1095,EQ-01095,SN-1095-97787131,Carro de transporte estéril,Esterilización,Steelco,ST-250,I,Alta,2018-01-08,1386000.0,12,Propio,2020-10-07,True,Externo,Bueno
1096,EQ-01096,SN-1096-69563813,Bomba de infusión,Soporte vital,Fresenius Kabi,FR-278,III,Alta,2022-08-29,1233000.0,10,Propio,,True,Interno,Bueno
1097,EQ-01097,SN-1097-72363968,Desfibrilador,Soporte vital,Nihon Kohden,NI-811,III,Alta,2022-11-16,4421000.0,14,Propio,2024-11-16,True,Externo,Bueno
1098,EQ-01098,SN-1098-45666885,Ecógrafo,Imagenología,GE HealthCare,GE-454,II,Media,2025-09-20,16516000.0,14,Propio,,False,Interno,Bueno
1099,EQ-01099,SN-1099-14525112,Glucómetro,Apoyo a diagnóstico,Abbott,AB-738,II,Baja,2023-11-13,44000.0,12,Propio,,False,Interno,Bueno
1100,EQ-01100,SN-1100-18655180,Oftalmoscopio,Apoyo a diagnóstico,Gima,GI-884,I,Media,2011-02-05,444000.0,13,Comodato,2013-03-29,False,Interno,Bueno
1101,EQ-01101,SN-1101-11894292,Carro de transporte estéril,Esterilización,Matachana,MA-665,I,Baja,2017-06-24,2353000.0,14,Propio,,True,Externo,Bueno
1102,EQ-01102,SN-1102-87440240,Bomba PCA,Soporte vital,Baxter,BA-934,III,Alta,2015-12-17,2720000.0,13,Propio,2017-05-31,True,Interno,Bueno
1103,EQ-01103,SN-1103-48587814,Glucómetro,Apoyo a diagnóstico,Abbott,AB-753,II,Baja,2025-08-31,47000.0,8,Arriendo,2028-01-16,False,Interno,Bueno
1104,EQ-01104,SN-1104-58805200,Monitor signos vitales,Monitoreo,Bionet,BI-306,II,Alta,2019-12-22,1435000.0,13,Propio,,True,Contrato,Bueno
1105,EQ-01105,SN-1105-55763246,Bomba de infusión,Soporte vital,Fresenius Kabi,FR-473,III,Alta,2020-02-04,2054000.0,7,Comodato,2021-06-24,True,Contrato,Bueno
1106,EQ-01106,SN-1106-10130777,Termómetro clínico,Apoyo a diagnóstico,Riester,RI-185,II,Baja,2023-05-20,80000.0,13,Propio,,True,Interno,Regular
1107,EQ-01107,SN-1107-53259467,Termómetro clínico,Apoyo a diagnóstico,Microlife,MI-299,II,Baja,2018-12-01,145000.0,7,Comodato,2020-05-28,False,Interno,Bueno
1108,EQ-01108,SN-1108-52397007,Microscopio,Laboratorio,Zeiss,ZE-731,I,Media,2017-09-29,5647000.0,9,Propio,2019-07-20,True,Interno,Bueno
1109,EQ-01109,SN-1109-30251976,Autorrefractómetro,Oftalmología,Nidek,NI-255,I,Baja,2021-05-04,8606000.0,13,Propio,2022-06-08,True,Contrato,Regular
1110,EQ-01110,SN-1110-60974071,Desfibrilador,Soporte vital,Stryker/Physio-Control,ST-826,III,Media,2019-09-03,4415000.0,14,Propio,2021-04-22,False,Externo,Bueno
1111,EQ-01111,SN-1111-39489683,Esfigmomanómetro,Apoyo a diagnóstico,Gima,GI-438,II,Baja,2010-12-20,287000.0,13,Comodato,,False,Interno,Bueno
1112,EQ-01112,SN-1112-81388842,Monitor signos vitales,Monitoreo,Edan,ED-876,II,Media,2010-09-08,1368000.0,12,Comodato,2013-02-16,True,Contrato,Regular
1113,EQ-01113,SN-1113-98143304,Bomba de infusión,Soporte vital,Fresenius Kabi,FR-817,III,Alta,2024-06-11,1783000.0,12,Propio,2026-10-01,True,Contrato,Bueno
1114,EQ-01114,SN-1114-48470809,Ecógrafo,Imagenología,GE HealthCare,GE-390,II,Alta,2024-09-09,38790000.0,10,Propio,2027-02-21,False,Externo,Regular
1115,EQ-01115,SN-1115-93257214,Camilla de fisioterapia,Rehabilitación,BTL,BT-780,I,Media,2016-07-14,1936000.0,8,Propio,,True,Externo,Bueno
1116,EQ-01116,SN-1116-15517598,Ventilador neonatal,Neonatología,Vyaire,VY-806,III,Alta,2019-11-16,41332000.0,7,Propio,,True,Interno,Bueno
1117,EQ-01117,SN-1117-50580215,Bomba de infusión,Soporte vital,ICU Medical,IC-958,III,Alta,2025-12-09,1842000.0,13,Propio,,True,Interno,Bueno
1118,EQ-01118,SN-1118-35627472,Monitor signos vitales,Monitoreo,Mindray,MI-118,II,Media,2014-10-11,1434000.0,14,Propio,2016-06-01,True,Interno,Bueno
1119,EQ-01119,SN-1119-79376811,Ecógrafo,Imagenología,United Imaging,UN-476,II,Media,2018-11-22,38889000.0,6,Comodato,,False,Externo,Bueno
1120,EQ-01120,SN-1120-56930356,Glucómetro,Apoyo a diagnóstico,Gima,GI-282,II,Media,2020-01-05,52000.0,9,Propio,,True,Contrato,Bueno
1121,EQ-01121,SN-1121-66760458,Monitor multiparámetro,Monitoreo,Spacelabs,SP-624,III,Alta,2018-07-22,4016000.0,9,Propio,2020-12-26,True,Externo,Baja
1122,EQ-01122,SN-1122-93043626,Camilla de transporte,Apoyo a diagnóstico,Stryker/Physio-Control,ST-488,I,Baja,2019-12-10,3921000.0,6,Propio,,True,Interno,Bueno
1123,EQ-01123,SN-1123-80261444,Esfigmomanómetro,Apoyo a diagnóstico,Riester,RI-154,II,Baja,2019-10-21,207000.0,10,Propio,,False,Contrato,Bueno
1124,EQ-01124,SN-1124-77977808,Camilla de transporte,Apoyo a diagnóstico,Hillrom/Baxter,HI-214,I,Baja,2024-04-21,2309000.0,12,Propio,2026-02-10,True,Interno,Bueno
1125,EQ-01125,SN-1125-20673388,Termómetro clínico,Apoyo a diagnóstico,Welch Allyn/Hillrom,WE-656,II,Baja,2014-11-24,101000.0,12,Propio,,True,Interno,Bueno
1126,EQ-01126,SN-1126-34833797,Monitor multiparámetro,Monitoreo,Spacelabs,SP-407,III,Alta,2010-02-25,3101000.0,9,Propio,,False,Contrato,Bueno
1127,EQ-01127,SN-1127-53808336,Camilla de transporte,Apoyo a diagnóstico,Malvestio,MA-421,I,Baja,2021-10-25,5175000.0,11,Propio,2022-12-14,True,Interno,Bueno
1128,EQ-01128,SN-1128-15377939,Bomba de infusión,Soporte vital,Mindray,MI-400,III,Alta,2015-07-05,2408000.0,10,Propio,,True,Contrato,Bueno
1129,EQ-01129,SN-1129-62108970,Termómetro clínico,Apoyo a diagnóstico,Riester,RI-242,II,Media,2021-10-21,95000.0,14,Propio,,True,Externo,Bueno
1130,EQ-01130,SN-1130-39875721,Carro de transporte estéril,Esterilización,Getinge,GE-108,I,Media,2023-05-22,1329000.0,12,Propio,,True,Interno,Bueno
1131,EQ-01131,SN-1131-50897957,Otoscopio,Apoyo a diagnóstico,Riester,RI-369,I,Baja,2017-03-29,544000.0,13,Propio,,True,Externo,Bueno
1132,EQ-01132,SN-1132-81307075,Termómetro clínico,Apoyo a diagnóstico,Gima,GI-379,II,Baja,2024-09-26,93000.0,13,Propio,2027-09-09,True,Interno,Bueno
1133,EQ-01133,SN-1133-39713305,Electrocardiógrafo,Monitoreo,Mindray,MI-519,II,Alta,2018-11-20,1936000.0,11,Propio,2021-01-09,False,Interno,Bueno
1134,EQ-01134,SN-1134-56827234,Bomba de infusión,Soporte vital,Mindray,MI-661,III,Alta,2022-05-08,1282000.0,9,Arriendo,2024-02-16,True,Externo,Bueno
1135,EQ-01135,SN-1135-63117263,Carro de transporte estéril,Esterilización,Steelco,ST-326,I,Media,2018-03-09,1313000.0,10,Propio,2020-05-29,True,Contrato,Bueno
1136,EQ-01136,SN-1136-39919639,Termómetro clínico,Apoyo a diagnóstico,Riester,RI-579,II,Media,2024-01-20,97000.0,12,Propio,2026-05-05,False,Contrato,Bueno
1137,EQ-01137,SN-1137-93734386,Balanza clínica,Apoyo a diagnóstico,SECA,SE-655,I,Baja,2017-07-12,598000.0,5,Comodato,,True,Externo,Bueno
1138,EQ-01138,SN-1138-89163661,Termómetro clínico,Apoyo a diagnóstico,Riester,RI-584,II,Baja,2026-01-18,112000.0,13,Propio,2027-03-29,True,Externo,Bueno
1139,EQ-01139,SN-1139-62883886,Electroestimulador,Rehabilitación,Chattanooga,CH-218,II,Baja,2015-11-03,2816000.0,9,Propio,2018-07-07,True,Contrato,Bueno
1140,EQ-01140,SN-1140-92828099,Monitor multiparámetro,Monitoreo,Philips,PH-698,III,Alta,2015-05-25,4950000.0,13,Propio,2016-12-05,True,Contrato,Bueno
1141,EQ-01141,SN-1141-60201403,Glucómetro,Apoyo a diagnóstico,Abbott,AB-753,II,Media,2020-02-26,54000.0,10,Propio,,False,Interno,Bueno
1142,EQ-01142,SN-1142-56012028,Bomba de infusión,Soporte vital,B. Braun,BB-950,III,Alta,2025-01-11,1167000.0,14,Propio,,True,Interno,Bueno
1143,EQ-01143,SN-1143-57520680,Autoclave,Esterilización,MMM Group,MM-768,II,Baja,2023-12-03,28200000.0,13,Propio,,True,Externo,Bueno
1144,EQ-01144,SN-1144-60098956,Bomba PCA,Soporte vital,BD/CareFusion,BD-826,III,Alta,2019-03-07,2021000.0,10,Propio,,True,Interno,Bueno
1145,EQ-01145,SN-1145-84588109,Termómetro clínico,Apoyo a diagnóstico,Omron,OM-698,II,Media,2020-04-16,166000.0,7,Propio,2023-04-12,True,Contrato,Bueno
1146,EQ-01146,SN-1146-90460870,Oftalmoscopio,Apoyo a diagnóstico,Riester,RI-214,I,Media,2023-08-16,398000.0,12,Propio,,False,Interno,Bueno
1147,EQ-01147,SN-1147-57624092,Termómetro clínico,Apoyo a diagnóstico,Omron,OM-232,II,Baja,2025-04-22,179000.0,12,Propio,2026-05-26,True,Contrato,Bueno
1148,EQ-01148,SN-1148-43350196,Analizador bioquímico,Laboratorio,Roche,RO-802,II,Baja,2015-03-31,32709000.0,9,Propio,,True,Interno,Bueno
1149,EQ-01149,SN-1149-74623156,Electroestimulador,Rehabilitación,BTL,BT-238,II,Media,2018-05-15,1776000.0,14,Propio,,True,Externo,Bueno
1150,EQ-01150,SN-1150-23621056,Selladora térmica,Esterilización,hawo,HA-439,I,Alta,2015-03-30,1897000.0,10,Propio,2017-10-02,True,Interno,Malo
1151,EQ-01151,SN-1151-17550808,Ventilador mecánico,Soporte vital,Philips,PH-451,III,Alta,2018-03-14,42547000.0,14,Propio,2019-10-07,True,Externo,Bueno
1152,EQ-01152,SN-1152-24361839,Termómetro clínico,Apoyo a diagnóstico,Gima,GI-101,II,Baja,2013-06-18,162000.0,9,Propio,,True,Interno,Bueno
1153,EQ-01153,SN-1153-10919970,Monitor multiparámetro,Monitoreo,Nihon Kohden,NI-762,III,Baja,2012-07-14,3327000.0,10,Propio,2014-01-02,False,Externo,Bueno
1154,EQ-01154,SN-1154-57123028,Glucómetro,Apoyo a diagnóstico,Roche/Accu-Chek,RO-613,II,Baja,2021-10-09,33000.0,11,Propio,,True,Externo,Bueno
1155,EQ-01155,SN-1155-22851568,Termómetro clínico,Apoyo a diagnóstico,Riester,RI-636,II,Media,2010-01-13,103000.0,11,Propio,,True,Externo,Bueno
1156,EQ-01156,SN-1156-16392162,Otoscopio,Apoyo a diagnóstico,HEINE,HE-375,I,Media,2020-11-25,717000.0,9,Propio,2023-09-25,False,Interno,Bueno
1157,EQ-01157,SN-1157-98710333,Monitor multiparámetro,Monitoreo,Dräger,DR-209,III,Alta,2018-09-12,3595000.0,12,Propio,,False,Interno,Bueno
1158,EQ-01158,SN-1158-59647822,Esfigmomanómetro,Apoyo a diagnóstico,Microlife,MI-605,II,Media,2020-02-16,224000.0,13,Propio,,False,Interno,Bueno
1159,EQ-01159,SN-1159-41645930,Monitor signos vitales,Monitoreo,Welch Allyn/Hillrom,WE-922,II,Media,2022-11-26,1273000.0,8,Propio,,True,Interno,Bueno
1160,EQ-01160,SN-1160-51668271,Electrocardiógrafo,Monitoreo,Bionet,BI-301,II,Alta,2016-08-01,3042000.0,13,Propio,2018-07-21,False,Externo,Bueno
1161,EQ-01161,SN-1161-75041359,Monitor signos vitales,Monitoreo,Mindray,MI-108,II,Alta,2015-02-06,1200000.0,11,Propio,,False,Externo,Bueno
1162,EQ-01162,SN-1162-50340060,Bomba de infusión,Soporte vital,ICU Medical,IC-930,III,Media,2011-03-15,1334000.0,10,Propio,2014-01-05,True,Interno,Regular
1163,EQ-01163,SN-1163-62791651,Bomba de infusión,Soporte vital,Baxter,BA-898,III,Media,2024-08-02,1879000.0,13,Propio,2025-12-16,True,Contrato,Regular
1164,EQ-01164,SN-1164-53357897,Microscopio quirúrgico oftalmológico,Oftalmología,Haag-Streit,HA-807,II,Baja,2011-02-19,49913000.0,13,Propio,2012-09-21,True,Interno,Bueno
1165,EQ-01165,SN-1165-88190179,Glucómetro,Apoyo a diagnóstico,Abbott,AB-827,II,Media,2024-04-23,42000.0,12,Arriendo,,True,Interno,Regular
1166,EQ-01166,SN-1166-55000122,Esfigmomanómetro,Apoyo a diagnóstico,Gima,GI-654,II,Baja,2011-10-17,207000.0,13,Arriendo,,False,Interno,Bueno
1167,EQ-01167,SN-1167-92531128,Camilla de fisioterapia,Rehabilitación,Chattanooga,CH-334,I,Baja,2014-06-29,1671000.0,13,Arriendo,2016-09-03,True,Interno,Bueno
1168,EQ-01168,SN-1168-16260961,Camilla de transporte,Apoyo a diagnóstico,Malvestio,MA-926,I,Baja,2015-06-20,4658000.0,12,Arriendo,,True,Contrato,Bueno
1169,EQ-01169,SN-1169-74159265,Glucómetro,Apoyo a diagnóstico,Abbott,AB-831,II,Media,2014-10-20,65000.0,13,Propio,,True,Interno,Bueno
1170,EQ-01170,SN-1170-43497075,Bomba de infusión,Soporte vital,Mindray,MI-419,III,Alta,2020-04-24,1199000.0,14,Propio,2021-12-28,True,Externo,Bueno
1171,EQ-01171,SN-1171-27874787,Otoscopio,Apoyo a diagnóstico,Riester,RI-932,I,Baja,2022-02-03,575000.0,9,Comodato,2023-06-15,True,Interno,Bueno
1172,EQ-01172,SN-1172-69003647,Glucómetro,Apoyo a diagnóstico,Gima,GI-393,II,Baja,2012-09-24,33000.0,10,Propio,2015-07-17,True,Contrato,Bueno
1173,EQ-01173,SN-1173-55771299,Desfibrilador,Soporte vital,Stryker/Physio-Control,ST-418,III,Alta,2025-05-15,6143000.0,14,Propio,2028-01-04,True,Interno,Bueno
1174,EQ-01174,SN-1174-35917188,Termómetro clínico,Apoyo a diagnóstico,Omron,OM-614,II,Baja,2021-04-14,160000.0,14,Propio,2023-06-17,True,Interno,Bueno
1175,EQ-01175,SN-1175-97078709,Esfigmomanómetro,Apoyo a diagnóstico,Omron,OM-714,II,Baja,2020-12-27,283000.0,10,Propio,,True,Interno,Bueno
1176,EQ-01176,SN-1176-93726809,Camilla de transporte,Apoyo a diagnóstico,Stryker/Physio-Control,ST-499,I,Media,2021-05-25,2766000.0,12,Propio,,True,Interno,Regular
1177,EQ-01177,SN-1177-29576104,Monitor multiparámetro,Monitoreo,Nihon Kohden,NI-745,III,Alta,2019-11-16,3822000.0,13,Propio,2021-03-04,True,Interno,Bueno
1178,EQ-01178,SN-1178-62257181,Termómetro clínico,Apoyo a diagnóstico,Gima,GI-867,II,Baja,2011-07-26,49000.0,6,Propio,,False,Externo,Bueno
1179,EQ-01179,SN-1179-29478098,Glucómetro,Apoyo a diagnóstico,Gima,GI-441,II,Baja,2017-12-01,66000.0,12,Propio,,True,Contrato,Bueno
1180,EQ-01180,SN-1180-74102835,Monitor signos vitales,Monitoreo,Edan,ED-924,II,Alta,2012-06-18,1223000.0,9,Propio,2014-11-19,True,Contrato,Regular
1181,EQ-01181,SN-1181-76783128,Bomba PCA,Soporte vital,ICU Medical,IC-411,III,Alta,2016-06-16,2263000.0,13,Propio,2019-03-27,True,Interno,Bueno
1182,EQ-01182,SN-1182-35507360,Camilla de transporte,Apoyo a diagnóstico,Malvestio,MA-429,I,Baja,2022-02-17,4856000.0,13,Propio,,True,Interno,Bueno
1183,EQ-01183,SN-1183-25369445,Trotadora,Rehabilitación,Biodex,BI-995,I,Baja,2014-08-20,4613000.0,12,Propio,2016-09-20,False,Externo,Bueno
1184,EQ-01184,SN-1184-98608217,Esfigmomanómetro,Apoyo a diagnóstico,Gima,GI-447,II,Baja,2019-05-03,250000.0,9,Propio,2020-08-19,True,Externo,Bueno
1185,EQ-01185,SN-1185-60729362,Ventilador neonatal,Neonatología,Vyaire,VY-985,III,Alta,2023-12-07,38203000.0,15,Propio,,False,Externo,Regular
1186,EQ-01186,SN-1186-49863034,Camilla de transporte,Apoyo a diagnóstico,Stryker/Physio-Control,ST-599,I,Baja,2017-10-20,4924000.0,7,Propio,2019-10-26,True,Contrato,Bueno
1187,EQ-01187,SN-1187-46102579,Glucómetro,Apoyo a diagnóstico,Roche/Accu-Chek,RO-419,II,Media,2018-10-09,39000.0,12,Propio,2019-11-29,False,Interno,Bueno
1188,EQ-01188,SN-1188-88356195,Monitor multiparámetro,Monitoreo,Dräger,DR-105,III,Media,2014-08-07,2594000.0,9,Propio,2015-12-30,True,Interno,Regular
1189,EQ-01189,SN-1189-97838533,Bomba de infusión,Soporte vital,Fresenius Kabi,FR-255,III,Alta,2017-05-18,1836000.0,11,Propio,2018-08-04,True,Externo,Bueno
1190,EQ-01190,SN-1190-33384243,Glucómetro,Apoyo a diagnóstico,Roche/Accu-Chek,RO-606,II,Media,2014-06-17,39000.0,12,Propio,2016-07-29,False,Externo,Bueno
1191,EQ-01191,SN-1191-65621503,Desfibrilador,Soporte vital,Stryker/Physio-Control,ST-294,III,Alta,2026-05-01,4739000.0,14,Propio,2029-04-25,True,Interno,Bueno
1192,EQ-01192,SN-1192-24293097,Bomba de infusión,Soporte vital,Fresenius Kabi,FR-556,III,Alta,2011-06-09,1487000.0,12,Propio,2013-11-05,False,Interno,Bueno
1193,EQ-01193,SN-1193-67158474,Otoscopio,Apoyo a diagnóstico,HEINE,HE-431,I,Media,2013-03-25,512000.0,12,Arriendo,2016-02-01,True,Contrato,Bueno
1194,EQ-01194,SN-1194-80449849,Tallímetro,Apoyo a diagnóstico,Tanita,TA-229,I,Baja,2019-09-24,171000.0,7,Comodato,2020-12-04,True,Contrato,Bueno
1195,EQ-01195,SN-1195-54846143,Bomba de infusión,Soporte vital,Baxter,BA-498,III,Alta,2019-12-01,1812000.0,14,Propio,,True,Contrato,Bueno
1196,EQ-01196,SN-1196-37817709,Monitor signos vitales,Monitoreo,Philips,PH-167,II,Alta,2016-06-23,1657000.0,11,Propio,2018-03-05,False,Interno,Bueno
1197,EQ-01197,SN-1197-21663941,Termómetro clínico,Apoyo a diagnóstico,Gima,GI-106,II,Baja,2010-05-10,72000.0,13,Propio,,True,Interno,Bueno
1198,EQ-01198,SN-1198-11143909,Refrigerador clínico,Laboratorio,Binder,BI-556,I,Baja,2015-01-18,5701000.0,15,Comodato,,True,Contrato,Bueno
1199,EQ-01199,SN-1199-49441265,Desfibrilador,Soporte vital,Nihon Kohden,NI-250,III,Alta,2021-10-23,5750000.0,14,Propio,2022-10-31,False,Interno,Bueno
1200,EQ-01200,SN-1200-36646207,Bioimpedanciómetro,Apoyo a diagnóstico,InBody,IN-651,II,Media,2023-03-13,5418000.0,9,Propio,2024-04-15,True,Interno,Bueno
1201,EQ-01201,SN-1201-74780817,Carro de transporte estéril,Esterilización,Steelco,ST-967,I,Alta,2012-04-27,1521000.0,12,Propio,2014-09-17,False,Contrato,Bueno
1202,EQ-01202,SN-1202-93835837,Desfibrilador,Soporte vital,Stryker/Physio-Control,ST-525,III,Alta,2026-06-06,4529000.0,10,Comodato,,True,Interno,Bueno
1203,EQ-01203,SN-1203-28061852,Tallímetro,Apoyo a diagnóstico,Tanita,TA-666,I,Baja,2012-07-23,262000.0,13,Propio,,False,Interno,Bueno
1204,EQ-01204,SN-1204-12526707,Glucómetro,Apoyo a diagnóstico,Gima,GI-322,II,Baja,2019-05-09,74000.0,13,Comodato,,False,Interno,Bueno
1205,EQ-01205,SN-1205-33252443,Incubadora,Neonatología,Atom Medical,AT-923,III,Alta,2013-02-07,10082000.0,11,Propio,,True,Interno,Bueno
1206,EQ-01206,SN-1206-34642177,Termómetro clínico,Apoyo a diagnóstico,Welch Allyn/Hillrom,WE-419,II,Baja,2013-10-01,128000.0,11,Propio,2015-03-15,True,Externo,Bueno
1207,EQ-01207,SN-1207-82672549,Camilla de fisioterapia,Rehabilitación,Enraf-Nonius,EN-872,I,Baja,2011-10-29,954000.0,10,Propio,2014-10-13,True,Interno,Bueno
1208,EQ-01208,SN-1208-38889457,Máquina de anestesia,Soporte vital,GE HealthCare,GE-315,III,Media,2024-01-20,55102000.0,15,Propio,2025-03-01,True,Contrato,Bueno
1209,EQ-01209,SN-1209-52317682,Compresor dental,Odontología,KaVo,KA-361,I,Baja,2018-08-17,2776000.0,14,Propio,,True,Contrato,Bueno
1210,EQ-01210,SN-1210-39741192,Esfigmomanómetro,Apoyo a diagnóstico,A&D Medical,AD-511,II,Baja,2021-03-13,99000.0,7,Arriendo,,False,Externo,Bueno
1211,EQ-01211,SN-1211-34746356,Monitor signos vitales,Monitoreo,Philips,PH-802,II,Media,2010-05-14,1490000.0,14,Propio,2012-08-06,False,Interno,Bueno
1212,EQ-01212,SN-1212-49304772,Esfigmomanómetro,Apoyo a diagnóstico,Microlife,MI-211,II,Baja,2019-07-28,173000.0,13,Comodato,2020-11-21,True,Interno,Bueno
1213,EQ-01213,SN-1213-29052224,Oftalmoscopio,Apoyo a diagnóstico,HEINE,HE-288,I,Baja,2019-06-25,490000.0,13,Propio,,True,Externo,Bueno
1214,EQ-01214,SN-1214-43968439,Camilla de transporte,Apoyo a diagnóstico,Malvestio,MA-123,I,Media,2019-03-09,3462000.0,11,Propio,,True,Contrato,Bueno
1215,EQ-01215,SN-1215-88881460,Monitor signos vitales,Monitoreo,Nonin,NO-968,II,Media,2022-12-28,1430000.0,13,Propio,2024-11-12,True,Interno,Bueno
1216,EQ-01216,SN-1216-50337010,Otoscopio,Apoyo a diagnóstico,Riester,RI-896,I,Baja,2017-06-28,502000.0,14,Comodato,2019-01-27,False,Interno,Bueno
1217,EQ-01217,SN-1217-66324670,Oftalmoscopio,Apoyo a diagnóstico,Gima,GI-616,I,Baja,2014-03-18,586000.0,11,Propio,2015-10-04,True,Contrato,Bueno
1218,EQ-01218,SN-1218-78645665,Monitor signos vitales,Monitoreo,Nihon Kohden,NI-140,II,Media,2018-11-29,1378000.0,10,Comodato,,True,Contrato,Bueno
1219,EQ-01219,SN-1219-49604745,Termómetro clínico,Apoyo a diagnóstico,Omron,OM-737,II,Baja,2023-08-15,27000.0,11,Comodato,,True,Contrato,Bueno
1220,EQ-01220,SN-1220-42248779,Esfigmomanómetro,Apoyo a diagnóstico,Omron,OM-857,II,Media,2018-02-05,201000.0,13,Propio,2020-01-28,True,Contrato,Bueno
1221,EQ-01221,SN-1221-10497142,Termómetro clínico,Apoyo a diagnóstico,Welch Allyn/Hillrom,WE-856,II,Media,2015-02-05,171000.0,10,Propio,2016-09-19,True,Contrato,Bueno
1222,EQ-01222,SN-1222-21674880,Monitor multiparámetro,Monitoreo,Bionet,BI-185,III,Media,2014-03-30,2931000.0,14,Propio,2017-03-21,False,Externo,Bueno
1223,EQ-01223,SN-1223-78046088,Bomba PCA,Soporte vital,ICU Medical,IC-832,III,Alta,2025-09-26,2330000.0,13,Propio,2027-08-12,False,Externo,Bueno
1224,EQ-01224,SN-1224-73358889,Esfigmomanómetro,Apoyo a diagnóstico,Microlife,MI-147,II,Media,2022-12-16,142000.0,14,Propio,,True,Externo,Bueno
1225,EQ-01225,SN-1225-97634425,Desfibrilador,Soporte vital,Philips,PH-696,III,Alta,2023-11-02,6344000.0,10,Propio,,False,Externo,Bueno
1226,EQ-01226,SN-1226-99649382,Monitor signos vitales,Monitoreo,Masimo,MA-103,II,Alta,2012-11-23,1474000.0,11,Propio,,True,Contrato,Bueno
1227,EQ-01227,SN-1227-21388490,Termómetro clínico,Apoyo a diagnóstico,Microlife,MI-407,II,Media,2021-06-21,116000.0,13,Comodato,2023-11-25,True,Contrato,Bueno
1228,EQ-01228,SN-1228-19894551,Oftalmoscopio,Apoyo a diagnóstico,HEINE,HE-877,I,Baja,2018-05-25,750000.0,11,Propio,,True,Interno,Bueno
1229,EQ-01229,SN-1229-12914743,Monitor multiparámetro,Monitoreo,Spacelabs,SP-240,III,Media,2016-10-16,3940000.0,12,Propio,2019-04-09,False,Interno,Regular
1230,EQ-01230,SN-1230-31487177,Máquina de anestesia,Soporte vital,GE HealthCare,GE-344,III,Alta,2016-10-12,52235000.0,12,Comodato,2018-06-18,True,Interno,Bueno
1231,EQ-01231,SN-1231-84532942,Esfigmomanómetro,Apoyo a diagnóstico,Gima,GI-209,II,Baja,2024-11-16,160000.0,15,Propio,2026-03-26,False,Interno,Bueno
1232,EQ-01232,SN-1232-76604306,Rayos X portátil,Imagenología,Philips,PH-560,II,Media,2022-01-14,46604000.0,7,Propio,,True,Externo,Bueno
1233,EQ-01233,SN-1233-89554496,Camilla de transporte,Apoyo a diagnóstico,Stryker/Physio-Control,ST-740,I,Baja,2020-01-21,3950000.0,8,Propio,,True,Contrato,Bueno
1234,EQ-01234,SN-1234-79761100,Glucómetro,Apoyo a diagnóstico,Roche/Accu-Chek,RO-901,II,Baja,2024-01-14,67000.0,13,Propio,2026-10-07,True,Contrato,Bueno
1235,EQ-01235,SN-1235-19077989,Termómetro clínico,Apoyo a diagnóstico,Welch Allyn/Hillrom,WE-657,II,Baja,2011-04-14,94000.0,13,Propio,,True,Interno,Bueno
1236,EQ-01236,SN-1236-41415302,Bomba de infusión,Soporte vital,Baxter,BA-872,III,Alta,2016-02-12,1180000.0,13,Propio,,True,Interno,Bueno
1237,EQ-01237,SN-1237-62755021,Ecógrafo,Imagenología,GE HealthCare,GE-202,II,Alta,2021-03-07,44317000.0,11,Propio,2023-04-03,False,Interno,Bueno
1238,EQ-01238,SN-1238-10443234,Máquina de anestesia,Soporte vital,GE HealthCare,GE-104,III,Media,2024-07-03,33216000.0,9,Propio,2027-05-10,True,Interno,Bueno
1239,EQ-01239,SN-1239-76196876,Monitor signos vitales,Monitoreo,Masimo,MA-708,II,Media,2021-12-30,1898000.0,6,Propio,,True,Contrato,Bueno
1240,EQ-01240,SN-1240-86438746,Glucómetro,Apoyo a diagnóstico,Roche/Accu-Chek,RO-272,II,Media,2020-11-15,63000.0,11,Propio,2022-10-02,True,Contrato,Bueno
1241,EQ-01241,SN-1241-99653898,Termómetro clínico,Apoyo a diagnóstico,Braun,BR-339,II,Baja,2019-04-18,75000.0,11,Propio,2020-06-01,True,Contrato,Bueno
1242,EQ-01242,SN-1242-17778941,Bomba de infusión,Soporte vital,ICU Medical,IC-928,III,Alta,2023-11-11,1963000.0,12,Comodato,2025-08-22,True,Externo,Bueno
1243,EQ-01243,SN-1243-57930454,Selladora térmica,Esterilización,W&H,WH-375,I,Baja,2017-03-09,2080000.0,9,Propio,2018-06-18,True,Externo,Bueno
1244,EQ-01244,SN-1244-88798273,Termómetro clínico,Apoyo a diagnóstico,Omron,OM-244,II,Media,2011-08-18,140000.0,8,Propio,2012-11-01,True,Externo,Bueno
1245,EQ-01245,SN-1245-42217651,Espirómetro,Apoyo a diagnóstico,ndd,ND-582,II,Baja,2019-08-12,1887000.0,12,Propio,2021-10-10,False,Interno,Bueno
1246,EQ-01246,SN-1246-80311630,Monitor multiparámetro,Monitoreo,Bionet,BI-713,III,Media,2013-03-03,5765000.0,6,Comodato,2015-12-20,True,Externo,Bueno
1247,EQ-01247,SN-1247-81650853,Bomba de infusión,Soporte vital,Baxter,BA-125,III,Alta,2013-07-07,1209000.0,12,Propio,,True,Interno,Bueno
1248,EQ-01248,SN-1248-72842813,Camilla de transporte,Apoyo a diagnóstico,Hillrom/Baxter,HI-736,I,Baja,2010-11-12,3579000.0,12,Propio,2013-10-22,False,Externo,Bueno
1249,EQ-01249,SN-1249-14256601,Desfibrilador,Soporte vital,Mindray,MI-315,III,Alta,2021-09-30,6008000.0,12,Propio,2023-10-29,True,Contrato,Bueno
1250,EQ-01250,SN-1250-85526674,Bomba de infusión,Soporte vital,ICU Medical,IC-488,III,Alta,2014-02-16,1628000.0,8,Propio,2015-09-11,True,Contrato,Bueno
1251,EQ-01251,SN-1251-81303013,Glucómetro,Apoyo a diagnóstico,Abbott,AB-314,II,Media,2014-10-07,70000.0,12,Comodato,2016-07-30,True,Interno,Bueno
1252,EQ-01252,SN-1252-10438442,Termómetro clínico,Apoyo a diagnóstico,Braun,BR-127,II,Baja,2015-07-16,122000.0,14,Propio,2017-06-15,True,Externo,Bueno
1253,EQ-01253,SN-1253-87918434,Glucómetro,Apoyo a diagnóstico,Roche/Accu-Chek,RO-167,II,Baja,2011-10-11,43000.0,12,Propio,,True,Interno,Bueno
1254,EQ-01254,SN-1254-89859656,Monitor multiparámetro,Monitoreo,Mindray,MI-638,III,Alta,2010-09-12,4874000.0,13,Propio,,True,Interno,Bueno
1255,EQ-01255,SN-1255-55939308,Glucómetro,Apoyo a diagnóstico,Abbott,AB-615,II,Baja,2014-05-25,66000.0,10,Propio,,False,Externo,Bueno
1256,EQ-01256,SN-1256-95586993,Bomba de infusión,Soporte vital,Fresenius Kabi,FR-998,III,Alta,2011-12-15,1883000.0,12,Comodato,,True,Externo,Bueno
1257,EQ-01257,SN-1257-90857461,Bomba de infusión,Soporte vital,Fresenius Kabi,FR-711,III,Alta,2014-11-18,1142000.0,11,Propio,,True,Interno,Bueno
1258,EQ-01258,SN-1258-72392934,Bicicleta ergométrica,Rehabilitación,Technogym,TE-312,I,Baja,2013-09-12,2753000.0,10,Propio,2015-12-25,True,Interno,Bueno
1259,EQ-01259,SN-1259-96321555,Bomba de infusión,Soporte vital,B. Braun,BB-129,III,Alta,2026-06-24,1383000.0,13,Propio,2028-02-10,False,Interno,Bueno
1260,EQ-01260,SN-1260-29143650,Termómetro clínico,Apoyo a diagnóstico,Riester,RI-310,II,Media,2023-06-20,88000.0,10,Propio,,False,Interno,Bueno
1261,EQ-01261,SN-1261-30902490,Oftalmoscopio,Apoyo a diagnóstico,Gima,GI-653,I,Alta,2016-02-15,585000.0,10,Propio,2018-12-03,False,Externo,Bueno
1262,EQ-01262,SN-1262-91978086,Balanza clínica,Apoyo a diagnóstico,Health o meter,HE-819,I,Media,2011-03-29,1149000.0,14,Propio,,True,Contrato,Bueno
1263,EQ-01263,SN-1263-12025436,Bomba de infusión,Soporte vital,Mindray,MI-550,III,Alta,2017-09-20,1703000.0,8,Propio,2019-04-15,False,Contrato,Regular
1264,EQ-01264,SN-1264-84774448,Tallímetro,Apoyo a diagnóstico,Gima,GI-664,I,Media,2023-06-19,229000.0,9,Propio,2025-03-15,True,Interno,Bueno
1265,EQ-01265,SN-1265-96890771,Monitor multiparámetro,Monitoreo,Bionet,BI-357,III,Media,2021-04-29,5914000.0,15,Propio,2022-05-22,True,Interno,Bueno
1266,EQ-01266,SN-1266-78907988,Carro de transporte estéril,Esterilización,CISA Group,CI-437,I,Alta,2024-10-27,2780000.0,11,Arriendo,,True,Interno,Bueno
1267,EQ-01267,SN-1267-27185258,Camilla de transporte,Apoyo a diagnóstico,Malvestio,MA-497,I,Baja,2012-03-09,2756000.0,15,Propio,2014-11-03,False,Externo,Bueno
1268,EQ-01268,SN-1268-37306926,Incubadora,Neonatología,Dräger,DR-522,III,Alta,2016-05-20,14592000.0,12,Propio,2019-01-11,False,Interno,Bueno
1269,EQ-01269,SN-1269-50292144,Monitor multiparámetro,Monitoreo,Nihon Kohden,NI-604,III,Media,2022-01-22,5853000.0,8,Propio,2024-08-24,True,Contrato,Bueno
1270,EQ-01270,SN-1270-25740587,Bomba de infusión,Soporte vital,B. Braun,BB-299,III,Alta,2020-02-25,1516000.0,9,Propio,2021-03-10,True,Interno,Bueno
1271,EQ-01271,SN-1271-29824969,Máquina de anestesia,Soporte vital,GE HealthCare,GE-512,III,Alta,2024-08-11,71879000.0,6,Propio,2026-12-29,False,Contrato,Bueno
1272,EQ-01272,SN-1272-73367303,Centrífuga,Laboratorio,Thermo Fisher Scientific,TH-957,I,Baja,2015-02-25,2345000.0,9,Comodato,2017-12-22,False,Interno,Bueno
1273,EQ-01273,SN-1273-22807832,Baño termorregulado,Laboratorio,Binder,BI-597,I,Alta,2017-02-02,1011000.0,10,Propio,,False,Interno,Bueno
1274,EQ-01274,SN-1274-78770855,Monitor multiparámetro,Monitoreo,Edan,ED-377,III,Media,2010-06-02,3966000.0,12,Arriendo,2012-06-27,False,Interno,Bueno
1275,EQ-01275,SN-1275-98592182,Monitor multiparámetro,Monitoreo,Mindray,MI-279,III,Alta,2026-06-22,3133000.0,13,Propio,,False,Interno,Bueno
1276,EQ-01276,SN-1276-93519502,Esfigmomanómetro,Apoyo a diagnóstico,Welch Allyn/Hillrom,WE-284,II,Baja,2011-03-25,258000.0,8,Comodato,2012-10-21,True,Externo,Bueno
1277,EQ-01277,SN-1277-61536675,Bomba de infusión,Soporte vital,BD/CareFusion,BD-134,III,Media,2014-12-11,1704000.0,15,Propio,2015-12-21,False,Contrato,Bueno
1278,EQ-01278,SN-1278-83958695,Bomba de infusión,Soporte vital,Fresenius Kabi,FR-457,III,Alta,2022-06-12,1486000.0,9,Comodato,2024-07-17,True,Contrato,Bueno
1279,EQ-01279,SN-1279-23900116,Bomba de infusión,Soporte vital,ICU Medical,IC-719,III,Alta,2011-09-22,1057000.0,13,Propio,,True,Externo,Bueno
1280,EQ-01280,SN-1280-67381525,Bomba de infusión,Soporte vital,Baxter,BA-521,III,Alta,2023-11-09,1662000.0,11,Propio,,True,Interno,Bueno
1281,EQ-01281,SN-1281-93144622,Unidad dental,Odontología,Belmont,BE-992,I,Baja,2022-01-29,18237000.0,13,Propio,,False,Contrato,Bueno
1282,EQ-01282,SN-1282-77798379,Oftalmoscopio,Apoyo a diagnóstico,Riester,RI-486,I,Baja,2016-04-29,865000.0,12,Propio,2018-05-16,True,Contrato,Bueno
1283,EQ-01283,SN-1283-21386708,Esfigmomanómetro,Apoyo a diagnóstico,Gima,GI-384,II,Media,2013-04-14,190000.0,9,Propio,,True,Contrato,Bueno
1284,EQ-01284,SN-1284-41549390,Analizador bioquímico,Laboratorio,Siemens Healthineers,SI-702,II,Baja,2020-07-08,34029000.0,8,Propio,,True,Contrato,Bueno
1285,EQ-01285,SN-1285-75348082,Selladora térmica,Esterilización,MELAG,ME-941,I,Alta,2021-01-10,1668000.0,11,Propio,2022-11-12,True,Externo,Bueno
1286,EQ-01286,SN-1286-69079803,Camilla de transporte,Apoyo a diagnóstico,Stryker/Physio-Control,ST-547,I,Baja,2025-04-20,3994000.0,12,Propio,,False,Interno,Bueno
1287,EQ-01287,SN-1287-23750694,Bomba de infusión,Soporte vital,Mindray,MI-924,III,Alta,2022-04-02,1796000.0,13,Propio,2023-04-18,True,Interno,Bueno
1288,EQ-01288,SN-1288-11101895,Otoscopio,Apoyo a diagnóstico,HEINE,HE-346,I,Baja,2019-07-26,621000.0,12,Propio,2020-11-20,True,Interno,Regular
1289,EQ-01289,SN-1289-43456123,Bomba de infusión,Soporte vital,B. Braun,BB-366,III,Alta,2015-07-19,1530000.0,8,Propio,,True,Externo,Bueno
1290,EQ-01290,SN-1290-88151631,Glucómetro,Apoyo a diagnóstico,Abbott,AB-359,II,Baja,2018-03-12,54000.0,13,Propio,,True,Contrato,Bueno
1291,EQ-01291,SN-1291-92865934,Bomba PCA,Soporte vital,B. Braun,BB-202,III,Alta,2018-04-09,1911000.0,12,Propio,2020-12-10,True,Contrato,Bueno
1292,EQ-01292,SN-1292-55975833,Autoclave,Esterilización,Getinge,GE-348,II,Baja,2020-05-25,18960000.0,11,Propio,,True,Interno,Regular
1293,EQ-01293,SN-1293-91718130,Electroestimulador,Rehabilitación,Chattanooga,CH-132,II,Baja,2014-01-22,1930000.0,9,Propio,,True,Contrato,Bueno
1294,EQ-01294,SN-1294-42073486,Tallímetro,Apoyo a diagnóstico,Tanita,TA-830,I,Baja,2024-07-16,239000.0,12,Arriendo,2025-10-21,False,Interno,Bueno
1295,EQ-01295,SN-1295-88313489,Oftalmoscopio,Apoyo a diagnóstico,Riester,RI-121,I,Media,2011-10-12,728000.0,13,Propio,2013-07-03,True,Contrato,Bueno
1296,EQ-01296,SN-1296-29218365,Termómetro clínico,Apoyo a diagnóstico,Braun,BR-578,II,Media,2020-12-23,107000.0,8,Propio,,True,Contrato,Bueno
1297,EQ-01297,SN-1297-40148727,Ventilador mecánico,Soporte vital,Hamilton Medical,HA-476,III,Alta,2017-04-07,36299000.0,14,Propio,,False,Interno,Bueno
1298,EQ-01298,SN-1298-11757627,Esfigmomanómetro,Apoyo a diagnóstico,Microlife,MI-982,II,Media,2025-09-30,296000.0,13,Comodato,,False,Contrato,Bueno
1299,EQ-01299,SN-1299-30799940,Termómetro clínico,Apoyo a diagnóstico,Gima,GI-522,II,Media,2022-01-21,131000.0,9,Comodato,2023-07-20,True,Contrato,Bueno
1300,EQ-01300,SN-1300-72467678,Camilla de transporte,Apoyo a diagnóstico,Stryker/Physio-Control,ST-665,I,Media,2010-06-09,3962000.0,9,Arriendo,,True,Contrato,Bueno
1301,EQ-01301,SN-1301-97607643,Rayos X portátil,Imagenología,Philips,PH-630,II,Media,2013-02-25,55837000.0,7,Propio,2015-02-18,True,Contrato,Bueno
1302,EQ-01302,SN-1302-59195538,Ventilador mecánico,Soporte vital,Philips,PH-807,III,Media,2011-04-29,30923000.0,13,Propio,,True,Interno,Bueno
1303,EQ-01303,SN-1303-81831916,Termómetro clínico,Apoyo a diagnóstico,Gima,GI-609,II,Baja,2021-04-06,123000.0,12,Comodato,2022-06-29,False,Interno,Baja
1304,EQ-01304,SN-1304-39993933,Refrigerador clínico,Laboratorio,Haier Biomedical,HA-699,I,Media,2011-11-30,4350000.0,8,Arriendo,,True,Interno,Bueno
1305,EQ-01305,SN-1305-59328680,Bomba de infusión,Soporte vital,Fresenius Kabi,FR-151,III,Media,2011-01-25,1726000.0,9,Propio,,True,Interno,Regular
1306,EQ-01306,SN-1306-73096553,Desfibrilador,Soporte vital,Philips,PH-752,III,Alta,2022-05-24,6967000.0,11,Propio,,True,Interno,Baja
1307,EQ-01307,SN-1307-33100722,Electrocardiógrafo,Monitoreo,Nihon Kohden,NI-243,II,Media,2017-08-22,1907000.0,7,Propio,,False,Externo,Baja
1308,EQ-01308,SN-1308-10121172,Glucómetro,Apoyo a diagnóstico,Abbott,AB-516,II,Media,2024-03-08,77000.0,9,Propio,,True,Externo,Bueno
1309,EQ-01309,SN-1309-69265756,Termómetro clínico,Apoyo a diagnóstico,Welch Allyn/Hillrom,WE-501,II,Baja,2017-12-16,106000.0,9,Comodato,2019-02-28,True,Interno,Bueno
1310,EQ-01310,SN-1310-60422445,Monitor signos vitales,Monitoreo,Nihon Kohden,NI-786,II,Alta,2019-08-04,802000.0,8,Propio,2022-04-11,True,Interno,Bueno
1311,EQ-01311,SN-1311-25291566,Centrífuga,Laboratorio,Beckman Coulter,BE-932,I,Baja,2024-03-04,2565000.0,9,Propio,2026-07-25,True,Interno,Regular
1312,EQ-01312,SN-1312-20044164,Esfigmomanómetro,Apoyo a diagnóstico,A&D Medical,AD-513,II,Media,2021-10-25,200000.0,8,Propio,2024-05-03,True,Contrato,Bueno
1313,EQ-01313,SN-1313-50313012,Tallímetro,Apoyo a diagnóstico,Detecto,DE-918,I,Baja,2017-09-04,122000.0,7,Propio,2019-07-07,True,Interno,Bueno
1314,EQ-01314,SN-1314-38673625,Esfigmomanómetro,Apoyo a diagnóstico,Riester,RI-133,II,Media,2011-06-02,99000.0,12,Propio,,False,Interno,Bueno
1315,EQ-01315,SN-1315-13990714,Microscopio,Laboratorio,Zeiss,ZE-504,I,Alta,2013-08-17,3410000.0,11,Propio,2014-11-16,True,Contrato,Bueno
1316,EQ-01316,SN-1316-44611964,Sillón dental,Odontología,Gnatus,GN-609,I,Media,2018-02-17,6235000.0,12,Propio,2020-09-25,False,Contrato,Bueno
1317,EQ-01317,SN-1317-54875642,Fototerapia,Neonatología,Medix,ME-182,II,Alta,2012-06-29,2656000.0,11,Propio,2015-05-13,False,Externo,Bueno
1318,EQ-01318,SN-1318-89131785,Autoclave,Esterilización,Belimed,BE-910,II,Alta,2019-02-14,25325000.0,10,Propio,2022-01-14,True,Interno,Regular
1319,EQ-01319,SN-1319-50235169,Bomba de infusión,Soporte vital,B. Braun,BB-501,III,Media,2010-10-08,1719000.0,14,Propio,2012-04-14,True,Externo,Bueno
1320,EQ-01320,SN-1320-53713430,Fototerapia,Neonatología,Dräger,DR-433,II,Alta,2020-07-06,3699000.0,13,Comodato,2021-10-14,True,Interno,Bueno
1321,EQ-01321,SN-1321-83381541,Trotadora,Rehabilitación,Woodway,WO-221,I,Media,2016-08-12,5254000.0,9,Propio,2017-12-27,False,Contrato,Bueno
1322,EQ-01322,SN-1322-90853637,Balanza clínica,Apoyo a diagnóstico,Tanita,TA-207,I,Baja,2011-09-26,243000.0,12,Propio,2013-07-30,True,Interno,Bueno
1323,EQ-01323,SN-1323-16926066,Ventilador mecánico,Soporte vital,Mindray,MI-417,III,Alta,2015-02-26,16790000.0,12,Propio,2017-09-20,False,Interno,Bueno
1324,EQ-01324,SN-1324-37834280,Ventilador mecánico,Soporte vital,Hamilton Medical,HA-989,III,Alta,2017-11-07,15735000.0,12,Propio,,True,Interno,Bueno
1325,EQ-01325,SN-1325-33802176,Microscopio quirúrgico oftalmológico,Oftalmología,Leica Microsystems,LE-145,II,Alta,2024-09-14,80777000.0,14,Propio,2026-11-19,True,Contrato,Bueno
1326,EQ-01326,SN-1326-55941565,Camilla de transporte,Apoyo a diagnóstico,Hillrom/Baxter,HI-535,I,Baja,2013-04-28,3786000.0,12,Propio,2015-08-25,False,Externo,Bueno
1327,EQ-01327,SN-1327-85378193,Bomba PCA,Soporte vital,ICU Medical,IC-429,III,Media,2013-04-19,2071000.0,12,Comodato,2015-07-07,True,Externo,Bueno
1328,EQ-01328,SN-1328-12588135,Monitor multiparámetro,Monitoreo,Nihon Kohden,NI-821,III,Media,2026-01-29,2032000.0,10,Propio,2028-02-01,False,Interno,Regular
1329,EQ-01329,SN-1329-27557788,Balanza clínica,Apoyo a diagnóstico,Gima,GI-471,I,Baja,2011-09-25,707000.0,5,Propio,2013-04-28,True,Interno,Bueno
1330,EQ-01330,SN-1330-40923011,Camilla de transporte,Apoyo a diagnóstico,Stryker/Physio-Control,ST-681,I,Baja,2012-01-02,5882000.0,12,Propio,2013-09-27,True,Externo,Bueno
1331,EQ-01331,SN-1331-35174266,Incubadora,Neonatología,Atom Medical,AT-600,III,Alta,2021-03-16,12812000.0,13,Propio,2022-08-02,False,Contrato,Bueno
1332,EQ-01332,SN-1332-39977858,Resonador magnético,Imagenología,United Imaging,UN-429,II,Alta,2013-06-24,1240111000.0,11,Comodato,2014-11-19,True,Contrato,Bueno
1333,EQ-01333,SN-1333-75251307,Tomógrafo CT,Imagenología,Philips,PH-559,II,Media,2023-03-05,649331000.0,10,Comodato,2025-09-19,True,Interno,Regular
1334,EQ-01334,SN-1334-67101207,Baño termorregulado,Laboratorio,Binder,BI-377,I,Alta,2018-05-25,1156000.0,14,Propio,2020-01-10,True,Interno,Bueno
1335,EQ-01335,SN-1335-68481850,Glucómetro,Apoyo a diagnóstico,Abbott,AB-880,II,Media,2023-06-04,38000.0,12,Propio,2025-03-16,False,Interno,Bueno
1336,EQ-01336,SN-1336-59615515,Monitor multiparámetro,Monitoreo,Dräger,DR-692,III,Media,2025-06-15,3454000.0,14,Propio,2028-03-06,True,Interno,Bueno
1337,EQ-01337,SN-1337-52167093,Electroestimulador,Rehabilitación,Chattanooga,CH-166,II,Baja,2014-02-26,3045000.0,9,Comodato,2015-09-12,False,Externo,Bueno
1338,EQ-01338,SN-1338-90607595,Lámpara de hendidura,Oftalmología,Keeler,KE-568,I,Baja,2023-10-24,10687000.0,12,Comodato,,True,Contrato,Bueno
1339,EQ-01339,SN-1339-98262662,Lavadora desinfectora,Esterilización,Steelco,ST-424,II,Media,2015-09-19,28164000.0,7,Propio,,False,Interno,Bueno
1340,EQ-01340,SN-1340-50519293,Bomba de infusión,Soporte vital,Mindray,MI-164,III,Alta,2022-09-05,917000.0,7,Comodato,,False,Contrato,Bueno
1341,EQ-01341,SN-1341-24479351,Unidad dental,Odontología,KaVo,KA-198,I,Baja,2017-07-29,12736000.0,11,Propio,,True,Interno,Bueno
1342,EQ-01342,SN-1342-49172347,Monitor signos vitales,Monitoreo,Bionet,BI-985,II,Media,2017-05-17,1492000.0,7,Propio,,True,Interno,Bueno
1343,EQ-01343,SN-1343-29164495,Bomba de infusión,Soporte vital,Fresenius Kabi,FR-824,III,Alta,2023-06-26,2152000.0,11,Propio,2024-11-06,False,Externo,Bueno
1344,EQ-01344,SN-1344-41421347,Balanza clínica,Apoyo a diagnóstico,SECA,SE-911,I,Baja,2020-10-23,881000.0,14,Comodato,2023-05-15,True,Contrato,Bueno
1345,EQ-01345,SN-1345-18916513,Oftalmoscopio,Apoyo a diagnóstico,Welch Allyn/Hillrom,WE-571,I,Baja,2013-04-27,384000.0,15,Propio,,True,Contrato,Bueno
1346,EQ-01346,SN-1346-67904780,Desfibrilador,Soporte vital,Philips,PH-949,III,Media,2015-05-10,3127000.0,9,Propio,2016-05-13,True,Interno,Bueno
1347,EQ-01347,SN-1347-43429733,Esfigmomanómetro,Apoyo a diagnóstico,Riester,RI-644,II,Baja,2014-10-11,216000.0,11,Propio,2017-08-28,True,Interno,Bueno
1348,EQ-01348,SN-1348-60275145,Camilla de transporte,Apoyo a diagnóstico,Stryker/Physio-Control,ST-489,I,Baja,2015-08-18,4224000.0,14,Propio,,True,Interno,Bueno
1349,EQ-01349,SN-1349-54379161,Bomba de infusión,Soporte vital,Mindray,MI-808,III,Alta,2010-02-18,1785000.0,10,Propio,,True,Interno,Bueno
1350,EQ-01350,SN-1350-33314741,Tallímetro,Apoyo a diagnóstico,Gima,GI-970,I,Alta,2025-10-25,213000.0,13,Propio,2028-01-08,False,Contrato,Regular
1351,EQ-01351,SN-1351-33165484,Arco C,Imagenología,Canon Medical,CA-726,II,Alta,2019-09-12,163157000.0,13,Propio,,True,Interno,Bueno
1352,EQ-01352,SN-1352-12139268,Baño termorregulado,Laboratorio,Thermo Fisher Scientific,TH-618,I,Alta,2026-03-05,1566000.0,14,Propio,2028-04-11,True,Externo,Bueno
1353,EQ-01353,SN-1353-81901363,Lavadora desinfectora,Esterilización,Belimed,BE-323,II,Media,2011-03-26,25139000.0,11,Propio,,True,Externo,Bueno
1354,EQ-01354,SN-1354-76723040,Camilla de transporte,Apoyo a diagnóstico,Hillrom/Baxter,HI-202,I,Media,2016-08-30,4137000.0,11,Propio,,True,Interno,Bueno
1355,EQ-01355,SN-1355-13609141,Camilla de transporte,Apoyo a diagnóstico,Hillrom/Baxter,HI-935,I,Media,2021-11-27,3667000.0,12,Propio,,True,Interno,Bueno
1356,EQ-01356,SN-1356-30974990,Selladora térmica,Esterilización,Tuttnauer,TU-309,I,Alta,2026-01-20,1820000.0,6,Propio,2027-09-12,True,Interno,Bueno
1357,EQ-01357,SN-1357-46914772,Camilla de transporte,Apoyo a diagnóstico,Stryker/Physio-Control,ST-750,I,Media,2017-07-31,3435000.0,11,Propio,2020-03-30,False,Interno,Bueno
1358,EQ-01358,SN-1358-39361630,Monitor signos vitales,Monitoreo,GE HealthCare,GE-934,II,Alta,2011-12-27,1104000.0,11,Arriendo,2013-10-18,True,Interno,Bueno
1359,EQ-01359,SN-1359-42065688,Electrocardiógrafo,Monitoreo,Philips,PH-247,II,Baja,2016-11-21,3620000.0,15,Propio,,True,Contrato,Bueno
1360,EQ-01360,SN-1360-69009983,Camilla de transporte,Apoyo a diagnóstico,Stryker/Physio-Control,ST-797,I,Baja,2020-12-12,6085000.0,9,Propio,,True,Externo,Regular
1361,EQ-01361,SN-1361-95496235,Cuna radiante,Neonatología,Dräger,DR-428,II,Alta,2022-03-18,7445000.0,8,Propio,2024-10-28,True,Interno,Bueno
1362,EQ-01362,SN-1362-40240402,Carro de transporte estéril,Esterilización,Steelco,ST-496,I,Media,2013-05-06,2213000.0,14,Comodato,,True,Externo,Bueno
1363,EQ-01363,SN-1363-66422908,Bomba de infusión,Soporte vital,Fresenius Kabi,FR-419,III,Alta,2011-08-24,2135000.0,15,Comodato,,False,Interno,Bueno
1364,EQ-01364,SN-1364-52417175,Desfibrilador,Soporte vital,ZOLL,ZO-629,III,Alta,2022-11-26,5406000.0,10,Propio,2024-05-14,True,Externo,Bueno
1365,EQ-01365,SN-1365-57658167,Esfigmomanómetro,Apoyo a diagnóstico,Microlife,MI-345,II,Media,2022-02-10,103000.0,7,Propio,2024-08-12,False,Externo,Bueno
1366,EQ-01366,SN-1366-25231750,Refrigerador clínico,Laboratorio,PHCbi,PH-996,I,Media,2013-09-13,6176000.0,13,Propio,2015-01-28,True,Interno,Bueno
1367,EQ-01367,SN-1367-24166994,Bomba PCA,Soporte vital,Baxter,BA-754,III,Alta,2021-09-02,3290000.0,15,Propio,2023-10-31,True,Interno,Bueno
1368,EQ-01368,SN-1368-93715679,Otoscopio,Apoyo a diagnóstico,Gima,GI-559,I,Baja,2025-01-09,630000.0,14,Propio,2027-03-17,True,Interno,Bueno
1369,EQ-01369,SN-1369-84969102,Electrocardiógrafo,Monitoreo,Bionet,BI-623,II,Media,2014-04-05,1560000.0,13,Propio,,False,Contrato,Bueno
1370,EQ-01370,SN-1370-89642555,Glucómetro,Apoyo a diagnóstico,Roche/Accu-Chek,RO-918,II,Baja,2024-10-25,49000.0,11,Propio,,True,Interno,Regular
1371,EQ-01371,SN-1371-10162269,Monitor multiparámetro,Monitoreo,GE HealthCare,GE-948,III,Alta,2023-06-14,4322000.0,10,Arriendo,2025-11-19,True,Externo,Bueno
1372,EQ-01372,SN-1372-79140136,Bomba de infusión,Soporte vital,BD/CareFusion,BD-138,III,Alta,2013-10-16,1565000.0,14,Propio,2015-03-26,True,Interno,Bueno
1373,EQ-01373,SN-1373-39657962,Esfigmomanómetro,Apoyo a diagnóstico,Riester,RI-373,II,Baja,2024-05-23,107000.0,12,Propio,,True,Interno,Bueno
1374,EQ-01374,SN-1374-49162513,Centrífuga,Laboratorio,Hettich,HE-602,I,Media,2024-04-03,2102000.0,12,Propio,,True,Externo,Malo
1375,EQ-01375,SN-1375-61241076,Monitor signos vitales,Monitoreo,GE HealthCare,GE-298,II,Media,2011-06-17,1161000.0,11,Comodato,2013-10-05,True,Interno,Baja
1376,EQ-01376,SN-1376-80469972,Bomba de infusión,Soporte vital,ICU Medical,IC-278,III,Media,2011-07-02,1033000.0,10,Comodato,,True,Contrato,Bueno
1377,EQ-01377,SN-1377-74796412,Esfigmomanómetro,Apoyo a diagnóstico,Gima,GI-206,II,Media,2026-06-17,286000.0,15,Propio,,True,Interno,Bueno
1378,EQ-01378,SN-1378-50067148,Oftalmoscopio,Apoyo a diagnóstico,Gima,GI-348,I,Baja,2022-03-23,736000.0,14,Propio,,False,Interno,Bueno
1379,EQ-01379,SN-1379-70253470,Desfibrilador,Soporte vital,Philips,PH-958,III,Alta,2010-12-10,5638000.0,9,Propio,2012-09-28,False,Contrato,Bueno
1380,EQ-01380,SN-1380-54214166,Balanza clínica,Apoyo a diagnóstico,SECA,SE-607,I,Baja,2017-01-14,531000.0,15,Comodato,,True,Interno,Baja
1381,EQ-01381,SN-1381-50394004,Monitor multiparámetro,Monitoreo,Edan,ED-107,III,Media,2025-10-07,6329000.0,8,Propio,2027-04-28,True,Interno,Bueno
1382,EQ-01382,SN-1382-16628853,Selladora térmica,Esterilización,Matachana,MA-724,I,Media,2013-12-15,1326000.0,9,Propio,2016-08-20,True,Interno,Regular
1383,EQ-01383,SN-1383-80034471,Monitor multiparámetro,Monitoreo,Edan,ED-920,III,Media,2016-07-20,3627000.0,15,Propio,2019-06-20,False,Interno,Bueno
1384,EQ-01384,SN-1384-69753673,Esfigmomanómetro,Apoyo a diagnóstico,Omron,OM-591,II,Baja,2016-03-14,255000.0,9,Propio,,True,Interno,Bueno
1385,EQ-01385,SN-1385-74360849,Carro de transporte estéril,Esterilización,Matachana,MA-576,I,Media,2025-10-04,1169000.0,15,Propio,,False,Interno,Bueno
1386,EQ-01386,SN-1386-98411930,Termómetro clínico,Apoyo a diagnóstico,Omron,OM-535,II,Baja,2022-07-03,50000.0,11,Propio,2023-11-03,True,Externo,Bueno
1387,EQ-01387,SN-1387-57268413,Arco C,Imagenología,Canon Medical,CA-286,II,Alta,2014-11-28,128119000.0,11,Propio,,False,Contrato,Bueno
1388,EQ-01388,SN-1388-58145928,Termómetro clínico,Apoyo a diagnóstico,Welch Allyn/Hillrom,WE-485,II,Baja,2013-05-15,98000.0,13,Propio,,True,Interno,Bueno
1389,EQ-01389,SN-1389-92168147,Termómetro clínico,Apoyo a diagnóstico,Braun,BR-930,II,Baja,2010-07-20,39000.0,14,Propio,2012-09-26,True,Interno,Bueno
1390,EQ-01390,SN-1390-29990129,Carro de transporte estéril,Esterilización,Matachana,MA-294,I,Alta,2011-06-27,2210000.0,13,Propio,2014-01-20,True,Contrato,Bueno
1391,EQ-01391,SN-1391-32145410,Monitor signos vitales,Monitoreo,Welch Allyn/Hillrom,WE-589,II,Alta,2021-03-27,926000.0,10,Propio,2022-07-07,True,Interno,Bueno
1392,EQ-01392,SN-1392-38535868,Bomba de infusión,Soporte vital,Fresenius Kabi,FR-783,III,Alta,2017-12-24,1605000.0,11,Propio,,False,Interno,Bueno
1393,EQ-01393,SN-1393-34143941,Bomba de infusión,Soporte vital,Fresenius Kabi,FR-653,III,Alta,2014-01-13,1155000.0,12,Propio,,True,Contrato,Bueno
1394,EQ-01394,SN-1394-37874171,Monitor multiparámetro,Monitoreo,Dräger,DR-320,III,Media,2017-04-30,4553000.0,9,Propio,2018-07-31,False,Interno,Bueno
1395,EQ-01395,SN-1395-22093011,Refrigerador clínico,Laboratorio,Thermo Fisher Scientific,TH-115,I,Media,2016-07-17,4205000.0,13,Propio,,True,Interno,Bueno
1396,EQ-01396,SN-1396-22405447,Electroestimulador,Rehabilitación,Chattanooga,CH-788,II,Baja,2022-12-24,2156000.0,14,Comodato,,True,Externo,Bueno
1397,EQ-01397,SN-1397-82163774,Camilla de transporte,Apoyo a diagnóstico,Hillrom/Baxter,HI-633,I,Baja,2018-08-16,3725000.0,9,Propio,,True,Interno,Bueno
1398,EQ-01398,SN-1398-37786603,Arco C,Imagenología,Canon Medical,CA-743,II,Alta,2025-04-26,155236000.0,7,Propio,,True,Contrato,Regular
1399,EQ-01399,SN-1399-15020462,Refrigerador clínico,Laboratorio,Thermo Fisher Scientific,TH-476,I,Media,2012-04-27,5710000.0,9,Arriendo,2014-08-15,False,Interno,Bueno
1400,EQ-01400,SN-1400-61968000,Camilla de transporte,Apoyo a diagnóstico,Malvestio,MA-214,I,Baja,2023-03-14,4063000.0,9,Propio,,True,Interno,Bueno
1401,EQ-01401,SN-1401-77730796,Ventilador mecánico,Soporte vital,Philips,PH-314,III,Alta,2017-12-14,37706000.0,10,Propio,,True,Contrato,Bueno
1402,EQ-01402,SN-1402-58299329,Monitor multiparámetro,Monitoreo,Nihon Kohden,NI-887,III,Baja,2018-08-10,3704000.0,14,Propio,,True,Externo,Bueno
1403,EQ-01403,SN-1403-83091015,Termómetro clínico,Apoyo a diagnóstico,Microlife,MI-299,II,Media,2013-12-10,67000.0,11,Propio,2015-09-19,True,Interno,Bueno
1404,EQ-01404,SN-1404-57447119,Bomba PCA,Soporte vital,Fresenius Kabi,FR-148,III,Media,2020-08-13,2434000.0,10,Propio,2023-07-15,True,Interno,Bueno
1405,EQ-01405,SN-1405-97998115,Monitor signos vitales,Monitoreo,Bionet,BI-682,II,Media,2018-05-28,1659000.0,11,Comodato,,True,Externo,Bueno
1406,EQ-01406,SN-1406-37230300,Autoclave,Esterilización,CISA Group,CI-613,II,Alta,2016-07-06,33369000.0,13,Comodato,,False,Interno,Bueno
1407,EQ-01407,SN-1407-89083808,Microscopio,Laboratorio,Olympus/Evident,OL-469,I,Alta,2021-07-18,3550000.0,13,Propio,,True,Externo,Bueno
1408,EQ-01408,SN-1408-90967269,Esfigmomanómetro,Apoyo a diagnóstico,A&D Medical,AD-596,II,Baja,2022-10-05,154000.0,13,Propio,2025-07-25,False,Externo,Regular
1409,EQ-01409,SN-1409-23159022,Tallímetro,Apoyo a diagnóstico,Gima,GI-122,I,Media,2021-04-07,266000.0,11,Arriendo,,True,Contrato,Bueno
1410,EQ-01410,SN-1410-10536019,Oftalmoscopio,Apoyo a diagnóstico,Riester,RI-320,I,Baja,2025-09-17,543000.0,10,Propio,2028-08-31,True,Externo,Bueno
1411,EQ-01411,SN-1411-91774410,Refrigerador clínico,Laboratorio,Thermo Fisher Scientific,TH-670,I,Alta,2023-08-29,5969000.0,13,Propio,,False,Interno,Bueno
1412,EQ-01412,SN-1412-75784516,Esfigmomanómetro,Apoyo a diagnóstico,Gima,GI-915,II,Media,2017-12-29,201000.0,9,Propio,2019-07-01,True,Interno,Bueno
1413,EQ-01413,SN-1413-71922865,Monitor multiparámetro,Monitoreo,Mindray,MI-532,III,Media,2017-02-05,4967000.0,10,Comodato,,False,Externo,Bueno
1414,EQ-01414,SN-1414-63839067,Arco C,Imagenología,GE HealthCare,GE-831,II,Media,2018-07-10,236374000.0,14,Propio,,True,Contrato,Bueno
1415,EQ-01415,SN-1415-67778545,Oftalmoscopio,Apoyo a diagnóstico,Riester,RI-792,I,Media,2014-07-26,566000.0,12,Arriendo,2017-03-07,True,Externo,Bueno
1416,EQ-01416,SN-1416-24390463,Glucómetro,Apoyo a diagnóstico,Abbott,AB-672,II,Media,2017-08-21,55000.0,9,Propio,,False,Contrato,Bueno
1417,EQ-01417,SN-1417-16345847,Doppler fetal,Apoyo a diagnóstico,Edan,ED-298,II,Baja,2024-08-19,886000.0,11,Propio,,False,Interno,Bueno
1418,EQ-01418,SN-1418-25059213,Ventilador neonatal,Neonatología,Vyaire,VY-730,III,Alta,2010-03-16,39869000.0,7,Propio,,False,Externo,Bueno
1419,EQ-01419,SN-1419-28934643,Monitor multiparámetro,Monitoreo,Dräger,DR-869,III,Baja,2016-01-16,4369000.0,14,Comodato,,False,Interno,Bueno
1420,EQ-01420,SN-1420-55754702,Monitor multiparámetro,Monitoreo,Bionet,BI-871,III,Alta,2020-05-08,3051000.0,7,Comodato,,True,Interno,Bueno
1421,EQ-01421,SN-1421-83583219,Monitor multiparámetro,Monitoreo,Dräger,DR-701,III,Media,2016-03-23,3370000.0,13,Propio,,True,Contrato,Bueno
1422,EQ-01422,SN-1422-49601712,Electrocardiógrafo,Monitoreo,Nihon Kohden,NI-146,II,Alta,2022-12-17,4312000.0,11,Comodato,2025-01-26,True,Contrato,Bueno
1423,EQ-01423,SN-1423-73592510,Esfigmomanómetro,Apoyo a diagnóstico,Welch Allyn/Hillrom,WE-374,II,Alta,2022-04-16,247000.0,13,Propio,2023-04-25,True,Contrato,Bueno
1424,EQ-01424,SN-1424-35100080,Bomba PCA,Soporte vital,BD/CareFusion,BD-674,III,Alta,2015-05-26,2206000.0,12,Propio,2016-09-22,True,Interno,Bueno
1425,EQ-01425,SN-1425-15312014,Electroestimulador,Rehabilitación,Enraf-Nonius,EN-495,II,Baja,2021-11-08,1947000.0,10,Propio,2024-01-25,False,Interno,Bueno
1426,EQ-01426,SN-1426-10541560,Esfigmomanómetro,Apoyo a diagnóstico,Welch Allyn/Hillrom,WE-756,II,Baja,2014-04-11,158000.0,9,Comodato,,True,Contrato,Bueno
1427,EQ-01427,SN-1427-74658046,Glucómetro,Apoyo a diagnóstico,Roche/Accu-Chek,RO-601,II,Baja,2026-01-14,58000.0,15,Propio,2027-05-13,True,Contrato,Bueno
1428,EQ-01428,SN-1428-24773190,Incubadora,Neonatología,Medix,ME-277,III,Alta,2011-07-08,10048000.0,7,Propio,,True,Interno,Bueno
1429,EQ-01429,SN-1429-95865224,Termómetro clínico,Apoyo a diagnóstico,Omron,OM-747,II,Baja,2022-09-23,126000.0,13,Propio,2024-04-20,True,Interno,Bueno
1430,EQ-01430,SN-1430-39067329,Monitor multiparámetro,Monitoreo,GE HealthCare,GE-408,III,Alta,2019-09-27,2948000.0,10,Propio,,True,Interno,Bueno
1431,EQ-01431,SN-1431-67176835,Termómetro clínico,Apoyo a diagnóstico,Omron,OM-776,II,Media,2016-12-12,100000.0,7,Propio,2018-12-02,True,Interno,Bueno
1432,EQ-01432,SN-1432-52302233,Monitor signos vitales,Monitoreo,Philips,PH-287,II,Alta,2014-04-15,2086000.0,10,Propio,,False,Interno,Bueno
1433,EQ-01433,SN-1433-76659159,Esfigmomanómetro,Apoyo a diagnóstico,Riester,RI-460,II,Baja,2013-05-21,189000.0,10,Propio,2014-12-04,True,Interno,Bueno
1434,EQ-01434,SN-1434-94971938,Bomba de infusión,Soporte vital,ICU Medical,IC-831,III,Alta,2023-07-24,1776000.0,9,Propio,,True,Contrato,Bueno
1435,EQ-01435,SN-1435-50005915,Tallímetro,Apoyo a diagnóstico,Detecto,DE-825,I,Media,2015-04-07,354000.0,13,Propio,,False,Interno,Regular
1436,EQ-01436,SN-1436-64728245,Ecógrafo,Imagenología,Mindray,MI-819,II,Alta,2012-10-28,29976000.0,11,Propio,2014-05-29,False,Interno,Bueno
1437,EQ-01437,SN-1437-10929236,Esfigmomanómetro,Apoyo a diagnóstico,Gima,GI-215,II,Baja,2010-01-29,144000.0,10,Arriendo,,False,Interno,Bueno
1438,EQ-01438,SN-1438-27878283,Bomba de infusión,Soporte vital,Baxter,BA-151,III,Alta,2015-05-20,2148000.0,13,Propio,2018-04-26,False,Interno,Bueno
1439,EQ-01439,SN-1439-41273890,Camilla de transporte,Apoyo a diagnóstico,Hillrom/Baxter,HI-640,I,Media,2012-07-23,4704000.0,11,Comodato,,True,Contrato,Bueno
1440,EQ-01440,SN-1440-18490802,Incubadora,Neonatología,Atom Medical,AT-434,III,Alta,2023-12-12,12982000.0,10,Propio,,True,Interno,Malo
1441,EQ-01441,SN-1441-79627646,Electrocardiógrafo,Monitoreo,Nihon Kohden,NI-139,II,Media,2014-11-12,3067000.0,14,Propio,2016-04-20,False,Contrato,Bueno
1442,EQ-01442,SN-1442-21185641,Máquina de anestesia,Soporte vital,Dräger,DR-559,III,Alta,2015-05-13,49797000.0,13,Propio,2017-06-12,False,Interno,Regular
1443,EQ-01443,SN-1443-51710413,Glucómetro,Apoyo a diagnóstico,Abbott,AB-612,II,Baja,2025-12-01,72000.0,14,Propio,2027-04-28,False,Contrato,Baja
1444,EQ-01444,SN-1444-32314384,Esfigmomanómetro,Apoyo a diagnóstico,Welch Allyn/Hillrom,WE-446,II,Baja,2026-05-22,277000.0,12,Propio,,True,Interno,Bueno
1445,EQ-01445,SN-1445-36002450,Monitor multiparámetro,Monitoreo,GE HealthCare,GE-789,III,Baja,2021-10-25,3559000.0,11,Propio,,True,Interno,Bueno
1446,EQ-01446,SN-1446-46825269,Glucómetro,Apoyo a diagnóstico,Gima,GI-418,II,Baja,2012-08-09,51000.0,14,Propio,2015-06-18,False,Interno,Bueno
1447,EQ-01447,SN-1447-48340447,Termómetro clínico,Apoyo a diagnóstico,Omron,OM-878,II,Media,2021-01-03,103000.0,11,Propio,,False,Interno,Bueno
1448,EQ-01448,SN-1448-98196223,Otoscopio,Apoyo a diagnóstico,Riester,RI-948,I,Media,2012-05-20,563000.0,14,Propio,2014-07-02,True,Interno,Regular
1449,EQ-01449,SN-1449-24047645,Ventilador mecánico,Soporte vital,Mindray,MI-288,III,Alta,2017-07-24,29870000.0,8,Propio,,False,Interno,Bueno
1450,EQ-01450,SN-1450-85974132,Termómetro clínico,Apoyo a diagnóstico,Microlife,MI-833,II,Baja,2014-11-13,55000.0,10,Propio,,False,Interno,Bueno
1451,EQ-01451,SN-1451-76315620,Esfigmomanómetro,Apoyo a diagnóstico,A&D Medical,AD-393,II,Media,2026-04-15,227000.0,11,Comodato,,True,Externo,Bueno
1452,EQ-01452,SN-1452-72373258,Ventilador mecánico,Soporte vital,Hamilton Medical,HA-788,III,Alta,2019-12-25,42197000.0,11,Propio,2022-07-21,True,Externo,Malo
1453,EQ-01453,SN-1453-91942804,Esfigmomanómetro,Apoyo a diagnóstico,Welch Allyn/Hillrom,WE-349,II,Baja,2023-10-29,223000.0,12,Propio,2026-05-05,True,Interno,Bueno
1454,EQ-01454,SN-1454-32599387,Bomba de infusión,Soporte vital,Fresenius Kabi,FR-748,III,Alta,2024-05-07,1884000.0,11,Comodato,,True,Interno,Bueno
1455,EQ-01455,SN-1455-92612052,Balanza clínica,Apoyo a diagnóstico,SECA,SE-700,I,Alta,2012-08-06,682000.0,8,Propio,,True,Interno,Bueno
1456,EQ-01456,SN-1456-16337430,Bomba de infusión,Soporte vital,Baxter,BA-571,III,Alta,2022-08-23,1031000.0,8,Propio,2024-02-13,False,Externo,Bueno
1457,EQ-01457,SN-1457-82530140,Bomba de infusión,Soporte vital,Baxter,BA-270,III,Alta,2025-03-19,1408000.0,12,Propio,,False,Externo,Bueno
1458,EQ-01458,SN-1458-52946417,Bomba de infusión,Soporte vital,ICU Medical,IC-435,III,Alta,2016-01-29,1522000.0,13,Comodato,2017-05-18,True,Contrato,Bueno
1459,EQ-01459,SN-1459-72597323,Ventilador mecánico,Soporte vital,Dräger,DR-933,III,Alta,2012-09-13,21807000.0,12,Propio,,True,Interno,Regular
1460,EQ-01460,SN-1460-47617334,Holter,Monitoreo,Schiller,SC-553,II,Media,2013-02-14,2451000.0,11,Propio,,True,Interno,Bueno
1461,EQ-01461,SN-1461-83738664,Monitor signos vitales,Monitoreo,GE HealthCare,GE-460,II,Alta,2017-08-22,1606000.0,9,Propio,2020-01-05,True,Contrato,Regular
1462,EQ-01462,SN-1462-25143989,Monitor multiparámetro,Monitoreo,Spacelabs,SP-164,III,Media,2015-08-07,4682000.0,12,Propio,,False,Contrato,Bueno
1463,EQ-01463,SN-1463-43052061,Monitor multiparámetro,Monitoreo,GE HealthCare,GE-890,III,Media,2018-07-05,5025000.0,12,Comodato,,True,Interno,Bueno
1464,EQ-01464,SN-1464-47142416,Ecógrafo,Imagenología,Canon Medical,CA-837,II,Media,2022-03-21,48765000.0,11,Arriendo,,True,Interno,Bueno
1465,EQ-01465,SN-1465-32180496,Bomba de infusión,Soporte vital,Mindray,MI-347,III,Alta,2026-04-27,1481000.0,11,Propio,,True,Interno,Bueno
1466,EQ-01466,SN-1466-53701783,Camilla de transporte,Apoyo a diagnóstico,Hillrom/Baxter,HI-551,I,Media,2021-12-05,3739000.0,13,Propio,,True,Externo,Bueno
1467,EQ-01467,SN-1467-89889071,Camilla de fisioterapia,Rehabilitación,Lojer,LO-985,I,Baja,2020-12-04,2398000.0,12,Propio,2022-01-03,True,Externo,Bueno
1468,EQ-01468,SN-1468-92598730,Bomba de infusión,Soporte vital,Baxter,BA-263,III,Alta,2010-05-02,2043000.0,9,Propio,2011-10-31,False,Interno,Bueno
1469,EQ-01469,SN-1469-68019913,Termómetro clínico,Apoyo a diagnóstico,Microlife,MI-230,II,Alta,2013-12-15,73000.0,13,Comodato,2016-08-13,True,Interno,Bueno
1470,EQ-01470,SN-1470-57695648,Centrífuga,Laboratorio,Beckman Coulter,BE-435,I,Baja,2011-06-07,2243000.0,9,Propio,,False,Interno,Bueno
1471,EQ-01471,SN-1471-53130952,Esfigmomanómetro,Apoyo a diagnóstico,Welch Allyn/Hillrom,WE-389,II,Baja,2015-05-20,172000.0,13,Propio,,True,Interno,Baja
1472,EQ-01472,SN-1472-33972424,Unidad dental,Odontología,Belmont,BE-299,I,Baja,2010-01-14,15568000.0,12,Propio,2012-07-24,True,Contrato,Bueno
1473,EQ-01473,SN-1473-62635983,Oftalmoscopio,Apoyo a diagnóstico,Riester,RI-222,I,Media,2021-09-13,871000.0,13,Propio,,True,Externo,Bueno
1474,EQ-01474,SN-1474-38546212,Termómetro clínico,Apoyo a diagnóstico,Riester,RI-156,II,Alta,2012-04-11,149000.0,13,Propio,,True,Interno,Bueno
1475,EQ-01475,SN-1475-29946318,Oxímetro central,Monitoreo,Nonin,NO-812,III,Media,2021-03-26,2354000.0,8,Propio,2023-08-09,True,Interno,Bueno
1476,EQ-01476,SN-1476-27934281,Oftalmoscopio,Apoyo a diagnóstico,Riester,RI-921,I,Baja,2012-04-07,611000.0,12,Propio,2014-04-27,True,Contrato,Bueno
1477,EQ-01477,SN-1477-86703992,Camilla de transporte,Apoyo a diagnóstico,Malvestio,MA-421,I,Baja,2020-06-03,3504000.0,10,Arriendo,2021-09-12,False,Externo,Regular
1478,EQ-01478,SN-1478-23195645,Esfigmomanómetro,Apoyo a diagnóstico,Microlife,MI-274,II,Baja,2018-06-25,206000.0,12,Propio,,True,Interno,Bueno
1479,EQ-01479,SN-1479-42922422,Doppler fetal,Apoyo a diagnóstico,Huntleigh,HU-612,II,Media,2025-07-14,658000.0,11,Propio,2027-08-17,True,Interno,Regular
1480,EQ-01480,SN-1480-85019980,Bomba PCA,Soporte vital,Fresenius Kabi,FR-392,III,Alta,2017-08-09,3045000.0,11,Comodato,,False,Interno,Bueno
1481,EQ-01481,SN-1481-48352561,Analizador hematológico,Laboratorio,Sysmex,SY-684,II,Baja,2016-09-10,18212000.0,11,Propio,2017-09-24,True,Interno,Bueno
1482,EQ-01482,SN-1482-93568284,Otoscopio,Apoyo a diagnóstico,HEINE,HE-605,I,Baja,2019-08-16,295000.0,14,Propio,2021-10-26,True,Externo,Bueno
1483,EQ-01483,SN-1483-73740250,Camilla de fisioterapia,Rehabilitación,Chattanooga,CH-868,I,Baja,2014-05-20,1728000.0,7,Comodato,2015-06-13,False,Externo,Bueno
1484,EQ-01484,SN-1484-65444342,Ecógrafo,Imagenología,GE HealthCare,GE-821,II,Media,2010-06-03,52018000.0,13,Propio,2011-12-03,True,Interno,Bueno
1485,EQ-01485,SN-1485-74490365,Carro de transporte estéril,Esterilización,STERIS,ST-817,I,Baja,2024-06-29,2313000.0,6,Propio,,True,Interno,Bueno
1486,EQ-01486,SN-1486-84258756,Oxímetro central,Monitoreo,Nonin,NO-597,III,Media,2026-04-07,2202000.0,12,Propio,2028-04-10,False,Contrato,Bueno
1487,EQ-01487,SN-1487-51882403,Monitor signos vitales,Monitoreo,Welch Allyn/Hillrom,WE-945,II,Media,2010-01-07,1352000.0,10,Propio,2011-09-25,True,Contrato,Bueno
1488,EQ-01488,SN-1488-80540818,Monitor signos vitales,Monitoreo,Nihon Kohden,NI-590,II,Media,2022-04-11,1359000.0,11,Arriendo,2025-03-03,True,Interno,Bueno
1489,EQ-01489,SN-1489-82796551,Campímetro,Oftalmología,Zeiss,ZE-735,II,Baja,2025-01-22,22911000.0,14,Propio,2027-11-20,True,Externo,Bueno
1490,EQ-01490,SN-1490-86587201,Ventilador mecánico,Soporte vital,Dräger,DR-740,III,Alta,2020-02-27,35129000.0,9,Propio,2022-09-26,True,Externo,Bueno
1491,EQ-01491,SN-1491-12213981,Incubadora,Neonatología,Atom Medical,AT-911,III,Media,2014-03-24,14848000.0,12,Propio,2015-05-08,True,Interno,Regular
1492,EQ-01492,SN-1492-81371505,Bomba de infusión,Soporte vital,Mindray,MI-894,III,Alta,2010-09-23,2085000.0,10,Propio,,True,Interno,Bueno
1493,EQ-01493,SN-1493-40836934,Tonómetro,Oftalmología,Huvitz,HU-787,II,Baja,2015-05-29,5852000.0,12,Comodato,,False,Interno,Bueno
1494,EQ-01494,SN-1494-10686128,Oxímetro central,Monitoreo,Nonin,NO-841,III,Media,2024-02-08,2851000.0,9,Propio,,True,Externo,Bueno
1495,EQ-01495,SN-1495-79001519,Arco C,Imagenología,Canon Medical,CA-734,II,Media,2025-02-20,124080000.0,14,Propio,2027-08-28,True,Externo,Bueno
1496,EQ-01496,SN-1496-32737082,Otoscopio,Apoyo a diagnóstico,Riester,RI-518,I,Baja,2025-12-23,347000.0,12,Comodato,,True,Interno,Bueno
1497,EQ-01497,SN-1497-49538978,Esfigmomanómetro,Apoyo a diagnóstico,Welch Allyn/Hillrom,WE-804,II,Baja,2016-07-27,208000.0,10,Propio,,False,Externo,Bueno
1498,EQ-01498,SN-1498-95125510,Bomba de infusión,Soporte vital,ICU Medical,IC-929,III,Media,2023-06-26,1552000.0,13,Propio,,True,Interno,Bueno
1499,EQ-01499,SN-1499-20167972,Monitor signos vitales,Monitoreo,Edan,ED-904,II,Media,2014-07-01,1185000.0,15,Propio,,True,Interno,Bueno
1500,EQ-01500,SN-1500-79727633,Refrigerador clínico,Laboratorio,Thermo Fisher Scientific,TH-577,I,Media,2019-09-19,4497000.0,10,Propio,2022-02-20,True,Interno,Bueno
1501,EQ-01501,SN-1501-97161005,Camilla de transporte,Apoyo a diagnóstico,Hillrom/Baxter,HI-413,I,Media,2018-09-23,5967000.0,7,Comodato,,False,Interno,Bueno
1502,EQ-01502,SN-1502-34713888,Ventilador mecánico,Soporte vital,Hamilton Medical,HA-279,III,Alta,2024-05-14,36974000.0,9,Propio,2027-03-24,False,Interno,Bueno
1503,EQ-01503,SN-1503-93137576,Monitor multiparámetro,Monitoreo,Dräger,DR-829,III,Media,2011-01-20,4288000.0,14,Propio,,True,Contrato,Regular
1504,EQ-01504,SN-1504-96430891,Oftalmoscopio,Apoyo a diagnóstico,Welch Allyn/Hillrom,WE-298,I,Baja,2019-11-26,207000.0,10,Propio,,True,Contrato,Bueno
1505,EQ-01505,SN-1505-57078588,Bomba de infusión,Soporte vital,ICU Medical,IC-666,III,Alta,2012-01-05,1233000.0,13,Propio,,True,Contrato,Bueno
1506,EQ-01506,SN-1506-54517340,Ventilador mecánico,Soporte vital,Dräger,DR-310,III,Alta,2019-05-23,30775000.0,11,Propio,2020-05-28,True,Contrato,Bueno
1507,EQ-01507,SN-1507-81854298,Ventilador mecánico,Soporte vital,Dräger,DR-362,III,Alta,2017-05-08,40270000.0,8,Propio,,True,Contrato,Bueno
1508,EQ-01508,SN-1508-14159385,Camilla de transporte,Apoyo a diagnóstico,Malvestio,MA-346,I,Baja,2020-12-16,5592000.0,8,Comodato,,True,Interno,Bueno
1509,EQ-01509,SN-1509-47550674,Bomba PCA,Soporte vital,ICU Medical,IC-394,III,Alta,2013-11-07,2597000.0,8,Propio,,True,Interno,Bueno
1510,EQ-01510,SN-1510-32865657,Monitor multiparámetro,Monitoreo,Spacelabs,SP-499,III,Media,2016-11-16,3681000.0,13,Propio,2017-11-17,True,Externo,Bueno
1511,EQ-01511,SN-1511-71733160,Tonómetro,Oftalmología,Topcon,TO-863,II,Baja,2013-07-21,5465000.0,14,Propio,2015-09-02,True,Contrato,Bueno
1512,EQ-01512,SN-1512-99903881,Glucómetro,Apoyo a diagnóstico,Gima,GI-194,II,Baja,2018-03-28,53000.0,8,Propio,,True,Interno,Regular
1513,EQ-01513,SN-1513-39942991,Oftalmoscopio,Apoyo a diagnóstico,Welch Allyn/Hillrom,WE-406,I,Baja,2022-08-04,570000.0,8,Propio,,False,Interno,Bueno
1514,EQ-01514,SN-1514-46859627,Selladora térmica,Esterilización,Tuttnauer,TU-883,I,Baja,2019-02-23,1680000.0,9,Comodato,,True,Externo,Bueno
1515,EQ-01515,SN-1515-11228226,Esfigmomanómetro,Apoyo a diagnóstico,Omron,OM-806,II,Baja,2025-04-21,228000.0,13,Comodato,,True,Interno,Baja
1516,EQ-01516,SN-1516-56867307,Bomba de infusión,Soporte vital,ICU Medical,IC-586,III,Media,2012-05-20,1430000.0,13,Propio,,True,Interno,Bueno
1517,EQ-01517,SN-1517-94069390,Tallímetro,Apoyo a diagnóstico,Detecto,DE-178,I,Media,2012-08-13,164000.0,9,Propio,2014-09-08,True,Interno,Bueno
1518,EQ-01518,SN-1518-85844674,Monitor multiparámetro,Monitoreo,Spacelabs,SP-321,III,Alta,2022-03-03,4493000.0,14,Propio,,True,Interno,Bueno
1519,EQ-01519,SN-1519-84845240,Ecógrafo,Imagenología,Canon Medical,CA-890,II,Alta,2018-11-13,38895000.0,12,Propio,,True,Contrato,Bueno
1520,EQ-01520,SN-1520-98523830,Doppler vascular,Apoyo a diagnóstico,Huntleigh,HU-243,II,Media,2025-04-13,1662000.0,13,Comodato,,True,Externo,Bueno
1521,EQ-01521,SN-1521-52243622,Monitor signos vitales,Monitoreo,GE HealthCare,GE-928,II,Alta,2012-02-24,1468000.0,9,Propio,,True,Externo,Bueno
1522,EQ-01522,SN-1522-87281852,Monitor multiparámetro,Monitoreo,Spacelabs,SP-479,III,Alta,2022-10-31,3711000.0,10,Propio,,True,Interno,Regular
1523,EQ-01523,SN-1523-35022185,Bomba de infusión,Soporte vital,B. Braun,BB-972,III,Alta,2014-12-03,1510000.0,15,Propio,2017-02-13,True,Interno,Bueno
1524,EQ-01524,SN-1524-79472106,Bicicleta ergométrica,Rehabilitación,SCIFIT,SC-304,I,Baja,2025-08-09,2822000.0,12,Propio,2027-03-04,True,Interno,Bueno
1525,EQ-01525,SN-1525-94495577,Electrocardiógrafo,Monitoreo,Philips,PH-700,II,Media,2021-11-03,2964000.0,9,Arriendo,,True,Interno,Bueno
1526,EQ-01526,SN-1526-60763877,Camilla de transporte,Apoyo a diagnóstico,Stryker/Physio-Control,ST-920,I,Media,2022-09-06,6041000.0,14,Propio,2025-03-05,True,Interno,Bueno
1527,EQ-01527,SN-1527-49750816,Termómetro clínico,Apoyo a diagnóstico,Microlife,MI-259,II,Alta,2025-06-11,157000.0,9,Propio,,False,Contrato,Bueno
1528,EQ-01528,SN-1528-66390002,Monitor multiparámetro,Monitoreo,Spacelabs,SP-934,III,Alta,2025-06-26,4478000.0,14,Propio,2027-12-10,True,Interno,Regular
1529,EQ-01529,SN-1529-50356118,Monitor multiparámetro,Monitoreo,Philips,PH-538,III,Alta,2012-01-18,2340000.0,15,Propio,2013-08-26,True,Externo,Bueno
1530,EQ-01530,SN-1530-36865309,Desfibrilador,Soporte vital,Nihon Kohden,NI-789,III,Alta,2019-01-22,8155000.0,7,Propio,2020-02-07,True,Interno,Bueno
1531,EQ-01531,SN-1531-75201378,Bomba PCA,Soporte vital,ICU Medical,IC-340,III,Media,2015-10-01,2966000.0,14,Propio,2017-06-24,False,Contrato,Bueno
1532,EQ-01532,SN-1532-90863604,Bomba de infusión,Soporte vital,Mindray,MI-837,III,Media,2025-07-15,1826000.0,9,Propio,2027-05-19,True,Contrato,Regular
1533,EQ-01533,SN-1533-99848812,Termómetro clínico,Apoyo a diagnóstico,Riester,RI-285,II,Baja,2019-04-22,139000.0,13,Propio,2021-03-16,True,Externo,Bueno
1534,EQ-01534,SN-1534-79287870,Camilla de transporte,Apoyo a diagnóstico,Stryker/Physio-Control,ST-782,I,Baja,2012-07-06,4407000.0,12,Comodato,2014-05-11,True,Contrato,Bueno
1535,EQ-01535,SN-1535-27696631,Termómetro clínico,Apoyo a diagnóstico,Welch Allyn/Hillrom,WE-874,II,Media,2020-06-09,41000.0,10,Propio,,True,Interno,Regular
1536,EQ-01536,SN-1536-93689942,Monitor signos vitales,Monitoreo,Welch Allyn/Hillrom,WE-505,II,Alta,2026-02-10,1325000.0,13,Propio,2028-06-07,True,Interno,Regular
1537,EQ-01537,SN-1537-93696411,Doppler fetal,Apoyo a diagnóstico,Gima,GI-437,II,Baja,2016-10-19,772000.0,13,Propio,2019-05-01,False,Externo,Bueno
1538,EQ-01538,SN-1538-47832615,Electroestimulador,Rehabilitación,I-TECH,IT-911,II,Baja,2013-08-17,2837000.0,12,Propio,2015-12-17,False,Interno,Bueno
1539,EQ-01539,SN-1539-88837641,Glucómetro,Apoyo a diagnóstico,Gima,GI-830,II,Media,2025-05-02,61000.0,11,Propio,,True,Interno,Regular
1540,EQ-01540,SN-1540-30327770,Ventilador mecánico,Soporte vital,Hamilton Medical,HA-229,III,Alta,2018-04-18,36712000.0,13,Propio,2020-06-17,True,Interno,Bueno
1541,EQ-01541,SN-1541-79110589,Termómetro clínico,Apoyo a diagnóstico,Riester,RI-385,II,Baja,2014-10-16,167000.0,13,Propio,,True,Interno,Baja
1542,EQ-01542,SN-1542-24495258,Incubadora,Neonatología,Dräger,DR-486,III,Alta,2016-03-02,12567000.0,6,Comodato,2018-12-02,True,Interno,Bueno
1543,EQ-01543,SN-1543-16249288,Camilla de transporte,Apoyo a diagnóstico,Stryker/Physio-Control,ST-109,I,Alta,2024-04-24,3901000.0,11,Propio,,True,Interno,Baja
1544,EQ-01544,SN-1544-22097251,Audiómetro,Apoyo a diagnóstico,Gima,GI-888,II,Media,2020-02-25,7039000.0,15,Propio,,True,Interno,Bueno
1545,EQ-01545,SN-1545-37680038,Esfigmomanómetro,Apoyo a diagnóstico,Microlife,MI-755,II,Baja,2015-04-09,260000.0,11,Propio,2016-10-15,True,Contrato,Regular
1546,EQ-01546,SN-1546-89853437,Monitor multiparámetro,Monitoreo,Edan,ED-128,III,Media,2013-03-04,4161000.0,10,Propio,,False,Contrato,Bueno
1547,EQ-01547,SN-1547-63169372,Tallímetro,Apoyo a diagnóstico,Tanita,TA-368,I,Baja,2013-12-28,340000.0,7,Propio,,True,Interno,Bueno
1548,EQ-01548,SN-1548-31070313,Monitor multiparámetro,Monitoreo,Bionet,BI-711,III,Alta,2013-03-05,4995000.0,13,Propio,,True,Interno,Bueno
1549,EQ-01549,SN-1549-19951710,Selladora térmica,Esterilización,MELAG,ME-260,I,Baja,2020-08-01,1772000.0,10,Propio,2023-03-10,False,Interno,Bueno
1550,EQ-01550,SN-1550-85397564,Esfigmomanómetro,Apoyo a diagnóstico,Gima,GI-457,II,Baja,2019-01-06,175000.0,11,Propio,2020-10-16,True,Contrato,Bueno
1551,EQ-01551,SN-1551-60782189,Bomba de infusión,Soporte vital,B. Braun,BB-544,III,Alta,2017-04-30,1839000.0,8,Propio,,True,Interno,Bueno
1552,EQ-01552,SN-1552-79192176,Bomba de infusión,Soporte vital,Baxter,BA-179,III,Alta,2014-01-27,1938000.0,12,Arriendo,,True,Interno,Bueno
1553,EQ-01553,SN-1553-22798608,Monitor multiparámetro,Monitoreo,Edan,ED-384,III,Media,2019-04-10,3210000.0,12,Propio,,True,Interno,Bueno
1554,EQ-01554,SN-1554-43943804,Balanza clínica,Apoyo a diagnóstico,Detecto,DE-418,I,Baja,2025-11-09,962000.0,11,Propio,,True,Interno,Bueno
1555,EQ-01555,SN-1555-97336068,Camilla de fisioterapia,Rehabilitación,Enraf-Nonius,EN-285,I,Baja,2023-02-02,1445000.0,12,Propio,2025-01-31,False,Externo,Bueno
1556,EQ-01556,SN-1556-38284727,Bomba de infusión,Soporte vital,Baxter,BA-868,III,Alta,2012-07-22,2111000.0,9,Propio,,True,Interno,Bueno
1557,EQ-01557,SN-1557-57465623,Arco C,Imagenología,Canon Medical,CA-718,II,Alta,2017-10-28,164218000.0,13,Comodato,2019-05-11,True,Interno,Bueno
1558,EQ-01558,SN-1558-33415246,Ecógrafo,Imagenología,Samsung Medison,SA-405,II,Alta,2024-02-11,52383000.0,10,Propio,2027-01-13,False,Externo,Regular
1559,EQ-01559,SN-1559-86744575,Monitor multiparámetro,Monitoreo,Edan,ED-751,III,Media,2021-05-11,5307000.0,13,Comodato,2024-04-20,False,Interno,Bueno
1560,EQ-01560,SN-1560-15821607,Camilla de transporte,Apoyo a diagnóstico,Hillrom/Baxter,HI-668,I,Baja,2019-01-31,4528000.0,12,Propio,2020-03-31,True,Externo,Bueno
1561,EQ-01561,SN-1561-52279453,Monitor multiparámetro,Monitoreo,GE HealthCare,GE-151,III,Media,2017-07-29,4095000.0,10,Propio,,False,Externo,Bueno
1562,EQ-01562,SN-1562-67050526,Electroestimulador,Rehabilitación,Globus,GL-121,II,Baja,2019-11-08,1847000.0,14,Comodato,2022-08-21,True,Interno,Bueno
1563,EQ-01563,SN-1563-53027186,Camilla de transporte,Apoyo a diagnóstico,Stryker/Physio-Control,ST-887,I,Media,2023-05-29,2593000.0,12,Propio,,True,Externo,Bueno
1564,EQ-01564,SN-1564-17181577,Termómetro clínico,Apoyo a diagnóstico,Riester,RI-329,II,Media,2025-01-17,127000.0,14,Propio,2027-07-20,True,Contrato,Regular
1565,EQ-01565,SN-1565-44046853,Monitor multiparámetro,Monitoreo,Philips,PH-103,III,Alta,2015-01-24,4488000.0,11,Propio,2016-07-08,True,Externo,Bueno
1566,EQ-01566,SN-1566-59230166,Camilla de transporte,Apoyo a diagnóstico,Stryker/Physio-Control,ST-672,I,Baja,2018-02-09,5308000.0,7,Propio,,True,Interno,Bueno
1567,EQ-01567,SN-1567-72256333,Camilla de fisioterapia,Rehabilitación,Gymna,GY-229,I,Media,2017-09-26,1178000.0,13,Comodato,2018-12-29,True,Interno,Bueno
1568,EQ-01568,SN-1568-61403682,Balanza clínica,Apoyo a diagnóstico,Tanita,TA-559,I,Baja,2020-03-25,629000.0,13,Comodato,2023-03-10,False,Externo,Bueno
1569,EQ-01569,SN-1569-49198467,Esfigmomanómetro,Apoyo a diagnóstico,Welch Allyn/Hillrom,WE-156,II,Alta,2012-02-13,129000.0,13,Propio,2015-01-07,True,Interno,Bueno
1570,EQ-01570,SN-1570-82190200,Bomba PCA,Soporte vital,ICU Medical,IC-588,III,Media,2024-06-03,1875000.0,10,Propio,,True,Interno,Bueno
1571,EQ-01571,SN-1571-70623870,Bomba de infusión,Soporte vital,ICU Medical,IC-697,III,Alta,2012-08-18,963000.0,10,Comodato,,True,Contrato,Bueno
1572,EQ-01572,SN-1572-43436314,Esfigmomanómetro,Apoyo a diagnóstico,Microlife,MI-864,II,Baja,2023-01-25,262000.0,12,Propio,,True,Interno,Regular
1573,EQ-01573,SN-1573-97640583,Ventilador mecánico,Soporte vital,Dräger,DR-411,III,Alta,2011-07-21,28278000.0,11,Propio,2013-02-27,True,Interno,Bueno
1574,EQ-01574,SN-1574-59250418,Carro de transporte estéril,Esterilización,CISA Group,CI-697,I,Alta,2018-12-20,2274000.0,8,Propio,,True,Contrato,Bueno
1575,EQ-01575,SN-1575-89693069,Termómetro clínico,Apoyo a diagnóstico,Omron,OM-788,II,Baja,2015-10-09,129000.0,12,Comodato,2016-12-23,True,Interno,Bueno
1576,EQ-01576,SN-1576-85359760,Bomba de infusión,Soporte vital,Baxter,BA-265,III,Alta,2016-08-18,1683000.0,13,Propio,,True,Contrato,Bueno
1577,EQ-01577,SN-1577-15718248,Termómetro clínico,Apoyo a diagnóstico,Braun,BR-189,II,Baja,2024-06-06,120000.0,8,Propio,2026-09-04,True,Interno,Bueno
1578,EQ-01578,SN-1578-96450053,OCT,Oftalmología,Topcon,TO-313,II,Alta,2017-12-18,75550000.0,11,Propio,,True,Externo,Bueno
1579,EQ-01579,SN-1579-96780205,Glucómetro,Apoyo a diagnóstico,Abbott,AB-243,II,Media,2020-11-07,38000.0,11,Propio,,False,Contrato,Bueno
1580,EQ-01580,SN-1580-54090641,Bomba de infusión,Soporte vital,Fresenius Kabi,FR-610,III,Alta,2025-01-19,2073000.0,9,Propio,,True,Externo,Bueno
1581,EQ-01581,SN-1581-80790075,Otoscopio,Apoyo a diagnóstico,HEINE,HE-753,I,Media,2011-03-24,423000.0,10,Propio,2013-10-30,True,Interno,Bueno
1582,EQ-01582,SN-1582-69872386,Oftalmoscopio,Apoyo a diagnóstico,HEINE,HE-237,I,Baja,2013-04-10,553000.0,7,Comodato,2016-03-22,True,Externo,Bueno
1583,EQ-01583,SN-1583-33100108,Ecógrafo,Imagenología,Fujifilm,FU-712,II,Media,2014-01-19,28918000.0,8,Propio,,True,Interno,Bueno
1584,EQ-01584,SN-1584-83908672,Máquina de anestesia,Soporte vital,Mindray,MI-156,III,Alta,2018-02-03,54719000.0,9,Propio,,True,Contrato,Regular
1585,EQ-01585,SN-1585-19389273,Desfibrilador,Soporte vital,Stryker/Physio-Control,ST-530,III,Alta,2014-06-23,6225000.0,12,Propio,2016-12-24,False,Interno,Bueno
1586,EQ-01586,SN-1586-47075353,Carro de transporte estéril,Esterilización,MMM Group,MM-223,I,Media,2022-06-19,2543000.0,11,Comodato,2024-01-14,False,Externo,Bueno
1587,EQ-01587,SN-1587-95392833,Termómetro clínico,Apoyo a diagnóstico,Microlife,MI-529,II,Baja,2023-04-27,51000.0,9,Arriendo,2025-02-12,False,Externo,Bueno
1588,EQ-01588,SN-1588-35342457,Doppler fetal,Apoyo a diagnóstico,Gima,GI-928,II,Baja,2017-05-26,472000.0,10,Propio,2019-11-16,True,Contrato,Bueno
1589,EQ-01589,SN-1589-73042648,Camilla de transporte,Apoyo a diagnóstico,Hillrom/Baxter,HI-735,I,Media,2013-08-20,5485000.0,14,Propio,2016-07-01,True,Contrato,Bueno
1590,EQ-01590,SN-1590-50911799,Monitor multiparámetro,Monitoreo,Mindray,MI-162,III,Media,2022-06-23,5217000.0,11,Propio,2023-08-06,False,Interno,Regular
1591,EQ-01591,SN-1591-98964869,Camilla de transporte,Apoyo a diagnóstico,Stryker/Physio-Control,ST-626,I,Baja,2024-03-15,6405000.0,12,Comodato,2025-04-25,False,Externo,Bueno
1592,EQ-01592,SN-1592-29423224,Electroestimulador,Rehabilitación,DJO/Compex,DJ-156,II,Media,2017-02-27,2940000.0,10,Comodato,,True,Contrato,Bueno
1593,EQ-01593,SN-1593-87098164,Autorrefractómetro,Oftalmología,Tomey,TO-314,I,Alta,2024-05-04,10544000.0,10,Propio,2026-10-22,True,Interno,Bueno
1594,EQ-01594,SN-1594-68682989,Bomba de infusión,Soporte vital,B. Braun,BB-121,III,Alta,2022-10-11,2156000.0,12,Propio,,True,Interno,Bueno
1595,EQ-01595,SN-1595-39053381,Ecógrafo,Imagenología,Esaote,ES-399,II,Alta,2011-02-19,27034000.0,15,Propio,2012-12-22,True,Contrato,Bueno
1596,EQ-01596,SN-1596-80348440,Centrífuga,Laboratorio,Thermo Fisher Scientific,TH-931,I,Media,2025-08-18,1153000.0,9,Propio,2028-03-04,False,Contrato,Bueno
1597,EQ-01597,SN-1597-17774292,Balanza clínica,Apoyo a diagnóstico,Detecto,DE-875,I,Baja,2018-09-22,236000.0,10,Propio,,True,Externo,Bueno
1598,EQ-01598,SN-1598-94838288,Otoscopio,Apoyo a diagnóstico,HEINE,HE-317,I,Media,2024-09-04,654000.0,12,Comodato,,True,Contrato,Bueno
1599,EQ-01599,SN-1599-85681859,Bomba de infusión,Soporte vital,Mindray,MI-379,III,Alta,2025-03-25,1789000.0,10,Propio,2027-09-17,False,Contrato,Bueno
1600,EQ-01600,SN-1600-71938367,Oftalmoscopio,Apoyo a diagnóstico,HEINE,HE-577,I,Media,2018-05-09,450000.0,14,Propio,,False,Contrato,Bueno
1601,EQ-01601,SN-1601-63410317,Bomba de infusión,Soporte vital,Baxter,BA-686,III,Media,2012-05-26,2386000.0,10,Propio,,False,Interno,Bueno
1602,EQ-01602,SN-1602-81289041,Glucómetro,Apoyo a diagnóstico,Gima,GI-390,II,Media,2024-05-08,64000.0,13,Propio,,False,Interno,Regular
1603,EQ-01603,SN-1603-24657745,Monitor multiparámetro,Monitoreo,Bionet,BI-213,III,Media,2013-05-29,3689000.0,13,Comodato,,True,Interno,Bueno
1604,EQ-01604,SN-1604-13163414,Máquina de anestesia,Soporte vital,Dräger,DR-248,III,Media,2017-09-01,33796000.0,13,Propio,,False,Externo,Bueno
1605,EQ-01605,SN-1605-79307647,Analizador hematológico,Laboratorio,Siemens Healthineers,SI-189,II,Baja,2024-11-17,11248000.0,14,Propio,2027-05-30,True,Interno,Bueno
1606,EQ-01606,SN-1606-34397146,Monitor multiparámetro,Monitoreo,GE HealthCare,GE-595,III,Media,2017-10-09,3401000.0,11,Propio,,True,Externo,Bueno
1607,EQ-01607,SN-1607-99597003,Esfigmomanómetro,Apoyo a diagnóstico,A&D Medical,AD-246,II,Alta,2016-05-22,142000.0,14,Propio,,True,Contrato,Bueno
1608,EQ-01608,SN-1608-82762806,Bomba de infusión,Soporte vital,Baxter,BA-947,III,Media,2015-08-31,1377000.0,9,Propio,,True,Interno,Bueno
1609,EQ-01609,SN-1609-46978917,Camilla de transporte,Apoyo a diagnóstico,Stryker/Physio-Control,ST-829,I,Media,2013-06-25,2661000.0,12,Propio,2015-12-10,False,Interno,Bueno
1610,EQ-01610,SN-1610-90029204,Esfigmomanómetro,Apoyo a diagnóstico,Gima,GI-572,II,Baja,2026-04-14,256000.0,11,Propio,2027-12-30,True,Interno,Bueno
1611,EQ-01611,SN-1611-49197864,Monitor multiparámetro,Monitoreo,Nihon Kohden,NI-463,III,Media,2011-07-01,3926000.0,15,Propio,,True,Interno,Bueno
1612,EQ-01612,SN-1612-71949355,Esfigmomanómetro,Apoyo a diagnóstico,Gima,GI-757,II,Baja,2010-11-08,173000.0,13,Propio,,True,Contrato,Bueno
1613,EQ-01613,SN-1613-90299447,Oftalmoscopio,Apoyo a diagnóstico,Gima,GI-823,I,Alta,2015-08-02,775000.0,13,Arriendo,,True,Interno,Bueno
1614,EQ-01614,SN-1614-49130137,Espirómetro,Apoyo a diagnóstico,Gima,GI-379,II,Baja,2018-10-12,2464000.0,12,Arriendo,2021-07-07,True,Contrato,Bueno
1615,EQ-01615,SN-1615-94978787,Microscopio,Laboratorio,Leica,LE-952,I,Baja,2024-10-13,3939000.0,10,Comodato,2026-07-30,True,Interno,Bueno
1616,EQ-01616,SN-1616-76930710,Monitor multiparámetro,Monitoreo,Nihon Kohden,NI-799,III,Alta,2024-08-08,3917000.0,11,Propio,2025-08-27,True,Contrato,Regular
1617,EQ-01617,SN-1617-13110487,Autoclave,Esterilización,W&H,WH-173,II,Alta,2015-01-27,16768000.0,8,Propio,,True,Externo,Bueno
1618,EQ-01618,SN-1618-57698101,Bomba PCA,Soporte vital,Baxter,BA-670,III,Alta,2013-04-17,2543000.0,8,Propio,,False,Contrato,Bueno
1619,EQ-01619,SN-1619-80666117,Balanza clínica,Apoyo a diagnóstico,SECA,SE-540,I,Baja,2024-08-14,1206000.0,13,Propio,,False,Externo,Bueno
1620,EQ-01620,SN-1620-97720668,Termómetro clínico,Apoyo a diagnóstico,Gima,GI-433,II,Baja,2026-06-24,62000.0,13,Comodato,,True,Interno,Regular
1621,EQ-01621,SN-1621-66457932,Monitor multiparámetro,Monitoreo,Philips,PH-368,III,Media,2019-06-26,5516000.0,13,Propio,,True,Contrato,Bueno
1622,EQ-01622,SN-1622-58348493,Balanza clínica,Apoyo a diagnóstico,Detecto,DE-474,I,Baja,2022-03-09,1093000.0,7,Propio,,True,Interno,Bueno
1623,EQ-01623,SN-1623-94650234,Refrigerador clínico,Laboratorio,PHCbi,PH-599,I,Media,2022-09-25,2695000.0,13,Propio,2024-03-15,True,Contrato,Bueno
1624,EQ-01624,SN-1624-61190611,Esfigmomanómetro,Apoyo a diagnóstico,Microlife,MI-872,II,Baja,2012-12-22,190000.0,8,Propio,,False,Interno,Bueno
1625,EQ-01625,SN-1625-55771759,Motor endodoncia,Odontología,Dentsply Sirona,DE-740,II,Baja,2024-02-22,1509000.0,14,Propio,2025-06-03,True,Contrato,Bueno
1626,EQ-01626,SN-1626-61685026,Bomba de infusión,Soporte vital,BD/CareFusion,BD-184,III,Alta,2019-06-23,1179000.0,12,Propio,2022-02-09,True,Contrato,Bueno
1627,EQ-01627,SN-1627-78117138,Camilla de fisioterapia,Rehabilitación,Lojer,LO-424,I,Baja,2015-06-17,1615000.0,12,Propio,,False,Interno,Bueno
1628,EQ-01628,SN-1628-88944701,Esfigmomanómetro,Apoyo a diagnóstico,Welch Allyn/Hillrom,WE-775,II,Media,2022-10-13,197000.0,11,Propio,2025-07-03,True,Contrato,Regular
1629,EQ-01629,SN-1629-66558576,Camilla de transporte,Apoyo a diagnóstico,Stryker/Physio-Control,ST-252,I,Baja,2011-06-19,5671000.0,14,Propio,2013-04-19,True,Contrato,Bueno
1630,EQ-01630,SN-1630-67384008,Máquina de anestesia,Soporte vital,GE HealthCare,GE-775,III,Alta,2012-11-06,45918000.0,12,Comodato,2015-10-29,True,Externo,Bueno
1631,EQ-01631,SN-1631-62389896,Monitor multiparámetro,Monitoreo,Nihon Kohden,NI-143,III,Alta,2013-11-27,4455000.0,13,Propio,,True,Interno,Bueno
1632,EQ-01632,SN-1632-96105134,Bomba de infusión,Soporte vital,ICU Medical,IC-922,III,Alta,2020-01-30,1873000.0,8,Propio,,True,Interno,Bueno
1633,EQ-01633,SN-1633-75736643,Esfigmomanómetro,Apoyo a diagnóstico,Gima,GI-288,II,Media,2025-09-06,144000.0,11,Propio,2028-02-12,True,Externo,Bueno
1634,EQ-01634,SN-1634-57832307,Lavadora desinfectora,Esterilización,MMM Group,MM-994,II,Alta,2012-04-20,27689000.0,8,Propio,2013-05-10,False,Externo,Bueno
1635,EQ-01635,SN-1635-26801159,Esfigmomanómetro,Apoyo a diagnóstico,Microlife,MI-323,II,Baja,2023-01-21,321000.0,13,Propio,2024-10-27,True,Contrato,Regular
1636,EQ-01636,SN-1636-98505274,Lámpara de fotocurado,Odontología,W&H,WH-382,I,Media,2014-06-09,576000.0,13,Propio,,False,Interno,Regular
1637,EQ-01637,SN-1637-29394228,Ventilador mecánico,Soporte vital,Philips,PH-188,III,Alta,2013-02-17,31857000.0,13,Propio,2015-09-07,True,Contrato,Bueno
1638,EQ-01638,SN-1638-65589278,Termómetro clínico,Apoyo a diagnóstico,Gima,GI-741,II,Baja,2015-03-31,126000.0,11,Comodato,,True,Interno,Bueno
1639,EQ-01639,SN-1639-18567770,Centrífuga,Laboratorio,Eppendorf,EP-505,I,Media,2017-01-29,1187000.0,11,Arriendo,2018-09-09,False,Contrato,Bueno
1640,EQ-01640,SN-1640-94112025,Termómetro clínico,Apoyo a diagnóstico,Braun,BR-870,II,Baja,2018-04-02,171000.0,10,Propio,,True,Contrato,Bueno
1641,EQ-01641,SN-1641-77390884,Ventilador mecánico,Soporte vital,GE HealthCare,GE-600,III,Alta,2014-11-26,20656000.0,10,Propio,,False,Contrato,Bueno
1642,EQ-01642,SN-1642-20371544,Monitor signos vitales,Monitoreo,Nonin,NO-821,II,Baja,2026-01-11,1161000.0,14,Propio,2027-06-25,True,Contrato,Bueno
1643,EQ-01643,SN-1643-49310632,Balanza clínica,Apoyo a diagnóstico,SECA,SE-226,I,Media,2024-08-24,1099000.0,13,Propio,2026-02-08,True,Interno,Bueno
1644,EQ-01644,SN-1644-46618913,Monitor signos vitales,Monitoreo,Edan,ED-611,II,Media,2020-01-18,1308000.0,12,Propio,2022-02-14,True,Interno,Bueno
1645,EQ-01645,SN-1645-50020601,Desfibrilador,Soporte vital,Mindray,MI-100,III,Alta,2015-02-11,6846000.0,14,Comodato,2017-04-03,True,Externo,Bueno
1646,EQ-01646,SN-1646-82768885,Monitor multiparámetro,Monitoreo,Edan,ED-511,III,Media,2025-09-19,3647000.0,10,Arriendo,2027-01-09,True,Interno,Bueno
1647,EQ-01647,SN-1647-41447730,Desfibrilador,Soporte vital,Mindray,MI-734,III,Alta,2022-12-29,6757000.0,12,Propio,,False,Externo,Bueno
1648,EQ-01648,SN-1648-97682695,Holter,Monitoreo,Philips,PH-506,II,Media,2010-11-04,3599000.0,11,Propio,2013-02-26,True,Externo,Bueno
1649,EQ-01649,SN-1649-62552157,Glucómetro,Apoyo a diagnóstico,Abbott,AB-579,II,Baja,2015-02-07,70000.0,13,Propio,2016-08-10,True,Contrato,Baja
1650,EQ-01650,SN-1650-44791554,Balanza clínica,Apoyo a diagnóstico,Gima,GI-741,I,Alta,2019-09-06,1229000.0,13,Propio,2021-04-24,True,Contrato,Bueno
1651,EQ-01651,SN-1651-26234833,Baño termorregulado,Laboratorio,Thermo Fisher Scientific,TH-336,I,Baja,2023-11-16,1228000.0,13,Propio,,True,Contrato,Regular
1652,EQ-01652,SN-1652-62980493,Centrífuga,Laboratorio,Thermo Fisher Scientific,TH-496,I,Baja,2016-07-02,3628000.0,13,Propio,2018-08-31,True,Interno,Bueno
1653,EQ-01653,SN-1653-76387360,Glucómetro,Apoyo a diagnóstico,Roche/Accu-Chek,RO-986,II,Baja,2022-01-04,58000.0,11,Propio,,True,Interno,Bueno
1654,EQ-01654,SN-1654-69897628,Camilla de transporte,Apoyo a diagnóstico,Stryker/Physio-Control,ST-467,I,Baja,2012-10-04,4786000.0,14,Propio,2015-08-06,False,Externo,Bueno
1655,EQ-01655,SN-1655-83196591,Balanza clínica,Apoyo a diagnóstico,Gima,GI-939,I,Baja,2020-10-28,867000.0,6,Comodato,2021-11-02,True,Contrato,Regular
1656,EQ-01656,SN-1656-86584649,Ecógrafo,Imagenología,Samsung Medison,SA-681,II,Alta,2013-04-13,39686000.0,10,Propio,,True,Contrato,Bueno
1657,EQ-01657,SN-1657-25336464,Carro de transporte estéril,Esterilización,Getinge,GE-104,I,Media,2019-11-25,2254000.0,8,Propio,,False,Externo,Regular
1658,EQ-01658,SN-1658-42213161,Balanza clínica,Apoyo a diagnóstico,Health o meter,HE-668,I,Alta,2015-06-26,442000.0,11,Comodato,2017-07-10,False,Externo,Bueno
1659,EQ-01659,SN-1659-79726921,Camilla de transporte,Apoyo a diagnóstico,Stryker/Physio-Control,ST-975,I,Media,2021-04-06,3306000.0,10,Propio,,False,Externo,Bueno
1660,EQ-01660,SN-1660-20086341,Oftalmoscopio,Apoyo a diagnóstico,HEINE,HE-127,I,Alta,2014-12-13,909000.0,13,Comodato,2016-05-17,False,Externo,Bueno
1661,EQ-01661,SN-1661-11936820,Bomba de infusión,Soporte vital,Baxter,BA-633,III,Alta,2024-12-29,1674000.0,14,Propio,,False,Interno,Bueno
1662,EQ-01662,SN-1662-19684998,Centrífuga,Laboratorio,Eppendorf,EP-451,I,Alta,2018-03-10,3463000.0,13,Propio,,True,Interno,Bueno
1663,EQ-01663,SN-1663-69055223,Monitor multiparámetro,Monitoreo,Spacelabs,SP-637,III,Media,2010-09-24,3660000.0,14,Propio,,True,Interno,Bueno
1664,EQ-01664,SN-1664-97261253,Bomba de infusión,Soporte vital,Mindray,MI-701,III,Alta,2020-09-07,1460000.0,14,Propio,2023-08-30,True,Contrato,Regular
1665,EQ-01665,SN-1665-81054792,Monitor multiparámetro,Monitoreo,Dräger,DR-113,III,Alta,2016-05-08,5788000.0,6,Propio,,True,Externo,Bueno
1666,EQ-01666,SN-1666-53913594,Ventilador mecánico,Soporte vital,Hamilton Medical,HA-180,III,Media,2015-01-24,17359000.0,13,Propio,,False,Interno,Bueno
1667,EQ-01667,SN-1667-15754859,Otoscopio,Apoyo a diagnóstico,HEINE,HE-943,I,Media,2012-04-25,800000.0,14,Propio,,True,Interno,Malo
1668,EQ-01668,SN-1668-34891106,Mesa de inspección,Esterilización,Matachana,MA-167,I,Alta,2021-03-25,1913000.0,11,Propio,,True,Contrato,Bueno
1669,EQ-01669,SN-1669-93054848,Bomba de infusión,Soporte vital,Mindray,MI-392,III,Media,2012-03-30,1206000.0,12,Comodato,,True,Interno,Bueno
1670,EQ-01670,SN-1670-37387813,Camilla de transporte,Apoyo a diagnóstico,Hillrom/Baxter,HI-587,I,Baja,2013-12-22,3369000.0,12,Propio,,True,Interno,Baja
1671,EQ-01671,SN-1671-67539697,Unidad dental,Odontología,Gnatus,GN-161,I,Baja,2011-06-30,10174000.0,10,Propio,,True,Contrato,Regular
1672,EQ-01672,SN-1672-52863004,Esfigmomanómetro,Apoyo a diagnóstico,Welch Allyn/Hillrom,WE-716,II,Baja,2015-07-15,284000.0,10,Propio,2018-04-05,True,Contrato,Bueno
1673,EQ-01673,SN-1673-70043935,Ventilador mecánico,Soporte vital,Dräger,DR-481,III,Alta,2017-11-21,30308000.0,12,Propio,,True,Contrato,Bueno
1674,EQ-01674,SN-1674-50995771,Termómetro clínico,Apoyo a diagnóstico,Gima,GI-552,II,Alta,2015-10-22,156000.0,15,Propio,2017-07-29,True,Contrato,Bueno
1675,EQ-01675,SN-1675-19862803,Glucómetro,Apoyo a diagnóstico,Abbott,AB-478,II,Baja,2025-10-15,51000.0,14,Propio,2028-05-05,True,Interno,Bueno
1676,EQ-01676,SN-1676-59344659,Ventilador neonatal,Neonatología,Dräger,DR-151,III,Alta,2010-09-21,31063000.0,12,Comodato,2012-10-25,True,Interno,Bueno
1677,EQ-01677,SN-1677-68383580,Termómetro clínico,Apoyo a diagnóstico,Gima,GI-420,II,Baja,2010-06-26,63000.0,8,Propio,2011-07-09,True,Contrato,Bueno
1678,EQ-01678,SN-1678-36771370,Audiómetro,Apoyo a diagnóstico,Gima,GI-934,II,Media,2017-02-10,5532000.0,9,Propio,,False,Interno,Bueno
1679,EQ-01679,SN-1679-99281967,Analizador bioquímico,Laboratorio,Mindray,MI-422,II,Media,2010-05-07,29097000.0,10,Propio,2011-09-05,True,Interno,Regular
1680,EQ-01680,SN-1680-12917070,Carro de transporte estéril,Esterilización,Getinge,GE-434,I,Alta,2018-10-13,1906000.0,13,Comodato,2020-08-18,False,Externo,Bueno
1681,EQ-01681,SN-1681-87749529,Monitor multiparámetro,Monitoreo,Nihon Kohden,NI-802,III,Alta,2020-05-08,1862000.0,9,Comodato,2023-01-12,True,Interno,Bueno
1682,EQ-01682,SN-1682-39461348,Electrocardiógrafo,Monitoreo,GE HealthCare,GE-198,II,Media,2024-01-02,2439000.0,12,Comodato,2026-09-28,False,Externo,Bueno
1683,EQ-01683,SN-1683-43103148,Camilla de transporte,Apoyo a diagnóstico,Hillrom/Baxter,HI-588,I,Baja,2017-02-09,3012000.0,7,Propio,,True,Externo,Regular
1684,EQ-01684,SN-1684-55057735,Camilla de transporte,Apoyo a diagnóstico,Stryker/Physio-Control,ST-614,I,Baja,2026-06-12,4883000.0,11,Propio,2029-01-31,True,Interno,Baja
1685,EQ-01685,SN-1685-65093716,Otoscopio,Apoyo a diagnóstico,Riester,RI-498,I,Baja,2020-11-15,401000.0,12,Propio,,True,Interno,Bueno
1686,EQ-01686,SN-1686-21646050,Doppler fetal,Apoyo a diagnóstico,Huntleigh,HU-159,II,Media,2017-08-09,916000.0,12,Propio,2020-06-26,False,Contrato,Bueno
1687,EQ-01687,SN-1687-10831364,Bomba PCA,Soporte vital,Baxter,BA-517,III,Alta,2021-12-21,2772000.0,14,Propio,2024-03-01,True,Contrato,Bueno
1688,EQ-01688,SN-1688-74499510,Monitor signos vitales,Monitoreo,Welch Allyn/Hillrom,WE-123,II,Baja,2012-11-04,1179000.0,15,Propio,,False,Interno,Bueno
1689,EQ-01689,SN-1689-77144696,Camilla de transporte,Apoyo a diagnóstico,Malvestio,MA-696,I,Media,2022-04-17,2924000.0,11,Propio,2023-08-14,True,Interno,Bueno
1690,EQ-01690,SN-1690-31609786,Monitor signos vitales,Monitoreo,Masimo,MA-655,II,Alta,2014-08-23,1384000.0,14,Propio,2016-11-06,True,Contrato,Bueno
1691,EQ-01691,SN-1691-21256244,Termómetro clínico,Apoyo a diagnóstico,Gima,GI-225,II,Media,2013-01-16,118000.0,13,Propio,,True,Interno,Bueno
1692,EQ-01692,SN-1692-63523225,Tallímetro,Apoyo a diagnóstico,Tanita,TA-336,I,Baja,2016-04-13,177000.0,13,Propio,2019-02-14,False,Externo,Bueno
1693,EQ-01693,SN-1693-49453034,Termómetro clínico,Apoyo a diagnóstico,Braun,BR-395,II,Alta,2023-06-20,103000.0,13,Propio,2026-04-15,True,Interno,Bueno
1694,EQ-01694,SN-1694-72321959,Oftalmoscopio,Apoyo a diagnóstico,Welch Allyn/Hillrom,WE-279,I,Baja,2023-04-14,497000.0,13,Propio,2024-11-02,False,Contrato,Baja
1695,EQ-01695,SN-1695-93685694,Esfigmomanómetro,Apoyo a diagnóstico,Microlife,MI-192,II,Alta,2021-10-04,212000.0,13,Propio,,True,Contrato,Bueno
1696,EQ-01696,SN-1696-11698069,Bomba de infusión,Soporte vital,Baxter,BA-427,III,Alta,2024-11-12,1610000.0,10,Propio,2026-05-14,True,Externo,Bueno
1697,EQ-01697,SN-1697-31946270,Esfigmomanómetro,Apoyo a diagnóstico,Gima,GI-664,II,Baja,2021-05-06,106000.0,14,Propio,,True,Interno,Bueno
1698,EQ-01698,SN-1698-53075448,Baño termorregulado,Laboratorio,Memmert,ME-545,I,Media,2010-10-22,1409000.0,13,Propio,,True,Interno,Bueno
1699,EQ-01699,SN-1699-42745333,Monitor signos vitales,Monitoreo,Philips,PH-735,II,Media,2012-10-06,1440000.0,13,Propio,,False,Interno,Bueno
1700,EQ-01700,SN-1700-77084119,Desfibrilador,Soporte vital,Nihon Kohden,NI-880,III,Alta,2019-09-15,6064000.0,10,Propio,,True,Externo,Regular
1701,EQ-01701,SN-1701-15887711,Tallímetro,Apoyo a diagnóstico,Gima,GI-970,I,Baja,2020-11-29,100000.0,13,Propio,,False,Contrato,Bueno
1702,EQ-01702,SN-1702-83200252,Camilla de transporte,Apoyo a diagnóstico,Stryker/Physio-Control,ST-303,I,Media,2021-01-21,5599000.0,10,Propio,,True,Interno,Bueno
1703,EQ-01703,SN-1703-44289169,Esfigmomanómetro,Apoyo a diagnóstico,Welch Allyn/Hillrom,WE-677,II,Baja,2019-10-02,214000.0,14,Propio,2020-11-09,True,Contrato,Bueno
1704,EQ-01704,SN-1704-57386960,Termómetro clínico,Apoyo a diagnóstico,Gima,GI-353,II,Media,2022-04-04,92000.0,9,Propio,2025-01-23,False,Contrato,Bueno
1705,EQ-01705,SN-1705-62384364,Bomba de infusión,Soporte vital,B. Braun,BB-634,III,Alta,2022-09-05,1596000.0,10,Propio,2024-06-20,True,Interno,Bueno
1706,EQ-01706,SN-1706-45893398,Baño termorregulado,Laboratorio,Thermo Fisher Scientific,TH-248,I,Media,2021-11-07,1317000.0,8,Propio,2023-11-06,True,Externo,Bueno
1707,EQ-01707,SN-1707-64810476,Esfigmomanómetro,Apoyo a diagnóstico,A&D Medical,AD-523,II,Baja,2021-04-29,224000.0,9,Propio,,True,Externo,Regular
1708,EQ-01708,SN-1708-79340686,Camilla de transporte,Apoyo a diagnóstico,Hillrom/Baxter,HI-486,I,Baja,2019-01-30,3914000.0,9,Propio,2020-03-03,True,Externo,Bueno
1709,EQ-01709,SN-1709-65315679,Bomba de infusión,Soporte vital,Baxter,BA-389,III,Alta,2022-03-22,1386000.0,8,Propio,2024-06-20,False,Interno,Bueno
1710,EQ-01710,SN-1710-75731999,Máquina de anestesia,Soporte vital,Mindray,MI-957,III,Alta,2016-07-30,58698000.0,8,Propio,2018-08-25,True,Contrato,Bueno
1711,EQ-01711,SN-1711-41429841,Tallímetro,Apoyo a diagnóstico,SECA,SE-846,I,Baja,2022-01-18,400000.0,10,Propio,2023-05-22,True,Contrato,Bueno
1712,EQ-01712,SN-1712-37569417,Esfigmomanómetro,Apoyo a diagnóstico,Riester,RI-250,II,Baja,2025-08-25,168000.0,10,Propio,2028-05-31,False,Contrato,Bueno
1713,EQ-01713,SN-1713-85243678,Doppler fetal,Apoyo a diagnóstico,Gima,GI-272,II,Baja,2016-09-05,642000.0,13,Propio,2018-11-17,True,Interno,Bueno
1714,EQ-01714,SN-1714-50043340,Bomba de infusión,Soporte vital,BD/CareFusion,BD-676,III,Alta,2010-08-30,1283000.0,13,Propio,2011-10-25,True,Interno,Bueno
1715,EQ-01715,SN-1715-73462424,Bomba de infusión,Soporte vital,Mindray,MI-688,III,Media,2020-01-26,2163000.0,14,Propio,,True,Contrato,Regular
1716,EQ-01716,SN-1716-71436972,Bomba de infusión,Soporte vital,B. Braun,BB-429,III,Media,2025-03-27,1652000.0,10,Propio,,True,Contrato,Bueno
1717,EQ-01717,SN-1717-90881549,Monitor signos vitales,Monitoreo,Nihon Kohden,NI-375,II,Media,2013-04-24,1782000.0,13,Propio,,False,Contrato,Bueno
1718,EQ-01718,SN-1718-35193540,Camilla de transporte,Apoyo a diagnóstico,Malvestio,MA-283,I,Baja,2014-07-08,5096000.0,8,Comodato,2016-02-21,False,Externo,Regular
1719,EQ-01719,SN-1719-29464491,Bomba de infusión,Soporte vital,Baxter,BA-165,III,Media,2025-10-20,1663000.0,9,Propio,,False,Interno,Bueno
1720,EQ-01720,SN-1720-65981641,Monitor signos vitales,Monitoreo,Masimo,MA-363,II,Media,2012-05-29,1131000.0,11,Propio,2015-05-07,True,Externo,Bueno
1721,EQ-01721,SN-1721-19862537,Desfibrilador,Soporte vital,Philips,PH-960,III,Alta,2025-01-17,5644000.0,9,Propio,2027-06-09,True,Externo,Bueno
1722,EQ-01722,SN-1722-86447552,Bioimpedanciómetro,Apoyo a diagnóstico,SECA,SE-959,II,Media,2025-02-04,7034000.0,12,Comodato,,False,Externo,Bueno
1723,EQ-01723,SN-1723-17171864,Analizador hematológico,Laboratorio,Beckman Coulter,BE-617,II,Media,2023-12-29,16277000.0,13,Propio,,True,Interno,Bueno
1724,EQ-01724,SN-1724-31892866,Electrocardiógrafo,Monitoreo,Edan,ED-373,II,Alta,2017-10-27,3002000.0,10,Propio,2020-03-03,False,Contrato,Bueno
1725,EQ-01725,SN-1725-38981297,Rayos X portátil,Imagenología,Philips,PH-269,II,Alta,2024-03-08,38113000.0,6,Propio,,False,Interno,Bueno
1726,EQ-01726,SN-1726-21721719,Balanza clínica,Apoyo a diagnóstico,Tanita,TA-627,I,Baja,2020-05-17,420000.0,9,Propio,2021-09-04,True,Contrato,Bueno
1727,EQ-01727,SN-1727-54296773,Termómetro clínico,Apoyo a diagnóstico,Riester,RI-538,II,Baja,2024-12-27,123000.0,15,Propio,,True,Contrato,Bueno
1728,EQ-01728,SN-1728-60732075,Desfibrilador,Soporte vital,Mindray,MI-827,III,Alta,2014-03-02,6341000.0,10,Propio,,True,Interno,Bueno
1729,EQ-01729,SN-1729-85332400,Monitor multiparámetro,Monitoreo,Edan,ED-901,III,Media,2011-08-28,4019000.0,13,Propio,2014-07-12,True,Interno,Bueno
1730,EQ-01730,SN-1730-26649373,Selladora térmica,Esterilización,hawo,HA-248,I,Media,2014-01-01,2235000.0,10,Propio,2016-03-30,True,Interno,Regular
1731,EQ-01731,SN-1731-59509200,Monitor multiparámetro,Monitoreo,Bionet,BI-537,III,Media,2013-04-25,2259000.0,10,Propio,,False,Interno,Bueno
1732,EQ-01732,SN-1732-10610639,Electroestimulador,Rehabilitación,Chattanooga,CH-687,II,Baja,2010-04-01,2804000.0,7,Propio,,True,Interno,Bueno
1733,EQ-01733,SN-1733-65450623,Sillón dental,Odontología,Planmeca,PL-561,I,Media,2018-09-14,9776000.0,12,Propio,2021-04-22,True,Externo,Bueno
1734,EQ-01734,SN-1734-97796837,Carro de transporte estéril,Esterilización,Belimed,BE-822,I,Alta,2010-02-04,1425000.0,14,Propio,2011-08-05,True,Interno,Bueno
1735,EQ-01735,SN-1735-47091238,Tonómetro,Oftalmología,Topcon,TO-785,II,Media,2026-01-12,3931000.0,11,Propio,,True,Interno,Bueno
1736,EQ-01736,SN-1736-38400007,Esfigmomanómetro,Apoyo a diagnóstico,A&D Medical,AD-425,II,Alta,2024-12-04,163000.0,11,Propio,,True,Contrato,Bueno
1737,EQ-01737,SN-1737-25936307,Ventilador mecánico,Soporte vital,Hamilton Medical,HA-503,III,Alta,2020-07-20,28452000.0,12,Comodato,2021-07-29,True,Interno,Bueno
1738,EQ-01738,SN-1738-67726388,Bomba de infusión,Soporte vital,Mindray,MI-461,III,Alta,2014-04-24,1412000.0,14,Propio,2015-09-16,True,Contrato,Regular
1739,EQ-01739,SN-1739-56751876,Esfigmomanómetro,Apoyo a diagnóstico,Microlife,MI-741,II,Baja,2012-04-03,213000.0,12,Comodato,2013-10-08,True,Externo,Bueno
1740,EQ-01740,SN-1740-34692291,Monitor multiparámetro,Monitoreo,Edan,ED-327,III,Media,2024-12-27,4348000.0,9,Propio,2027-06-17,True,Contrato,Regular
1741,EQ-01741,SN-1741-91245785,Carro de transporte estéril,Esterilización,Getinge,GE-327,I,Alta,2013-04-17,1870000.0,13,Comodato,2015-06-20,True,Externo,Bueno
1742,EQ-01742,SN-1742-36363342,Fototerapia,Neonatología,Medix,ME-454,II,Media,2015-12-22,4048000.0,8,Comodato,2017-09-08,False,Externo,Bueno
1743,EQ-01743,SN-1743-16555579,Otoscopio,Apoyo a diagnóstico,Gima,GI-203,I,Baja,2021-07-19,502000.0,11,Propio,,True,Externo,Bueno
1744,EQ-01744,SN-1744-60828796,Doppler vascular,Apoyo a diagnóstico,Edan,ED-330,II,Media,2015-01-13,1115000.0,11,Propio,2016-09-13,True,Externo,Bueno
1745,EQ-01745,SN-1745-60600056,Esfigmomanómetro,Apoyo a diagnóstico,Omron,OM-813,II,Baja,2021-09-09,197000.0,10,Propio,2024-06-27,True,Interno,Bueno
1746,EQ-01746,SN-1746-66146291,Camilla de transporte,Apoyo a diagnóstico,Hillrom/Baxter,HI-299,I,Baja,2013-06-16,5305000.0,12,Propio,,False,Interno,Bueno
1747,EQ-01747,SN-1747-60285033,Termómetro clínico,Apoyo a diagnóstico,Riester,RI-141,II,Media,2016-07-18,88000.0,11,Propio,,True,Interno,Bueno
1748,EQ-01748,SN-1748-29831550,Esfigmomanómetro,Apoyo a diagnóstico,Welch Allyn/Hillrom,WE-806,II,Media,2021-03-19,267000.0,14,Propio,,True,Interno,Bueno
1749,EQ-01749,SN-1749-92009332,Balanza clínica,Apoyo a diagnóstico,Gima,GI-399,I,Media,2017-06-15,844000.0,10,Propio,,False,Contrato,Bueno
1750,EQ-01750,SN-1750-21858397,Bomba de infusión,Soporte vital,Baxter,BA-476,III,Alta,2013-04-08,1577000.0,13,Propio,2015-05-04,True,Interno,Bueno
1751,EQ-01751,SN-1751-55073036,Ventilador mecánico,Soporte vital,Philips,PH-568,III,Alta,2013-12-09,35838000.0,9,Propio,2016-10-01,True,Contrato,Bueno
1752,EQ-01752,SN-1752-59537227,Esfigmomanómetro,Apoyo a diagnóstico,A&D Medical,AD-420,II,Media,2011-06-28,115000.0,9,Propio,,False,Interno,Bueno
1753,EQ-01753,SN-1753-66001455,Camilla de fisioterapia,Rehabilitación,Lojer,LO-342,I,Baja,2010-12-07,1620000.0,12,Propio,,True,Contrato,Bueno
1754,EQ-01754,SN-1754-81913255,Termómetro clínico,Apoyo a diagnóstico,Microlife,MI-507,II,Alta,2023-03-18,161000.0,6,Comodato,2025-04-27,True,Externo,Bueno
1755,EQ-01755,SN-1755-98445738,Mesa de inspección,Esterilización,CISA Group,CI-157,I,Media,2010-02-09,1280000.0,10,Propio,2011-11-26,True,Interno,Bueno
1756,EQ-01756,SN-1756-84900411,Monitor multiparámetro,Monitoreo,Dräger,DR-242,III,Media,2012-06-07,4803000.0,13,Propio,,False,Contrato,Bueno
1757,EQ-01757,SN-1757-98217195,Bomba de infusión,Soporte vital,B. Braun,BB-758,III,Alta,2011-12-08,2167000.0,9,Propio,,True,Externo,Malo
1758,EQ-01758,SN-1758-26616418,Bomba de infusión,Soporte vital,Mindray,MI-712,III,Alta,2011-12-01,1833000.0,11,Propio,,False,Contrato,Bueno
1759,EQ-01759,SN-1759-20090114,Motor endodoncia,Odontología,Woodpecker,WO-116,II,Media,2013-08-06,1556000.0,15,Propio,,False,Contrato,Bueno
1760,EQ-01760,SN-1760-81332482,Monitor multiparámetro,Monitoreo,Nihon Kohden,NI-729,III,Alta,2020-03-29,4615000.0,12,Comodato,2021-05-29,True,Interno,Bueno
1761,EQ-01761,SN-1761-55774657,Termómetro clínico,Apoyo a diagnóstico,Omron,OM-239,II,Media,2020-12-31,97000.0,7,Comodato,,False,Contrato,Bueno
1762,EQ-01762,SN-1762-75532038,Monitor multiparámetro,Monitoreo,GE HealthCare,GE-120,III,Media,2014-01-16,4113000.0,10,Propio,,True,Contrato,Bueno
1763,EQ-01763,SN-1763-57085616,Analizador bioquímico,Laboratorio,Beckman Coulter,BE-997,II,Baja,2012-10-15,29626000.0,13,Propio,,True,Interno,Bueno
1764,EQ-01764,SN-1764-51365184,Espirómetro,Apoyo a diagnóstico,Gima,GI-125,II,Baja,2019-11-23,2403000.0,8,Propio,2021-09-12,False,Interno,Bueno
1765,EQ-01765,SN-1765-51571379,Lámpara de hendidura,Oftalmología,Huvitz,HU-951,I,Alta,2023-08-07,10511000.0,13,Propio,2025-03-16,True,Externo,Bueno
1766,EQ-01766,SN-1766-16337047,Arco C,Imagenología,Ziehm Imaging,ZI-152,II,Alta,2012-10-15,190742000.0,12,Comodato,2015-02-10,False,Interno,Bueno
1767,EQ-01767,SN-1767-45707507,Centrífuga,Laboratorio,Hettich,HE-587,I,Media,2026-06-30,4081000.0,11,Propio,2027-10-04,True,Interno,Bueno
1768,EQ-01768,SN-1768-42421700,Bomba de infusión,Soporte vital,ICU Medical,IC-630,III,Alta,2011-12-06,1403000.0,14,Propio,,True,Contrato,Bueno
1769,EQ-01769,SN-1769-66978055,Termómetro clínico,Apoyo a diagnóstico,Omron,OM-583,II,Media,2025-03-10,97000.0,13,Propio,2027-04-24,True,Interno,Bueno
1770,EQ-01770,SN-1770-54165324,Monitor multiparámetro,Monitoreo,Bionet,BI-991,III,Alta,2020-10-18,3651000.0,12,Propio,,True,Interno,Regular
1771,EQ-01771,SN-1771-97996581,Desfibrilador,Soporte vital,Mindray,MI-210,III,Alta,2013-10-09,7379000.0,11,Comodato,2016-03-31,True,Contrato,Bueno
1772,EQ-01772,SN-1772-46870158,Bomba de infusión,Soporte vital,Fresenius Kabi,FR-996,III,Media,2026-02-28,1875000.0,13,Propio,2028-11-08,True,Interno,Bueno
1773,EQ-01773,SN-1773-65691133,Bomba de infusión,Soporte vital,Mindray,MI-560,III,Alta,2013-07-12,1218000.0,9,Comodato,,False,Interno,Bueno
1774,EQ-01774,SN-1774-35865802,Lámpara de hendidura,Oftalmología,Topcon,TO-403,I,Alta,2017-12-19,8127000.0,11,Propio,,True,Interno,Bueno
1775,EQ-01775,SN-1775-77080123,Bomba de infusión,Soporte vital,Fresenius Kabi,FR-815,III,Alta,2021-04-01,1500000.0,10,Propio,,False,Interno,Bueno
1776,EQ-01776,SN-1776-11795133,Incubadora,Neonatología,Medix,ME-189,III,Alta,2024-03-25,19382000.0,11,Propio,,False,Interno,Bueno
1777,EQ-01777,SN-1777-77218295,Camilla de transporte,Apoyo a diagnóstico,Stryker/Physio-Control,ST-998,I,Media,2019-06-10,4411000.0,6,Propio,,True,Externo,Bueno
1778,EQ-01778,SN-1778-38542504,Termómetro clínico,Apoyo a diagnóstico,Braun,BR-737,II,Baja,2018-01-06,112000.0,9,Propio,,True,Interno,Bueno
1779,EQ-01779,SN-1779-37807749,Carro de transporte estéril,Esterilización,Getinge,GE-677,I,Alta,2024-04-27,2090000.0,13,Propio,,True,Interno,Bueno
1780,EQ-01780,SN-1780-80682770,Centrífuga,Laboratorio,Eppendorf,EP-917,I,Media,2016-08-25,2750000.0,8,Arriendo,2019-06-30,True,Contrato,Bueno
1781,EQ-01781,SN-1781-14722867,Lámpara de fotocurado,Odontología,W&H,WH-326,I,Media,2013-04-17,443000.0,10,Propio,,True,Interno,Bueno
1782,EQ-01782,SN-1782-69393390,Camilla de transporte,Apoyo a diagnóstico,Malvestio,MA-269,I,Media,2016-10-07,3322000.0,9,Propio,,False,Interno,Bueno
1783,EQ-01783,SN-1783-75423686,Monitor multiparámetro,Monitoreo,Edan,ED-964,III,Media,2017-12-04,4842000.0,8,Propio,2019-06-08,True,Interno,Bueno
1784,EQ-01784,SN-1784-47073745,Oftalmoscopio,Apoyo a diagnóstico,Gima,GI-110,I,Baja,2011-02-07,610000.0,13,Propio,,False,Interno,Regular
1785,EQ-01785,SN-1785-14915967,Bomba de infusión,Soporte vital,B. Braun,BB-207,III,Alta,2013-10-30,1579000.0,11,Propio,,True,Contrato,Bueno
1786,EQ-01786,SN-1786-83706774,Tallímetro,Apoyo a diagnóstico,Gima,GI-593,I,Media,2017-08-09,170000.0,10,Propio,,True,Contrato,Baja
1787,EQ-01787,SN-1787-66737771,Monitor signos vitales,Monitoreo,Philips,PH-360,II,Media,2016-10-26,1862000.0,9,Propio,,True,Contrato,Bueno
1788,EQ-01788,SN-1788-47463364,Esfigmomanómetro,Apoyo a diagnóstico,Riester,RI-350,II,Baja,2026-02-27,205000.0,12,Propio,,True,Contrato,Bueno
1789,EQ-01789,SN-1789-22799890,Microscopio quirúrgico oftalmológico,Oftalmología,Leica Microsystems,LE-454,II,Alta,2022-05-17,45129000.0,12,Propio,2024-10-26,True,Contrato,Baja
1790,EQ-01790,SN-1790-51291039,Camilla de transporte,Apoyo a diagnóstico,Malvestio,MA-758,I,Baja,2019-07-15,4843000.0,14,Propio,2021-04-23,True,Interno,Bueno
1791,EQ-01791,SN-1791-10248072,Monitor multiparámetro,Monitoreo,Edan,ED-599,III,Alta,2024-05-08,2243000.0,8,Propio,,True,Interno,Bueno
1792,EQ-01792,SN-1792-46354458,Esfigmomanómetro,Apoyo a diagnóstico,Gima,GI-978,II,Baja,2020-02-26,141000.0,13,Comodato,2022-07-27,True,Interno,Bueno
1793,EQ-01793,SN-1793-85406246,Bomba de infusión,Soporte vital,Baxter,BA-209,III,Alta,2016-07-15,1643000.0,12,Propio,,False,Interno,Bueno
1794,EQ-01794,SN-1794-87959174,Balanza clínica,Apoyo a diagnóstico,Health o meter,HE-460,I,Baja,2022-10-20,1403000.0,11,Comodato,,True,Contrato,Bueno
1795,EQ-01795,SN-1795-91839171,Oftalmoscopio,Apoyo a diagnóstico,Welch Allyn/Hillrom,WE-803,I,Baja,2024-09-11,353000.0,8,Propio,2026-10-14,True,Externo,Bueno
1796,EQ-01796,SN-1796-66266213,Bomba de infusión,Soporte vital,ICU Medical,IC-341,III,Alta,2022-07-22,1641000.0,6,Propio,,False,Contrato,Bueno
1797,EQ-01797,SN-1797-43345023,Camilla de transporte,Apoyo a diagnóstico,Hillrom/Baxter,HI-386,I,Baja,2014-04-01,4477000.0,6,Propio,,True,Interno,Regular
1798,EQ-01798,SN-1798-13669548,Ventilador mecánico,Soporte vital,GE HealthCare,GE-688,III,Alta,2021-09-29,35275000.0,10,Comodato,,True,Interno,Regular
1799,EQ-01799,SN-1799-54255544,Cuna radiante,Neonatología,Dräger,DR-531,II,Alta,2024-10-17,6685000.0,12,Propio,,True,Interno,Bueno
1800,EQ-01800,SN-1800-54370007,Esfigmomanómetro,Apoyo a diagnóstico,Omron,OM-173,II,Baja,2011-06-25,227000.0,11,Propio,,True,Interno,Bueno
1801,EQ-01801,SN-1801-54695664,Desfibrilador,Soporte vital,Mindray,MI-745,III,Alta,2021-01-23,6390000.0,13,Propio,2022-09-10,True,Contrato,Bueno
1802,EQ-01802,SN-1802-74893136,Camilla de transporte,Apoyo a diagnóstico,Malvestio,MA-838,I,Baja,2013-11-27,5130000.0,11,Propio,2016-04-25,True,Externo,Bueno
1803,EQ-01803,SN-1803-81913988,Monitor multiparámetro,Monitoreo,Bionet,BI-618,III,Media,2020-05-12,2401000.0,12,Arriendo,2022-08-03,True,Contrato,Bueno
1804,EQ-01804,SN-1804-77701018,Esfigmomanómetro,Apoyo a diagnóstico,Welch Allyn/Hillrom,WE-786,II,Baja,2016-01-30,125000.0,9,Comodato,2018-06-01,True,Interno,Bueno
1805,EQ-01805,SN-1805-19544135,Monitor multiparámetro,Monitoreo,Nihon Kohden,NI-716,III,Media,2015-02-08,5027000.0,7,Propio,,True,Interno,Bueno
1806,EQ-01806,SN-1806-72594001,Bomba de infusión,Soporte vital,Baxter,BA-368,III,Alta,2015-08-13,1624000.0,13,Propio,,False,Interno,Bueno
1807,EQ-01807,SN-1807-51279036,Bomba de infusión,Soporte vital,BD/CareFusion,BD-104,III,Alta,2014-11-16,2198000.0,13,Arriendo,2017-08-21,True,Interno,Bueno
1808,EQ-01808,SN-1808-72802257,Monitor signos vitales,Monitoreo,Welch Allyn/Hillrom,WE-208,II,Media,2017-03-24,1176000.0,12,Propio,2019-04-22,True,Interno,Regular
1809,EQ-01809,SN-1809-95808049,Bomba de infusión,Soporte vital,Mindray,MI-351,III,Alta,2024-04-26,1627000.0,13,Propio,2025-09-17,True,Interno,Bueno
1810,EQ-01810,SN-1810-65480364,Monitor signos vitales,Monitoreo,Nonin,NO-798,II,Alta,2023-10-26,872000.0,9,Propio,2025-05-04,False,Externo,Bueno
1811,EQ-01811,SN-1811-99982966,Bomba de infusión,Soporte vital,Baxter,BA-994,III,Alta,2011-03-04,1485000.0,12,Arriendo,2012-03-03,True,Interno,Bueno
1812,EQ-01812,SN-1812-97401834,Glucómetro,Apoyo a diagnóstico,Gima,GI-445,II,Baja,2010-11-06,52000.0,15,Propio,2012-08-05,True,Contrato,Bueno
1813,EQ-01813,SN-1813-76622989,Electrocardiógrafo,Monitoreo,GE HealthCare,GE-803,II,Alta,2015-09-02,2630000.0,5,Propio,,False,Contrato,Bueno
1814,EQ-01814,SN-1814-73306366,Termómetro clínico,Apoyo a diagnóstico,Gima,GI-277,II,Baja,2010-11-14,103000.0,12,Propio,2012-06-13,True,Interno,Bueno
1815,EQ-01815,SN-1815-70333181,Balanza clínica,Apoyo a diagnóstico,Health o meter,HE-599,I,Baja,2020-04-23,1457000.0,14,Propio,,False,Contrato,Bueno
1816,EQ-01816,SN-1816-11481789,Oxímetro central,Monitoreo,Philips,PH-512,III,Baja,2016-11-25,3037000.0,10,Comodato,2019-05-12,False,Externo,Bueno
1817,EQ-01817,SN-1817-54468170,Doppler fetal,Apoyo a diagnóstico,Edan,ED-270,II,Baja,2022-09-20,590000.0,10,Propio,,True,Interno,Bueno
1818,EQ-01818,SN-1818-11335577,Esfigmomanómetro,Apoyo a diagnóstico,A&D Medical,AD-579,II,Baja,2014-05-17,278000.0,13,Propio,2017-04-30,True,Contrato,Bueno
1819,EQ-01819,SN-1819-73844816,Bomba de infusión,Soporte vital,ICU Medical,IC-746,III,Alta,2014-07-25,1614000.0,11,Propio,,False,Contrato,Bueno
1820,EQ-01820,SN-1820-74734761,Refrigerador clínico,Laboratorio,Binder,BI-606,I,Media,2023-08-25,3916000.0,11,Propio,,False,Externo,Bueno
1821,EQ-01821,SN-1821-14016649,Termómetro clínico,Apoyo a diagnóstico,Welch Allyn/Hillrom,WE-212,II,Baja,2019-06-16,65000.0,12,Propio,2021-11-24,True,Interno,Bueno
1822,EQ-01822,SN-1822-87736519,Monitor signos vitales,Monitoreo,Philips,PH-763,II,Media,2013-02-17,1310000.0,11,Comodato,2014-09-15,True,Interno,Bueno
1823,EQ-01823,SN-1823-91148187,Cuna radiante,Neonatología,Atom Medical,AT-407,II,Alta,2023-07-11,7840000.0,14,Propio,,True,Externo,Bueno
1824,EQ-01824,SN-1824-11839354,Doppler fetal,Apoyo a diagnóstico,Huntleigh,HU-377,II,Baja,2023-08-25,296000.0,11,Propio,,True,Contrato,Regular
1825,EQ-01825,SN-1825-41951433,Esfigmomanómetro,Apoyo a diagnóstico,Gima,GI-854,II,Baja,2018-03-01,248000.0,12,Propio,2019-10-14,True,Contrato,Bueno
1826,EQ-01826,SN-1826-25256704,Termómetro clínico,Apoyo a diagnóstico,Omron,OM-300,II,Media,2014-08-19,91000.0,7,Propio,,True,Contrato,Bueno
1827,EQ-01827,SN-1827-48331026,Electrocardiógrafo,Monitoreo,Philips,PH-162,II,Alta,2016-09-17,4369000.0,8,Propio,,False,Interno,Bueno
1828,EQ-01828,SN-1828-45523709,Glucómetro,Apoyo a diagnóstico,Roche/Accu-Chek,RO-927,II,Baja,2010-10-22,60000.0,14,Comodato,2013-03-21,True,Interno,Bueno
1829,EQ-01829,SN-1829-94262692,Esfigmomanómetro,Apoyo a diagnóstico,Microlife,MI-865,II,Baja,2014-11-01,248000.0,8,Propio,2016-12-10,True,Externo,Bueno
1830,EQ-01830,SN-1830-68786466,Cuna radiante,Neonatología,Dräger,DR-877,II,Alta,2015-11-20,8148000.0,13,Propio,2017-06-28,True,Contrato,Bueno
1831,EQ-01831,SN-1831-64882831,Autorrefractómetro,Oftalmología,Tomey,TO-670,I,Baja,2023-06-21,10415000.0,12,Comodato,2024-07-09,False,Interno,Bueno
1832,EQ-01832,SN-1832-97302803,Esfigmomanómetro,Apoyo a diagnóstico,Gima,GI-522,II,Media,2014-07-20,107000.0,13,Propio,,True,Interno,Bueno
1833,EQ-01833,SN-1833-54572600,Glucómetro,Apoyo a diagnóstico,Gima,GI-399,II,Baja,2023-07-06,53000.0,8,Propio,2025-08-08,True,Interno,Bueno
1834,EQ-01834,SN-1834-91993395,Glucómetro,Apoyo a diagnóstico,Roche/Accu-Chek,RO-368,II,Media,2012-07-07,60000.0,14,Propio,2014-02-24,False,Interno,Bueno
1835,EQ-01835,SN-1835-32882022,Lámpara de hendidura,Oftalmología,Topcon,TO-985,I,Baja,2023-02-13,8516000.0,11,Propio,2024-04-10,True,Interno,Bueno
1836,EQ-01836,SN-1836-46399207,Bomba de infusión,Soporte vital,Mindray,MI-729,III,Alta,2012-08-26,1449000.0,13,Arriendo,,True,Interno,Bueno
1837,EQ-01837,SN-1837-76490105,Monitor signos vitales,Monitoreo,Bionet,BI-228,II,Media,2012-11-30,1154000.0,13,Propio,2015-02-19,True,Interno,Bueno
1838,EQ-01838,SN-1838-65730867,Termómetro clínico,Apoyo a diagnóstico,Omron,OM-362,II,Baja,2022-02-22,120000.0,14,Propio,2023-07-07,True,Interno,Bueno
1839,EQ-01839,SN-1839-12449837,Camilla de transporte,Apoyo a diagnóstico,Malvestio,MA-677,I,Baja,2020-01-16,3579000.0,13,Propio,,True,Interno,Bueno
1840,EQ-01840,SN-1840-74448260,Camilla de transporte,Apoyo a diagnóstico,Hillrom/Baxter,HI-248,I,Media,2020-05-27,3473000.0,11,Arriendo,,True,Interno,Bueno
1841,EQ-01841,SN-1841-86088791,Monitor multiparámetro,Monitoreo,Philips,PH-932,III,Media,2018-04-29,5413000.0,11,Propio,2020-02-13,True,Contrato,Bueno
1842,EQ-01842,SN-1842-82721183,Ventilador mecánico,Soporte vital,Hamilton Medical,HA-341,III,Media,2015-03-20,41291000.0,11,Propio,2016-09-30,True,Interno,Bueno
1843,EQ-01843,SN-1843-47198993,Fototerapia,Neonatología,Atom Medical,AT-189,II,Alta,2026-05-08,2891000.0,8,Propio,,False,Contrato,Bueno
1844,EQ-01844,SN-1844-83182718,Otoscopio,Apoyo a diagnóstico,Welch Allyn/Hillrom,WE-622,I,Media,2024-09-03,645000.0,10,Propio,,True,Interno,Bueno
1845,EQ-01845,SN-1845-90982348,Glucómetro,Apoyo a diagnóstico,Roche/Accu-Chek,RO-293,II,Media,2026-04-18,77000.0,13,Propio,,True,Externo,Bueno
1846,EQ-01846,SN-1846-58311515,Carro de transporte estéril,Esterilización,Steelco,ST-272,I,Alta,2022-02-12,1710000.0,14,Propio,2023-09-16,False,Interno,Bueno
1847,EQ-01847,SN-1847-93601667,Bomba de infusión,Soporte vital,ICU Medical,IC-373,III,Alta,2018-01-31,1694000.0,14,Propio,2020-09-13,True,Interno,Bueno
1848,EQ-01848,SN-1848-12238377,Desfibrilador,Soporte vital,Nihon Kohden,NI-576,III,Alta,2025-03-18,7828000.0,15,Propio,2027-06-09,False,Contrato,Bueno
1849,EQ-01849,SN-1849-47325284,Esfigmomanómetro,Apoyo a diagnóstico,Omron,OM-889,II,Baja,2021-04-21,149000.0,13,Propio,,True,Externo,Regular
1850,EQ-01850,SN-1850-63312776,Termómetro clínico,Apoyo a diagnóstico,Microlife,MI-429,II,Baja,2012-05-24,111000.0,14,Propio,2014-06-04,True,Externo,Bueno
1851,EQ-01851,SN-1851-74236647,Cuna radiante,Neonatología,Fanem,FA-102,II,Alta,2023-06-08,9944000.0,10,Propio,,False,Contrato,Bueno
1852,EQ-01852,SN-1852-90231718,Refrigerador clínico,Laboratorio,Thermo Fisher Scientific,TH-400,I,Media,2013-12-24,3895000.0,11,Propio,,True,Contrato,Bueno
1853,EQ-01853,SN-1853-69258569,Ventilador mecánico,Soporte vital,Philips,PH-472,III,Alta,2025-08-04,29390000.0,6,Arriendo,2027-02-15,True,Interno,Bueno
1854,EQ-01854,SN-1854-75806641,Bomba PCA,Soporte vital,BD/CareFusion,BD-618,III,Alta,2025-01-18,2052000.0,13,Propio,,True,Interno,Bueno
1855,EQ-01855,SN-1855-40522768,Esfigmomanómetro,Apoyo a diagnóstico,Welch Allyn/Hillrom,WE-930,II,Baja,2019-01-12,335000.0,12,Arriendo,,False,Contrato,Bueno
1856,EQ-01856,SN-1856-33431742,Unidad dental,Odontología,Morita,MO-821,I,Alta,2015-09-03,12856000.0,13,Propio,,True,Contrato,Bueno
1857,EQ-01857,SN-1857-74758046,Electrocardiógrafo,Monitoreo,Nihon Kohden,NI-254,II,Media,2011-03-27,2032000.0,13,Arriendo,,True,Interno,Bueno
1858,EQ-01858,SN-1858-98302138,Esfigmomanómetro,Apoyo a diagnóstico,Riester,RI-413,II,Baja,2022-08-05,230000.0,13,Propio,,False,Externo,Bueno
1859,EQ-01859,SN-1859-91667643,Incubadora,Neonatología,Medix,ME-962,III,Alta,2014-04-21,11794000.0,6,Arriendo,,False,Interno,Regular
1860,EQ-01860,SN-1860-61596554,Termómetro clínico,Apoyo a diagnóstico,Welch Allyn/Hillrom,WE-484,II,Media,2013-01-02,142000.0,12,Propio,,True,Interno,Regular
1861,EQ-01861,SN-1861-62223834,Ventilador mecánico,Soporte vital,GE HealthCare,GE-220,III,Alta,2026-05-17,35228000.0,9,Propio,2028-11-16,False,Interno,Regular
1862,EQ-01862,SN-1862-55547544,Carro de transporte estéril,Esterilización,Getinge,GE-790,I,Alta,2014-02-03,1343000.0,7,Propio,,True,Interno,Baja
1863,EQ-01863,SN-1863-19008278,Ventilador mecánico,Soporte vital,Mindray,MI-317,III,Alta,2016-05-09,24683000.0,7,Propio,2019-02-25,False,Interno,Bueno
1864,EQ-01864,SN-1864-86842862,Monitor signos vitales,Monitoreo,Edan,ED-237,II,Media,2023-08-10,1856000.0,13,Propio,2025-05-03,True,Externo,Bueno
1865,EQ-01865,SN-1865-88174227,Monitor multiparámetro,Monitoreo,GE HealthCare,GE-774,III,Alta,2012-09-25,3867000.0,12,Propio,,True,Interno,Bueno
1866,EQ-01866,SN-1866-10814846,Ventilador mecánico,Soporte vital,GE HealthCare,GE-369,III,Alta,2011-05-07,15974000.0,8,Propio,2013-09-10,True,Interno,Baja
1867,EQ-01867,SN-1867-37016369,Termómetro clínico,Apoyo a diagnóstico,Microlife,MI-754,II,Media,2023-10-08,100000.0,9,Propio,,True,Interno,Bueno
1868,EQ-01868,SN-1868-29802008,Ventilador mecánico,Soporte vital,Hamilton Medical,HA-194,III,Alta,2023-12-28,34045000.0,12,Propio,,True,Interno,Bueno
1869,EQ-01869,SN-1869-35680963,Doppler fetal,Apoyo a diagnóstico,Edan,ED-988,II,Baja,2020-04-04,677000.0,9,Propio,2022-12-22,True,Contrato,Bueno
1870,EQ-01870,SN-1870-76351666,Monitor multiparámetro,Monitoreo,Edan,ED-384,III,Media,2015-01-31,2600000.0,11,Propio,2016-10-10,True,Contrato,Bueno
1871,EQ-01871,SN-1871-99967265,Bomba de infusión,Soporte vital,Fresenius Kabi,FR-518,III,Alta,2015-10-04,1676000.0,13,Propio,2018-09-18,False,Interno,Bueno
1872,EQ-01872,SN-1872-65059752,Bomba PCA,Soporte vital,BD/CareFusion,BD-445,III,Alta,2012-03-04,3029000.0,12,Comodato,,True,Interno,Bueno
1873,EQ-01873,SN-1873-79043502,Termómetro clínico,Apoyo a diagnóstico,Gima,GI-481,II,Baja,2015-06-22,173000.0,7,Propio,,True,Contrato,Bueno
1874,EQ-01874,SN-1874-65546394,Glucómetro,Apoyo a diagnóstico,Roche/Accu-Chek,RO-988,II,Media,2021-01-31,44000.0,12,Propio,2023-04-14,False,Contrato,Bueno
1875,EQ-01875,SN-1875-25690489,Monitor signos vitales,Monitoreo,Philips,PH-108,II,Media,2019-01-17,1868000.0,12,Comodato,,False,Externo,Regular
1876,EQ-01876,SN-1876-20253142,Monitor multiparámetro,Monitoreo,Nihon Kohden,NI-230,III,Alta,2021-12-14,2685000.0,10,Propio,,True,Externo,Bueno
1877,EQ-01877,SN-1877-98025806,Trotadora,Rehabilitación,Woodway,WO-773,I,Baja,2022-02-14,4501000.0,11,Propio,,True,Contrato,Bueno
1878,EQ-01878,SN-1878-93309966,Monitor signos vitales,Monitoreo,Edan,ED-134,II,Alta,2011-06-04,1843000.0,9,Propio,,True,Contrato,Bueno
1879,EQ-01879,SN-1879-44526055,Esfigmomanómetro,Apoyo a diagnóstico,Welch Allyn/Hillrom,WE-234,II,Baja,2025-04-23,304000.0,10,Propio,2027-04-06,True,Interno,Bueno
1880,EQ-01880,SN-1880-27762718,Bomba de infusión,Soporte vital,BD/CareFusion,BD-194,III,Alta,2011-12-08,1163000.0,12,Comodato,,False,Interno,Bueno
1881,EQ-01881,SN-1881-25475939,Termómetro clínico,Apoyo a diagnóstico,Omron,OM-425,II,Baja,2022-05-22,99000.0,13,Propio,2025-04-18,True,Contrato,Bueno
1882,EQ-01882,SN-1882-90493655,Monitor multiparámetro,Monitoreo,Bionet,BI-218,III,Alta,2023-11-14,4239000.0,9,Comodato,,True,Contrato,Malo
1883,EQ-01883,SN-1883-53035590,Oftalmoscopio,Apoyo a diagnóstico,HEINE,HE-479,I,Baja,2023-12-20,528000.0,14,Propio,,True,Contrato,Bueno
1884,EQ-01884,SN-1884-50627974,Monitor signos vitales,Monitoreo,Philips,PH-584,II,Media,2019-06-01,1944000.0,8,Arriendo,,True,Contrato,Bueno
1885,EQ-01885,SN-1885-13948960,Esfigmomanómetro,Apoyo a diagnóstico,Omron,OM-882,II,Baja,2014-12-14,277000.0,8,Comodato,2016-01-28,True,Interno,Bueno
1886,EQ-01886,SN-1886-27140487,Monitor multiparámetro,Monitoreo,Spacelabs,SP-388,III,Baja,2011-02-20,3481000.0,14,Propio,2012-04-04,True,Interno,Bueno
1887,EQ-01887,SN-1887-66401973,Electrocardiógrafo,Monitoreo,Bionet,BI-480,II,Media,2025-07-14,3116000.0,10,Propio,2027-10-23,True,Interno,Bueno
1888,EQ-01888,SN-1888-62474634,Camilla de transporte,Apoyo a diagnóstico,Stryker/Physio-Control,ST-472,I,Media,2025-01-23,6230000.0,13,Propio,2026-02-18,True,Interno,Bueno
1889,EQ-01889,SN-1889-21103442,Máquina de anestesia,Soporte vital,Mindray,MI-890,III,Alta,2016-03-19,67450000.0,13,Propio,,False,Externo,Bueno
1890,EQ-01890,SN-1890-74945460,Bomba de infusión,Soporte vital,B. Braun,BB-274,III,Alta,2021-01-31,2212000.0,11,Arriendo,2023-03-04,True,Externo,Bueno
1891,EQ-01891,SN-1891-68897937,Termómetro clínico,Apoyo a diagnóstico,Microlife,MI-279,II,Baja,2023-06-07,148000.0,7,Arriendo,2025-08-07,True,Interno,Bueno
1892,EQ-01892,SN-1892-46636950,Tallímetro,Apoyo a diagnóstico,Health o meter,HE-405,I,Baja,2014-02-17,229000.0,7,Propio,,False,Interno,Bueno
1893,EQ-01893,SN-1893-18536028,Máquina de anestesia,Soporte vital,Mindray,MI-593,III,Alta,2026-02-05,29963000.0,9,Propio,2027-09-21,True,Interno,Regular
1894,EQ-01894,SN-1894-72691171,Doppler fetal,Apoyo a diagnóstico,Edan,ED-563,II,Baja,2017-01-08,1004000.0,13,Comodato,2019-09-17,True,Externo,Regular
1895,EQ-01895,SN-1895-44588079,Doppler vascular,Apoyo a diagnóstico,Huntleigh,HU-395,II,Alta,2019-11-30,2475000.0,10,Propio,2021-09-07,True,Interno,Baja
1896,EQ-01896,SN-1896-53740162,Desfibrilador,Soporte vital,Stryker/Physio-Control,ST-577,III,Alta,2019-10-30,2983000.0,9,Propio,2020-12-15,False,Contrato,Bueno
1897,EQ-01897,SN-1897-59878403,Balanza clínica,Apoyo a diagnóstico,Detecto,DE-632,I,Baja,2018-11-11,1109000.0,14,Propio,,True,Interno,Bueno
1898,EQ-01898,SN-1898-11992704,Bomba de infusión,Soporte vital,ICU Medical,IC-375,III,Alta,2017-08-22,1362000.0,7,Propio,,True,Externo,Bueno
1899,EQ-01899,SN-1899-64751934,Incubadora,Neonatología,Dräger,DR-998,III,Alta,2012-12-10,13622000.0,7,Arriendo,,True,Interno,Bueno
1900,EQ-01900,SN-1900-55517927,Esfigmomanómetro,Apoyo a diagnóstico,Gima,GI-728,II,Baja,2015-07-17,180000.0,10,Propio,2017-09-10,True,Externo,Bueno
1901,EQ-01901,SN-1901-70488228,Bomba de infusión,Soporte vital,ICU Medical,IC-336,III,Media,2014-02-18,1816000.0,7,Propio,,False,Interno,Bueno
1902,EQ-01902,SN-1902-44706753,Esfigmomanómetro,Apoyo a diagnóstico,Omron,OM-299,II,Media,2012-03-31,160000.0,8,Propio,2014-08-13,True,Externo,Bueno
1903,EQ-01903,SN-1903-32603650,Bomba de infusión,Soporte vital,BD/CareFusion,BD-345,III,Alta,2018-04-04,1431000.0,13,Propio,2019-07-25,True,Contrato,Bueno
1904,EQ-01904,SN-1904-88790366,Sillón dental,Odontología,Planmeca,PL-688,I,Baja,2024-04-05,7232000.0,9,Propio,2026-05-18,False,Externo,Bueno
1905,EQ-01905,SN-1905-47933300,Baño termorregulado,Laboratorio,Thermo Fisher Scientific,TH-242,I,Media,2018-01-17,703000.0,14,Propio,2020-01-23,True,Externo,Regular
1906,EQ-01906,SN-1906-93308681,Termómetro clínico,Apoyo a diagnóstico,Riester,RI-441,II,Media,2020-05-18,88000.0,10,Propio,2023-01-05,True,Interno,Bueno
1907,EQ-01907,SN-1907-34169897,Desfibrilador,Soporte vital,Nihon Kohden,NI-927,III,Alta,2016-07-07,4887000.0,8,Propio,2018-09-16,True,Contrato,Bueno
1908,EQ-01908,SN-1908-81262154,Monitor multiparámetro,Monitoreo,Nihon Kohden,NI-678,III,Alta,2011-07-04,4880000.0,9,Propio,,True,Externo,Bueno
1909,EQ-01909,SN-1909-42831363,Doppler fetal,Apoyo a diagnóstico,Edan,ED-881,II,Alta,2024-04-05,519000.0,9,Propio,2026-12-11,True,Interno,Bueno
1910,EQ-01910,SN-1910-90270486,Ecógrafo,Imagenología,Philips,PH-479,II,Baja,2019-03-22,42248000.0,13,Propio,2021-03-08,False,Interno,Bueno
1911,EQ-01911,SN-1911-67453408,Electrocardiógrafo,Monitoreo,Schiller,SC-224,II,Alta,2021-04-30,2433000.0,11,Propio,,False,Contrato,Bueno
1912,EQ-01912,SN-1912-11898771,Desfibrilador,Soporte vital,Stryker/Physio-Control,ST-400,III,Media,2021-10-20,4700000.0,13,Propio,,True,Interno,Bueno
1913,EQ-01913,SN-1913-57523993,Esfigmomanómetro,Apoyo a diagnóstico,Omron,OM-994,II,Media,2016-09-10,142000.0,10,Propio,,True,Contrato,Bueno
1914,EQ-01914,SN-1914-66838241,Cuna radiante,Neonatología,Dräger,DR-163,II,Alta,2010-12-21,11341000.0,13,Propio,2013-07-14,True,Externo,Bueno
1915,EQ-01915,SN-1915-73104063,Esfigmomanómetro,Apoyo a diagnóstico,Gima,GI-681,II,Baja,2024-05-21,194000.0,8,Arriendo,2026-03-30,True,Interno,Bueno
1916,EQ-01916,SN-1916-71612395,Bomba de infusión,Soporte vital,ICU Medical,IC-112,III,Alta,2022-09-07,2158000.0,10,Propio,2024-03-14,False,Interno,Bueno
1917,EQ-01917,SN-1917-16002682,Bomba PCA,Soporte vital,BD/CareFusion,BD-629,III,Alta,2013-11-07,2914000.0,12,Propio,2015-05-18,False,Externo,Bueno
1918,EQ-01918,SN-1918-59535599,Balanza clínica,Apoyo a diagnóstico,Tanita,TA-340,I,Alta,2011-06-13,772000.0,10,Propio,2012-07-26,True,Externo,Bueno
1919,EQ-01919,SN-1919-22082868,Monitor signos vitales,Monitoreo,Bionet,BI-860,II,Alta,2016-10-09,1271000.0,13,Comodato,2018-04-07,True,Interno,Regular
1920,EQ-01920,SN-1920-10000828,Desfibrilador,Soporte vital,Stryker/Physio-Control,ST-329,III,Alta,2016-11-21,4992000.0,8,Propio,2018-11-18,False,Interno,Regular
1921,EQ-01921,SN-1921-98963388,Camilla de transporte,Apoyo a diagnóstico,Stryker/Physio-Control,ST-543,I,Media,2015-08-26,5374000.0,13,Propio,,True,Interno,Bueno
1922,EQ-01922,SN-1922-95615605,Monitor multiparámetro,Monitoreo,Mindray,MI-439,III,Media,2024-07-12,4854000.0,14,Propio,2027-05-13,True,Interno,Bueno
1923,EQ-01923,SN-1923-31587816,Otoscopio,Apoyo a diagnóstico,HEINE,HE-757,I,Media,2023-03-12,581000.0,13,Propio,,True,Interno,Bueno
1924,EQ-01924,SN-1924-54472444,Termómetro clínico,Apoyo a diagnóstico,Omron,OM-111,II,Media,2020-04-20,52000.0,9,Propio,2022-07-05,True,Contrato,Bueno
1925,EQ-01925,SN-1925-59277640,Ecógrafo,Imagenología,Philips,PH-857,II,Alta,2022-06-16,30138000.0,12,Propio,,True,Interno,Bueno
1926,EQ-01926,SN-1926-62350347,Ventilador mecánico,Soporte vital,GE HealthCare,GE-329,III,Alta,2023-09-06,34277000.0,12,Propio,,True,Externo,Bueno
1927,EQ-01927,SN-1927-60026716,Monitor multiparámetro,Monitoreo,Philips,PH-384,III,Alta,2026-06-09,4624000.0,11,Propio,,True,Interno,Bueno
1928,EQ-01928,SN-1928-19838813,Monitor signos vitales,Monitoreo,Masimo,MA-567,II,Alta,2025-05-12,1643000.0,9,Propio,2026-12-20,True,Interno,Regular
1929,EQ-01929,SN-1929-19689353,Ecógrafo,Imagenología,Samsung Medison,SA-243,II,Alta,2018-10-26,16009000.0,9,Propio,,True,Contrato,Bueno
1930,EQ-01930,SN-1930-50768426,Carro de transporte estéril,Esterilización,CISA Group,CI-250,I,Alta,2018-10-30,1462000.0,14,Arriendo,2020-10-08,True,Interno,Bueno
1931,EQ-01931,SN-1931-22976051,Glucómetro,Apoyo a diagnóstico,Roche/Accu-Chek,RO-136,II,Media,2017-02-22,54000.0,13,Comodato,2019-09-30,True,Interno,Bueno
1932,EQ-01932,SN-1932-84187891,Camilla de transporte,Apoyo a diagnóstico,Hillrom/Baxter,HI-788,I,Media,2021-12-13,4818000.0,7,Propio,,False,Contrato,Regular
1933,EQ-01933,SN-1933-73745103,Ventilador mecánico,Soporte vital,GE HealthCare,GE-953,III,Alta,2010-01-15,38819000.0,12,Propio,2012-11-10,True,Interno,Bueno
1934,EQ-01934,SN-1934-54353828,Bomba de infusión,Soporte vital,BD/CareFusion,BD-134,III,Alta,2022-11-04,2299000.0,8,Comodato,,True,Interno,Regular
1935,EQ-01935,SN-1935-72906436,Otoscopio,Apoyo a diagnóstico,Gima,GI-517,I,Baja,2019-01-25,516000.0,7,Propio,2021-04-02,False,Interno,Bueno
1936,EQ-01936,SN-1936-86370819,Máquina de anestesia,Soporte vital,GE HealthCare,GE-451,III,Alta,2016-07-06,34655000.0,8,Comodato,,True,Externo,Bueno
1937,EQ-01937,SN-1937-74061857,Electrocardiógrafo,Monitoreo,Schiller,SC-293,II,Media,2015-10-16,3629000.0,11,Propio,2017-04-24,True,Contrato,Bueno
1938,EQ-01938,SN-1938-41670514,Monitor multiparámetro,Monitoreo,Philips,PH-619,III,Alta,2013-02-03,3994000.0,10,Propio,2015-12-13,True,Externo,Bueno
1939,EQ-01939,SN-1939-19001949,Electrocardiógrafo,Monitoreo,Bionet,BI-859,II,Media,2022-04-21,3226000.0,11,Propio,,True,Externo,Bueno
1940,EQ-01940,SN-1940-64070571,Bomba de infusión,Soporte vital,Fresenius Kabi,FR-180,III,Alta,2014-02-13,1854000.0,6,Propio,,False,Externo,Bueno
1941,EQ-01941,SN-1941-25502832,Oftalmoscopio,Apoyo a diagnóstico,Welch Allyn/Hillrom,WE-792,I,Baja,2023-08-01,827000.0,11,Propio,,True,Contrato,Bueno
1942,EQ-01942,SN-1942-55843559,Monitor multiparámetro,Monitoreo,Philips,PH-304,III,Media,2017-06-04,3657000.0,11,Propio,2020-02-02,False,Interno,Bueno
1943,EQ-01943,SN-1943-81138998,Glucómetro,Apoyo a diagnóstico,Roche/Accu-Chek,RO-254,II,Baja,2019-07-28,30000.0,14,Propio,2022-01-07,True,Interno,Bueno
1944,EQ-01944,SN-1944-64987944,Tallímetro,Apoyo a diagnóstico,Gima,GI-474,I,Baja,2011-07-06,145000.0,14,Propio,,True,Interno,Bueno
1945,EQ-01945,SN-1945-43392612,Bomba de infusión,Soporte vital,ICU Medical,IC-898,III,Media,2011-08-26,1554000.0,14,Comodato,2014-08-14,True,Externo,Bueno
1946,EQ-01946,SN-1946-98802657,Termómetro clínico,Apoyo a diagnóstico,Gima,GI-263,II,Media,2014-02-12,88000.0,10,Comodato,,False,Interno,Bueno
1947,EQ-01947,SN-1947-40151745,Ventilador mecánico,Soporte vital,Mindray,MI-245,III,Alta,2010-08-08,29306000.0,14,Propio,2013-04-17,True,Contrato,Bueno
1948,EQ-01948,SN-1948-73828052,Bomba de infusión,Soporte vital,B. Braun,BB-258,III,Alta,2022-09-21,1828000.0,11,Propio,,False,Interno,Bueno
1949,EQ-01949,SN-1949-99768958,Ecógrafo,Imagenología,GE HealthCare,GE-982,II,Media,2013-08-17,45824000.0,12,Propio,2015-03-04,True,Contrato,Bueno
1950,EQ-01950,SN-1950-99946082,Ecógrafo,Imagenología,United Imaging,UN-515,II,Media,2010-08-15,52602000.0,9,Propio,2012-08-25,False,Contrato,Bueno
1951,EQ-01951,SN-1951-30968556,Camilla de transporte,Apoyo a diagnóstico,Hillrom/Baxter,HI-971,I,Media,2014-12-29,5274000.0,6,Propio,,True,Externo,Bueno
1952,EQ-01952,SN-1952-31530394,Máquina de anestesia,Soporte vital,Dräger,DR-370,III,Alta,2023-11-16,48533000.0,7,Propio,,True,Interno,Bueno
1953,EQ-01953,SN-1953-39650202,Esfigmomanómetro,Apoyo a diagnóstico,Omron,OM-299,II,Baja,2016-08-18,247000.0,11,Propio,,False,Contrato,Bueno
1954,EQ-01954,SN-1954-27931635,Bomba de infusión,Soporte vital,ICU Medical,IC-297,III,Alta,2015-01-07,1608000.0,6,Propio,2017-05-16,True,Interno,Bueno
1955,EQ-01955,SN-1955-37435368,Oftalmoscopio,Apoyo a diagnóstico,Riester,RI-647,I,Baja,2023-09-30,647000.0,12,Propio,,True,Interno,Regular
1956,EQ-01956,SN-1956-38988669,Refrigerador clínico,Laboratorio,Helmer,HE-862,I,Media,2016-01-29,2233000.0,7,Propio,,True,Interno,Bueno
1957,EQ-01957,SN-1957-91124198,Monitor multiparámetro,Monitoreo,Philips,PH-849,III,Baja,2019-03-01,3076000.0,11,Propio,2022-02-04,False,Interno,Bueno
1958,EQ-01958,SN-1958-58168264,Esfigmomanómetro,Apoyo a diagnóstico,Riester,RI-670,II,Media,2012-02-16,248000.0,12,Propio,2014-10-22,False,Contrato,Bueno
1959,EQ-01959,SN-1959-56942320,Camilla de transporte,Apoyo a diagnóstico,Hillrom/Baxter,HI-937,I,Baja,2012-03-11,6025000.0,10,Propio,,False,Contrato,Bueno
1960,EQ-01960,SN-1960-36799737,Camilla de transporte,Apoyo a diagnóstico,Malvestio,MA-733,I,Baja,2016-07-26,4541000.0,13,Propio,,True,Interno,Bueno
1961,EQ-01961,SN-1961-12237009,Máquina de anestesia,Soporte vital,GE HealthCare,GE-572,III,Alta,2012-08-20,42544000.0,14,Propio,2015-06-27,True,Interno,Bueno
1962,EQ-01962,SN-1962-77822513,Camilla de transporte,Apoyo a diagnóstico,Hillrom/Baxter,HI-855,I,Baja,2025-02-17,4239000.0,13,Propio,2027-12-07,True,Contrato,Bueno
1963,EQ-01963,SN-1963-20125823,Desfibrilador,Soporte vital,ZOLL,ZO-448,III,Alta,2016-11-23,5176000.0,13,Propio,,True,Interno,Bueno
1964,EQ-01964,SN-1964-62250390,Incubadora,Neonatología,Dräger,DR-265,III,Alta,2020-10-24,13455000.0,12,Propio,,True,Contrato,Bueno
1965,EQ-01965,SN-1965-19621483,Esfigmomanómetro,Apoyo a diagnóstico,A&D Medical,AD-732,II,Media,2024-04-11,165000.0,13,Propio,,True,Interno,Bueno
1966,EQ-01966,SN-1966-86788045,Tonómetro,Oftalmología,Canon,CA-706,II,Media,2022-10-25,4021000.0,13,Comodato,,True,Interno,Bueno
1967,EQ-01967,SN-1967-74773661,Bomba PCA,Soporte vital,BD/CareFusion,BD-302,III,Alta,2024-06-18,3178000.0,11,Propio,,False,Interno,Bueno
1968,EQ-01968,SN-1968-34027017,Electrocardiógrafo,Monitoreo,Edan,ED-849,II,Media,2013-10-29,2904000.0,12,Comodato,2016-04-02,True,Externo,Bueno
1969,EQ-01969,SN-1969-15406077,Monitor signos vitales,Monitoreo,Mindray,MI-600,II,Media,2019-04-06,1436000.0,13,Propio,,False,Interno,Bueno
1970,EQ-01970,SN-1970-83288817,Bomba de infusión,Soporte vital,BD/CareFusion,BD-525,III,Alta,2023-10-19,1795000.0,13,Comodato,,False,Externo,Bueno
1971,EQ-01971,SN-1971-65415440,Bomba de infusión,Soporte vital,ICU Medical,IC-867,III,Alta,2013-08-28,1595000.0,12,Comodato,,False,Externo,Bueno
1972,EQ-01972,SN-1972-54574491,Fototerapia,Neonatología,Dräger,DR-332,II,Alta,2024-04-02,4058000.0,11,Comodato,,False,Interno,Bueno
1973,EQ-01973,SN-1973-41830871,Esfigmomanómetro,Apoyo a diagnóstico,Microlife,MI-172,II,Baja,2011-06-02,177000.0,8,Propio,,False,Contrato,Bueno
1974,EQ-01974,SN-1974-67752848,Máquina de anestesia,Soporte vital,Dräger,DR-749,III,Alta,2022-02-10,46010000.0,10,Propio,,False,Externo,Bueno
1975,EQ-01975,SN-1975-84532775,Balanza clínica,Apoyo a diagnóstico,Health o meter,HE-937,I,Baja,2020-07-15,306000.0,7,Propio,2022-01-27,True,Interno,Bueno
1976,EQ-01976,SN-1976-22552898,Otoscopio,Apoyo a diagnóstico,Riester,RI-575,I,Baja,2014-03-01,493000.0,14,Propio,,False,Interno,Bueno
1977,EQ-01977,SN-1977-96786881,Monitor multiparámetro,Monitoreo,Dräger,DR-575,III,Media,2012-09-14,3621000.0,13,Propio,,True,Contrato,Bueno
1978,EQ-01978,SN-1978-80281841,Esfigmomanómetro,Apoyo a diagnóstico,Omron,OM-123,II,Media,2010-08-01,187000.0,12,Comodato,2012-02-13,True,Interno,Bueno
1979,EQ-01979,SN-1979-38341133,Monitor multiparámetro,Monitoreo,Bionet,BI-587,III,Media,2010-04-04,4502000.0,9,Propio,,True,Contrato,Bueno
1980,EQ-01980,SN-1980-48619221,Rayos X portátil,Imagenología,Siemens Healthineers,SI-965,II,Alta,2024-03-06,48095000.0,8,Propio,,False,Contrato,Bueno
1981,EQ-01981,SN-1981-63677905,Camilla de fisioterapia,Rehabilitación,BTL,BT-617,I,Baja,2019-01-03,1075000.0,14,Propio,2021-08-16,True,Interno,Bueno
1982,EQ-01982,SN-1982-68027147,Monitor multiparámetro,Monitoreo,GE HealthCare,GE-179,III,Alta,2011-08-30,3689000.0,12,Propio,,False,Interno,Bueno
1983,EQ-01983,SN-1983-83304221,Arco C,Imagenología,Siemens Healthineers,SI-663,II,Alta,2016-05-25,160047000.0,13,Propio,,True,Interno,Bueno
1984,EQ-01984,SN-1984-85409712,Retinógrafo,Oftalmología,Zeiss,ZE-961,II,Media,2022-08-20,18537000.0,10,Propio,2023-10-31,True,Interno,Bueno
1985,EQ-01985,SN-1985-92488573,Electrocardiógrafo,Monitoreo,Edan,ED-600,II,Alta,2015-03-04,1787000.0,13,Propio,,True,Interno,Bueno
1986,EQ-01986,SN-1986-13698520,Monitor signos vitales,Monitoreo,Nonin,NO-406,II,Alta,2025-12-26,1330000.0,13,Comodato,2028-07-14,True,Interno,Bueno
1987,EQ-01987,SN-1987-31220619,Termómetro clínico,Apoyo a diagnóstico,Welch Allyn/Hillrom,WE-173,II,Media,2012-08-21,55000.0,10,Propio,2014-02-24,True,Contrato,Bueno
1988,EQ-01988,SN-1988-33704955,Camilla de transporte,Apoyo a diagnóstico,Malvestio,MA-187,I,Baja,2018-12-16,4242000.0,14,Propio,2020-06-02,True,Externo,Bueno
1989,EQ-01989,SN-1989-81139673,Esfigmomanómetro,Apoyo a diagnóstico,A&D Medical,AD-166,II,Baja,2022-09-12,124000.0,8,Arriendo,2024-05-16,False,Interno,Bueno
1990,EQ-01990,SN-1990-56559283,Monitor multiparámetro,Monitoreo,GE HealthCare,GE-398,III,Alta,2025-04-18,3367000.0,13,Propio,2028-01-30,True,Interno,Bueno
1991,EQ-01991,SN-1991-13123443,Refrigerador clínico,Laboratorio,Thermo Fisher Scientific,TH-555,I,Baja,2015-05-09,3857000.0,13,Propio,2017-08-31,False,Externo,Bueno
1992,EQ-01992,SN-1992-34815857,Monitor signos vitales,Monitoreo,GE HealthCare,GE-613,II,Alta,2011-10-13,1443000.0,9,Propio,2013-12-08,False,Interno,Bueno
1993,EQ-01993,SN-1993-74229133,Bomba de infusión,Soporte vital,Fresenius Kabi,FR-171,III,Alta,2023-09-15,1029000.0,8,Propio,,True,Interno,Bueno
1994,EQ-01994,SN-1994-31743730,Monitor multiparámetro,Monitoreo,Mindray,MI-646,III,Media,2021-12-03,3050000.0,11,Propio,2023-07-05,True,Contrato,Bueno
1995,EQ-01995,SN-1995-18885412,Desfibrilador,Soporte vital,Mindray,MI-962,III,Media,2021-07-23,5496000.0,15,Propio,2024-06-12,True,Interno,Bueno
1996,EQ-01996,SN-1996-83702564,Glucómetro,Apoyo a diagnóstico,Gima,GI-371,II,Baja,2014-09-13,31000.0,12,Comodato,2017-04-25,True,Externo,Bueno
1997,EQ-01997,SN-1997-88696852,Termómetro clínico,Apoyo a diagnóstico,Omron,OM-833,II,Baja,2016-01-20,152000.0,11,Propio,,False,Externo,Bueno
1998,EQ-01998,SN-1998-84276238,Bioimpedanciómetro,Apoyo a diagnóstico,SECA,SE-467,II,Baja,2018-11-01,3407000.0,11,Propio,2020-04-10,False,Interno,Bueno
1999,EQ-01999,SN-1999-82590999,Termómetro clínico,Apoyo a diagnóstico,Gima,GI-419,II,Baja,2013-07-24,21000.0,9,Propio,,False,Contrato,Bueno
2000,EQ-02000,SN-2000-22267097,Bomba de infusión,Soporte vital,Mindray,MI-925,III,Alta,2021-01-16,1004000.0,8,Propio,,True,Interno,Bueno
