equipo_id,fecha_planificada,tipo_mantenimiento_id
1,2023-08-24,1
1,2024-08-24,1
1,2025-08-17,1
1,2026-08-02,1
4,2023-05-01,1
4,2024-05-25,1
4,2025-05-15,1
4,2026-05-04,1
5,2023-06-08,1
5,2023-10-21,1
5,2023-02-05,1
5,2024-06-01,1
5,2024-10-14,1
5,2024-02-23,1
5,2025-06-08,1
5,2025-10-17,1
5,2025-02-03,1
5,2026-06-13,1
5,2026-10-22,1
5,2026-02-10,1
6,2023-09-01,1
6,2023-03-13,1
6,2024-09-12,1
6,2024-03-26,1
6,2025-09-09,1
6,2025-03-01,1
6,2026-09-10,1
6,2026-03-27,1
8,2023-12-07,1
8,2024-12-24,1
8,2025-12-17,1
8,2026-12-18,1
9,2023-07-15,1
9,2023-01-10,1
9,2024-07-06,1
9,2024-01-16,1
9,2025-07-06,1
9,2025-01-06,1
9,2026-07-19,1
9,2026-01-03,1
10,2023-10-17,1
10,2024-10-24,1
10,2025-10-05,1
10,2026-10-20,1
12,2023-12-12,1
12,2023-06-09,1
12,2024-12-27,1
12,2024-06-15,1
12,2025-12-27,1
12,2025-06-09,1
12,2026-12-03,1
12,2026-06-27,1
13,2023-12-12,1
13,2024-12-10,1
13,2025-12-12,1
13,2026-12-10,1
14,2023-04-19,1
14,2023-08-09,1
14,2023-12-22,1
14,2024-04-25,1
14,2024-08-04,1
14,2024-12-02,1
14,2025-04-22,1
14,2025-08-15,1
14,2025-12-27,1
14,2026-04-14,1
14,2026-08-12,1
14,2026-12-25,1
16,2023-04-28,1
16,2024-04-07,1
16,2025-04-16,1
16,2026-04-16,1
17,2023-04-28,1
17,2023-10-26,1
17,2024-04-05,1
17,2024-10-20,1
17,2025-04-02,1
17,2025-10-23,1
17,2026-04-10,1
17,2026-10-07,1
18,2023-02-04,1
18,2023-08-21,1
18,2024-02-07,1
18,2024-08-20,1
18,2025-02-21,1
18,2025-08-05,1
18,2026-02-07,1
18,2026-08-25,1
19,2023-08-28,1
19,2023-02-09,1
19,2024-08-21,1
19,2024-02-22,1
19,2025-08-15,1
19,2025-02-16,1
19,2026-08-02,1
19,2026-02-16,1
20,2023-10-04,1
20,2024-10-12,1
20,2025-10-19,1
20,2026-10-18,1
21,2023-05-08,1
21,2023-11-26,1
21,2024-05-20,1
21,2024-11-21,1
21,2025-05-28,1
21,2025-11-19,1
21,2026-05-11,1
21,2026-11-25,1
22,2024-12-05,1
22,2025-12-22,1
22,2026-12-14,1
23,2023-05-14,1
23,2023-11-23,1
23,2024-05-25,1
23,2024-11-12,1
23,2025-05-18,1
23,2025-11-15,1
23,2026-05-03,1
23,2026-11-16,1
24,2023-11-03,1
24,2023-05-22,1
24,2024-11-25,1
24,2024-05-17,1
24,2025-11-27,1
24,2025-05-02,1
24,2026-11-11,1
24,2026-05-10,1
26,2023-01-17,1
26,2024-01-01,1
26,2025-01-07,1
26,2026-01-11,1
27,2023-02-05,1
27,2023-06-02,1
27,2023-10-26,1
27,2024-02-02,1
27,2024-06-20,1
27,2024-10-02,1
27,2025-02-06,1
27,2025-06-12,1
27,2025-10-28,1
27,2026-02-12,1
27,2026-06-13,1
27,2026-10-03,1
28,2023-11-08,1
28,2024-11-13,1
28,2025-11-13,1
28,2026-11-15,1
30,2023-09-18,1
30,2024-09-21,1
30,2025-09-12,1
30,2026-09-24,1
31,2023-10-24,1
31,2023-04-17,1
31,2024-10-10,1
31,2024-04-15,1
31,2025-10-05,1
31,2025-04-08,1
31,2026-10-17,1
31,2026-04-19,1
32,2023-04-22,1
32,2024-04-16,1
32,2025-04-06,1
32,2026-04-16,1
33,2023-01-27,1
33,2023-07-28,1
33,2024-01-14,1
33,2024-07-07,1
33,2025-01-11,1
33,2025-07-21,1
33,2026-01-06,1
33,2026-07-12,1
34,2023-06-20,1
34,2024-06-28,1
34,2025-06-01,1
34,2026-06-23,1
36,2025-09-24,1
36,2026-09-27,1
37,2023-06-05,1
37,2023-10-07,1
37,2023-02-04,1
37,2024-06-21,1
37,2024-10-24,1
37,2024-02-02,1
37,2025-06-08,1
37,2025-10-26,1
37,2025-02-10,1
37,2026-06-12,1
37,2026-10-02,1
37,2026-02-10,1
39,2023-03-22,1
39,2023-09-26,1
39,2024-03-08,1
39,2024-09-08,1
39,2025-03-16,1
39,2025-09-05,1
39,2026-03-15,1
39,2026-09-03,1
40,2026-06-07,1
41,2023-11-19,1
41,2024-11-02,1
41,2025-11-26,1
41,2026-11-06,1
42,2023-12-17,1
42,2023-06-21,1
42,2024-12-03,1
42,2024-06-23,1
42,2025-12-12,1
42,2025-06-25,1
42,2026-12-06,1
42,2026-06-03,1
43,2023-04-28,1
43,2024-04-06,1
43,2025-04-11,1
43,2026-04-26,1
44,2026-07-26,1
45,2023-09-23,1
45,2024-09-17,1
45,2025-09-10,1
45,2026-09-25,1
47,2025-11-21,1
47,2025-05-02,1
47,2026-11-15,1
47,2026-05-28,1
48,2025-04-04,1
48,2025-10-18,1
48,2026-04-18,1
48,2026-10-10,1
49,2023-06-04,1
49,2023-12-18,1
49,2024-06-27,1
49,2024-12-11,1
49,2025-06-02,1
49,2025-12-03,1
49,2026-06-19,1
49,2026-12-14,1
50,2023-03-02,1
50,2023-09-07,1
50,2024-03-06,1
50,2024-09-13,1
50,2025-03-13,1
50,2025-09-23,1
50,2026-03-12,1
50,2026-09-25,1
51,2023-02-18,1
51,2024-02-15,1
51,2025-02-02,1
51,2026-02-07,1
52,2023-02-18,1
52,2023-08-07,1
52,2024-02-27,1
52,2024-08-18,1
52,2025-02-02,1
52,2025-08-18,1
52,2026-02-02,1
52,2026-08-25,1
53,2023-09-03,1
53,2023-03-25,1
53,2024-09-22,1
53,2024-03-18,1
53,2025-09-26,1
53,2025-03-05,1
53,2026-09-26,1
53,2026-03-01,1
54,2023-10-14,1
54,2023-04-17,1
54,2024-10-10,1
54,2024-04-12,1
54,2025-10-08,1
54,2025-04-06,1
54,2026-10-08,1
54,2026-04-01,1
57,2023-05-10,1
57,2024-05-02,1
57,2025-05-14,1
57,2026-05-25,1
61,2023-03-25,1
61,2024-03-14,1
61,2025-03-23,1
61,2026-03-25,1
62,2023-06-17,1
62,2024-06-09,1
62,2025-06-17,1
62,2026-06-03,1
63,2025-07-03,1
63,2026-01-17,1
63,2026-07-14,1
64,2023-03-04,1
64,2023-07-12,1
64,2023-11-24,1
64,2024-03-11,1
64,2024-07-24,1
64,2024-11-14,1
64,2025-03-12,1
64,2025-07-18,1
64,2025-11-15,1
64,2026-03-19,1
64,2026-07-13,1
64,2026-11-21,1
65,2023-07-25,1
65,2023-01-24,1
65,2024-07-12,1
65,2024-01-04,1
65,2025-07-11,1
65,2025-01-25,1
65,2026-07-26,1
65,2026-01-02,1
67,2023-05-23,1
67,2023-11-02,1
67,2024-05-07,1
67,2024-11-03,1
67,2025-05-14,1
67,2025-11-19,1
67,2026-05-10,1
67,2026-11-03,1
68,2023-05-27,1
68,2023-11-07,1
68,2024-05-04,1
68,2024-11-03,1
68,2025-05-10,1
68,2025-11-22,1
68,2026-05-13,1
68,2026-11-24,1
69,2023-09-15,1
69,2023-01-17,1
69,2023-05-05,1
69,2024-09-10,1
69,2024-01-21,1
69,2024-05-23,1
69,2025-09-13,1
69,2025-01-20,1
69,2025-05-05,1
69,2026-09-02,1
69,2026-01-16,1
69,2026-05-01,1
70,2023-11-14,1
70,2023-05-20,1
70,2024-11-24,1
70,2024-05-04,1
70,2025-11-07,1
70,2025-05-14,1
70,2026-11-03,1
70,2026-05-02,1
71,2023-12-09,1
71,2023-06-11,1
71,2024-12-27,1
71,2024-06-15,1
71,2025-12-12,1
71,2025-06-22,1
71,2026-12-04,1
71,2026-06-06,1
72,2023-01-04,1
72,2023-05-04,1
72,2023-09-16,1
72,2024-01-01,1
72,2024-05-18,1
72,2024-09-24,1
72,2025-01-27,1
72,2025-05-05,1
72,2025-09-20,1
72,2026-01-24,1
72,2026-05-23,1
72,2026-09-24,1
75,2023-11-12,1
75,2024-11-25,1
75,2025-11-16,1
75,2026-11-21,1
76,2026-08-02,1
76,2026-12-07,1
76,2026-04-27,1
80,2025-12-24,1
80,2026-06-14,1
80,2026-12-06,1
81,2023-04-08,1
81,2023-10-10,1
81,2024-04-11,1
81,2024-10-17,1
81,2025-04-12,1
81,2025-10-28,1
81,2026-04-19,1
81,2026-10-19,1
85,2023-07-21,1
85,2024-07-06,1
85,2024-01-12,1
85,2025-07-18,1
85,2025-01-28,1
85,2026-07-19,1
85,2026-01-15,1
86,2026-04-19,1
86,2026-08-03,1
86,2026-12-11,1
87,2023-06-24,1
87,2024-06-20,1
87,2025-06-07,1
87,2026-06-28,1
90,2025-11-14,1
90,2026-11-12,1
92,2025-12-12,1
92,2026-12-21,1
92,2026-06-21,1
93,2023-05-16,1
93,2024-05-15,1
93,2025-05-17,1
93,2026-05-08,1
94,2023-06-15,1
94,2024-06-13,1
94,2025-06-16,1
94,2026-06-03,1
95,2023-04-20,1
95,2023-08-11,1
95,2023-12-11,1
95,2024-04-03,1
95,2024-08-08,1
95,2024-12-11,1
95,2025-04-03,1
95,2025-08-04,1
95,2025-12-06,1
95,2026-04-01,1
95,2026-08-25,1
95,2026-12-15,1
96,2023-01-27,1
96,2023-05-07,1
96,2023-09-02,1
96,2024-01-16,1
96,2024-05-28,1
96,2024-09-17,1
96,2025-01-16,1
96,2025-05-26,1
96,2025-09-17,1
96,2026-01-22,1
96,2026-05-17,1
96,2026-09-09,1
97,2023-07-06,1
97,2024-01-24,1
97,2024-07-26,1
97,2025-01-09,1
97,2025-07-15,1
97,2026-01-06,1
97,2026-07-22,1
98,2023-04-02,1
98,2023-10-07,1
98,2024-04-27,1
98,2024-10-19,1
98,2025-04-22,1
98,2025-10-26,1
98,2026-04-27,1
98,2026-10-23,1
100,2023-07-06,1
100,2023-01-22,1
100,2024-07-06,1
100,2024-01-19,1
100,2025-07-15,1
100,2025-01-22,1
100,2026-07-05,1
100,2026-01-02,1
101,2023-06-07,1
101,2024-06-09,1
101,2025-06-16,1
101,2026-06-19,1
103,2023-12-06,1
103,2023-04-15,1
103,2023-08-12,1
103,2024-12-26,1
103,2024-04-12,1
103,2024-08-17,1
103,2025-12-19,1
103,2025-04-25,1
103,2025-08-26,1
103,2026-12-24,1
103,2026-04-16,1
103,2026-08-06,1
105,2025-05-12,1
105,2026-05-19,1
108,2023-06-12,1
108,2023-10-11,1
108,2023-02-24,1
108,2024-06-15,1
108,2024-10-07,1
108,2024-02-23,1
108,2025-06-08,1
108,2025-10-23,1
108,2025-02-13,1
108,2026-06-06,1
108,2026-10-13,1
108,2026-02-22,1
110,2024-09-10,1
110,2024-03-04,1
110,2025-09-05,1
110,2025-03-06,1
110,2026-09-16,1
110,2026-03-06,1
112,2023-06-13,1
112,2024-06-28,1
112,2025-06-25,1
112,2026-06-13,1
113,2023-04-11,1
113,2024-04-09,1
113,2025-04-23,1
113,2026-04-28,1
114,2023-12-11,1
114,2023-06-02,1
114,2024-12-11,1
114,2024-06-10,1
114,2025-12-18,1
114,2025-06-06,1
114,2026-12-28,1
114,2026-06-01,1
116,2023-11-20,1
116,2023-05-02,1
116,2024-11-04,1
116,2024-05-02,1
116,2025-11-18,1
116,2025-05-03,1
116,2026-11-25,1
116,2026-05-14,1
117,2023-02-02,1
117,2023-06-27,1
117,2023-10-27,1
117,2024-02-13,1
117,2024-06-02,1
117,2024-10-15,1
117,2025-02-16,1
117,2025-06-21,1
117,2025-10-28,1
117,2026-02-25,1
117,2026-06-20,1
117,2026-10-23,1
119,2023-10-17,1
119,2023-04-08,1
119,2024-10-26,1
119,2024-04-17,1
119,2025-10-19,1
119,2025-04-02,1
119,2026-10-22,1
119,2026-04-11,1
120,2023-09-13,1
120,2024-01-11,1
120,2024-05-14,1
120,2024-09-27,1
120,2025-01-15,1
120,2025-05-09,1
120,2025-09-19,1
120,2026-01-23,1
120,2026-05-02,1
120,2026-09-20,1
121,2023-06-06,1
121,2024-06-18,1
121,2025-06-09,1
121,2026-06-15,1
122,2023-05-28,1
122,2023-09-27,1
122,2023-01-03,1
122,2024-05-21,1
122,2024-09-05,1
122,2024-01-10,1
122,2025-05-16,1
122,2025-09-23,1
122,2025-01-12,1
122,2026-05-08,1
122,2026-09-12,1
122,2026-01-15,1
123,2023-08-11,1
123,2023-12-18,1
123,2023-04-14,1
123,2024-08-22,1
123,2024-12-24,1
123,2024-04-19,1
123,2025-08-15,1
123,2025-12-04,1
123,2025-04-10,1
123,2026-08-25,1
123,2026-12-20,1
123,2026-04-26,1
124,2023-02-10,1
124,2023-08-03,1
124,2024-02-23,1
124,2024-08-23,1
124,2025-02-18,1
124,2025-08-25,1
124,2026-02-11,1
124,2026-08-24,1
125,2024-09-12,1
125,2024-03-15,1
125,2025-09-06,1
125,2025-03-07,1
125,2026-09-15,1
125,2026-03-06,1
126,2023-03-02,1
126,2024-03-20,1
126,2025-03-22,1
126,2026-03-08,1
127,2023-10-26,1
127,2023-02-27,1
127,2023-06-20,1
127,2024-10-19,1
127,2024-02-25,1
127,2024-06-02,1
127,2025-10-04,1
127,2025-02-27,1
127,2025-06-27,1
127,2026-10-27,1
127,2026-02-05,1
127,2026-06-22,1
129,2023-11-01,1
129,2024-11-13,1
129,2025-11-05,1
129,2026-11-23,1
130,2026-10-19,1
131,2023-11-05,1
131,2024-11-22,1
131,2025-11-12,1
131,2026-11-07,1
132,2023-11-25,1
132,2024-11-07,1
132,2025-11-17,1
132,2026-11-09,1
134,2023-04-10,1
134,2024-04-07,1
134,2025-04-24,1
134,2026-04-17,1
135,2023-01-07,1
135,2023-07-08,1
135,2024-01-28,1
135,2024-07-10,1
135,2025-01-11,1
135,2025-07-05,1
135,2026-01-05,1
135,2026-07-10,1
137,2023-12-14,1
137,2023-06-01,1
137,2024-12-08,1
137,2024-06-21,1
137,2025-12-26,1
137,2025-06-06,1
137,2026-12-05,1
137,2026-06-28,1
139,2023-08-12,1
139,2023-02-09,1
139,2024-08-10,1
139,2024-02-24,1
139,2025-08-18,1
139,2025-02-03,1
139,2026-08-25,1
139,2026-02-25,1
140,2023-08-26,1
140,2023-02-01,1
140,2024-08-10,1
140,2024-02-19,1
140,2025-08-17,1
140,2025-02-12,1
140,2026-08-14,1
140,2026-02-14,1
141,2023-06-12,1
141,2023-12-10,1
141,2024-06-24,1
141,2024-12-15,1
141,2025-06-28,1
141,2025-12-05,1
141,2026-06-27,1
141,2026-12-12,1
142,2023-07-13,1
142,2024-07-01,1
142,2025-07-23,1
142,2026-07-10,1
144,2023-10-03,1
144,2023-04-12,1
144,2024-10-28,1
144,2024-04-07,1
144,2025-10-24,1
144,2025-04-03,1
144,2026-10-08,1
144,2026-04-08,1
145,2023-07-06,1
145,2024-07-16,1
145,2025-07-15,1
145,2026-07-12,1
146,2023-09-14,1
146,2024-09-16,1
146,2025-09-08,1
146,2026-09-04,1
147,2025-08-25,1
147,2025-02-18,1
147,2026-08-13,1
147,2026-02-14,1
148,2023-12-17,1
148,2024-12-15,1
148,2024-06-22,1
148,2025-12-25,1
148,2025-06-26,1
148,2026-12-05,1
148,2026-06-04,1
149,2024-11-27,1
149,2025-11-02,1
149,2026-11-06,1
150,2026-09-05,1
150,2026-03-08,1
152,2023-04-16,1
152,2024-04-20,1
152,2025-04-21,1
152,2026-04-13,1
153,2023-12-21,1
153,2023-06-22,1
153,2024-12-17,1
153,2024-06-19,1
153,2025-12-24,1
153,2025-06-06,1
153,2026-12-19,1
153,2026-06-19,1
155,2023-03-01,1
155,2024-03-25,1
155,2025-03-06,1
155,2026-03-22,1
158,2024-12-02,1
158,2025-12-26,1
158,2026-12-25,1
159,2023-12-10,1
159,2024-12-27,1
159,2025-12-12,1
159,2026-12-25,1
160,2023-08-17,1
160,2023-12-14,1
160,2023-04-27,1
160,2024-08-05,1
160,2024-12-17,1
160,2024-04-15,1
160,2025-08-14,1
160,2025-12-01,1
160,2025-04-01,1
160,2026-08-11,1
160,2026-12-21,1
160,2026-04-16,1
163,2023-04-01,1
163,2023-08-28,1
163,2023-12-09,1
163,2024-04-27,1
163,2024-08-03,1
163,2024-12-22,1
163,2025-04-21,1
163,2025-08-24,1
163,2025-12-10,1
163,2026-04-19,1
163,2026-08-14,1
163,2026-12-09,1
165,2023-05-27,1
165,2024-05-09,1
165,2025-05-26,1
165,2026-05-11,1
167,2023-03-21,1
167,2024-03-26,1
167,2025-03-08,1
167,2026-03-18,1
169,2023-07-12,1
169,2024-07-11,1
169,2025-07-09,1
169,2026-07-07,1
171,2025-08-22,1
171,2026-08-07,1
174,2023-02-09,1
174,2024-02-25,1
174,2025-02-10,1
174,2026-02-10,1
175,2024-07-22,1
175,2024-11-09,1
175,2024-03-08,1
175,2025-07-25,1
175,2025-11-10,1
175,2025-03-16,1
175,2026-07-12,1
175,2026-11-16,1
175,2026-03-18,1
177,2023-09-25,1
177,2023-01-26,1
177,2023-05-23,1
177,2024-09-08,1
177,2024-01-27,1
177,2024-05-16,1
177,2025-09-04,1
177,2025-01-27,1
177,2025-05-01,1
177,2026-09-17,1
177,2026-01-02,1
177,2026-05-26,1
180,2025-07-06,1
180,2025-01-17,1
180,2026-07-04,1
180,2026-01-04,1
182,2025-05-28,1
182,2026-05-09,1
183,2025-11-20,1
183,2026-11-12,1
183,2026-05-19,1
184,2024-12-02,1
184,2024-06-22,1
184,2025-12-03,1
184,2025-06-17,1
184,2026-12-26,1
184,2026-06-01,1
185,2023-01-27,1
185,2024-01-25,1
185,2025-01-22,1
185,2026-01-07,1
187,2023-11-06,1
187,2024-11-12,1
187,2025-11-28,1
187,2026-11-04,1
190,2023-07-18,1
190,2024-07-17,1
190,2025-07-19,1
190,2026-07-22,1
194,2023-11-22,1
194,2024-11-01,1
194,2025-11-07,1
194,2026-11-15,1
195,2026-06-25,1
196,2023-02-13,1
196,2024-02-13,1
196,2025-02-27,1
196,2026-02-07,1
197,2023-09-27,1
197,2023-03-20,1
197,2024-09-20,1
197,2024-03-11,1
197,2025-09-15,1
197,2025-03-05,1
197,2026-09-03,1
197,2026-03-18,1
198,2023-01-19,1
198,2023-07-08,1
198,2024-01-16,1
198,2024-07-14,1
198,2025-01-09,1
198,2025-07-02,1
198,2026-01-22,1
198,2026-07-02,1
199,2023-03-15,1
199,2023-09-12,1
199,2024-03-02,1
199,2024-09-24,1
199,2025-03-03,1
199,2025-09-08,1
199,2026-03-21,1
199,2026-09-11,1
200,2023-11-13,1
200,2023-05-26,1
200,2024-11-23,1
200,2024-05-05,1
200,2025-11-14,1
200,2025-05-23,1
200,2026-11-22,1
200,2026-05-11,1
202,2024-12-14,1
202,2024-06-14,1
202,2025-12-24,1
202,2025-06-02,1
202,2026-12-20,1
202,2026-06-25,1
203,2023-03-13,1
203,2024-03-27,1
203,2025-03-02,1
203,2026-03-20,1
205,2023-12-21,1
205,2024-12-27,1
205,2025-12-13,1
205,2026-12-20,1
207,2023-06-17,1
207,2024-06-25,1
207,2025-06-27,1
207,2026-06-13,1
208,2023-06-15,1
208,2023-10-26,1
208,2023-02-08,1
208,2024-06-23,1
208,2024-10-06,1
208,2024-02-23,1
208,2025-06-09,1
208,2025-10-07,1
208,2025-02-08,1
208,2026-06-12,1
208,2026-10-18,1
208,2026-02-03,1
209,2023-09-10,1
209,2024-09-07,1
209,2025-09-26,1
209,2026-09-26,1
211,2023-12-24,1
211,2024-12-18,1
211,2025-12-27,1
211,2026-12-21,1
212,2023-07-15,1
212,2024-07-24,1
212,2025-07-06,1
212,2026-07-08,1
213,2023-08-27,1
213,2023-02-17,1
213,2024-08-02,1
213,2024-02-11,1
213,2025-08-01,1
213,2025-02-01,1
213,2026-08-07,1
213,2026-02-09,1
214,2023-06-18,1
214,2023-12-13,1
214,2024-06-07,1
214,2024-12-04,1
214,2025-06-08,1
214,2025-12-10,1
214,2026-06-09,1
214,2026-12-07,1
215,2024-08-14,1
215,2025-08-28,1
215,2026-08-04,1
216,2023-01-03,1
216,2023-05-13,1
216,2023-09-17,1
216,2024-01-08,1
216,2024-05-21,1
216,2024-09-20,1
216,2025-01-15,1
216,2025-05-23,1
216,2025-09-24,1
216,2026-01-20,1
216,2026-05-13,1
216,2026-09-24,1
219,2024-05-22,1
219,2025-05-21,1
219,2026-05-12,1
220,2023-08-02,1
220,2024-08-25,1
220,2025-08-02,1
220,2026-08-27,1
222,2023-03-25,1
222,2024-03-08,1
222,2025-03-23,1
222,2026-03-18,1
223,2023-05-08,1
223,2023-09-19,1
223,2023-01-14,1
223,2024-05-05,1
223,2024-09-04,1
223,2024-01-20,1
223,2025-05-26,1
223,2025-09-02,1
223,2025-01-21,1
223,2026-05-12,1
223,2026-09-20,1
223,2026-01-09,1
224,2023-12-04,1
224,2024-12-22,1
224,2025-12-14,1
224,2026-12-05,1
225,2023-04-14,1
225,2023-10-16,1
225,2024-04-17,1
225,2024-10-28,1
225,2025-04-17,1
225,2025-10-15,1
225,2026-04-12,1
225,2026-10-11,1
226,2024-03-12,1
226,2024-09-03,1
226,2025-03-01,1
226,2025-09-05,1
226,2026-03-06,1
226,2026-09-25,1
227,2023-06-13,1
227,2024-06-08,1
227,2025-06-10,1
227,2026-06-02,1
228,2023-01-28,1
228,2023-07-27,1
228,2024-01-03,1
228,2024-07-02,1
228,2025-01-20,1
228,2025-07-22,1
228,2026-01-15,1
228,2026-07-09,1
229,2023-11-17,1
229,2024-11-08,1
229,2025-11-02,1
229,2026-11-22,1
230,2023-06-16,1
230,2023-12-09,1
230,2024-06-12,1
230,2024-12-09,1
230,2025-06-27,1
230,2025-12-03,1
230,2026-06-19,1
230,2026-12-08,1
231,2024-12-03,1
231,2025-12-20,1
231,2026-12-28,1
233,2024-07-08,1
233,2025-07-11,1
233,2026-07-20,1
234,2023-07-20,1
234,2024-07-12,1
234,2025-07-25,1
234,2026-07-07,1
235,2023-06-10,1
235,2024-06-07,1
235,2025-06-18,1
235,2026-06-25,1
236,2023-08-13,1
236,2023-12-11,1
236,2023-04-23,1
236,2024-08-13,1
236,2024-12-11,1
236,2024-04-12,1
236,2025-08-04,1
236,2025-12-07,1
236,2025-04-07,1
236,2026-08-27,1
236,2026-12-13,1
236,2026-04-09,1
237,2023-10-07,1
237,2024-10-09,1
237,2025-10-04,1
237,2026-10-18,1
238,2023-06-16,1
238,2023-10-24,1
238,2023-02-23,1
238,2024-06-09,1
238,2024-10-06,1
238,2024-02-19,1
238,2025-06-06,1
238,2025-10-28,1
238,2025-02-12,1
238,2026-06-03,1
238,2026-10-22,1
238,2026-02-03,1
243,2024-09-28,1
243,2025-09-07,1
243,2025-03-19,1
243,2026-09-11,1
243,2026-03-24,1
246,2023-12-21,1
246,2024-12-19,1
246,2025-12-06,1
246,2026-12-15,1
247,2023-04-19,1
247,2024-04-28,1
247,2025-04-19,1
247,2026-04-22,1
249,2023-11-03,1
249,2023-05-04,1
249,2024-11-27,1
249,2024-05-18,1
249,2025-11-13,1
249,2025-05-16,1
249,2026-11-20,1
249,2026-05-15,1
250,2023-04-21,1
250,2024-04-06,1
250,2025-04-23,1
250,2026-04-19,1
251,2023-06-20,1
251,2024-06-23,1
251,2025-06-23,1
251,2026-06-12,1
254,2023-09-02,1
254,2024-09-03,1
254,2025-09-08,1
254,2026-09-14,1
255,2023-06-05,1
255,2024-06-11,1
255,2025-06-24,1
255,2026-06-17,1
256,2023-03-11,1
256,2024-03-22,1
256,2025-03-25,1
256,2026-03-13,1
257,2023-12-25,1
257,2024-12-16,1
257,2025-12-26,1
257,2026-12-23,1
260,2023-06-18,1
260,2023-12-02,1
260,2024-06-27,1
260,2024-12-05,1
260,2025-06-08,1
260,2025-12-01,1
260,2026-06-14,1
260,2026-12-26,1
261,2023-09-08,1
261,2024-09-18,1
261,2025-09-03,1
261,2026-09-17,1
262,2023-07-26,1
262,2023-11-03,1
262,2023-03-06,1
262,2024-07-15,1
262,2024-11-01,1
262,2024-03-26,1
262,2025-07-04,1
262,2025-11-18,1
262,2025-03-09,1
262,2026-07-27,1
262,2026-11-13,1
262,2026-03-05,1
263,2023-04-21,1
263,2024-04-28,1
263,2025-04-01,1
263,2026-04-24,1
264,2023-03-18,1
264,2023-09-24,1
264,2024-03-03,1
264,2024-09-28,1
264,2025-03-02,1
264,2025-09-17,1
264,2026-03-09,1
264,2026-09-01,1
267,2023-10-02,1
267,2024-10-23,1
267,2025-10-13,1
267,2026-10-12,1
268,2025-12-17,1
268,2026-12-22,1
269,2023-03-26,1
269,2024-03-14,1
269,2025-03-02,1
269,2026-03-26,1
270,2023-08-08,1
270,2023-02-08,1
270,2024-08-02,1
270,2024-02-20,1
270,2025-08-24,1
270,2025-02-15,1
270,2026-08-06,1
270,2026-02-09,1
271,2023-08-27,1
271,2024-08-23,1
271,2025-08-08,1
271,2026-08-09,1
273,2023-01-25,1
273,2023-07-04,1
273,2024-01-26,1
273,2024-07-09,1
273,2025-01-10,1
273,2025-07-22,1
273,2026-01-25,1
273,2026-07-27,1
276,2023-12-04,1
276,2023-06-16,1
276,2024-12-01,1
276,2024-06-21,1
276,2025-12-14,1
276,2025-06-04,1
276,2026-12-02,1
276,2026-06-07,1
277,2023-02-06,1
277,2023-08-11,1
277,2024-02-21,1
277,2024-08-20,1
277,2025-02-21,1
277,2025-08-27,1
277,2026-02-22,1
277,2026-08-22,1
278,2023-01-03,1
278,2024-01-09,1
278,2025-01-06,1
278,2026-01-26,1
279,2023-04-12,1
279,2024-04-24,1
279,2025-04-25,1
279,2026-04-01,1
280,2023-06-20,1
280,2023-12-14,1
280,2024-06-13,1
280,2024-12-22,1
280,2025-06-16,1
280,2025-12-27,1
280,2026-06-18,1
280,2026-12-19,1
281,2023-12-02,1
281,2024-12-18,1
281,2025-12-17,1
281,2026-12-18,1
282,2023-09-25,1
282,2024-09-21,1
282,2025-09-02,1
282,2026-09-02,1
283,2023-10-12,1
283,2023-04-02,1
283,2024-10-18,1
283,2024-04-24,1
283,2025-10-02,1
283,2025-04-24,1
283,2026-10-03,1
283,2026-04-16,1
284,2023-09-02,1
284,2023-03-13,1
284,2024-09-18,1
284,2024-03-27,1
284,2025-09-21,1
284,2025-03-22,1
284,2026-09-01,1
284,2026-03-14,1
286,2025-11-07,1
286,2026-11-05,1
288,2023-03-04,1
288,2023-09-22,1
288,2024-03-05,1
288,2024-09-22,1
288,2025-03-18,1
288,2025-09-21,1
288,2026-03-13,1
288,2026-09-23,1
289,2023-08-22,1
289,2023-02-10,1
289,2024-08-14,1
289,2024-02-04,1
289,2025-08-14,1
289,2025-02-09,1
289,2026-08-25,1
289,2026-02-12,1
290,2024-05-26,1
290,2025-05-11,1
290,2026-05-18,1
291,2023-03-22,1
291,2024-03-09,1
291,2025-03-20,1
291,2026-03-21,1
293,2023-06-11,1
293,2024-06-12,1
293,2025-06-18,1
293,2026-06-24,1
295,2023-02-23,1
295,2023-08-28,1
295,2024-02-02,1
295,2024-08-13,1
295,2025-02-06,1
295,2025-08-06,1
295,2026-02-20,1
295,2026-08-05,1
296,2023-09-12,1
296,2023-03-11,1
296,2024-09-18,1
296,2024-03-01,1
296,2025-09-05,1
296,2025-03-17,1
296,2026-09-11,1
296,2026-03-28,1
297,2023-02-16,1
297,2023-06-15,1
297,2023-10-14,1
297,2024-02-08,1
297,2024-06-10,1
297,2024-10-03,1
297,2025-02-08,1
297,2025-06-21,1
297,2025-10-11,1
297,2026-02-06,1
297,2026-06-19,1
297,2026-10-13,1
298,2024-03-26,1
298,2024-07-26,1
298,2024-11-07,1
298,2025-03-23,1
298,2025-07-06,1
298,2025-11-12,1
298,2026-03-17,1
298,2026-07-24,1
298,2026-11-17,1
299,2024-12-25,1
299,2025-08-08,1
299,2025-12-04,1
299,2025-04-19,1
299,2026-08-05,1
299,2026-12-11,1
299,2026-04-16,1
300,2023-06-27,1
300,2023-12-27,1
300,2024-06-23,1
300,2024-12-08,1
300,2025-06-15,1
300,2025-12-06,1
300,2026-06-16,1
300,2026-12-01,1
303,2023-02-24,1
303,2024-02-28,1
303,2025-02-03,1
303,2026-02-28,1
304,2026-07-08,1
305,2023-10-06,1
305,2024-10-27,1
305,2025-10-05,1
305,2026-10-27,1
306,2023-02-10,1
306,2023-06-25,1
306,2023-10-22,1
306,2024-02-10,1
306,2024-06-06,1
306,2024-10-06,1
306,2025-02-24,1
306,2025-06-28,1
306,2025-10-11,1
306,2026-02-25,1
306,2026-06-08,1
306,2026-10-25,1
308,2023-09-21,1
308,2024-09-22,1
308,2025-09-20,1
308,2026-09-18,1
311,2023-02-13,1
311,2023-08-23,1
311,2024-02-22,1
311,2024-08-14,1
311,2025-02-20,1
311,2025-08-06,1
311,2026-02-10,1
311,2026-08-23,1
314,2023-12-20,1
314,2024-12-05,1
314,2025-12-08,1
314,2026-12-01,1
316,2023-07-05,1
316,2023-11-12,1
316,2023-03-18,1
316,2024-07-08,1
316,2024-11-05,1
316,2024-03-27,1
316,2025-07-18,1
316,2025-11-07,1
316,2025-03-03,1
316,2026-07-14,1
316,2026-11-05,1
316,2026-03-04,1
318,2023-08-06,1
318,2024-08-24,1
318,2025-08-20,1
318,2026-08-08,1
320,2023-10-28,1
320,2024-04-18,1
320,2024-10-09,1
320,2025-04-18,1
320,2025-10-28,1
320,2026-04-08,1
320,2026-10-16,1
321,2023-12-22,1
321,2023-06-28,1
321,2024-12-04,1
321,2024-06-18,1
321,2025-12-18,1
321,2025-06-03,1
321,2026-12-19,1
321,2026-06-16,1
324,2023-01-06,1
324,2024-01-25,1
324,2025-01-19,1
324,2026-01-11,1
325,2023-07-02,1
325,2024-07-20,1
325,2025-07-19,1
325,2026-07-10,1
327,2023-06-09,1
327,2023-12-21,1
327,2024-06-16,1
327,2024-12-26,1
327,2025-06-27,1
327,2025-12-24,1
327,2026-06-19,1
327,2026-12-26,1
328,2023-01-04,1
328,2023-07-08,1
328,2024-01-11,1
328,2024-07-02,1
328,2025-01-08,1
328,2025-07-12,1
328,2026-01-27,1
328,2026-07-10,1
329,2023-10-14,1
329,2024-10-21,1
329,2025-10-01,1
329,2026-10-05,1
330,2023-09-04,1
330,2023-03-15,1
330,2024-09-17,1
330,2024-03-22,1
330,2025-09-27,1
330,2025-03-23,1
330,2026-09-10,1
330,2026-03-20,1
331,2025-11-12,1
331,2026-11-11,1
333,2023-05-21,1
333,2023-11-24,1
333,2024-05-06,1
333,2024-11-19,1
333,2025-05-18,1
333,2025-11-07,1
333,2026-05-13,1
333,2026-11-22,1
335,2023-10-18,1
335,2023-02-01,1
335,2023-06-06,1
335,2024-10-05,1
335,2024-02-20,1
335,2024-06-15,1
335,2025-10-08,1
335,2025-02-14,1
335,2025-06-24,1
335,2026-10-02,1
335,2026-02-15,1
335,2026-06-08,1
336,2023-01-15,1
336,2024-01-13,1
336,2025-01-19,1
336,2026-01-01,1
337,2023-02-28,1
337,2023-06-11,1
337,2023-10-06,1
337,2024-02-04,1
337,2024-06-23,1
337,2024-10-09,1
337,2025-02-21,1
337,2025-06-19,1
337,2025-10-11,1
337,2026-02-14,1
337,2026-06-27,1
337,2026-10-10,1
338,2023-11-18,1
338,2024-11-12,1
338,2025-11-28,1
338,2026-11-16,1
339,2023-12-20,1
339,2023-06-05,1
339,2024-12-08,1
339,2024-06-06,1
339,2025-12-02,1
339,2025-06-28,1
339,2026-12-22,1
339,2026-06-08,1
340,2023-07-13,1
340,2024-07-21,1
340,2025-07-21,1
340,2026-07-19,1
342,2026-08-18,1
342,2026-02-10,1
344,2023-01-25,1
344,2024-01-07,1
344,2025-01-17,1
344,2026-01-22,1
346,2023-01-17,1
346,2023-05-03,1
346,2023-09-27,1
346,2024-01-05,1
346,2024-05-06,1
346,2024-09-05,1
346,2025-01-17,1
346,2025-05-03,1
346,2025-09-04,1
346,2026-01-19,1
346,2026-05-12,1
346,2026-09-25,1
347,2023-04-19,1
347,2024-04-17,1
347,2025-04-21,1
347,2026-04-15,1
351,2023-02-10,1
351,2023-06-08,1
351,2023-10-18,1
351,2024-02-12,1
351,2024-06-21,1
351,2024-10-22,1
351,2025-02-26,1
351,2025-06-15,1
351,2025-10-27,1
351,2026-02-17,1
351,2026-06-07,1
351,2026-10-24,1
353,2024-12-12,1
353,2025-12-02,1
353,2026-12-23,1
354,2023-01-24,1
354,2023-05-15,1
354,2023-09-13,1
354,2024-01-10,1
354,2024-05-08,1
354,2024-09-25,1
354,2025-01-02,1
354,2025-05-12,1
354,2025-09-17,1
354,2026-01-07,1
354,2026-05-11,1
354,2026-09-05,1
355,2023-08-26,1
355,2024-08-16,1
355,2025-08-14,1
355,2026-08-25,1
356,2023-12-07,1
356,2024-12-28,1
356,2025-12-16,1
356,2026-12-04,1
359,2023-04-26,1
359,2024-04-19,1
359,2025-04-03,1
359,2026-04-28,1
361,2023-08-08,1
361,2024-08-05,1
361,2025-08-23,1
361,2026-08-22,1
364,2026-05-10,1
364,2026-11-06,1
365,2024-12-02,1
365,2025-12-26,1
365,2025-06-23,1
365,2026-12-02,1
365,2026-06-26,1
366,2023-08-13,1
366,2023-02-14,1
366,2024-08-12,1
366,2024-02-11,1
366,2025-08-14,1
366,2025-02-16,1
366,2026-08-05,1
366,2026-02-26,1
369,2023-05-19,1
369,2023-11-16,1
369,2024-05-02,1
369,2024-11-23,1
369,2025-05-15,1
369,2025-11-09,1
369,2026-05-14,1
369,2026-11-15,1
370,2023-03-19,1
370,2023-07-10,1
370,2023-11-23,1
370,2024-03-02,1
370,2024-07-09,1
370,2024-11-04,1
370,2025-03-17,1
370,2025-07-05,1
370,2025-11-23,1
370,2026-03-13,1
370,2026-07-11,1
370,2026-11-02,1
371,2023-08-19,1
371,2023-02-11,1
371,2024-08-28,1
371,2024-02-07,1
371,2025-08-16,1
371,2025-02-02,1
371,2026-08-09,1
371,2026-02-12,1
372,2023-02-02,1
372,2024-02-23,1
372,2025-02-06,1
372,2026-02-17,1
374,2023-07-10,1
374,2023-01-03,1
374,2024-07-15,1
374,2024-01-21,1
374,2025-07-15,1
374,2025-01-02,1
374,2026-07-16,1
374,2026-01-16,1
375,2023-06-27,1
375,2024-06-18,1
375,2025-06-10,1
375,2026-06-11,1
376,2023-03-19,1
376,2023-09-22,1
376,2024-03-15,1
376,2024-09-02,1
376,2025-03-09,1
376,2025-09-08,1
376,2026-03-17,1
376,2026-09-06,1
377,2023-08-09,1
377,2024-08-22,1
377,2025-08-16,1
377,2026-08-05,1
378,2023-11-12,1
378,2023-05-07,1
378,2024-11-03,1
378,2024-05-17,1
378,2025-11-08,1
378,2025-05-27,1
378,2026-11-06,1
378,2026-05-04,1
380,2023-09-27,1
380,2024-09-07,1
380,2025-09-07,1
380,2026-09-01,1
382,2023-06-13,1
382,2023-10-24,1
382,2023-02-21,1
382,2024-06-20,1
382,2024-10-05,1
382,2024-02-06,1
382,2025-06-28,1
382,2025-10-02,1
382,2025-02-02,1
382,2026-06-19,1
382,2026-10-02,1
382,2026-02-01,1
383,2023-02-18,1
383,2024-02-28,1
383,2025-02-11,1
383,2026-02-26,1
385,2023-08-21,1
385,2023-02-19,1
385,2024-08-19,1
385,2024-02-16,1
385,2025-08-17,1
385,2025-02-16,1
385,2026-08-25,1
385,2026-02-23,1
386,2023-01-02,1
386,2023-07-22,1
386,2024-01-04,1
386,2024-07-16,1
386,2025-01-13,1
386,2025-07-16,1
386,2026-01-24,1
386,2026-07-09,1
387,2023-03-23,1
387,2024-03-24,1
387,2025-03-20,1
387,2026-03-09,1
388,2026-09-20,1
389,2023-12-06,1
389,2024-12-04,1
389,2025-12-24,1
389,2026-12-14,1
391,2023-05-14,1
391,2024-05-07,1
391,2025-05-01,1
391,2026-05-23,1
392,2025-07-16,1
392,2026-07-20,1
392,2026-01-07,1
393,2023-08-08,1
393,2024-08-09,1
393,2025-08-01,1
393,2026-08-07,1
395,2023-08-20,1
395,2024-08-06,1
395,2025-08-27,1
395,2026-08-25,1
400,2023-12-08,1
400,2024-12-01,1
400,2025-12-17,1
400,2026-12-20,1
401,2023-07-21,1
401,2023-11-11,1
401,2023-03-21,1
401,2024-07-20,1
401,2024-11-22,1
401,2024-03-13,1
401,2025-07-19,1
401,2025-11-06,1
401,2025-03-15,1
401,2026-07-18,1
401,2026-11-16,1
401,2026-03-09,1
402,2025-02-21,1
402,2026-02-15,1
405,2023-06-01,1
405,2023-12-26,1
405,2024-06-10,1
405,2024-12-19,1
405,2025-06-09,1
405,2025-12-26,1
405,2026-06-03,1
405,2026-12-20,1
406,2023-01-15,1
406,2024-01-20,1
406,2025-01-23,1
406,2026-01-04,1
407,2023-02-26,1
407,2023-06-17,1
407,2023-10-25,1
407,2024-02-26,1
407,2024-06-19,1
407,2024-10-08,1
407,2025-02-12,1
407,2025-06-04,1
407,2025-10-10,1
407,2026-02-18,1
407,2026-06-20,1
407,2026-10-21,1
408,2023-09-24,1
408,2023-03-15,1
408,2024-09-26,1
408,2024-03-12,1
408,2025-09-08,1
408,2025-03-13,1
408,2026-09-15,1
408,2026-03-10,1
409,2023-04-07,1
409,2024-04-17,1
409,2025-04-08,1
409,2026-04-27,1
410,2023-03-18,1
410,2023-07-22,1
410,2023-11-21,1
410,2024-03-20,1
410,2024-07-21,1
410,2024-11-06,1
410,2025-03-27,1
410,2025-07-24,1
410,2025-11-01,1
410,2026-03-24,1
410,2026-07-11,1
410,2026-11-26,1
411,2023-07-03,1
411,2023-11-28,1
411,2023-03-08,1
411,2024-07-13,1
411,2024-11-15,1
411,2024-03-24,1
411,2025-07-25,1
411,2025-11-25,1
411,2025-03-13,1
411,2026-07-28,1
411,2026-11-03,1
411,2026-03-10,1
412,2024-11-10,1
412,2024-05-10,1
412,2025-11-15,1
412,2025-05-23,1
412,2026-11-16,1
412,2026-05-18,1
413,2023-10-08,1
413,2023-04-13,1
413,2024-10-02,1
413,2024-04-01,1
413,2025-10-24,1
413,2025-04-21,1
413,2026-10-01,1
413,2026-04-20,1
414,2023-08-10,1
414,2024-08-04,1
414,2025-08-26,1
414,2026-08-03,1
417,2024-12-20,1
417,2025-12-09,1
417,2025-06-16,1
417,2026-12-20,1
417,2026-06-12,1
419,2025-04-14,1
419,2025-10-09,1
419,2026-04-06,1
419,2026-10-15,1
421,2026-07-22,1
425,2023-12-21,1
425,2024-12-18,1
425,2025-12-07,1
425,2026-12-07,1
427,2024-01-12,1
427,2025-01-22,1
427,2026-01-06,1
428,2023-10-08,1
428,2023-04-09,1
428,2024-10-21,1
428,2024-04-15,1
428,2025-10-04,1
428,2025-04-21,1
428,2026-10-20,1
428,2026-04-14,1
430,2023-04-28,1
430,2024-04-27,1
430,2025-04-21,1
430,2026-04-26,1
431,2023-12-21,1
431,2023-06-27,1
431,2024-12-25,1
431,2024-06-14,1
431,2025-12-13,1
431,2025-06-13,1
431,2026-12-08,1
431,2026-06-21,1
433,2026-04-04,1
434,2023-05-27,1
434,2024-05-12,1
434,2025-05-03,1
434,2026-05-26,1
435,2023-11-10,1
435,2024-11-13,1
435,2025-11-21,1
435,2026-11-05,1
436,2023-07-17,1
436,2023-01-15,1
436,2024-07-07,1
436,2024-01-12,1
436,2025-07-09,1
436,2025-01-08,1
436,2026-07-20,1
436,2026-01-22,1
438,2023-09-20,1
438,2023-01-25,1
438,2023-05-23,1
438,2024-09-16,1
438,2024-01-17,1
438,2024-05-21,1
438,2025-09-24,1
438,2025-01-10,1
438,2025-05-23,1
438,2026-09-02,1
438,2026-01-10,1
438,2026-05-28,1
439,2023-05-25,1
439,2023-09-07,1
439,2023-01-09,1
439,2024-05-11,1
439,2024-09-22,1
439,2024-01-28,1
439,2025-05-16,1
439,2025-09-14,1
439,2025-01-10,1
439,2026-05-10,1
439,2026-09-22,1
439,2026-01-07,1
440,2023-01-06,1
440,2024-01-05,1
440,2025-01-14,1
440,2026-01-17,1
441,2023-09-01,1
441,2023-01-06,1
441,2023-05-03,1
441,2024-09-01,1
441,2024-01-19,1
441,2024-05-08,1
441,2025-09-21,1
441,2025-01-12,1
441,2025-05-16,1
441,2026-09-22,1
441,2026-01-16,1
441,2026-05-17,1
442,2023-09-27,1
442,2024-09-09,1
442,2025-09-01,1
442,2026-09-04,1
443,2023-02-21,1
443,2023-06-15,1
443,2023-10-20,1
443,2024-02-05,1
443,2024-06-27,1
443,2024-10-15,1
443,2025-02-13,1
443,2025-06-08,1
443,2025-10-12,1
443,2026-02-17,1
443,2026-06-05,1
443,2026-10-24,1
444,2023-06-20,1
444,2023-12-04,1
444,2024-06-14,1
444,2024-12-19,1
444,2025-06-17,1
444,2025-12-08,1
444,2026-06-06,1
444,2026-12-18,1
445,2023-07-22,1
445,2024-07-18,1
445,2025-07-19,1
445,2026-07-04,1
446,2023-04-20,1
446,2024-04-27,1
446,2025-04-26,1
446,2026-04-06,1
448,2024-04-11,1
448,2025-04-07,1
448,2026-04-28,1
449,2023-07-10,1
449,2023-01-01,1
449,2024-07-06,1
449,2024-01-10,1
449,2025-07-12,1
449,2025-01-25,1
449,2026-07-23,1
449,2026-01-11,1
450,2023-07-10,1
450,2024-07-08,1
450,2025-07-17,1
450,2026-07-27,1
451,2023-02-06,1
451,2023-08-10,1
451,2024-02-13,1
451,2024-08-09,1
451,2025-02-08,1
451,2025-08-15,1
451,2026-02-18,1
451,2026-08-12,1
452,2023-11-16,1
452,2024-11-24,1
452,2025-11-07,1
452,2026-11-27,1
453,2023-10-10,1
453,2024-10-25,1
453,2025-10-05,1
453,2026-10-14,1
458,2023-06-15,1
458,2023-10-08,1
458,2023-02-27,1
458,2024-06-22,1
458,2024-10-28,1
458,2024-02-18,1
458,2025-06-24,1
458,2025-10-06,1
458,2025-02-19,1
458,2026-06-12,1
458,2026-10-14,1
458,2026-02-24,1
459,2024-02-09,1
459,2025-02-17,1
459,2026-02-25,1
461,2023-03-20,1
461,2024-03-04,1
461,2025-03-09,1
461,2026-03-17,1
462,2025-09-15,1
462,2026-01-10,1
462,2026-05-09,1
462,2026-09-27,1
464,2023-09-21,1
464,2024-09-03,1
464,2025-09-25,1
464,2026-09-02,1
465,2023-07-20,1
465,2023-11-17,1
465,2023-03-22,1
465,2024-07-15,1
465,2024-11-02,1
465,2024-03-27,1
465,2025-07-07,1
465,2025-11-24,1
465,2025-03-20,1
465,2026-07-06,1
465,2026-11-01,1
465,2026-03-09,1
466,2023-01-08,1
466,2023-07-01,1
466,2024-01-02,1
466,2024-07-17,1
466,2025-01-28,1
466,2025-07-03,1
466,2026-01-14,1
466,2026-07-27,1
468,2023-06-06,1
468,2023-10-02,1
468,2023-02-17,1
468,2024-06-03,1
468,2024-10-18,1
468,2024-02-19,1
468,2025-06-12,1
468,2025-10-10,1
468,2025-02-20,1
468,2026-06-18,1
468,2026-10-16,1
468,2026-02-08,1
470,2023-07-19,1
470,2024-07-23,1
470,2025-07-18,1
470,2026-07-27,1
471,2025-10-26,1
471,2026-10-17,1
472,2024-05-24,1
472,2025-05-28,1
472,2026-05-18,1
473,2023-09-03,1
473,2024-09-27,1
473,2025-09-08,1
473,2026-09-07,1
474,2023-03-26,1
474,2024-03-16,1
474,2025-03-15,1
474,2026-03-06,1
475,2023-12-11,1
475,2023-06-09,1
475,2024-12-08,1
475,2024-06-07,1
475,2025-12-20,1
475,2025-06-10,1
475,2026-12-22,1
475,2026-06-11,1
476,2023-04-07,1
476,2023-08-06,1
476,2023-12-23,1
476,2024-04-20,1
476,2024-08-15,1
476,2024-12-10,1
476,2025-04-03,1
476,2025-08-09,1
476,2025-12-06,1
476,2026-04-11,1
476,2026-08-20,1
476,2026-12-19,1
477,2026-02-05,1
478,2023-05-11,1
478,2023-11-22,1
478,2024-05-12,1
478,2024-11-06,1
478,2025-05-19,1
478,2025-11-13,1
478,2026-05-25,1
478,2026-11-15,1
479,2023-02-21,1
479,2023-08-26,1
479,2024-02-20,1
479,2024-08-27,1
479,2025-02-27,1
479,2025-08-08,1
479,2026-02-22,1
479,2026-08-01,1
481,2023-04-19,1
481,2023-10-15,1
481,2024-04-25,1
481,2024-10-05,1
481,2025-04-05,1
481,2025-10-19,1
481,2026-04-05,1
481,2026-10-07,1
482,2023-09-27,1
482,2023-03-02,1
482,2024-09-28,1
482,2024-03-06,1
482,2025-09-19,1
482,2025-03-02,1
482,2026-09-02,1
482,2026-03-09,1
483,2023-05-25,1
483,2023-09-06,1
483,2023-01-27,1
483,2024-05-23,1
483,2024-09-07,1
483,2024-01-01,1
483,2025-05-12,1
483,2025-09-05,1
483,2025-01-25,1
483,2026-05-27,1
483,2026-09-08,1
483,2026-01-27,1
484,2023-05-12,1
484,2024-05-06,1
484,2025-05-20,1
484,2026-05-10,1
485,2023-07-17,1
485,2023-01-07,1
485,2024-07-12,1
485,2024-01-25,1
485,2025-07-13,1
485,2025-01-08,1
485,2026-07-08,1
485,2026-01-15,1
486,2026-07-08,1
487,2023-12-17,1
487,2023-06-11,1
487,2024-12-06,1
487,2024-06-23,1
487,2025-12-05,1
487,2025-06-26,1
487,2026-12-11,1
487,2026-06-04,1
490,2023-02-25,1
490,2023-06-21,1
490,2023-10-14,1
490,2024-02-05,1
490,2024-06-06,1
490,2024-10-06,1
490,2025-02-05,1
490,2025-06-08,1
490,2025-10-11,1
490,2026-02-18,1
490,2026-06-23,1
490,2026-10-26,1
491,2023-03-10,1
491,2023-09-25,1
491,2024-03-05,1
491,2024-09-27,1
491,2025-03-04,1
491,2025-09-14,1
491,2026-03-02,1
491,2026-09-14,1
492,2023-08-05,1
492,2023-12-27,1
492,2023-04-27,1
492,2024-08-08,1
492,2024-12-05,1
492,2024-04-14,1
492,2025-08-05,1
492,2025-12-08,1
492,2025-04-19,1
492,2026-08-12,1
492,2026-12-02,1
492,2026-04-04,1
494,2026-02-07,1
495,2023-12-04,1
495,2023-06-14,1
495,2024-12-18,1
495,2024-06-18,1
495,2025-12-21,1
495,2025-06-11,1
495,2026-12-23,1
495,2026-06-04,1
496,2023-11-01,1
496,2024-11-10,1
496,2025-11-08,1
496,2026-11-09,1
497,2025-04-21,1
497,2025-10-08,1
497,2026-04-23,1
497,2026-10-02,1
501,2023-03-27,1
501,2024-03-27,1
501,2025-03-18,1
501,2026-03-10,1
503,2023-07-26,1
503,2023-01-15,1
503,2024-07-18,1
503,2024-01-01,1
503,2025-07-26,1
503,2025-01-09,1
503,2026-07-19,1
503,2026-01-08,1
507,2023-10-21,1
507,2024-10-09,1
507,2025-10-10,1
507,2026-10-21,1
508,2023-10-26,1
508,2023-04-04,1
508,2024-10-27,1
508,2024-04-21,1
508,2025-10-05,1
508,2025-04-07,1
508,2026-10-04,1
508,2026-04-02,1
509,2023-08-13,1
509,2023-02-11,1
509,2024-08-22,1
509,2024-02-27,1
509,2025-08-26,1
509,2025-02-24,1
509,2026-08-28,1
509,2026-02-21,1
511,2023-09-24,1
511,2023-03-15,1
511,2024-09-24,1
511,2024-03-03,1
511,2025-09-15,1
511,2025-03-10,1
511,2026-09-06,1
511,2026-03-26,1
513,2023-06-16,1
513,2024-06-24,1
513,2025-06-09,1
513,2026-06-18,1
514,2023-11-02,1
514,2024-11-24,1
514,2025-11-11,1
514,2026-11-19,1
515,2023-10-12,1
515,2024-10-26,1
515,2025-10-28,1
515,2026-10-01,1
516,2023-07-14,1
516,2023-11-04,1
516,2023-03-04,1
516,2024-07-02,1
516,2024-11-10,1
516,2024-03-09,1
516,2025-07-07,1
516,2025-11-01,1
516,2025-03-11,1
516,2026-07-18,1
516,2026-11-04,1
516,2026-03-27,1
517,2026-01-08,1
520,2023-06-04,1
520,2023-10-14,1
520,2023-02-06,1
520,2024-06-05,1
520,2024-10-17,1
520,2024-02-28,1
520,2025-06-22,1
520,2025-10-05,1
520,2025-02-05,1
520,2026-06-14,1
520,2026-10-20,1
520,2026-02-03,1
521,2026-07-15,1
523,2023-01-25,1
523,2024-01-08,1
523,2025-01-20,1
523,2026-01-04,1
524,2023-01-09,1
524,2023-07-22,1
524,2024-01-21,1
524,2024-07-07,1
524,2025-01-22,1
524,2025-07-11,1
524,2026-01-14,1
524,2026-07-12,1
527,2023-07-06,1
527,2024-07-13,1
527,2025-07-13,1
527,2026-07-19,1
529,2023-05-07,1
529,2024-05-27,1
529,2025-05-19,1
529,2026-05-07,1
530,2023-06-25,1
530,2023-12-01,1
530,2024-06-26,1
530,2024-12-27,1
530,2025-06-28,1
530,2025-12-06,1
530,2026-06-21,1
530,2026-12-20,1
533,2024-11-13,1
533,2025-11-02,1
533,2025-03-13,1
533,2025-07-11,1
533,2026-11-01,1
533,2026-03-14,1
533,2026-07-08,1
534,2023-04-07,1
534,2023-10-09,1
534,2024-04-04,1
534,2024-10-19,1
534,2025-04-20,1
534,2025-10-16,1
534,2026-04-09,1
534,2026-10-25,1
535,2023-08-12,1
535,2024-08-27,1
535,2025-08-01,1
535,2026-08-14,1
536,2023-08-06,1
536,2024-08-21,1
536,2025-08-02,1
536,2026-08-02,1
537,2023-09-25,1
537,2024-09-28,1
537,2025-09-26,1
537,2026-09-02,1
538,2023-07-27,1
538,2024-07-16,1
538,2025-07-08,1
538,2026-07-06,1
541,2023-10-12,1
541,2024-10-03,1
541,2025-10-04,1
541,2026-10-06,1
542,2023-02-20,1
542,2024-02-20,1
542,2025-02-13,1
542,2026-02-03,1
543,2023-10-02,1
543,2023-02-07,1
543,2023-06-16,1
543,2024-10-27,1
543,2024-02-10,1
543,2024-06-11,1
543,2025-10-08,1
543,2025-02-09,1
543,2025-06-06,1
543,2026-10-13,1
543,2026-02-03,1
543,2026-06-20,1
544,2023-05-18,1
544,2024-05-04,1
544,2025-05-22,1
544,2026-05-18,1
547,2023-08-04,1
547,2024-08-28,1
547,2025-08-15,1
547,2026-08-14,1
549,2023-10-03,1
549,2023-02-24,1
549,2023-06-02,1
549,2024-10-17,1
549,2024-02-07,1
549,2024-06-10,1
549,2025-10-20,1
549,2025-02-26,1
549,2025-06-02,1
549,2026-10-01,1
549,2026-02-21,1
549,2026-06-06,1
550,2023-05-26,1
550,2024-05-21,1
550,2025-05-07,1
550,2026-05-01,1
551,2023-09-13,1
551,2023-01-10,1
551,2023-05-11,1
551,2024-09-14,1
551,2024-01-19,1
551,2024-05-07,1
551,2025-09-12,1
551,2025-01-07,1
551,2025-05-14,1
551,2026-09-13,1
551,2026-01-01,1
551,2026-05-22,1
553,2023-07-21,1
553,2024-07-11,1
553,2025-07-19,1
553,2026-07-25,1
554,2025-03-21,1
554,2026-03-10,1
556,2026-03-07,1
558,2023-01-19,1
558,2023-05-19,1
558,2023-09-15,1
558,2024-01-09,1
558,2024-05-21,1
558,2024-09-19,1
558,2025-01-19,1
558,2025-05-24,1
558,2025-09-01,1
558,2026-01-02,1
558,2026-05-18,1
558,2026-09-07,1
559,2025-01-01,1
559,2026-01-08,1
560,2023-06-24,1
560,2023-12-18,1
560,2024-06-22,1
560,2024-12-28,1
560,2025-06-25,1
560,2025-12-06,1
560,2026-06-09,1
560,2026-12-08,1
561,2023-09-26,1
561,2024-09-08,1
561,2025-09-05,1
561,2026-09-01,1
562,2023-04-11,1
562,2023-10-11,1
562,2024-04-03,1
562,2024-10-20,1
562,2025-04-20,1
562,2025-10-01,1
562,2026-04-18,1
562,2026-10-04,1
563,2023-04-17,1
563,2023-10-19,1
563,2024-04-04,1
563,2024-10-19,1
563,2025-04-06,1
563,2025-10-14,1
563,2026-04-15,1
563,2026-10-04,1
564,2023-12-03,1
564,2023-06-21,1
564,2024-12-15,1
564,2024-06-04,1
564,2025-12-12,1
564,2025-06-03,1
564,2026-12-05,1
564,2026-06-10,1
566,2023-07-05,1
566,2024-07-14,1
566,2025-07-01,1
566,2026-07-07,1
567,2024-12-02,1
567,2025-12-11,1
567,2025-06-28,1
567,2026-12-11,1
567,2026-06-22,1
569,2023-05-08,1
569,2023-09-19,1
569,2023-01-18,1
569,2024-05-01,1
569,2024-09-24,1
569,2024-01-15,1
569,2025-05-12,1
569,2025-09-28,1
569,2025-01-28,1
569,2026-05-08,1
569,2026-09-18,1
569,2026-01-11,1
570,2023-03-16,1
570,2023-09-01,1
570,2024-03-13,1
570,2024-09-14,1
570,2025-03-02,1
570,2025-09-07,1
570,2026-03-09,1
570,2026-09-01,1
572,2023-05-24,1
572,2024-05-17,1
572,2025-05-10,1
572,2026-05-21,1
573,2025-08-27,1
573,2026-02-28,1
573,2026-08-01,1
574,2023-04-23,1
574,2023-08-15,1
574,2023-12-28,1
574,2024-04-15,1
574,2024-08-23,1
574,2024-12-25,1
574,2025-04-19,1
574,2025-08-17,1
574,2025-12-07,1
574,2026-04-15,1
574,2026-08-11,1
574,2026-12-16,1
576,2023-02-23,1
576,2024-02-24,1
576,2025-02-13,1
576,2026-02-01,1
578,2023-01-28,1
578,2023-07-27,1
578,2024-01-07,1
578,2024-07-25,1
578,2025-01-24,1
578,2025-07-12,1
578,2026-01-23,1
578,2026-07-20,1
579,2023-07-01,1
579,2023-01-02,1
579,2024-07-07,1
579,2024-01-16,1
579,2025-07-24,1
579,2025-01-05,1
579,2026-07-06,1
579,2026-01-25,1
580,2023-07-25,1
580,2024-07-09,1
580,2025-07-06,1
580,2026-07-24,1
581,2023-06-21,1
581,2023-10-08,1
581,2023-02-14,1
581,2024-06-02,1
581,2024-10-21,1
581,2024-02-16,1
581,2025-06-18,1
581,2025-10-20,1
581,2025-02-10,1
581,2026-06-20,1
581,2026-10-21,1
581,2026-02-01,1
582,2026-04-08,1
585,2023-03-25,1
585,2024-03-03,1
585,2025-03-20,1
585,2026-03-14,1
587,2023-04-21,1
587,2024-04-19,1
587,2025-04-10,1
587,2026-04-17,1
588,2023-02-04,1
588,2023-06-13,1
588,2023-10-22,1
588,2024-02-23,1
588,2024-06-07,1
588,2024-10-09,1
588,2025-02-01,1
588,2025-06-27,1
588,2025-10-20,1
588,2026-02-24,1
588,2026-06-25,1
588,2026-10-04,1
589,2023-03-04,1
589,2023-07-20,1
589,2023-11-23,1
589,2024-03-14,1
589,2024-07-08,1
589,2024-11-07,1
589,2025-03-25,1
589,2025-07-09,1
589,2025-11-19,1
589,2026-03-02,1
589,2026-07-15,1
589,2026-11-10,1
590,2025-10-07,1
590,2026-10-12,1
591,2023-08-17,1
591,2023-02-25,1
591,2024-08-09,1
591,2024-02-15,1
591,2025-08-06,1
591,2025-02-18,1
591,2026-08-05,1
591,2026-02-23,1
592,2023-03-22,1
592,2024-03-19,1
592,2025-03-22,1
592,2026-03-02,1
593,2023-11-17,1
593,2023-03-17,1
593,2023-07-26,1
593,2024-11-13,1
593,2024-03-18,1
593,2024-07-18,1
593,2025-11-28,1
593,2025-03-27,1
593,2025-07-10,1
593,2026-11-25,1
593,2026-03-09,1
593,2026-07-15,1
594,2023-05-25,1
594,2023-11-08,1
594,2024-05-27,1
594,2024-11-04,1
594,2025-05-27,1
594,2025-11-02,1
594,2026-05-15,1
594,2026-11-28,1
596,2023-12-03,1
596,2023-06-09,1
596,2024-12-28,1
596,2024-06-24,1
596,2025-12-09,1
596,2025-06-05,1
596,2026-12-19,1
596,2026-06-02,1
597,2023-12-20,1
597,2023-06-16,1
597,2024-12-28,1
597,2024-06-06,1
597,2025-12-12,1
597,2025-06-14,1
597,2026-12-02,1
597,2026-06-13,1
599,2023-07-23,1
599,2024-07-19,1
599,2024-01-01,1
599,2025-07-13,1
599,2025-01-05,1
599,2026-07-18,1
599,2026-01-15,1
601,2023-04-11,1
601,2023-10-09,1
601,2024-04-25,1
601,2024-10-26,1
601,2025-04-17,1
601,2025-10-21,1
601,2026-04-19,1
601,2026-10-01,1
604,2023-02-06,1
604,2023-08-01,1
604,2024-02-28,1
604,2024-08-13,1
604,2025-02-15,1
604,2025-08-20,1
604,2026-02-17,1
604,2026-08-02,1
605,2023-08-09,1
605,2024-08-12,1
605,2025-08-06,1
605,2026-08-25,1
606,2023-02-18,1
606,2024-02-17,1
606,2025-02-05,1
606,2026-02-05,1
608,2023-06-17,1
608,2023-12-10,1
608,2024-06-22,1
608,2024-12-03,1
608,2025-06-02,1
608,2025-12-16,1
608,2026-06-08,1
608,2026-12-21,1
610,2023-02-04,1
610,2024-02-05,1
610,2025-02-15,1
610,2026-02-24,1
612,2023-06-11,1
612,2024-06-23,1
612,2025-06-06,1
612,2026-06-23,1
613,2023-03-08,1
613,2024-03-27,1
613,2025-03-14,1
613,2026-03-13,1
614,2025-12-06,1
614,2025-08-23,1
614,2026-12-25,1
614,2026-04-21,1
614,2026-08-12,1
615,2023-03-14,1
615,2024-03-21,1
615,2025-03-11,1
615,2026-03-06,1
616,2023-08-03,1
616,2023-12-11,1
616,2023-04-26,1
616,2024-08-26,1
616,2024-12-24,1
616,2024-04-21,1
616,2025-08-08,1
616,2025-12-27,1
616,2025-04-22,1
616,2026-08-24,1
616,2026-12-24,1
616,2026-04-22,1
617,2023-10-17,1
617,2024-10-17,1
617,2025-10-05,1
617,2026-10-01,1
618,2023-05-20,1
618,2024-05-23,1
618,2025-05-04,1
618,2026-05-12,1
619,2023-12-13,1
619,2023-06-25,1
619,2024-12-12,1
619,2024-06-19,1
619,2025-12-03,1
619,2025-06-18,1
619,2026-12-12,1
619,2026-06-03,1
621,2023-08-09,1
621,2024-08-23,1
621,2025-08-13,1
621,2026-08-27,1
622,2023-02-08,1
622,2023-08-27,1
622,2024-02-27,1
622,2024-08-12,1
622,2025-02-12,1
622,2025-08-04,1
622,2026-02-27,1
622,2026-08-08,1
623,2023-10-23,1
623,2024-10-11,1
623,2025-10-24,1
623,2026-10-07,1
627,2023-01-28,1
627,2023-07-11,1
627,2024-01-25,1
627,2024-07-08,1
627,2025-01-17,1
627,2025-07-18,1
627,2026-01-23,1
627,2026-07-24,1
628,2023-12-11,1
628,2024-12-27,1
628,2025-12-04,1
628,2026-12-16,1
630,2023-10-25,1
630,2024-04-08,1
630,2024-10-10,1
630,2025-04-16,1
630,2025-10-23,1
630,2026-04-12,1
630,2026-10-15,1
631,2023-05-28,1
631,2024-05-28,1
631,2025-05-10,1
631,2026-05-05,1
632,2023-01-05,1
632,2023-07-09,1
632,2024-01-27,1
632,2024-07-07,1
632,2025-01-09,1
632,2025-07-08,1
632,2026-01-08,1
632,2026-07-20,1
633,2023-11-26,1
633,2023-05-21,1
633,2024-11-08,1
633,2024-05-12,1
633,2025-11-16,1
633,2025-05-26,1
633,2026-11-21,1
633,2026-05-27,1
634,2025-05-16,1
634,2026-05-22,1
635,2023-08-24,1
635,2024-08-23,1
635,2025-08-21,1
635,2026-08-12,1
636,2023-12-13,1
636,2024-12-26,1
636,2025-12-12,1
636,2026-12-02,1
637,2023-03-15,1
637,2023-09-12,1
637,2024-03-16,1
637,2024-09-27,1
637,2025-03-06,1
637,2025-09-04,1
637,2026-03-06,1
637,2026-09-03,1
641,2023-06-08,1
641,2023-12-20,1
641,2024-06-23,1
641,2024-12-14,1
641,2025-06-12,1
641,2025-12-28,1
641,2026-06-13,1
641,2026-12-05,1
643,2025-01-11,1
643,2026-01-20,1
646,2023-11-03,1
646,2024-11-04,1
646,2025-11-15,1
646,2026-11-28,1
647,2023-09-01,1
647,2024-09-25,1
647,2025-09-09,1
647,2026-09-05,1
649,2023-07-04,1
649,2023-11-28,1
649,2023-03-09,1
649,2024-07-23,1
649,2024-11-17,1
649,2024-03-01,1
649,2025-07-19,1
649,2025-11-24,1
649,2025-03-18,1
649,2026-07-06,1
649,2026-11-21,1
649,2026-03-07,1
650,2023-10-21,1
650,2023-04-14,1
650,2024-10-26,1
650,2024-04-20,1
650,2025-10-23,1
650,2025-04-21,1
650,2026-10-24,1
650,2026-04-12,1
653,2024-10-02,1
653,2024-04-06,1
653,2025-10-21,1
653,2025-04-21,1
653,2026-10-25,1
653,2026-04-14,1
655,2023-09-09,1
655,2023-03-24,1
655,2024-09-23,1
655,2024-03-07,1
655,2025-09-10,1
655,2025-03-04,1
655,2026-09-04,1
655,2026-03-08,1
656,2023-03-05,1
656,2024-03-22,1
656,2025-03-21,1
656,2026-03-26,1
657,2023-05-26,1
657,2023-11-27,1
657,2024-05-25,1
657,2024-11-15,1
657,2025-05-03,1
657,2025-11-08,1
657,2026-05-18,1
657,2026-11-17,1
659,2023-12-08,1
659,2023-06-16,1
659,2024-12-19,1
659,2024-06-05,1
659,2025-12-22,1
659,2025-06-13,1
659,2026-12-24,1
659,2026-06-28,1
660,2025-07-15,1
660,2026-07-21,1
661,2026-06-10,1
666,2023-04-13,1
666,2024-04-17,1
666,2025-04-03,1
666,2026-04-12,1
667,2023-04-13,1
667,2024-04-13,1
667,2025-04-18,1
667,2026-04-08,1
672,2023-09-22,1
672,2024-09-12,1
672,2025-09-24,1
672,2026-09-23,1
673,2023-03-07,1
673,2023-09-05,1
673,2024-03-08,1
673,2024-09-16,1
673,2025-03-24,1
673,2025-09-08,1
673,2026-03-02,1
673,2026-09-13,1
674,2023-03-10,1
674,2023-09-17,1
674,2024-03-08,1
674,2024-09-17,1
674,2025-03-22,1
674,2025-09-13,1
674,2026-03-22,1
674,2026-09-25,1
676,2023-09-18,1
676,2023-01-20,1
676,2023-05-25,1
676,2024-09-28,1
676,2024-01-19,1
676,2024-05-13,1
676,2025-09-15,1
676,2025-01-08,1
676,2025-05-23,1
676,2026-09-19,1
676,2026-01-10,1
676,2026-05-28,1
677,2023-02-22,1
677,2023-06-12,1
677,2023-10-23,1
677,2024-02-01,1
677,2024-06-28,1
677,2024-10-04,1
677,2025-02-19,1
677,2025-06-08,1
677,2025-10-05,1
677,2026-02-28,1
677,2026-06-05,1
677,2026-10-06,1
678,2025-01-17,1
678,2026-01-17,1
680,2026-07-03,1
680,2026-11-15,1
681,2023-10-24,1
681,2024-10-04,1
681,2025-10-10,1
681,2026-10-22,1
682,2023-05-07,1
682,2024-05-25,1
682,2025-05-25,1
682,2026-05-22,1
683,2023-11-27,1
683,2024-11-20,1
683,2025-11-12,1
683,2026-11-26,1
684,2023-04-06,1
684,2023-10-13,1
684,2024-04-21,1
684,2024-10-02,1
684,2025-04-09,1
684,2025-10-09,1
684,2026-04-14,1
684,2026-10-13,1
686,2023-10-09,1
686,2023-04-22,1
686,2024-10-27,1
686,2024-04-04,1
686,2025-10-24,1
686,2025-04-18,1
686,2026-10-13,1
686,2026-04-23,1
687,2023-10-23,1
687,2024-10-01,1
687,2025-10-06,1
687,2026-10-20,1
688,2023-09-12,1
688,2023-01-09,1
688,2023-05-20,1
688,2024-09-06,1
688,2024-01-10,1
688,2024-05-24,1
688,2025-09-08,1
688,2025-01-23,1
688,2025-05-28,1
688,2026-09-19,1
688,2026-01-27,1
688,2026-05-16,1
689,2023-06-25,1
689,2024-06-18,1
689,2025-06-04,1
689,2026-06-24,1
691,2024-11-23,1
691,2025-11-22,1
691,2026-11-24,1
692,2023-03-08,1
692,2023-09-14,1
692,2024-03-26,1
692,2024-09-17,1
692,2025-03-09,1
692,2025-09-05,1
692,2026-03-09,1
692,2026-09-04,1
696,2023-02-10,1
696,2024-02-16,1
696,2025-02-06,1
696,2026-02-28,1
697,2023-09-22,1
697,2023-03-18,1
697,2024-09-23,1
697,2024-03-09,1
697,2025-09-17,1
697,2025-03-17,1
697,2026-09-16,1
697,2026-03-19,1
698,2026-03-23,1
699,2023-01-16,1
699,2024-01-24,1
699,2025-01-12,1
699,2026-01-01,1
700,2024-10-11,1
700,2024-02-26,1
700,2024-06-17,1
700,2025-10-27,1
700,2025-02-17,1
700,2025-06-28,1
700,2026-10-10,1
700,2026-02-24,1
700,2026-06-08,1
701,2023-09-03,1
701,2024-09-01,1
701,2025-09-02,1
701,2026-09-26,1
702,2023-08-24,1
702,2024-08-12,1
702,2025-08-07,1
702,2026-08-10,1
703,2023-11-27,1
703,2023-05-15,1
703,2024-11-19,1
703,2024-05-27,1
703,2025-11-12,1
703,2025-05-03,1
703,2026-11-16,1
703,2026-05-16,1
704,2023-06-08,1
704,2023-12-28,1
704,2024-06-27,1
704,2024-12-20,1
704,2025-06-13,1
704,2025-12-26,1
704,2026-06-21,1
704,2026-12-04,1
705,2023-12-27,1
705,2024-12-27,1
705,2025-12-25,1
705,2026-12-09,1
706,2023-02-05,1
706,2024-02-08,1
706,2025-02-19,1
706,2026-02-12,1
707,2023-03-16,1
707,2023-09-01,1
707,2024-03-08,1
707,2024-09-21,1
707,2025-03-06,1
707,2025-09-02,1
707,2026-03-05,1
707,2026-09-27,1
708,2023-02-04,1
708,2024-02-05,1
708,2025-02-24,1
708,2026-02-12,1
709,2023-08-10,1
709,2024-08-27,1
709,2025-08-24,1
709,2026-08-26,1
712,2023-01-09,1
712,2024-01-24,1
712,2025-01-25,1
712,2026-01-27,1
714,2023-02-15,1
714,2023-08-20,1
714,2024-02-17,1
714,2024-08-02,1
714,2025-02-07,1
714,2025-08-22,1
714,2026-02-09,1
714,2026-08-08,1
715,2023-06-06,1
715,2024-06-17,1
715,2025-06-26,1
715,2026-06-19,1
716,2023-12-22,1
716,2023-06-01,1
716,2024-12-21,1
716,2024-06-06,1
716,2025-12-20,1
716,2025-06-20,1
716,2026-12-26,1
716,2026-06-15,1
717,2023-12-25,1
717,2023-06-25,1
717,2024-12-05,1
717,2024-06-08,1
717,2025-12-19,1
717,2025-06-14,1
717,2026-12-19,1
717,2026-06-14,1
719,2023-12-27,1
719,2024-12-12,1
719,2025-12-25,1
719,2026-12-26,1
721,2023-04-26,1
721,2024-04-28,1
721,2025-04-11,1
721,2026-04-19,1
722,2023-09-07,1
722,2023-03-14,1
722,2024-09-26,1
722,2024-03-09,1
722,2025-09-11,1
722,2025-03-12,1
722,2026-09-18,1
722,2026-03-26,1
723,2025-08-28,1
723,2025-12-01,1
723,2026-08-03,1
723,2026-12-03,1
723,2026-04-25,1
724,2023-11-07,1
724,2024-11-10,1
724,2025-11-15,1
724,2026-11-03,1
726,2023-04-23,1
726,2024-04-05,1
726,2025-04-09,1
726,2026-04-02,1
727,2023-07-06,1
727,2023-01-27,1
727,2024-07-05,1
727,2024-01-10,1
727,2025-07-11,1
727,2025-01-27,1
727,2026-07-04,1
727,2026-01-02,1
728,2025-12-18,1
728,2025-04-04,1
728,2025-08-20,1
728,2026-12-28,1
728,2026-04-28,1
728,2026-08-02,1
730,2023-01-09,1
730,2024-01-25,1
730,2025-01-08,1
730,2026-01-18,1
731,2023-03-22,1
731,2024-03-15,1
731,2025-03-01,1
731,2026-03-25,1
732,2023-11-26,1
732,2023-03-18,1
732,2023-07-03,1
732,2024-11-24,1
732,2024-03-21,1
732,2024-07-06,1
732,2025-11-15,1
732,2025-03-02,1
732,2025-07-04,1
732,2026-11-19,1
732,2026-03-26,1
732,2026-07-11,1
734,2024-10-23,1
734,2025-04-11,1
734,2025-10-13,1
734,2026-04-15,1
734,2026-10-01,1
735,2023-12-07,1
735,2023-04-12,1
735,2023-08-05,1
735,2024-12-17,1
735,2024-04-14,1
735,2024-08-03,1
735,2025-12-12,1
735,2025-04-14,1
735,2025-08-01,1
735,2026-12-11,1
735,2026-04-28,1
735,2026-08-07,1
737,2023-04-07,1
737,2023-10-06,1
737,2024-04-04,1
737,2024-10-20,1
737,2025-04-04,1
737,2025-10-28,1
737,2026-04-20,1
737,2026-10-08,1
738,2024-10-21,1
738,2025-04-25,1
738,2025-10-19,1
738,2026-04-19,1
738,2026-10-21,1
739,2023-01-09,1
739,2024-01-11,1
739,2025-01-14,1
739,2026-01-05,1
740,2023-04-02,1
740,2023-08-17,1
740,2023-12-24,1
740,2024-04-14,1
740,2024-08-23,1
740,2024-12-06,1
740,2025-04-15,1
740,2025-08-16,1
740,2025-12-03,1
740,2026-04-08,1
740,2026-08-22,1
740,2026-12-27,1
746,2023-01-19,1
746,2023-07-15,1
746,2024-01-23,1
746,2024-07-15,1
746,2025-01-23,1
746,2025-07-01,1
746,2026-01-01,1
746,2026-07-19,1
747,2023-08-02,1
747,2023-12-03,1
747,2023-04-20,1
747,2024-08-14,1
747,2024-12-07,1
747,2024-04-04,1
747,2025-08-23,1
747,2025-12-03,1
747,2025-04-21,1
747,2026-08-03,1
747,2026-12-05,1
747,2026-04-01,1
749,2025-01-02,1
749,2026-01-22,1
750,2023-06-26,1
750,2024-06-24,1
750,2025-06-14,1
750,2026-06-22,1
751,2023-04-02,1
751,2023-08-28,1
751,2023-12-21,1
751,2024-04-24,1
751,2024-08-22,1
751,2024-12-18,1
751,2025-04-12,1
751,2025-08-03,1
751,2025-12-06,1
751,2026-04-27,1
751,2026-08-22,1
751,2026-12-19,1
752,2023-06-17,1
752,2023-10-21,1
752,2023-02-03,1
752,2024-06-25,1
752,2024-10-17,1
752,2024-02-10,1
752,2025-06-25,1
752,2025-10-17,1
752,2025-02-04,1
752,2026-06-05,1
752,2026-10-25,1
752,2026-02-06,1
753,2023-06-09,1
753,2024-06-18,1
753,2025-06-27,1
753,2026-06-27,1
754,2023-01-07,1
754,2023-07-07,1
754,2024-01-27,1
754,2024-07-08,1
754,2025-01-09,1
754,2025-07-08,1
754,2026-01-22,1
754,2026-07-07,1
757,2023-01-18,1
757,2024-01-06,1
757,2025-01-08,1
757,2026-01-27,1
759,2023-06-21,1
759,2023-12-24,1
759,2024-06-08,1
759,2024-12-23,1
759,2025-06-24,1
759,2025-12-18,1
759,2026-06-17,1
759,2026-12-05,1
761,2023-10-15,1
761,2023-02-12,1
761,2023-06-06,1
761,2024-10-14,1
761,2024-02-19,1
761,2024-06-13,1
761,2025-10-07,1
761,2025-02-11,1
761,2025-06-13,1
761,2026-10-03,1
761,2026-02-16,1
761,2026-06-07,1
763,2023-08-12,1
763,2023-02-10,1
763,2024-08-11,1
763,2024-02-02,1
763,2025-08-24,1
763,2025-02-03,1
763,2026-08-11,1
763,2026-02-14,1
764,2023-10-07,1
764,2024-10-26,1
764,2025-10-09,1
764,2026-10-22,1
766,2023-02-18,1
766,2023-08-22,1
766,2024-02-27,1
766,2024-08-20,1
766,2025-02-27,1
766,2025-08-04,1
766,2026-02-24,1
766,2026-08-19,1
768,2023-09-19,1
768,2023-01-21,1
768,2023-05-12,1
768,2024-09-23,1
768,2024-01-05,1
768,2024-05-12,1
768,2025-09-27,1
768,2025-01-17,1
768,2025-05-26,1
768,2026-09-21,1
768,2026-01-01,1
768,2026-05-07,1
769,2024-12-15,1
769,2025-12-11,1
769,2026-12-01,1
771,2024-06-17,1
771,2025-06-05,1
771,2026-06-09,1
775,2023-04-01,1
775,2024-04-25,1
775,2025-04-10,1
775,2026-04-12,1
776,2023-10-20,1
776,2023-04-01,1
776,2024-10-08,1
776,2024-04-21,1
776,2025-10-09,1
776,2025-04-24,1
776,2026-10-04,1
776,2026-04-12,1
777,2025-09-05,1
777,2025-03-06,1
777,2026-09-16,1
777,2026-03-24,1
778,2023-02-28,1
778,2024-02-27,1
778,2025-02-11,1
778,2026-02-15,1
779,2023-01-16,1
779,2024-01-12,1
779,2025-01-16,1
779,2026-01-01,1
781,2023-10-13,1
781,2023-04-24,1
781,2024-10-03,1
781,2024-04-06,1
781,2025-10-22,1
781,2025-04-07,1
781,2026-10-04,1
781,2026-04-03,1
784,2023-02-18,1
784,2023-08-20,1
784,2024-02-12,1
784,2024-08-05,1
784,2025-02-09,1
784,2025-08-22,1
784,2026-02-08,1
784,2026-08-18,1
786,2023-05-28,1
786,2023-09-14,1
786,2023-01-21,1
786,2024-05-15,1
786,2024-09-20,1
786,2024-01-03,1
786,2025-05-25,1
786,2025-09-13,1
786,2025-01-18,1
786,2026-05-28,1
786,2026-09-08,1
786,2026-01-14,1
787,2023-03-12,1
787,2024-03-12,1
787,2025-03-22,1
787,2026-03-11,1
788,2023-09-16,1
788,2023-03-15,1
788,2024-09-14,1
788,2024-03-28,1
788,2025-09-27,1
788,2025-03-13,1
788,2026-09-22,1
788,2026-03-17,1
790,2023-10-07,1
790,2023-04-26,1
790,2024-10-18,1
790,2024-04-07,1
790,2025-10-07,1
790,2025-04-12,1
790,2026-10-25,1
790,2026-04-19,1
791,2023-06-24,1
791,2023-12-14,1
791,2024-06-01,1
791,2024-12-22,1
791,2025-06-22,1
791,2025-12-19,1
791,2026-06-12,1
791,2026-12-02,1
792,2023-11-05,1
792,2023-05-01,1
792,2024-11-10,1
792,2024-05-02,1
792,2025-11-07,1
792,2025-05-24,1
792,2026-11-23,1
792,2026-05-17,1
793,2025-11-19,1
793,2026-11-12,1
794,2023-08-28,1
794,2023-02-09,1
794,2024-08-04,1
794,2024-02-06,1
794,2025-08-11,1
794,2025-02-28,1
794,2026-08-07,1
794,2026-02-22,1
795,2023-11-09,1
795,2024-11-08,1
795,2025-11-27,1
795,2026-11-23,1
797,2023-06-21,1
797,2024-06-23,1
797,2025-06-11,1
797,2026-06-25,1
798,2023-04-10,1
798,2024-04-27,1
798,2025-04-27,1
798,2026-04-11,1
799,2023-05-12,1
799,2023-11-06,1
799,2024-05-06,1
799,2024-11-07,1
799,2025-05-25,1
799,2025-11-20,1
799,2026-05-08,1
799,2026-11-04,1
800,2023-01-02,1
800,2024-01-16,1
800,2025-01-01,1
800,2026-01-20,1
801,2023-09-14,1
801,2024-09-13,1
801,2025-09-11,1
801,2026-09-23,1
802,2023-10-05,1
802,2024-10-26,1
802,2025-10-09,1
802,2026-10-09,1
803,2023-12-20,1
803,2024-12-08,1
803,2025-12-26,1
803,2026-12-19,1
804,2023-12-11,1
804,2023-04-03,1
804,2023-08-28,1
804,2024-12-22,1
804,2024-04-28,1
804,2024-08-07,1
804,2025-12-11,1
804,2025-04-21,1
804,2025-08-22,1
804,2026-12-26,1
804,2026-04-08,1
804,2026-08-02,1
805,2026-12-04,1
806,2023-07-19,1
806,2024-07-01,1
806,2025-07-16,1
806,2026-07-12,1
809,2023-02-11,1
809,2023-08-06,1
809,2024-02-21,1
809,2024-08-13,1
809,2025-02-13,1
809,2025-08-13,1
809,2026-02-22,1
809,2026-08-16,1
810,2023-02-27,1
810,2023-08-17,1
810,2024-02-08,1
810,2024-08-01,1
810,2025-02-18,1
810,2025-08-10,1
810,2026-02-28,1
810,2026-08-02,1
811,2026-10-12,1
811,2026-04-02,1
813,2023-03-21,1
813,2023-07-07,1
813,2023-11-18,1
813,2024-03-27,1
813,2024-07-01,1
813,2024-11-18,1
813,2025-03-10,1
813,2025-07-06,1
813,2025-11-27,1
813,2026-03-08,1
813,2026-07-22,1
813,2026-11-08,1
815,2023-09-04,1
815,2023-03-20,1
815,2024-09-21,1
815,2024-03-16,1
815,2025-09-02,1
815,2025-03-27,1
815,2026-09-09,1
815,2026-03-10,1
817,2023-06-10,1
817,2024-06-18,1
817,2025-06-03,1
817,2026-06-04,1
818,2023-11-23,1
818,2023-03-20,1
818,2023-07-17,1
818,2024-11-05,1
818,2024-03-06,1
818,2024-07-10,1
818,2025-11-03,1
818,2025-03-09,1
818,2025-07-10,1
818,2026-11-05,1
818,2026-03-09,1
818,2026-07-26,1
819,2023-06-07,1
819,2023-12-23,1
819,2024-06-19,1
819,2024-12-28,1
819,2025-06-17,1
819,2025-12-15,1
819,2026-06-05,1
819,2026-12-20,1
820,2025-09-27,1
820,2025-03-20,1
820,2026-09-06,1
820,2026-03-20,1
822,2025-08-13,1
822,2026-02-11,1
822,2026-08-03,1
823,2023-12-14,1
823,2024-12-07,1
823,2025-12-27,1
823,2026-12-07,1
824,2023-08-16,1
824,2024-08-12,1
824,2025-08-04,1
824,2026-08-24,1
825,2023-03-09,1
825,2023-09-19,1
825,2024-03-28,1
825,2024-09-28,1
825,2025-03-04,1
825,2025-09-01,1
825,2026-03-22,1
825,2026-09-21,1
827,2023-05-22,1
827,2023-11-23,1
827,2024-05-07,1
827,2024-11-01,1
827,2025-05-25,1
827,2025-11-07,1
827,2026-05-02,1
827,2026-11-11,1
828,2023-06-20,1
828,2023-12-03,1
828,2024-06-05,1
828,2024-12-21,1
828,2025-06-13,1
828,2025-12-03,1
828,2026-06-18,1
828,2026-12-27,1
830,2023-03-12,1
830,2023-09-23,1
830,2024-03-24,1
830,2024-09-05,1
830,2025-03-23,1
830,2025-09-14,1
830,2026-03-10,1
830,2026-09-24,1
831,2023-10-22,1
831,2024-10-08,1
831,2025-10-23,1
831,2026-10-13,1
834,2023-04-05,1
834,2023-10-22,1
834,2024-04-10,1
834,2024-10-05,1
834,2025-04-14,1
834,2025-10-24,1
834,2026-04-12,1
834,2026-10-28,1
835,2023-11-09,1
835,2023-03-22,1
835,2023-07-26,1
835,2024-11-09,1
835,2024-03-15,1
835,2024-07-11,1
835,2025-11-01,1
835,2025-03-14,1
835,2025-07-26,1
835,2026-11-21,1
835,2026-03-10,1
835,2026-07-08,1
836,2025-02-06,1
836,2025-06-23,1
836,2025-10-28,1
836,2026-02-06,1
836,2026-06-22,1
836,2026-10-14,1
837,2025-11-21,1
837,2026-11-20,1
837,2026-05-11,1
838,2023-05-09,1
838,2024-05-14,1
838,2025-05-27,1
838,2026-05-12,1
840,2023-10-17,1
840,2023-02-22,1
840,2023-06-23,1
840,2024-10-21,1
840,2024-02-07,1
840,2024-06-14,1
840,2025-10-05,1
840,2025-02-18,1
840,2025-06-22,1
840,2026-10-09,1
840,2026-02-26,1
840,2026-06-05,1
842,2023-04-18,1
842,2024-04-04,1
842,2025-04-10,1
842,2026-04-25,1
843,2023-01-13,1
843,2024-01-20,1
843,2025-01-25,1
843,2026-01-20,1
844,2023-12-12,1
844,2023-06-26,1
844,2024-12-28,1
844,2024-06-17,1
844,2025-12-22,1
844,2025-06-05,1
844,2026-12-13,1
844,2026-06-13,1
845,2023-09-06,1
845,2023-01-06,1
845,2023-05-28,1
845,2024-09-21,1
845,2024-01-15,1
845,2024-05-14,1
845,2025-09-09,1
845,2025-01-09,1
845,2025-05-24,1
845,2026-09-28,1
845,2026-01-02,1
845,2026-05-09,1
847,2023-01-11,1
847,2024-01-17,1
847,2025-01-25,1
847,2026-01-20,1
849,2023-04-28,1
849,2023-08-13,1
849,2023-12-08,1
849,2024-04-04,1
849,2024-08-06,1
849,2024-12-06,1
849,2025-04-01,1
849,2025-08-28,1
849,2025-12-05,1
849,2026-04-20,1
849,2026-08-03,1
849,2026-12-15,1
850,2023-09-21,1
850,2023-03-02,1
850,2024-09-21,1
850,2024-03-18,1
850,2025-09-16,1
850,2025-03-11,1
850,2026-09-22,1
850,2026-03-17,1
851,2023-11-26,1
851,2024-11-27,1
851,2025-11-22,1
851,2026-11-26,1
853,2023-06-04,1
853,2024-06-01,1
853,2025-06-26,1
853,2026-06-28,1
855,2023-02-28,1
855,2024-02-06,1
855,2025-02-24,1
855,2026-02-23,1
856,2026-08-13,1
857,2023-02-14,1
857,2024-02-24,1
857,2025-02-06,1
857,2026-02-03,1
859,2023-08-13,1
859,2024-08-23,1
859,2025-08-13,1
859,2026-08-01,1
860,2023-07-05,1
860,2023-11-02,1
860,2023-03-07,1
860,2024-07-25,1
860,2024-11-15,1
860,2024-03-20,1
860,2025-07-19,1
860,2025-11-24,1
860,2025-03-25,1
860,2026-07-15,1
860,2026-11-26,1
860,2026-03-18,1
861,2024-12-24,1
861,2025-12-28,1
861,2026-12-03,1
862,2023-03-09,1
862,2024-03-24,1
862,2025-03-03,1
862,2026-03-16,1
863,2023-09-10,1
863,2024-09-22,1
863,2025-09-22,1
863,2026-09-02,1
864,2023-06-08,1
864,2023-10-08,1
864,2023-02-07,1
864,2024-06-24,1
864,2024-10-17,1
864,2024-02-22,1
864,2025-06-10,1
864,2025-10-24,1
864,2025-02-03,1
864,2026-06-26,1
864,2026-10-23,1
864,2026-02-19,1
865,2023-11-04,1
865,2024-11-21,1
865,2025-11-12,1
865,2026-11-20,1
866,2023-01-26,1
866,2023-07-01,1
866,2024-01-24,1
866,2024-07-26,1
866,2025-01-25,1
866,2025-07-04,1
866,2026-01-17,1
866,2026-07-09,1
867,2023-05-05,1
867,2023-11-26,1
867,2024-05-26,1
867,2024-11-17,1
867,2025-05-20,1
867,2025-11-14,1
867,2026-05-25,1
867,2026-11-22,1
868,2023-03-03,1
868,2024-03-12,1
868,2025-03-22,1
868,2026-03-20,1
870,2023-07-03,1
870,2024-07-16,1
870,2025-07-16,1
870,2026-07-12,1
871,2023-06-20,1
871,2023-12-24,1
871,2024-06-06,1
871,2024-12-11,1
871,2025-06-17,1
871,2025-12-17,1
871,2026-06-07,1
871,2026-12-08,1
872,2023-10-20,1
872,2024-10-20,1
872,2025-10-13,1
872,2026-10-03,1
873,2025-03-19,1
873,2026-03-05,1
874,2023-02-14,1
874,2023-08-20,1
874,2024-02-28,1
874,2024-08-08,1
874,2025-02-14,1
874,2025-08-25,1
874,2026-02-27,1
874,2026-08-20,1
875,2023-01-23,1
875,2024-01-06,1
875,2025-01-26,1
875,2026-01-20,1
877,2026-02-11,1
877,2026-08-14,1
878,2023-03-15,1
878,2023-09-02,1
878,2024-03-15,1
878,2024-09-22,1
878,2025-03-01,1
878,2025-09-28,1
878,2026-03-01,1
878,2026-09-10,1
879,2026-06-04,1
880,2023-01-26,1
880,2024-01-23,1
880,2025-01-21,1
880,2026-01-20,1
881,2023-06-06,1
881,2024-06-14,1
881,2025-06-23,1
881,2026-06-05,1
883,2023-05-26,1
883,2024-05-06,1
883,2025-05-16,1
883,2026-05-18,1
884,2023-07-27,1
884,2023-01-19,1
884,2024-07-04,1
884,2024-01-01,1
884,2025-07-06,1
884,2025-01-01,1
884,2026-07-22,1
884,2026-01-12,1
885,2023-09-14,1
885,2024-09-07,1
885,2025-09-07,1
885,2026-09-25,1
888,2023-04-18,1
888,2023-08-07,1
888,2023-12-24,1
888,2024-04-10,1
888,2024-08-22,1
888,2024-12-08,1
888,2025-04-15,1
888,2025-08-12,1
888,2025-12-23,1
888,2026-04-11,1
888,2026-08-10,1
888,2026-12-02,1
889,2023-04-18,1
889,2023-10-21,1
889,2024-04-05,1
889,2024-10-28,1
889,2025-04-17,1
889,2025-10-06,1
889,2026-04-12,1
889,2026-10-07,1
890,2023-12-07,1
890,2024-12-02,1
890,2025-12-16,1
890,2026-12-24,1
891,2024-08-04,1
891,2025-08-01,1
891,2025-02-23,1
891,2026-08-25,1
891,2026-02-15,1
892,2023-08-16,1
892,2023-12-17,1
892,2023-04-18,1
892,2024-08-06,1
892,2024-12-26,1
892,2024-04-25,1
892,2025-08-04,1
892,2025-12-21,1
892,2025-04-13,1
892,2026-08-25,1
892,2026-12-24,1
892,2026-04-28,1
894,2023-01-28,1
894,2023-05-09,1
894,2023-09-24,1
894,2024-01-10,1
894,2024-05-18,1
894,2024-09-12,1
894,2025-01-20,1
894,2025-05-11,1
894,2025-09-10,1
894,2026-01-02,1
894,2026-05-27,1
894,2026-09-26,1
898,2025-09-24,1
898,2025-03-20,1
898,2026-09-23,1
898,2026-03-16,1
899,2023-05-27,1
899,2023-11-01,1
899,2024-05-26,1
899,2024-11-02,1
899,2025-05-06,1
899,2025-11-11,1
899,2026-05-20,1
899,2026-11-26,1
900,2023-03-28,1
900,2023-09-02,1
900,2024-03-19,1
900,2024-09-26,1
900,2025-03-11,1
900,2025-09-10,1
900,2026-03-08,1
900,2026-09-23,1
901,2023-01-27,1
901,2024-01-06,1
901,2025-01-14,1
901,2026-01-24,1
903,2023-04-15,1
903,2023-10-26,1
903,2024-04-15,1
903,2024-10-16,1
903,2025-04-11,1
903,2025-10-08,1
903,2026-04-13,1
903,2026-10-12,1
904,2023-03-14,1
904,2023-07-25,1
904,2023-11-07,1
904,2024-03-23,1
904,2024-07-18,1
904,2024-11-12,1
904,2025-03-21,1
904,2025-07-03,1
904,2025-11-16,1
904,2026-03-27,1
904,2026-07-21,1
904,2026-11-01,1
906,2023-03-09,1
906,2024-03-27,1
906,2025-03-07,1
906,2026-03-14,1
907,2023-04-09,1
907,2024-04-21,1
907,2025-04-25,1
907,2026-04-03,1
908,2023-08-13,1
908,2024-08-19,1
908,2025-08-11,1
908,2026-08-07,1
911,2023-03-26,1
911,2024-03-20,1
911,2025-03-20,1
911,2026-03-28,1
912,2023-06-07,1
912,2023-12-20,1
912,2024-06-03,1
912,2024-12-24,1
912,2025-06-15,1
912,2025-12-05,1
912,2026-06-23,1
912,2026-12-11,1
913,2023-01-07,1
913,2024-01-16,1
913,2025-01-09,1
913,2026-01-11,1
914,2023-01-16,1
914,2024-01-27,1
914,2025-01-01,1
914,2026-01-05,1
915,2023-02-05,1
915,2024-02-22,1
915,2025-02-15,1
915,2026-02-09,1
916,2023-09-15,1
916,2023-01-05,1
916,2023-05-15,1
916,2024-09-02,1
916,2024-01-28,1
916,2024-05-17,1
916,2025-09-12,1
916,2025-01-04,1
916,2025-05-25,1
916,2026-09-23,1
916,2026-01-02,1
916,2026-05-24,1
917,2023-11-08,1
917,2023-05-17,1
917,2024-11-24,1
917,2024-05-09,1
917,2025-11-16,1
917,2025-05-19,1
917,2026-11-26,1
917,2026-05-09,1
918,2023-11-20,1
918,2024-11-23,1
918,2025-11-19,1
918,2026-11-17,1
919,2026-08-20,1
920,2023-12-23,1
920,2023-06-15,1
920,2024-12-27,1
920,2024-06-17,1
920,2025-12-21,1
920,2025-06-02,1
920,2026-12-27,1
920,2026-06-27,1
921,2023-02-24,1
921,2024-02-08,1
921,2025-02-26,1
921,2026-02-21,1
925,2023-12-05,1
925,2024-12-09,1
925,2025-12-22,1
925,2026-12-26,1
926,2023-01-06,1
926,2023-07-15,1
926,2024-01-05,1
926,2024-07-11,1
926,2025-01-03,1
926,2025-07-18,1
926,2026-01-09,1
926,2026-07-24,1
927,2023-01-25,1
927,2023-07-21,1
927,2024-01-02,1
927,2024-07-19,1
927,2025-01-22,1
927,2025-07-18,1
927,2026-01-18,1
927,2026-07-27,1
928,2025-03-09,1
928,2025-09-11,1
928,2026-03-05,1
928,2026-09-17,1
930,2023-07-06,1
930,2024-07-05,1
930,2025-07-08,1
930,2026-07-11,1
931,2023-10-22,1
931,2024-10-13,1
931,2025-10-07,1
931,2026-10-08,1
934,2023-04-16,1
934,2023-10-03,1
934,2024-04-10,1
934,2024-10-10,1
934,2025-04-21,1
934,2025-10-08,1
934,2026-04-20,1
934,2026-10-22,1
935,2023-01-09,1
935,2024-01-12,1
935,2025-01-09,1
935,2026-01-25,1
936,2023-06-21,1
936,2023-12-12,1
936,2024-06-23,1
936,2024-12-19,1
936,2025-06-25,1
936,2025-12-20,1
936,2026-06-27,1
936,2026-12-21,1
937,2023-08-08,1
937,2024-08-08,1
937,2025-08-15,1
937,2026-08-28,1
938,2023-01-15,1
938,2023-05-11,1
938,2023-09-04,1
938,2024-01-28,1
938,2024-05-18,1
938,2024-09-23,1
938,2025-01-08,1
938,2025-05-21,1
938,2025-09-13,1
938,2026-01-26,1
938,2026-05-14,1
938,2026-09-02,1
939,2023-09-19,1
939,2024-09-04,1
939,2024-03-15,1
939,2025-09-08,1
939,2025-03-11,1
939,2026-09-16,1
939,2026-03-01,1
941,2023-12-04,1
941,2023-06-12,1
941,2024-12-18,1
941,2024-06-17,1
941,2025-12-22,1
941,2025-06-24,1
941,2026-12-05,1
941,2026-06-07,1
942,2026-10-27,1
943,2023-10-12,1
943,2023-04-02,1
943,2024-10-18,1
943,2024-04-18,1
943,2025-10-15,1
943,2025-04-14,1
943,2026-10-02,1
943,2026-04-23,1
945,2023-11-07,1
945,2024-11-25,1
945,2025-11-05,1
945,2026-11-01,1
946,2026-06-07,1
947,2023-09-11,1
947,2023-03-07,1
947,2024-09-15,1
947,2024-03-14,1
947,2025-09-17,1
947,2025-03-26,1
947,2026-09-22,1
947,2026-03-08,1
948,2023-04-12,1
948,2023-10-22,1
948,2024-04-11,1
948,2024-10-13,1
948,2025-04-15,1
948,2025-10-13,1
948,2026-04-16,1
948,2026-10-27,1
950,2023-12-01,1
950,2023-06-23,1
950,2024-12-06,1
950,2024-06-06,1
950,2025-12-01,1
950,2025-06-10,1
950,2026-12-12,1
950,2026-06-10,1
951,2023-12-17,1
951,2024-12-05,1
951,2025-12-27,1
951,2026-12-05,1
952,2025-09-07,1
952,2026-03-17,1
952,2026-09-13,1
953,2023-09-17,1
953,2024-09-23,1
953,2025-09-03,1
953,2026-09-26,1
955,2023-08-27,1
955,2024-08-23,1
955,2025-08-01,1
955,2026-08-15,1
956,2023-12-08,1
956,2023-06-25,1
956,2024-12-09,1
956,2024-06-05,1
956,2025-12-22,1
956,2025-06-08,1
956,2026-12-08,1
956,2026-06-15,1
957,2024-09-08,1
957,2025-09-23,1
957,2026-09-16,1
958,2023-02-02,1
958,2023-06-11,1
958,2023-10-26,1
958,2024-02-02,1
958,2024-06-01,1
958,2024-10-20,1
958,2025-02-09,1
958,2025-06-16,1
958,2025-10-26,1
958,2026-02-14,1
958,2026-06-23,1
958,2026-10-25,1
959,2023-08-05,1
959,2024-08-24,1
959,2025-08-13,1
959,2026-08-01,1
961,2023-11-13,1
961,2023-05-27,1
961,2024-11-25,1
961,2024-05-23,1
961,2025-11-26,1
961,2025-05-17,1
961,2026-11-19,1
961,2026-05-24,1
962,2023-09-24,1
962,2024-09-02,1
962,2025-09-09,1
962,2026-09-17,1
963,2023-02-08,1
963,2023-08-20,1
963,2024-02-07,1
963,2024-08-21,1
963,2025-02-15,1
963,2025-08-10,1
963,2026-02-03,1
963,2026-08-28,1
964,2025-02-23,1
964,2026-02-26,1
965,2023-12-08,1
965,2023-04-09,1
965,2023-08-27,1
965,2024-12-08,1
965,2024-04-02,1
965,2024-08-15,1
965,2025-12-25,1
965,2025-04-03,1
965,2025-08-27,1
965,2026-12-07,1
965,2026-04-06,1
965,2026-08-14,1
966,2025-05-06,1
966,2026-05-17,1
971,2025-09-05,1
971,2025-03-16,1
971,2026-09-26,1
971,2026-03-14,1
972,2026-11-09,1
972,2026-05-02,1
973,2023-12-23,1
973,2024-12-04,1
973,2025-12-03,1
973,2026-12-11,1
975,2023-02-01,1
975,2024-02-27,1
975,2025-02-19,1
975,2026-02-15,1
976,2023-07-19,1
976,2023-01-23,1
976,2024-07-25,1
976,2024-01-26,1
976,2025-07-06,1
976,2025-01-17,1
976,2026-07-16,1
976,2026-01-25,1
977,2023-02-01,1
977,2023-06-24,1
977,2023-10-07,1
977,2024-02-01,1
977,2024-06-22,1
977,2024-10-03,1
977,2025-02-24,1
977,2025-06-12,1
977,2025-10-10,1
977,2026-02-27,1
977,2026-06-26,1
977,2026-10-19,1
979,2023-10-02,1
979,2024-10-12,1
979,2025-10-21,1
979,2026-10-27,1
980,2023-12-03,1
980,2023-06-01,1
980,2024-12-26,1
980,2024-06-25,1
980,2025-12-12,1
980,2025-06-26,1
980,2026-12-19,1
980,2026-06-13,1
981,2024-07-07,1
981,2025-07-01,1
981,2026-07-27,1
983,2023-12-06,1
983,2024-12-07,1
983,2025-12-18,1
983,2026-12-15,1
984,2023-03-04,1
984,2023-09-10,1
984,2024-03-10,1
984,2024-09-25,1
984,2025-03-19,1
984,2025-09-04,1
984,2026-03-27,1
984,2026-09-16,1
985,2023-10-17,1
985,2023-04-10,1
985,2024-10-09,1
985,2024-04-02,1
985,2025-10-11,1
985,2025-04-10,1
985,2026-10-26,1
985,2026-04-21,1
986,2023-01-12,1
986,2023-07-23,1
986,2024-01-06,1
986,2024-07-28,1
986,2025-01-02,1
986,2025-07-03,1
986,2026-01-22,1
986,2026-07-20,1
987,2023-06-06,1
987,2024-06-26,1
987,2025-06-22,1
987,2026-06-08,1
988,2025-07-26,1
988,2026-07-22,1
989,2023-06-17,1
989,2024-06-16,1
989,2025-06-11,1
989,2026-06-22,1
990,2023-06-11,1
990,2024-06-21,1
990,2025-06-21,1
990,2026-06-02,1
991,2023-05-08,1
991,2023-11-01,1
991,2024-05-07,1
991,2024-11-12,1
991,2025-05-27,1
991,2025-11-10,1
991,2026-05-22,1
991,2026-11-24,1
992,2023-09-13,1
992,2024-09-27,1
992,2025-09-27,1
992,2026-09-16,1
993,2023-11-15,1
993,2023-05-22,1
993,2024-11-26,1
993,2024-05-11,1
993,2025-11-23,1
993,2025-05-05,1
993,2026-11-05,1
993,2026-05-17,1
994,2023-09-23,1
994,2024-09-15,1
994,2025-09-22,1
994,2026-09-06,1
995,2023-06-17,1
995,2023-10-22,1
995,2024-06-21,1
995,2024-10-07,1
995,2024-02-08,1
995,2025-06-01,1
995,2025-10-18,1
995,2025-02-15,1
995,2026-06-25,1
995,2026-10-27,1
995,2026-02-09,1
996,2023-12-14,1
996,2024-12-13,1
996,2025-12-11,1
996,2026-12-25,1
998,2023-12-07,1
998,2024-12-18,1
998,2025-12-01,1
998,2026-12-27,1
1000,2024-10-23,1
1000,2025-10-12,1
1000,2026-10-14,1
1001,2023-10-01,1
1001,2023-04-06,1
1001,2024-10-22,1
1001,2024-04-14,1
1001,2025-10-02,1
1001,2025-04-10,1
1001,2026-10-13,1
1001,2026-04-01,1
1003,2023-09-10,1
1003,2024-09-16,1
1003,2025-09-01,1
1003,2026-09-28,1
1006,2023-06-07,1
1006,2024-06-03,1
1006,2025-06-18,1
1006,2026-06-10,1
1007,2023-07-22,1
1007,2024-07-03,1
1007,2025-07-04,1
1007,2026-07-24,1
1008,2025-01-06,1
1008,2025-05-26,1
1008,2025-09-04,1
1008,2026-01-06,1
1008,2026-05-16,1
1008,2026-09-09,1
1010,2023-02-12,1
1010,2024-02-01,1
1010,2025-02-23,1
1010,2026-02-01,1
1011,2023-11-21,1
1011,2023-05-21,1
1011,2024-11-12,1
1011,2024-05-24,1
1011,2025-11-01,1
1011,2025-05-13,1
1011,2026-11-20,1
1011,2026-05-22,1
1012,2023-06-24,1
1012,2023-10-07,1
1012,2023-02-05,1
1012,2024-06-01,1
1012,2024-10-14,1
1012,2024-02-16,1
1012,2025-06-03,1
1012,2025-10-21,1
1012,2025-02-17,1
1012,2026-06-06,1
1012,2026-10-02,1
1012,2026-02-17,1
1013,2023-06-24,1
1013,2024-06-15,1
1013,2025-06-18,1
1013,2026-06-01,1
1016,2023-11-03,1
1016,2023-05-20,1
1016,2024-11-15,1
1016,2024-05-03,1
1016,2025-11-26,1
1016,2025-05-02,1
1016,2026-11-05,1
1016,2026-05-08,1
1019,2023-02-10,1
1019,2024-02-07,1
1019,2025-02-04,1
1019,2026-02-07,1
1020,2023-12-06,1
1020,2024-12-02,1
1020,2025-12-07,1
1020,2026-12-01,1
1021,2023-10-06,1
1021,2024-10-13,1
1021,2025-10-01,1
1021,2026-10-14,1
1022,2023-04-09,1
1022,2024-04-18,1
1022,2025-04-26,1
1022,2026-04-08,1
1023,2023-08-05,1
1023,2024-08-03,1
1023,2025-08-21,1
1023,2026-08-03,1
1024,2023-08-05,1
1024,2023-02-04,1
1024,2024-08-03,1
1024,2024-02-15,1
1024,2025-08-19,1
1024,2025-02-23,1
1024,2026-08-10,1
1024,2026-02-25,1
1025,2023-08-19,1
1025,2023-02-12,1
1025,2024-08-18,1
1025,2024-02-08,1
1025,2025-08-11,1
1025,2025-02-13,1
1025,2026-08-19,1
1025,2026-02-17,1
1028,2023-05-14,1
1028,2023-11-27,1
1028,2024-05-17,1
1028,2024-11-01,1
1028,2025-05-20,1
1028,2025-11-16,1
1028,2026-05-10,1
1028,2026-11-11,1
1029,2023-05-12,1
1029,2023-11-24,1
1029,2024-05-05,1
1029,2024-11-08,1
1029,2025-05-14,1
1029,2025-11-03,1
1029,2026-05-18,1
1029,2026-11-10,1
1031,2023-03-20,1
1031,2023-07-23,1
1031,2023-11-12,1
1031,2024-03-02,1
1031,2024-07-02,1
1031,2024-11-19,1
1031,2025-03-06,1
1031,2025-07-11,1
1031,2025-11-10,1
1031,2026-03-26,1
1031,2026-07-18,1
1031,2026-11-09,1
1032,2025-02-12,1
1032,2026-02-25,1
1033,2023-11-16,1
1033,2024-05-04,1
1033,2024-11-12,1
1033,2025-05-06,1
1033,2025-11-23,1
1033,2026-05-09,1
1033,2026-11-03,1
1036,2025-07-22,1
1036,2026-01-04,1
1036,2026-07-12,1
1037,2023-07-26,1
1037,2024-07-11,1
1037,2025-07-26,1
1037,2026-07-02,1
1038,2023-07-14,1
1038,2023-11-06,1
1038,2023-03-05,1
1038,2024-07-10,1
1038,2024-11-28,1
1038,2024-03-01,1
1038,2025-07-27,1
1038,2025-11-04,1
1038,2025-03-11,1
1038,2026-07-03,1
1038,2026-11-16,1
1038,2026-03-20,1
1039,2023-06-18,1
1039,2023-10-06,1
1039,2023-02-15,1
1039,2024-06-13,1
1039,2024-10-13,1
1039,2024-02-13,1
1039,2025-06-20,1
1039,2025-10-20,1
1039,2025-02-15,1
1039,2026-06-13,1
1039,2026-10-05,1
1039,2026-02-22,1
1040,2023-08-14,1
1040,2023-02-18,1
1040,2024-08-27,1
1040,2024-02-09,1
1040,2025-08-18,1
1040,2025-02-19,1
1040,2026-08-27,1
1040,2026-02-08,1
1041,2023-06-17,1
1041,2024-06-15,1
1041,2025-06-19,1
1041,2026-06-13,1
1042,2023-07-09,1
1042,2023-01-22,1
1042,2024-07-08,1
1042,2024-01-04,1
1042,2025-07-18,1
1042,2025-01-04,1
1042,2026-07-26,1
1042,2026-01-21,1
1043,2023-01-21,1
1043,2024-01-28,1
1043,2025-01-13,1
1043,2026-01-08,1
1044,2024-06-02,1
1044,2024-12-17,1
1044,2025-06-14,1
1044,2025-12-01,1
1044,2026-06-05,1
1044,2026-12-23,1
1045,2026-04-24,1
1045,2026-10-07,1
1046,2023-08-10,1
1046,2024-08-12,1
1046,2025-08-26,1
1046,2026-08-12,1
1047,2023-12-22,1
1047,2023-04-16,1
1047,2023-08-22,1
1047,2024-12-25,1
1047,2024-04-28,1
1047,2024-08-17,1
1047,2025-12-20,1
1047,2025-04-08,1
1047,2025-08-08,1
1047,2026-12-22,1
1047,2026-04-15,1
1047,2026-08-05,1
1048,2023-03-23,1
1048,2024-03-10,1
1048,2025-03-25,1
1048,2026-03-24,1
1050,2026-07-16,1
1051,2023-04-08,1
1051,2024-04-03,1
1051,2025-04-24,1
1051,2026-04-20,1
1052,2023-05-07,1
1052,2023-11-09,1
1052,2024-05-22,1
1052,2024-11-01,1
1052,2025-05-22,1
1052,2025-11-26,1
1052,2026-05-11,1
1052,2026-11-18,1
1053,2023-07-24,1
1053,2023-01-22,1
1053,2024-07-19,1
1053,2024-01-24,1
1053,2025-07-12,1
1053,2025-01-21,1
1053,2026-07-11,1
1053,2026-01-18,1
1054,2023-12-18,1
1054,2024-12-25,1
1054,2025-12-08,1
1054,2026-12-15,1
1055,2023-08-21,1
1055,2023-02-22,1
1055,2024-08-21,1
1055,2024-02-01,1
1055,2025-08-17,1
1055,2025-02-04,1
1055,2026-08-03,1
1055,2026-02-20,1
1056,2023-06-04,1
1056,2023-12-10,1
1056,2024-06-20,1
1056,2024-12-06,1
1056,2025-06-22,1
1056,2025-12-27,1
1056,2026-06-11,1
1056,2026-12-02,1
1057,2023-08-12,1
1057,2023-02-12,1
1057,2024-08-14,1
1057,2024-02-24,1
1057,2025-08-19,1
1057,2025-02-18,1
1057,2026-08-03,1
1057,2026-02-17,1
1058,2023-07-09,1
1058,2023-11-20,1
1058,2023-03-09,1
1058,2024-07-15,1
1058,2024-11-06,1
1058,2024-03-27,1
1058,2025-07-09,1
1058,2025-11-24,1
1058,2025-03-27,1
1058,2026-07-13,1
1058,2026-11-07,1
1058,2026-03-22,1
1059,2023-07-01,1
1059,2023-11-08,1
1059,2023-03-25,1
1059,2024-07-18,1
1059,2024-11-15,1
1059,2024-03-24,1
1059,2025-07-25,1
1059,2025-11-10,1
1059,2025-03-02,1
1059,2026-07-27,1
1059,2026-11-26,1
1059,2026-03-23,1
1060,2026-06-26,1
1060,2026-10-25,1
1060,2026-02-19,1
1061,2026-05-27,1
1065,2023-05-26,1
1065,2024-05-16,1
1065,2025-05-13,1
1065,2026-05-12,1
1066,2023-01-06,1
1066,2024-01-06,1
1066,2025-01-04,1
1066,2026-01-27,1
1067,2023-04-16,1
1067,2023-10-21,1
1067,2024-04-11,1
1067,2024-10-21,1
1067,2025-04-28,1
1067,2025-10-23,1
1067,2026-04-09,1
1067,2026-10-20,1
1070,2023-05-27,1
1070,2024-05-05,1
1070,2025-05-23,1
1070,2026-05-11,1
1072,2023-05-17,1
1072,2024-05-25,1
1072,2025-05-14,1
1072,2026-05-06,1
1073,2023-11-15,1
1073,2024-11-18,1
1073,2025-11-19,1
1073,2026-11-05,1
1074,2023-11-26,1
1074,2023-05-24,1
1074,2024-11-17,1
1074,2024-05-19,1
1074,2025-11-09,1
1074,2025-05-13,1
1074,2026-11-16,1
1074,2026-05-05,1
1075,2023-12-11,1
1075,2023-06-07,1
1075,2024-12-24,1
1075,2024-06-17,1
1075,2025-12-01,1
1075,2025-06-25,1
1075,2026-12-11,1
1075,2026-06-16,1
1076,2023-11-07,1
1076,2024-11-17,1
1076,2025-11-18,1
1076,2026-11-04,1
1077,2023-11-15,1
1077,2023-03-15,1
1077,2023-07-12,1
1077,2024-11-06,1
1077,2024-03-21,1
1077,2024-07-13,1
1077,2025-11-11,1
1077,2025-03-24,1
1077,2025-07-15,1
1077,2026-11-03,1
1077,2026-03-12,1
1077,2026-07-06,1
1079,2023-10-27,1
1079,2023-04-17,1
1079,2024-10-15,1
1079,2024-04-11,1
1079,2025-10-08,1
1079,2025-04-13,1
1079,2026-10-13,1
1079,2026-04-25,1
1080,2023-10-14,1
1080,2024-10-10,1
1080,2025-10-21,1
1080,2026-10-26,1
1081,2024-12-06,1
1081,2025-08-22,1
1081,2025-12-01,1
1081,2025-04-01,1
1081,2026-08-01,1
1081,2026-12-12,1
1081,2026-04-10,1
1083,2023-12-01,1
1083,2023-04-22,1
1083,2023-08-24,1
1083,2024-12-24,1
1083,2024-04-23,1
1083,2024-08-19,1
1083,2025-12-20,1
1083,2025-04-25,1
1083,2025-08-25,1
1083,2026-12-10,1
1083,2026-04-18,1
1083,2026-08-03,1
1084,2023-12-15,1
1084,2023-06-12,1
1084,2024-12-01,1
1084,2024-06-28,1
1084,2025-12-10,1
1084,2025-06-28,1
1084,2026-12-16,1
1084,2026-06-13,1
1085,2023-09-27,1
1085,2023-03-25,1
1085,2024-09-23,1
1085,2024-03-25,1
1085,2025-09-27,1
1085,2025-03-26,1
1085,2026-09-04,1
1085,2026-03-12,1
1086,2023-02-01,1
1086,2023-08-25,1
1086,2024-02-07,1
1086,2024-08-11,1
1086,2025-02-21,1
1086,2025-08-06,1
1086,2026-02-02,1
1086,2026-08-05,1
1087,2026-11-25,1
1087,2026-05-25,1
1089,2023-05-15,1
1089,2024-05-07,1
1089,2025-05-08,1
1089,2026-05-24,1
1091,2023-09-06,1
1091,2024-09-12,1
1091,2025-09-14,1
1091,2026-09-08,1
1095,2023-08-04,1
1095,2023-12-18,1
1095,2023-04-28,1
1095,2024-08-20,1
1095,2024-12-20,1
1095,2024-04-16,1
1095,2025-08-02,1
1095,2025-12-03,1
1095,2025-04-20,1
1095,2026-08-05,1
1095,2026-12-03,1
1095,2026-04-14,1
1096,2023-08-28,1
1096,2023-02-24,1
1096,2024-08-19,1
1096,2024-02-24,1
1096,2025-08-08,1
1096,2025-02-02,1
1096,2026-08-03,1
1096,2026-02-03,1
1097,2023-02-10,1
1097,2023-06-27,1
1097,2023-10-08,1
1097,2024-02-08,1
1097,2024-06-07,1
1097,2024-10-07,1
1097,2025-02-06,1
1097,2025-06-22,1
1097,2025-10-04,1
1097,2026-02-23,1
1097,2026-06-10,1
1097,2026-10-17,1
1101,2023-12-05,1
1101,2024-12-04,1
1101,2025-12-05,1
1101,2026-12-26,1
1102,2023-11-05,1
1102,2023-05-12,1
1102,2024-11-04,1
1102,2024-05-27,1
1102,2025-11-13,1
1102,2025-05-16,1
1102,2026-11-21,1
1102,2026-05-28,1
1104,2023-10-20,1
1104,2023-04-20,1
1104,2024-10-16,1
1104,2024-04-02,1
1104,2025-10-09,1
1104,2025-04-04,1
1104,2026-10-26,1
1104,2026-04-13,1
1105,2023-09-18,1
1105,2023-03-20,1
1105,2024-09-02,1
1105,2024-03-02,1
1105,2025-09-05,1
1105,2025-03-25,1
1105,2026-09-22,1
1105,2026-03-21,1
1106,2023-06-16,1
1106,2024-06-14,1
1106,2025-06-03,1
1106,2026-06-17,1
1108,2023-09-25,1
1108,2023-03-15,1
1108,2024-09-07,1
1108,2024-03-23,1
1108,2025-09-17,1
1108,2025-03-17,1
1108,2026-09-08,1
1108,2026-03-23,1
1109,2023-07-24,1
1109,2024-07-25,1
1109,2025-07-02,1
1109,2026-07-14,1
1112,2023-08-14,1
1112,2024-08-05,1
1112,2025-08-28,1
1112,2026-08-01,1
1113,2024-08-03,1
1113,2025-02-17,1
1113,2025-08-23,1
1113,2026-02-16,1
1113,2026-08-23,1
1115,2023-03-07,1
1115,2023-09-11,1
1115,2024-03-09,1
1115,2024-09-13,1
1115,2025-03-27,1
1115,2025-09-09,1
1115,2026-03-04,1
1115,2026-09-09,1
1116,2023-03-08,1
1116,2023-09-08,1
1116,2024-03-28,1
1116,2024-09-20,1
1116,2025-03-12,1
1116,2025-09-11,1
1116,2026-03-18,1
1116,2026-09-03,1
1117,2026-07-22,1
1117,2026-01-09,1
1118,2023-09-15,1
1118,2023-03-17,1
1118,2024-09-12,1
1118,2024-03-01,1
1118,2025-09-18,1
1118,2025-03-06,1
1118,2026-09-05,1
1118,2026-03-08,1
1120,2023-11-25,1
1120,2024-11-14,1
1120,2025-11-24,1
1120,2026-11-24,1
1121,2023-08-12,1
1121,2023-02-08,1
1121,2024-08-01,1
1121,2024-02-23,1
1121,2025-08-26,1
1121,2025-02-21,1
1121,2026-08-09,1
1121,2026-02-03,1
1122,2023-03-01,1
1122,2024-03-03,1
1122,2025-03-24,1
1122,2026-03-24,1
1124,2025-03-11,1
1124,2026-03-02,1
1125,2023-12-12,1
1125,2024-12-21,1
1125,2025-12-16,1
1125,2026-12-23,1
1127,2023-01-28,1
1127,2024-01-23,1
1127,2025-01-11,1
1127,2026-01-17,1
1128,2023-04-02,1
1128,2023-08-06,1
1128,2023-12-11,1
1128,2024-04-07,1
1128,2024-08-24,1
1128,2024-12-12,1
1128,2025-04-28,1
1128,2025-08-21,1
1128,2025-12-01,1
1128,2026-04-08,1
1128,2026-08-01,1
1128,2026-12-06,1
1129,2023-12-05,1
1129,2023-06-26,1
1129,2024-12-28,1
1129,2024-06-24,1
1129,2025-12-08,1
1129,2025-06-02,1
1129,2026-12-10,1
1129,2026-06-03,1
1130,2023-08-10,1
1130,2024-08-18,1
1130,2024-02-08,1
1130,2025-08-28,1
1130,2025-02-14,1
1130,2026-08-15,1
1130,2026-02-04,1
1131,2023-07-17,1
1131,2024-07-04,1
1131,2025-07-12,1
1131,2026-07-23,1
1132,2024-11-23,1
1132,2025-11-19,1
1132,2026-11-27,1
1134,2023-07-14,1
1134,2023-11-05,1
1134,2023-03-28,1
1134,2024-07-24,1
1134,2024-11-22,1
1134,2024-03-11,1
1134,2025-07-07,1
1134,2025-11-27,1
1134,2025-03-07,1
1134,2026-07-13,1
1134,2026-11-15,1
1134,2026-03-16,1
1135,2023-01-07,1
1135,2023-07-28,1
1135,2024-01-24,1
1135,2024-07-17,1
1135,2025-01-14,1
1135,2025-07-11,1
1135,2026-01-27,1
1135,2026-07-03,1
1137,2023-04-21,1
1137,2024-04-15,1
1137,2025-04-05,1
1137,2026-04-10,1
1138,2026-05-06,1
1139,2023-05-11,1
1139,2024-05-21,1
1139,2025-05-24,1
1139,2026-05-09,1
1140,2023-05-08,1
1140,2023-11-24,1
1140,2024-05-14,1
1140,2024-11-11,1
1140,2025-05-17,1
1140,2025-11-21,1
1140,2026-05-16,1
1140,2026-11-18,1
1142,2025-04-19,1
1142,2025-10-27,1
1142,2026-04-16,1
1142,2026-10-26,1
1143,2024-07-12,1
1143,2025-07-08,1
1143,2026-07-05,1
1144,2023-08-12,1
1144,2023-02-28,1
1144,2024-08-24,1
1144,2024-02-14,1
1144,2025-08-17,1
1144,2025-02-11,1
1144,2026-08-16,1
1144,2026-02-18,1
1145,2023-07-17,1
1145,2023-01-26,1
1145,2024-07-07,1
1145,2024-01-18,1
1145,2025-07-09,1
1145,2025-01-23,1
1145,2026-07-09,1
1145,2026-01-14,1
1147,2026-03-15,1
1148,2023-04-23,1
1148,2024-04-02,1
1148,2025-04-04,1
1148,2026-04-09,1
1149,2023-12-20,1
1149,2023-06-13,1
1149,2024-12-13,1
1149,2024-06-15,1
1149,2025-12-03,1
1149,2025-06-09,1
1149,2026-12-17,1
1149,2026-06-25,1
1150,2023-12-16,1
1150,2023-06-24,1
1150,2024-12-11,1
1150,2024-06-11,1
1150,2025-12-14,1
1150,2025-06-12,1
1150,2026-12-01,1
1150,2026-06-06,1
1151,2023-07-08,1
1151,2023-01-05,1
1151,2024-07-13,1
1151,2024-01-13,1
1151,2025-07-12,1
1151,2025-01-17,1
1151,2026-07-26,1
1151,2026-01-25,1
1152,2023-08-15,1
1152,2024-08-01,1
1152,2025-08-13,1
1152,2026-08-08,1
1154,2023-01-03,1
1154,2024-01-20,1
1154,2025-01-24,1
1154,2026-01-12,1
1155,2023-01-15,1
1155,2023-07-28,1
1155,2024-01-27,1
1155,2024-07-08,1
1155,2025-01-19,1
1155,2025-07-22,1
1155,2026-01-26,1
1155,2026-07-10,1
1159,2023-08-24,1
1159,2023-02-15,1
1159,2024-08-06,1
1159,2024-02-08,1
1159,2025-08-26,1
1159,2025-02-04,1
1159,2026-08-08,1
1159,2026-02-19,1
1162,2023-10-09,1
1162,2023-04-25,1
1162,2024-10-19,1
1162,2024-04-05,1
1162,2025-10-18,1
1162,2025-04-04,1
1162,2026-10-07,1
1162,2026-04-08,1
1163,2024-10-11,1
1163,2025-10-06,1
1163,2025-04-19,1
1163,2026-10-10,1
1163,2026-04-10,1
1164,2023-03-03,1
1164,2024-03-06,1
1164,2025-03-06,1
1164,2026-03-10,1
1165,2024-12-16,1
1165,2024-06-24,1
1165,2025-12-25,1
1165,2025-06-07,1
1165,2026-12-23,1
1165,2026-06-01,1
1167,2023-08-22,1
1167,2024-08-05,1
1167,2025-08-23,1
1167,2026-08-13,1
1168,2023-03-07,1
1168,2024-03-14,1
1168,2025-03-16,1
1168,2026-03-26,1
1169,2023-11-26,1
1169,2023-05-26,1
1169,2024-11-20,1
1169,2024-05-06,1
1169,2025-11-04,1
1169,2025-05-17,1
1169,2026-11-28,1
1169,2026-05-20,1
1170,2023-08-14,1
1170,2023-12-10,1
1170,2023-04-28,1
1170,2024-08-14,1
1170,2024-12-04,1
1170,2024-04-13,1
1170,2025-08-02,1
1170,2025-12-18,1
1170,2025-04-11,1
1170,2026-08-17,1
1170,2026-12-02,1
1170,2026-04-03,1
1171,2023-04-19,1
1171,2024-04-05,1
1171,2025-04-24,1
1171,2026-04-20,1
1172,2023-03-09,1
1172,2024-03-03,1
1172,2025-03-24,1
1172,2026-03-07,1
1173,2025-10-23,1
1173,2025-06-20,1
1173,2026-10-18,1
1173,2026-02-14,1
1173,2026-06-02,1
1174,2023-01-17,1
1174,2024-01-28,1
1174,2025-01-21,1
1174,2026-01-27,1
1175,2023-02-05,1
1175,2024-02-10,1
1175,2025-02-15,1
1175,2026-02-07,1
1176,2023-08-15,1
1176,2024-08-09,1
1176,2025-08-25,1
1176,2026-08-13,1
1177,2023-01-28,1
1177,2023-07-02,1
1177,2024-01-26,1
1177,2024-07-21,1
1177,2025-01-05,1
1177,2025-07-15,1
1177,2026-01-11,1
1177,2026-07-21,1
1179,2023-03-05,1
1179,2024-03-13,1
1179,2025-03-05,1
1179,2026-03-06,1
1180,2023-02-17,1
1180,2023-08-28,1
1180,2024-02-27,1
1180,2024-08-12,1
1180,2025-02-02,1
1180,2025-08-03,1
1180,2026-02-07,1
1180,2026-08-03,1
1181,2023-06-21,1
1181,2023-10-16,1
1181,2023-02-16,1
1181,2024-06-25,1
1181,2024-10-19,1
1181,2024-02-15,1
1181,2025-06-09,1
1181,2025-10-21,1
1181,2025-02-09,1
1181,2026-06-18,1
1181,2026-10-26,1
1181,2026-02-22,1
1182,2023-04-26,1
1182,2024-04-07,1
1182,2025-04-13,1
1182,2026-04-09,1
1184,2023-12-28,1
1184,2024-12-20,1
1184,2025-12-04,1
1184,2026-12-07,1
1186,2023-06-28,1
1186,2024-06-03,1
1186,2025-06-04,1
1186,2026-06-25,1
1188,2023-08-16,1
1188,2024-08-04,1
1188,2025-08-01,1
1188,2026-08-16,1
1189,2023-06-18,1
1189,2023-12-16,1
1189,2024-06-06,1
1189,2024-12-10,1
1189,2025-06-01,1
1189,2025-12-19,1
1189,2026-06-04,1
1189,2026-12-06,1
1191,2026-05-07,1
1191,2026-09-19,1
1193,2023-07-05,1
1193,2023-01-10,1
1193,2024-07-25,1
1193,2024-01-18,1
1193,2025-07-04,1
1193,2025-01-16,1
1193,2026-07-08,1
1193,2026-01-25,1
1194,2023-06-22,1
1194,2024-06-16,1
1194,2025-06-04,1
1194,2026-06-20,1
1195,2023-08-25,1
1195,2023-02-04,1
1195,2024-08-13,1
1195,2024-02-22,1
1195,2025-08-13,1
1195,2025-02-07,1
1195,2026-08-23,1
1195,2026-02-20,1
1197,2023-08-26,1
1197,2024-08-14,1
1197,2025-08-13,1
1197,2026-08-04,1
1198,2023-05-19,1
1198,2024-05-27,1
1198,2025-05-06,1
1198,2026-05-21,1
1200,2023-07-04,1
1200,2024-07-21,1
1200,2025-07-23,1
1200,2026-07-20,1
1202,2026-07-09,1
1205,2023-02-07,1
1205,2023-06-09,1
1205,2023-10-18,1
1205,2024-02-03,1
1205,2024-06-25,1
1205,2024-10-16,1
1205,2025-02-07,1
1205,2025-06-25,1
1205,2025-10-14,1
1205,2026-02-20,1
1205,2026-06-05,1
1205,2026-10-20,1
1206,2023-09-21,1
1206,2024-09-14,1
1206,2025-09-18,1
1206,2026-09-01,1
1207,2023-07-14,1
1207,2024-07-12,1
1207,2025-07-11,1
1207,2026-07-23,1
1208,2024-08-06,1
1208,2024-02-14,1
1208,2025-08-17,1
1208,2025-02-27,1
1208,2026-08-28,1
1208,2026-02-02,1
1209,2023-10-25,1
1209,2024-10-08,1
1209,2025-10-22,1
1209,2026-10-28,1
1212,2023-01-26,1
1212,2024-01-22,1
1212,2025-01-27,1
1212,2026-01-17,1
1213,2023-02-25,1
1213,2024-02-20,1
1213,2025-02-05,1
1213,2026-02-17,1
1214,2023-10-26,1
1214,2024-10-25,1
1214,2025-10-28,1
1214,2026-10-12,1
1215,2023-08-05,1
1215,2023-02-06,1
1215,2024-08-17,1
1215,2024-02-02,1
1215,2025-08-05,1
1215,2025-02-03,1
1215,2026-08-05,1
1215,2026-02-22,1
1217,2023-10-06,1
1217,2024-10-28,1
1217,2025-10-02,1
1217,2026-10-15,1
1218,2023-11-21,1
1218,2024-11-01,1
1218,2025-11-20,1
1218,2026-11-06,1
1219,2023-10-13,1
1219,2024-10-02,1
1219,2025-10-09,1
1219,2026-10-05,1
1220,2023-04-04,1
1220,2023-10-20,1
1220,2024-04-06,1
1220,2024-10-12,1
1220,2025-04-27,1
1220,2025-10-02,1
1220,2026-04-07,1
1220,2026-10-05,1
1221,2023-03-11,1
1221,2024-03-19,1
1221,2025-03-01,1
1221,2026-03-18,1
1224,2023-05-07,1
1224,2024-05-16,1
1224,2025-05-01,1
1224,2026-05-13,1
1226,2023-05-27,1
1226,2023-11-10,1
1226,2024-05-18,1
1226,2024-11-04,1
1226,2025-05-13,1
1226,2025-11-14,1
1226,2026-05-03,1
1226,2026-11-09,1
1227,2023-01-01,1
1227,2024-01-04,1
1227,2025-01-04,1
1227,2026-01-23,1
1228,2023-12-24,1
1228,2024-12-01,1
1228,2025-12-23,1
1228,2026-12-26,1
1230,2023-02-22,1
1230,2023-06-20,1
1230,2023-10-13,1
1230,2024-02-04,1
1230,2024-06-06,1
1230,2024-10-07,1
1230,2025-02-19,1
1230,2025-06-28,1
1230,2025-10-19,1
1230,2026-02-04,1
1230,2026-06-02,1
1230,2026-10-01,1
1232,2023-02-16,1
1232,2024-02-13,1
1232,2025-02-12,1
1232,2026-02-05,1
1233,2023-04-27,1
1233,2024-04-03,1
1233,2025-04-02,1
1233,2026-04-11,1
1234,2024-05-06,1
1234,2025-05-20,1
1234,2026-05-22,1
1235,2023-09-03,1
1235,2024-09-02,1
1235,2025-09-18,1
1235,2026-09-24,1
1236,2023-07-04,1
1236,2023-01-11,1
1236,2024-07-18,1
1236,2024-01-26,1
1236,2025-07-23,1
1236,2025-01-24,1
1236,2026-07-17,1
1236,2026-01-17,1
1238,2024-10-09,1
1238,2025-10-16,1
1238,2025-04-16,1
1238,2026-10-21,1
1238,2026-04-10,1
1239,2023-07-03,1
1239,2023-01-20,1
1239,2024-07-17,1
1239,2024-01-26,1
1239,2025-07-15,1
1239,2025-01-14,1
1239,2026-07-26,1
1239,2026-01-14,1
1240,2023-05-01,1
1240,2024-05-02,1
1240,2025-05-23,1
1240,2026-05-19,1
1241,2023-02-08,1
1241,2024-02-18,1
1241,2025-02-25,1
1241,2026-02-09,1
1242,2023-12-04,1
1242,2024-08-05,1
1242,2024-12-23,1
1242,2024-04-28,1
1242,2025-08-09,1
1242,2025-12-04,1
1242,2025-04-24,1
1242,2026-08-24,1
1242,2026-12-06,1
1242,2026-04-21,1
1243,2023-03-15,1
1243,2024-03-17,1
1243,2025-03-06,1
1243,2026-03-17,1
1244,2023-06-24,1
1244,2024-06-27,1
1244,2025-06-18,1
1244,2026-06-20,1
1246,2023-03-04,1
1246,2023-09-26,1
1246,2024-03-01,1
1246,2024-09-07,1
1246,2025-03-14,1
1246,2025-09-07,1
1246,2026-03-07,1
1246,2026-09-03,1
1247,2023-09-11,1
1247,2023-03-02,1
1247,2024-09-10,1
1247,2024-03-06,1
1247,2025-09-06,1
1247,2025-03-05,1
1247,2026-09-09,1
1247,2026-03-14,1
1249,2023-06-23,1
1249,2023-12-08,1
1249,2024-06-12,1
1249,2024-12-26,1
1249,2025-06-16,1
1249,2025-12-08,1
1249,2026-06-16,1
1249,2026-12-23,1
1250,2023-06-28,1
1250,2023-12-20,1
1250,2024-06-01,1
1250,2024-12-25,1
1250,2025-06-11,1
1250,2025-12-12,1
1250,2026-06-01,1
1250,2026-12-17,1
1251,2023-10-11,1
1251,2024-10-06,1
1251,2025-10-27,1
1251,2026-10-17,1
1252,2023-04-19,1
1252,2024-04-27,1
1252,2025-04-10,1
1252,2026-04-09,1
1253,2023-01-05,1
1253,2024-01-16,1
1253,2025-01-02,1
1253,2026-01-11,1
1254,2023-05-15,1
1254,2023-09-12,1
1254,2023-01-06,1
1254,2024-05-23,1
1254,2024-09-22,1
1254,2024-01-14,1
1254,2025-05-07,1
1254,2025-09-14,1
1254,2025-01-05,1
1254,2026-05-06,1
1254,2026-09-16,1
1254,2026-01-23,1
1256,2023-03-18,1
1256,2023-09-11,1
1256,2024-03-27,1
1256,2024-09-18,1
1256,2025-03-05,1
1256,2025-09-17,1
1256,2026-03-09,1
1256,2026-09-17,1
1257,2023-01-01,1
1257,2023-05-02,1
1257,2023-09-16,1
1257,2024-01-11,1
1257,2024-05-21,1
1257,2024-09-08,1
1257,2025-01-27,1
1257,2025-05-22,1
1257,2025-09-24,1
1257,2026-01-06,1
1257,2026-05-25,1
1257,2026-09-21,1
1258,2023-03-24,1
1258,2024-03-16,1
1258,2025-03-28,1
1258,2026-03-20,1
1262,2023-02-28,1
1262,2023-08-25,1
1262,2024-02-01,1
1262,2024-08-21,1
1262,2025-02-13,1
1262,2025-08-21,1
1262,2026-02-15,1
1262,2026-08-24,1
1264,2023-06-22,1
1264,2024-06-19,1
1264,2025-06-11,1
1264,2026-06-20,1
1265,2023-12-02,1
1265,2023-06-05,1
1265,2024-12-20,1
1265,2024-06-06,1
1265,2025-12-08,1
1265,2025-06-24,1
1265,2026-12-28,1
1265,2026-06-12,1
1266,2025-10-15,1
1266,2025-02-13,1
1266,2025-06-28,1
1266,2026-10-24,1
1266,2026-02-19,1
1266,2026-06-13,1
1269,2023-06-19,1
1269,2023-12-21,1
1269,2024-06-27,1
1269,2024-12-10,1
1269,2025-06-27,1
1269,2025-12-27,1
1269,2026-06-25,1
1269,2026-12-20,1
1270,2023-02-08,1
1270,2023-08-21,1
1270,2024-02-17,1
1270,2024-08-28,1
1270,2025-02-05,1
1270,2025-08-13,1
1270,2026-02-14,1
1270,2026-08-27,1
1276,2023-06-22,1
1276,2024-06-11,1
1276,2025-06-04,1
1276,2026-06-05,1
1278,2023-01-01,1
1278,2023-07-12,1
1278,2024-01-06,1
1278,2024-07-18,1
1278,2025-01-28,1
1278,2025-07-26,1
1278,2026-01-26,1
1278,2026-07-15,1
1279,2023-05-19,1
1279,2023-09-03,1
1279,2023-01-01,1
1279,2024-05-14,1
1279,2024-09-02,1
1279,2024-01-02,1
1279,2025-05-08,1
1279,2025-09-26,1
1279,2025-01-20,1
1279,2026-05-23,1
1279,2026-09-10,1
1279,2026-01-07,1
1280,2024-07-09,1
1280,2024-01-08,1
1280,2025-07-09,1
1280,2025-01-11,1
1280,2026-07-09,1
1280,2026-01-16,1
1282,2023-02-16,1
1282,2024-02-25,1
1282,2025-02-28,1
1282,2026-02-15,1
1283,2023-08-14,1
1283,2023-02-09,1
1283,2024-08-17,1
1283,2024-02-15,1
1283,2025-08-12,1
1283,2025-02-19,1
1283,2026-08-19,1
1283,2026-02-27,1
1284,2023-02-04,1
1284,2024-02-22,1
1284,2025-02-01,1
1284,2026-02-07,1
1285,2023-11-08,1
1285,2023-03-16,1
1285,2023-07-10,1
1285,2024-11-01,1
1285,2024-03-25,1
1285,2024-07-27,1
1285,2025-11-27,1
1285,2025-03-08,1
1285,2025-07-18,1
1285,2026-11-01,1
1285,2026-03-18,1
1285,2026-07-18,1
1287,2023-08-11,1
1287,2023-02-06,1
1287,2024-08-17,1
1287,2024-02-06,1
1287,2025-08-25,1
1287,2025-02-24,1
1287,2026-08-07,1
1287,2026-02-17,1
1288,2023-01-22,1
1288,2024-01-06,1
1288,2025-01-25,1
1288,2026-01-13,1
1289,2023-11-21,1
1289,2023-05-09,1
1289,2024-11-20,1
1289,2024-05-08,1
1289,2025-11-07,1
1289,2025-05-14,1
1289,2026-11-16,1
1289,2026-05-25,1
1290,2023-07-04,1
1290,2024-07-01,1
1290,2025-07-04,1
1290,2026-07-14,1
1291,2023-08-21,1
1291,2023-02-04,1
1291,2024-08-16,1
1291,2024-02-01,1
1291,2025-08-04,1
1291,2025-02-01,1
1291,2026-08-15,1
1291,2026-02-08,1
1292,2023-01-09,1
1292,2024-01-17,1
1292,2025-01-14,1
1292,2026-01-14,1
1293,2023-12-19,1
1293,2024-12-18,1
1293,2025-12-01,1
1293,2026-12-17,1
1295,2023-03-09,1
1295,2024-03-26,1
1295,2025-03-23,1
1295,2026-03-02,1
1296,2023-12-03,1
1296,2024-12-15,1
1296,2025-12-17,1
1296,2026-12-24,1
1299,2023-06-18,1
1299,2024-06-20,1
1299,2025-06-13,1
1299,2026-06-07,1
1300,2023-03-06,1
1300,2024-03-03,1
1300,2025-03-26,1
1300,2026-03-05,1
1301,2023-06-25,1
1301,2024-06-24,1
1301,2025-06-28,1
1301,2026-06-11,1
1302,2023-08-16,1
1302,2024-08-17,1
1302,2025-08-02,1
1302,2026-08-17,1
1304,2023-07-24,1
1304,2023-01-14,1
1304,2024-07-10,1
1304,2024-01-05,1
1304,2025-07-25,1
1304,2025-01-08,1
1304,2026-07-22,1
1304,2026-01-25,1
1305,2023-03-18,1
1305,2024-03-06,1
1305,2025-03-16,1
1305,2026-03-25,1
1306,2023-03-05,1
1306,2023-09-12,1
1306,2024-03-16,1
1306,2024-09-09,1
1306,2025-03-19,1
1306,2025-09-05,1
1306,2026-03-17,1
1306,2026-09-28,1
1308,2024-11-14,1
1308,2025-11-02,1
1308,2026-11-24,1
1309,2023-01-07,1
1309,2024-01-08,1
1309,2025-01-23,1
1309,2026-01-02,1
1310,2023-03-14,1
1310,2023-09-17,1
1310,2024-03-04,1
1310,2024-09-02,1
1310,2025-03-10,1
1310,2025-09-05,1
1310,2026-03-11,1
1310,2026-09-20,1
1311,2024-04-17,1
1311,2025-04-10,1
1311,2026-04-24,1
1312,2023-09-11,1
1312,2023-03-16,1
1312,2024-09-10,1
1312,2024-03-25,1
1312,2025-09-11,1
1312,2025-03-21,1
1312,2026-09-06,1
1312,2026-03-03,1
1313,2023-12-15,1
1313,2024-12-06,1
1313,2025-12-23,1
1313,2026-12-13,1
1315,2023-06-18,1
1315,2023-10-22,1
1315,2023-02-07,1
1315,2024-06-06,1
1315,2024-10-09,1
1315,2024-02-07,1
1315,2025-06-13,1
1315,2025-10-28,1
1315,2025-02-14,1
1315,2026-06-20,1
1315,2026-10-27,1
1315,2026-02-27,1
1318,2023-04-24,1
1318,2023-10-20,1
1318,2024-04-22,1
1318,2024-10-04,1
1318,2025-04-17,1
1318,2025-10-15,1
1318,2026-04-15,1
1318,2026-10-12,1
1319,2023-10-20,1
1319,2024-10-01,1
1319,2025-10-01,1
1319,2026-10-03,1
1320,2023-08-26,1
1320,2023-12-21,1
1320,2023-04-26,1
1320,2024-08-02,1
1320,2024-12-08,1
1320,2024-04-09,1
1320,2025-08-08,1
1320,2025-12-09,1
1320,2025-04-15,1
1320,2026-08-06,1
1320,2026-12-11,1
1320,2026-04-10,1
1322,2023-11-26,1
1322,2024-11-17,1
1322,2025-11-07,1
1322,2026-11-01,1
1324,2023-11-04,1
1324,2023-05-21,1
1324,2024-11-07,1
1324,2024-05-26,1
1324,2025-11-06,1
1324,2025-05-13,1
1324,2026-11-17,1
1324,2026-05-25,1
1325,2024-11-14,1
1325,2025-03-13,1
1325,2025-07-06,1
1325,2025-11-25,1
1325,2026-03-22,1
1325,2026-07-28,1
1325,2026-11-21,1
1327,2023-11-15,1
1327,2023-05-18,1
1327,2024-11-19,1
1327,2024-05-22,1
1327,2025-11-15,1
1327,2025-05-17,1
1327,2026-11-04,1
1327,2026-05-11,1
1329,2023-03-27,1
1329,2024-03-16,1
1329,2025-03-05,1
1329,2026-03-14,1
1330,2023-11-13,1
1330,2024-11-19,1
1330,2025-11-01,1
1330,2026-11-18,1
1332,2023-10-03,1
1332,2023-04-03,1
1332,2024-10-20,1
1332,2024-04-20,1
1332,2025-10-02,1
1332,2025-04-23,1
1332,2026-10-25,1
1332,2026-04-21,1
1333,2023-05-09,1
1333,2024-05-06,1
1333,2025-05-03,1
1333,2026-05-24,1
1334,2023-04-05,1
1334,2023-10-03,1
1334,2024-04-16,1
1334,2024-10-03,1
1334,2025-04-11,1
1334,2025-10-12,1
1334,2026-04-03,1
1334,2026-10-03,1
1336,2025-11-06,1
1336,2026-05-17,1
1336,2026-11-26,1
1338,2024-06-10,1
1338,2025-06-19,1
1338,2026-06-26,1
1341,2023-08-11,1
1341,2024-08-17,1
1341,2025-08-04,1
1341,2026-08-23,1
1342,2023-01-15,1
1342,2023-07-01,1
1342,2024-01-22,1
1342,2024-07-27,1
1342,2025-01-12,1
1342,2025-07-13,1
1342,2026-01-02,1
1342,2026-07-22,1
1344,2023-07-26,1
1344,2024-07-06,1
1344,2025-07-11,1
1344,2026-07-27,1
1345,2023-09-22,1
1345,2024-09-16,1
1345,2025-09-16,1
1345,2026-09-18,1
1346,2023-11-03,1
1346,2023-05-23,1
1346,2024-11-13,1
1346,2024-05-12,1
1346,2025-11-18,1
1346,2025-05-16,1
1346,2026-11-10,1
1346,2026-05-18,1
1347,2023-01-06,1
1347,2024-01-24,1
1347,2025-01-11,1
1347,2026-01-14,1
1348,2023-03-24,1
1348,2024-03-14,1
1348,2025-03-18,1
1348,2026-03-27,1
1349,2023-09-15,1
1349,2023-01-23,1
1349,2023-05-19,1
1349,2024-09-25,1
1349,2024-01-13,1
1349,2024-05-18,1
1349,2025-09-19,1
1349,2025-01-09,1
1349,2025-05-07,1
1349,2026-09-05,1
1349,2026-01-03,1
1349,2026-05-04,1
1351,2023-11-15,1
1351,2023-05-14,1
1351,2024-11-08,1
1351,2024-05-10,1
1351,2025-11-04,1
1351,2025-05-13,1
1351,2026-11-01,1
1351,2026-05-15,1
1352,2026-05-08,1
1352,2026-09-27,1
1353,2023-01-04,1
1353,2024-01-18,1
1353,2025-01-11,1
1353,2026-01-12,1
1354,2023-01-19,1
1354,2024-01-13,1
1354,2025-01-23,1
1354,2026-01-07,1
1355,2023-03-15,1
1355,2024-03-18,1
1355,2025-03-03,1
1355,2026-03-18,1
1356,2026-08-12,1
1356,2026-12-18,1
1356,2026-04-17,1
1358,2023-10-28,1
1358,2023-02-27,1
1358,2023-06-22,1
1358,2024-10-11,1
1358,2024-02-02,1
1358,2024-06-08,1
1358,2025-10-18,1
1358,2025-02-03,1
1358,2025-06-02,1
1358,2026-10-23,1
1358,2026-02-22,1
1358,2026-06-15,1
1359,2023-08-17,1
1359,2024-08-15,1
1359,2025-08-07,1
1359,2026-08-11,1
1360,2023-10-06,1
1360,2024-10-25,1
1360,2025-10-05,1
1360,2026-10-13,1
1361,2023-12-03,1
1361,2023-06-21,1
1361,2024-12-03,1
1361,2024-06-18,1
1361,2025-12-26,1
1361,2025-06-19,1
1361,2026-12-13,1
1361,2026-06-04,1
1362,2023-10-17,1
1362,2023-04-14,1
1362,2024-10-10,1
1362,2024-04-28,1
1362,2025-10-28,1
1362,2025-04-19,1
1362,2026-10-21,1
1362,2026-04-07,1
1364,2023-11-09,1
1364,2023-03-06,1
1364,2023-07-25,1
1364,2024-11-06,1
1364,2024-03-12,1
1364,2024-07-13,1
1364,2025-11-08,1
1364,2025-03-04,1
1364,2025-07-02,1
1364,2026-11-03,1
1364,2026-03-16,1
1364,2026-07-21,1
1366,2023-09-13,1
1366,2023-03-13,1
1366,2024-09-10,1
1366,2024-03-10,1
1366,2025-09-19,1
1366,2025-03-15,1
1366,2026-09-12,1
1366,2026-03-07,1
1367,2023-10-11,1
1367,2023-02-22,1
1367,2023-06-09,1
1367,2024-10-23,1
1367,2024-02-13,1
1367,2024-06-24,1
1367,2025-10-23,1
1367,2025-02-04,1
1367,2025-06-07,1
1367,2026-10-08,1
1367,2026-02-21,1
1367,2026-06-09,1
1368,2025-03-11,1
1368,2026-03-02,1
1370,2025-05-24,1
1370,2026-05-27,1
1371,2023-08-15,1
1371,2024-02-01,1
1371,2024-08-11,1
1371,2025-02-05,1
1371,2025-08-10,1
1371,2026-02-22,1
1371,2026-08-11,1
1372,2023-01-21,1
1372,2023-05-08,1
1372,2023-09-14,1
1372,2024-01-12,1
1372,2024-05-22,1
1372,2024-09-15,1
1372,2025-01-16,1
1372,2025-05-12,1
1372,2025-09-27,1
1372,2026-01-22,1
1372,2026-05-16,1
1372,2026-09-04,1
1373,2024-08-12,1
1373,2025-08-25,1
1373,2026-08-02,1
1374,2024-07-13,1
1374,2025-01-19,1
1374,2025-07-05,1
1374,2026-01-22,1
1374,2026-07-28,1
1375,2023-02-27,1
1375,2024-02-07,1
1375,2025-02-23,1
1375,2026-02-20,1
1376,2023-06-19,1
1376,2024-06-05,1
1376,2025-06-08,1
1376,2026-06-13,1
1377,2026-10-17,1
1380,2023-02-15,1
1380,2024-02-08,1
1380,2025-02-22,1
1380,2026-02-23,1
1381,2025-11-02,1
1381,2026-11-22,1
1382,2023-04-17,1
1382,2023-10-14,1
1382,2024-04-23,1
1382,2024-10-01,1
1382,2025-04-20,1
1382,2025-10-22,1
1382,2026-04-22,1
1382,2026-10-12,1
1384,2023-03-04,1
1384,2024-03-11,1
1384,2025-03-28,1
1384,2026-03-25,1
1386,2023-06-01,1
1386,2024-06-02,1
1386,2025-06-13,1
1386,2026-06-28,1
1388,2023-07-21,1
1388,2024-07-07,1
1388,2025-07-18,1
1388,2026-07-06,1
1389,2023-01-15,1
1389,2024-01-08,1
1389,2025-01-14,1
1389,2026-01-17,1
1390,2023-07-19,1
1390,2023-01-27,1
1390,2024-07-28,1
1390,2024-01-05,1
1390,2025-07-25,1
1390,2025-01-01,1
1390,2026-07-11,1
1390,2026-01-25,1
1391,2023-09-20,1
1391,2023-03-03,1
1391,2024-09-15,1
1391,2024-03-11,1
1391,2025-09-10,1
1391,2025-03-25,1
1391,2026-09-11,1
1391,2026-03-28,1
1393,2023-12-09,1
1393,2023-04-01,1
1393,2023-08-15,1
1393,2024-12-19,1
1393,2024-04-01,1
1393,2024-08-21,1
1393,2025-12-18,1
1393,2025-04-01,1
1393,2025-08-24,1
1393,2026-12-23,1
1393,2026-04-09,1
1393,2026-08-26,1
1395,2023-09-23,1
1395,2024-09-27,1
1395,2025-09-18,1
1395,2026-09-16,1
1396,2023-09-07,1
1396,2024-09-01,1
1396,2025-09-03,1
1396,2026-09-07,1
1397,2023-09-03,1
1397,2024-09-12,1
1397,2025-09-26,1
1397,2026-09-04,1
1398,2025-07-21,1
1398,2026-07-14,1
1398,2026-01-28,1
1400,2023-07-25,1
1400,2024-07-20,1
1400,2025-07-23,1
1400,2026-07-16,1
1401,2023-04-05,1
1401,2023-10-02,1
1401,2024-04-21,1
1401,2024-10-20,1
1401,2025-04-28,1
1401,2025-10-03,1
1401,2026-04-22,1
1401,2026-10-22,1
1402,2023-12-21,1
1402,2024-12-10,1
1402,2025-12-07,1
1402,2026-12-16,1
1403,2023-11-22,1
1403,2024-11-02,1
1403,2025-11-09,1
1403,2026-11-19,1
1404,2023-09-09,1
1404,2023-03-06,1
1404,2024-09-08,1
1404,2024-03-16,1
1404,2025-09-03,1
1404,2025-03-04,1
1404,2026-09-13,1
1404,2026-03-17,1
1405,2023-06-01,1
1405,2023-12-10,1
1405,2024-06-15,1
1405,2024-12-17,1
1405,2025-06-10,1
1405,2025-12-04,1
1405,2026-06-20,1
1405,2026-12-10,1
1407,2023-07-12,1
1407,2023-11-22,1
1407,2023-03-09,1
1407,2024-07-28,1
1407,2024-11-25,1
1407,2024-03-18,1
1407,2025-07-28,1
1407,2025-11-04,1
1407,2025-03-18,1
1407,2026-07-25,1
1407,2026-11-25,1
1407,2026-03-10,1
1409,2023-03-26,1
1409,2023-09-20,1
1409,2024-03-09,1
1409,2024-09-25,1
1409,2025-03-02,1
1409,2025-09-03,1
1409,2026-03-28,1
1409,2026-09-07,1
1410,2025-10-09,1
1410,2026-10-15,1
1412,2023-09-02,1
1412,2024-09-14,1
1412,2025-09-25,1
1412,2026-09-14,1
1414,2023-08-28,1
1414,2024-08-13,1
1414,2025-08-22,1
1414,2026-08-25,1
1415,2023-03-26,1
1415,2023-09-09,1
1415,2024-03-27,1
1415,2024-09-01,1
1415,2025-03-15,1
1415,2025-09-02,1
1415,2026-03-14,1
1415,2026-09-18,1
1420,2023-04-25,1
1420,2023-10-17,1
1420,2024-04-23,1
1420,2024-10-26,1
1420,2025-04-21,1
1420,2025-10-15,1
1420,2026-04-06,1
1420,2026-10-14,1
1421,2023-09-20,1
1421,2024-09-15,1
1421,2025-09-05,1
1421,2026-09-10,1
1422,2023-04-04,1
1422,2023-08-13,1
1422,2023-12-11,1
1422,2024-04-21,1
1422,2024-08-21,1
1422,2024-12-16,1
1422,2025-04-06,1
1422,2025-08-10,1
1422,2025-12-22,1
1422,2026-04-18,1
1422,2026-08-07,1
1422,2026-12-25,1
1423,2023-12-04,1
1423,2023-06-06,1
1423,2024-12-08,1
1423,2024-06-16,1
1423,2025-12-11,1
1423,2025-06-02,1
1423,2026-12-22,1
1423,2026-06-24,1
1424,2023-11-18,1
1424,2023-05-28,1
1424,2024-11-05,1
1424,2024-05-25,1
1424,2025-11-24,1
1424,2025-05-14,1
1424,2026-11-05,1
1424,2026-05-17,1
1426,2023-11-28,1
1426,2024-11-07,1
1426,2025-11-10,1
1426,2026-11-24,1
1427,2026-11-24,1
1428,2023-07-27,1
1428,2023-11-13,1
1428,2023-03-19,1
1428,2024-07-28,1
1428,2024-11-03,1
1428,2024-03-06,1
1428,2025-07-11,1
1428,2025-11-14,1
1428,2025-03-18,1
1428,2026-07-26,1
1428,2026-11-24,1
1428,2026-03-05,1
1429,2023-09-25,1
1429,2024-09-14,1
1429,2025-09-25,1
1429,2026-09-26,1
1430,2023-08-16,1
1430,2023-02-06,1
1430,2024-08-10,1
1430,2024-02-26,1
1430,2025-08-09,1
1430,2025-02-10,1
1430,2026-08-27,1
1430,2026-02-15,1
1431,2023-10-17,1
1431,2023-04-09,1
1431,2024-10-09,1
1431,2024-04-20,1
1431,2025-10-09,1
1431,2025-04-14,1
1431,2026-10-01,1
1431,2026-04-21,1
1433,2023-06-04,1
1433,2024-06-15,1
1433,2025-06-28,1
1433,2026-06-02,1
1434,2023-10-15,1
1434,2024-02-22,1
1434,2024-06-16,1
1434,2024-10-23,1
1434,2025-02-09,1
1434,2025-06-25,1
1434,2025-10-02,1
1434,2026-02-11,1
1434,2026-06-17,1
1434,2026-10-15,1
1439,2023-01-21,1
1439,2023-07-05,1
1439,2024-01-23,1
1439,2024-07-14,1
1439,2025-01-26,1
1439,2025-07-01,1
1439,2026-01-24,1
1439,2026-07-13,1
1440,2024-10-04,1
1440,2024-04-06,1
1440,2025-10-15,1
1440,2025-04-05,1
1440,2026-10-26,1
1440,2026-04-04,1
1444,2026-06-13,1
1445,2023-12-17,1
1445,2024-12-11,1
1445,2025-12-02,1
1445,2026-12-26,1
1448,2023-11-23,1
1448,2023-05-07,1
1448,2024-11-20,1
1448,2024-05-22,1
1448,2025-11-07,1
1448,2025-05-26,1
1448,2026-11-06,1
1448,2026-05-10,1
1451,2026-07-01,1
1452,2023-11-21,1
1452,2023-03-24,1
1452,2023-07-05,1
1452,2024-11-09,1
1452,2024-03-26,1
1452,2024-07-18,1
1452,2025-11-11,1
1452,2025-03-03,1
1452,2025-07-10,1
1452,2026-11-02,1
1452,2026-03-28,1
1452,2026-07-05,1
1453,2024-10-12,1
1453,2025-10-28,1
1453,2026-10-21,1
1454,2024-10-11,1
1454,2025-10-16,1
1454,2025-04-10,1
1454,2026-10-13,1
1454,2026-04-20,1
1455,2023-12-10,1
1455,2023-04-25,1
1455,2023-08-14,1
1455,2024-12-24,1
1455,2024-04-20,1
1455,2024-08-08,1
1455,2025-12-04,1
1455,2025-04-11,1
1455,2025-08-15,1
1455,2026-12-02,1
1455,2026-04-10,1
1455,2026-08-21,1
1458,2023-04-08,1
1458,2023-08-27,1
1458,2023-12-14,1
1458,2024-04-28,1
1458,2024-08-12,1
1458,2024-12-09,1
1458,2025-04-10,1
1458,2025-08-06,1
1458,2025-12-07,1
1458,2026-04-24,1
1458,2026-08-16,1
1458,2026-12-01,1
1459,2023-10-12,1
1459,2023-02-10,1
1459,2023-06-01,1
1459,2024-10-13,1
1459,2024-02-14,1
1459,2024-06-25,1
1459,2025-10-21,1
1459,2025-02-11,1
1459,2025-06-28,1
1459,2026-10-13,1
1459,2026-02-02,1
1459,2026-06-13,1
1460,2023-08-28,1
1460,2024-08-18,1
1460,2025-08-04,1
1460,2026-08-11,1
1461,2023-08-16,1
1461,2023-02-24,1
1461,2024-08-26,1
1461,2024-02-10,1
1461,2025-08-03,1
1461,2025-02-23,1
1461,2026-08-11,1
1461,2026-02-10,1
1463,2023-11-24,1
1463,2023-05-24,1
1463,2024-11-14,1
1463,2024-05-28,1
1463,2025-11-23,1
1463,2025-05-16,1
1463,2026-11-12,1
1463,2026-05-28,1
1464,2023-02-21,1
1464,2024-02-18,1
1464,2025-02-13,1
1464,2026-02-13,1
1465,2026-05-13,1
1465,2026-09-22,1
1466,2023-04-12,1
1466,2024-04-14,1
1466,2025-04-26,1
1466,2026-04-10,1
1467,2023-01-17,1
1467,2024-01-28,1
1467,2025-01-21,1
1467,2026-01-15,1
1469,2023-10-12,1
1469,2023-02-28,1
1469,2023-06-27,1
1469,2024-10-08,1
1469,2024-02-27,1
1469,2024-06-27,1
1469,2025-10-13,1
1469,2025-02-07,1
1469,2025-06-08,1
1469,2026-10-28,1
1469,2026-02-09,1
1469,2026-06-08,1
1471,2023-03-07,1
1471,2024-03-05,1
1471,2025-03-16,1
1471,2026-03-05,1
1472,2023-01-09,1
1472,2024-01-20,1
1472,2025-01-07,1
1472,2026-01-25,1
1473,2023-08-16,1
1473,2023-02-17,1
1473,2024-08-10,1
1473,2024-02-12,1
1473,2025-08-28,1
1473,2025-02-10,1
1473,2026-08-25,1
1473,2026-02-18,1
1474,2023-01-28,1
1474,2023-05-11,1
1474,2023-09-06,1
1474,2024-01-20,1
1474,2024-05-13,1
1474,2024-09-04,1
1474,2025-01-19,1
1474,2025-05-08,1
1474,2025-09-09,1
1474,2026-01-18,1
1474,2026-05-19,1
1474,2026-09-11,1
1475,2023-11-23,1
1475,2024-11-19,1
1475,2025-11-11,1
1475,2026-11-06,1
1476,2023-11-19,1
1476,2024-11-19,1
1476,2025-11-25,1
1476,2026-11-28,1
1478,2023-02-20,1
1478,2024-02-12,1
1478,2025-02-24,1
1478,2026-02-09,1
1479,2025-12-21,1
1479,2026-06-10,1
1479,2026-12-07,1
1481,2023-11-21,1
1481,2024-11-18,1
1481,2025-11-04,1
1481,2026-11-26,1
1482,2023-08-09,1
1482,2024-08-13,1
1482,2025-08-22,1
1482,2026-08-19,1
1484,2023-07-19,1
1484,2023-01-11,1
1484,2024-07-15,1
1484,2024-01-17,1
1484,2025-07-02,1
1484,2025-01-11,1
1484,2026-07-06,1
1484,2026-01-09,1
1485,2024-11-28,1
1485,2025-11-04,1
1485,2026-11-12,1
1487,2023-03-04,1
1487,2024-03-12,1
1487,2025-03-22,1
1487,2026-03-14,1
1488,2023-06-19,1
1488,2023-12-05,1
1488,2024-06-06,1
1488,2024-12-28,1
1488,2025-06-05,1
1488,2025-12-28,1
1488,2026-06-09,1
1488,2026-12-02,1
1489,2025-10-16,1
1489,2026-10-16,1
1490,2023-07-23,1
1490,2023-01-22,1
1490,2024-07-23,1
1490,2024-01-02,1
1490,2025-07-05,1
1490,2025-01-09,1
1490,2026-07-15,1
1490,2026-01-25,1
1491,2023-11-18,1
1491,2024-11-02,1
1491,2025-11-06,1
1491,2026-11-01,1
1492,2023-01-14,1
1492,2023-05-17,1
1492,2023-09-19,1
1492,2024-01-26,1
1492,2024-05-16,1
1492,2024-09-23,1
1492,2025-01-20,1
1492,2025-05-20,1
1492,2025-09-07,1
1492,2026-01-23,1
1492,2026-05-26,1
1492,2026-09-01,1
1494,2024-11-26,1
1494,2025-11-23,1
1494,2026-11-21,1
1495,2025-05-23,1
1495,2025-11-20,1
1495,2026-05-21,1
1495,2026-11-09,1
1496,2025-12-24,1
1496,2026-12-08,1
1498,2023-12-14,1
1498,2024-12-02,1
1498,2025-12-20,1
1498,2026-12-14,1
1499,2023-06-25,1
1499,2023-12-14,1
1499,2024-06-24,1
1499,2024-12-27,1
1499,2025-06-28,1
1499,2025-12-06,1
1499,2026-06-26,1
1499,2026-12-23,1
1500,2023-04-24,1
1500,2023-10-13,1
1500,2024-04-14,1
1500,2024-10-23,1
1500,2025-04-08,1
1500,2025-10-07,1
1500,2026-04-05,1
1500,2026-10-03,1
1503,2023-08-10,1
1503,2024-08-28,1
1503,2025-08-18,1
1503,2026-08-12,1
1504,2023-11-06,1
1504,2024-11-10,1
1504,2025-11-26,1
1504,2026-11-28,1
1505,2023-06-27,1
1505,2023-10-24,1
1505,2023-02-08,1
1505,2024-06-19,1
1505,2024-10-24,1
1505,2024-02-27,1
1505,2025-06-17,1
1505,2025-10-14,1
1505,2025-02-05,1
1505,2026-06-27,1
1505,2026-10-22,1
1505,2026-02-28,1
1506,2023-03-17,1
1506,2023-07-14,1
1506,2023-11-07,1
1506,2024-03-17,1
1506,2024-07-12,1
1506,2024-11-05,1
1506,2025-03-04,1
1506,2025-07-10,1
1506,2025-11-15,1
1506,2026-03-16,1
1506,2026-07-26,1
1506,2026-11-27,1
1507,2023-06-11,1
1507,2023-10-08,1
1507,2023-02-20,1
1507,2024-06-04,1
1507,2024-10-13,1
1507,2024-02-25,1
1507,2025-06-08,1
1507,2025-10-17,1
1507,2025-02-19,1
1507,2026-06-02,1
1507,2026-10-13,1
1507,2026-02-12,1
1508,2023-02-09,1
1508,2024-02-07,1
1508,2025-02-09,1
1508,2026-02-17,1
1509,2023-02-18,1
1509,2023-08-10,1
1509,2024-02-20,1
1509,2024-08-24,1
1509,2025-02-08,1
1509,2025-08-21,1
1509,2026-02-16,1
1509,2026-08-06,1
1510,2023-03-01,1
1510,2023-09-18,1
1510,2024-03-25,1
1510,2024-09-13,1
1510,2025-03-01,1
1510,2025-09-26,1
1510,2026-03-24,1
1510,2026-09-25,1
1511,2023-01-06,1
1511,2024-01-07,1
1511,2025-01-27,1
1511,2026-01-17,1
1512,2023-11-16,1
1512,2024-11-25,1
1512,2025-11-07,1
1512,2026-11-14,1
1514,2023-07-26,1
1514,2024-07-03,1
1514,2025-07-23,1
1514,2026-07-19,1
1515,2025-04-26,1
1515,2026-04-15,1
1516,2023-04-18,1
1516,2024-04-14,1
1516,2025-04-09,1
1516,2026-04-05,1
1517,2023-01-08,1
1517,2023-07-11,1
1517,2024-01-01,1
1517,2024-07-16,1
1517,2025-01-17,1
1517,2025-07-22,1
1517,2026-01-06,1
1517,2026-07-14,1
1518,2023-02-11,1
1518,2023-08-14,1
1518,2024-02-18,1
1518,2024-08-08,1
1518,2025-02-05,1
1518,2025-08-03,1
1518,2026-02-10,1
1518,2026-08-14,1
1519,2023-12-23,1
1519,2023-04-14,1
1519,2023-08-20,1
1519,2024-12-04,1
1519,2024-04-09,1
1519,2024-08-01,1
1519,2025-12-02,1
1519,2025-04-04,1
1519,2025-08-04,1
1519,2026-12-14,1
1519,2026-04-08,1
1519,2026-08-14,1
1520,2025-09-26,1
1520,2026-09-04,1
1520,2026-03-20,1
1521,2023-09-17,1
1521,2023-03-22,1
1521,2024-09-12,1
1521,2024-03-08,1
1521,2025-09-28,1
1521,2025-03-18,1
1521,2026-09-15,1
1521,2026-03-25,1
1522,2023-11-08,1
1522,2023-05-09,1
1522,2024-11-10,1
1522,2024-05-03,1
1522,2025-11-08,1
1522,2025-05-08,1
1522,2026-11-09,1
1522,2026-05-19,1
1523,2023-06-03,1
1523,2023-10-16,1
1523,2023-02-08,1
1523,2024-06-08,1
1523,2024-10-15,1
1523,2024-02-01,1
1523,2025-06-16,1
1523,2025-10-16,1
1523,2025-02-09,1
1523,2026-06-10,1
1523,2026-10-26,1
1523,2026-02-09,1
1524,2025-11-06,1
1524,2026-11-06,1
1525,2023-01-26,1
1525,2024-01-08,1
1525,2025-01-09,1
1525,2026-01-17,1
1526,2023-02-09,1
1526,2023-08-18,1
1526,2024-02-09,1
1526,2024-08-05,1
1526,2025-02-05,1
1526,2025-08-12,1
1526,2026-02-17,1
1526,2026-08-13,1
1528,2025-10-18,1
1528,2026-04-20,1
1528,2026-10-02,1
1529,2023-06-19,1
1529,2023-10-16,1
1529,2023-02-03,1
1529,2024-06-08,1
1529,2024-10-17,1
1529,2024-02-06,1
1529,2025-06-11,1
1529,2025-10-21,1
1529,2025-02-02,1
1529,2026-06-27,1
1529,2026-10-19,1
1529,2026-02-21,1
1530,2023-07-07,1
1530,2023-01-26,1
1530,2024-07-05,1
1530,2024-01-04,1
1530,2025-07-14,1
1530,2025-01-18,1
1530,2026-07-27,1
1530,2026-01-08,1
1532,2025-10-07,1
1532,2026-10-25,1
1532,2026-04-05,1
1533,2023-07-22,1
1533,2024-07-01,1
1533,2025-07-15,1
1533,2026-07-25,1
1534,2023-07-08,1
1534,2024-07-16,1
1534,2025-07-11,1
1534,2026-07-11,1
1535,2023-08-20,1
1535,2024-08-07,1
1535,2025-08-17,1
1535,2026-08-18,1
1536,2026-09-02,1
1536,2026-05-22,1
1539,2025-07-05,1
1539,2026-01-02,1
1539,2026-07-10,1
1540,2023-04-07,1
1540,2023-10-28,1
1540,2024-04-10,1
1540,2024-10-20,1
1540,2025-04-01,1
1540,2025-10-24,1
1540,2026-04-19,1
1540,2026-10-16,1
1541,2023-10-25,1
1541,2024-10-11,1
1541,2025-10-14,1
1541,2026-10-14,1
1542,2023-10-07,1
1542,2023-04-02,1
1542,2024-10-27,1
1542,2024-04-14,1
1542,2025-10-05,1
1542,2025-04-24,1
1542,2026-10-01,1
1542,2026-04-19,1
1543,2024-11-17,1
1543,2024-05-26,1
1543,2025-11-18,1
1543,2025-05-18,1
1543,2026-11-23,1
1543,2026-05-02,1
1544,2023-12-26,1
1544,2023-06-10,1
1544,2024-12-15,1
1544,2024-06-13,1
1544,2025-12-11,1
1544,2025-06-11,1
1544,2026-12-19,1
1544,2026-06-18,1
1545,2023-07-18,1
1545,2024-07-07,1
1545,2025-07-17,1
1545,2026-07-17,1
1547,2023-03-04,1
1547,2024-03-04,1
1547,2025-03-18,1
1547,2026-03-15,1
1548,2023-06-20,1
1548,2023-10-20,1
1548,2023-02-14,1
1548,2024-06-09,1
1548,2024-10-27,1
1548,2024-02-24,1
1548,2025-06-06,1
1548,2025-10-04,1
1548,2025-02-07,1
1548,2026-06-22,1
1548,2026-10-18,1
1548,2026-02-26,1
1550,2023-07-02,1
1550,2024-07-28,1
1550,2025-07-06,1
1550,2026-07-12,1
1551,2023-06-09,1
1551,2023-12-16,1
1551,2024-06-26,1
1551,2024-12-28,1
1551,2025-06-26,1
1551,2025-12-20,1
1551,2026-06-08,1
1551,2026-12-14,1
1552,2023-01-22,1
1552,2023-05-08,1
1552,2023-09-10,1
1552,2024-01-20,1
1552,2024-05-08,1
1552,2024-09-12,1
1552,2025-01-12,1
1552,2025-05-19,1
1552,2025-09-20,1
1552,2026-01-08,1
1552,2026-05-07,1
1552,2026-09-11,1
1553,2023-09-07,1
1553,2024-09-03,1
1553,2025-09-15,1
1553,2026-09-25,1
1554,2026-07-27,1
1556,2023-03-14,1
1556,2023-07-12,1
1556,2023-11-13,1
1556,2024-03-01,1
1556,2024-07-24,1
1556,2024-11-21,1
1556,2025-03-18,1
1556,2025-07-02,1
1556,2025-11-11,1
1556,2026-03-22,1
1556,2026-07-13,1
1556,2026-11-05,1
1557,2023-08-16,1
1557,2023-12-19,1
1557,2023-04-14,1
1557,2024-08-02,1
1557,2024-12-11,1
1557,2024-04-03,1
1557,2025-08-26,1
1557,2025-12-04,1
1557,2025-04-22,1
1557,2026-08-24,1
1557,2026-12-20,1
1557,2026-04-01,1
1560,2023-10-21,1
1560,2024-10-22,1
1560,2025-10-28,1
1560,2026-10-18,1
1562,2023-02-23,1
1562,2024-02-23,1
1562,2025-02-21,1
1562,2026-02-14,1
1563,2023-07-18,1
1563,2024-01-04,1
1563,2024-07-21,1
1563,2025-01-23,1
1563,2025-07-12,1
1563,2026-01-15,1
1563,2026-07-04,1
1564,2025-01-23,1
1564,2026-01-27,1
1565,2023-08-23,1
1565,2023-02-24,1
1565,2024-08-25,1
1565,2024-02-27,1
1565,2025-08-02,1
1565,2025-02-17,1
1565,2026-08-01,1
1565,2026-02-26,1
1566,2023-10-16,1
1566,2024-10-11,1
1566,2025-10-18,1
1566,2026-10-21,1
1567,2023-02-07,1
1567,2024-02-23,1
1567,2025-02-05,1
1567,2026-02-18,1
1569,2023-04-14,1
1569,2023-08-05,1
1569,2023-12-08,1
1569,2024-04-08,1
1569,2024-08-16,1
1569,2024-12-28,1
1569,2025-04-10,1
1569,2025-08-08,1
1569,2025-12-03,1
1569,2026-04-25,1
1569,2026-08-20,1
1569,2026-12-09,1
1570,2024-10-22,1
1570,2025-10-12,1
1570,2025-04-02,1
1570,2026-10-23,1
1570,2026-04-18,1
1571,2023-09-16,1
1571,2023-01-01,1
1571,2023-05-13,1
1571,2024-09-28,1
1571,2024-01-27,1
1571,2024-05-04,1
1571,2025-09-06,1
1571,2025-01-08,1
1571,2025-05-09,1
1571,2026-09-24,1
1571,2026-01-23,1
1571,2026-05-24,1
1572,2024-01-09,1
1572,2025-01-24,1
1572,2026-01-02,1
1573,2023-09-09,1
1573,2023-03-25,1
1573,2024-09-21,1
1573,2024-03-24,1
1573,2025-09-17,1
1573,2025-03-14,1
1573,2026-09-21,1
1573,2026-03-20,1
1574,2023-06-21,1
1574,2023-10-11,1
1574,2023-02-11,1
1574,2024-06-23,1
1574,2024-10-16,1
1574,2024-02-14,1
1574,2025-06-15,1
1574,2025-10-28,1
1574,2025-02-06,1
1574,2026-06-03,1
1574,2026-10-06,1
1574,2026-02-16,1
1575,2023-09-25,1
1575,2024-09-09,1
1575,2025-09-09,1
1575,2026-09-25,1
1576,2023-05-20,1
1576,2023-11-10,1
1576,2024-05-05,1
1576,2024-11-19,1
1576,2025-05-22,1
1576,2025-11-22,1
1576,2026-05-24,1
1576,2026-11-10,1
1577,2024-11-02,1
1577,2025-11-01,1
1577,2026-11-24,1
1578,2023-01-13,1
1578,2023-07-02,1
1578,2024-01-12,1
1578,2024-07-12,1
1578,2025-01-14,1
1578,2025-07-28,1
1578,2026-01-06,1
1578,2026-07-10,1
1580,2025-07-20,1
1580,2026-01-15,1
1580,2026-07-12,1
1581,2023-06-06,1
1581,2024-06-18,1
1581,2025-06-15,1
1581,2026-06-16,1
1582,2023-06-24,1
1582,2024-06-11,1
1582,2025-06-01,1
1582,2026-06-02,1
1583,2023-06-06,1
1583,2023-12-03,1
1583,2024-06-24,1
1583,2024-12-22,1
1583,2025-06-18,1
1583,2025-12-05,1
1583,2026-06-05,1
1583,2026-12-01,1
1584,2023-07-04,1
1584,2023-01-21,1
1584,2024-07-28,1
1584,2024-01-04,1
1584,2025-07-25,1
1584,2025-01-03,1
1584,2026-07-14,1
1584,2026-01-08,1
1588,2023-10-01,1
1588,2024-10-19,1
1588,2025-10-28,1
1588,2026-10-06,1
1589,2023-12-06,1
1589,2023-06-11,1
1589,2024-12-19,1
1589,2024-06-24,1
1589,2025-12-16,1
1589,2025-06-04,1
1589,2026-12-22,1
1589,2026-06-22,1
1592,2023-09-02,1
1592,2024-09-28,1
1592,2025-09-02,1
1592,2026-09-27,1
1593,2024-08-13,1
1593,2025-08-03,1
1593,2025-02-05,1
1593,2026-08-21,1
1593,2026-02-11,1
1594,2023-01-22,1
1594,2023-05-19,1
1594,2023-09-06,1
1594,2024-01-03,1
1594,2024-05-26,1
1594,2024-09-14,1
1594,2025-01-01,1
1594,2025-05-09,1
1594,2025-09-03,1
1594,2026-01-26,1
1594,2026-05-11,1
1594,2026-09-09,1
1595,2023-01-25,1
1595,2023-05-11,1
1595,2023-09-27,1
1595,2024-01-09,1
1595,2024-05-07,1
1595,2024-09-17,1
1595,2025-01-23,1
1595,2025-05-23,1
1595,2025-09-02,1
1595,2026-01-01,1
1595,2026-05-15,1
1595,2026-09-21,1
1597,2023-08-28,1
1597,2024-08-09,1
1597,2025-08-24,1
1597,2026-08-01,1
1598,2024-10-23,1
1598,2025-10-22,1
1598,2025-04-09,1
1598,2026-10-24,1
1598,2026-04-12,1
1603,2023-01-06,1
1603,2024-01-16,1
1603,2025-01-21,1
1603,2026-01-15,1
1605,2025-01-17,1
1605,2026-01-10,1
1606,2023-03-12,1
1606,2023-09-14,1
1606,2024-03-08,1
1606,2024-09-07,1
1606,2025-03-23,1
1606,2025-09-03,1
1606,2026-03-22,1
1606,2026-09-15,1
1607,2023-08-19,1
1607,2023-12-02,1
1607,2023-04-28,1
1607,2024-08-02,1
1607,2024-12-07,1
1607,2024-04-03,1
1607,2025-08-02,1
1607,2025-12-27,1
1607,2025-04-10,1
1607,2026-08-26,1
1607,2026-12-01,1
1607,2026-04-07,1
1608,2023-02-08,1
1608,2024-02-21,1
1608,2025-02-13,1
1608,2026-02-10,1
1611,2023-10-10,1
1611,2024-10-19,1
1611,2025-10-25,1
1611,2026-10-19,1
1612,2023-05-21,1
1612,2024-05-14,1
1612,2025-05-28,1
1612,2026-05-07,1
1613,2023-09-21,1
1613,2023-01-23,1
1613,2023-05-16,1
1613,2024-09-19,1
1613,2024-01-20,1
1613,2024-05-05,1
1613,2025-09-24,1
1613,2025-01-07,1
1613,2025-05-09,1
1613,2026-09-10,1
1613,2026-01-25,1
1613,2026-05-06,1
1614,2023-09-16,1
1614,2024-09-11,1
1614,2025-09-08,1
1614,2026-09-12,1
1615,2025-07-03,1
1615,2026-07-19,1
1616,2024-10-21,1
1616,2025-04-14,1
1616,2025-10-18,1
1616,2026-04-28,1
1616,2026-10-24,1
1617,2023-02-06,1
1617,2023-06-10,1
1617,2023-10-20,1
1617,2024-02-18,1
1617,2024-06-07,1
1617,2024-10-20,1
1617,2025-02-22,1
1617,2025-06-08,1
1617,2025-10-13,1
1617,2026-02-27,1
1617,2026-06-12,1
1617,2026-10-22,1
1621,2023-02-07,1
1621,2023-08-20,1
1621,2024-02-07,1
1621,2024-08-26,1
1621,2025-02-25,1
1621,2025-08-21,1
1621,2026-02-20,1
1621,2026-08-08,1
1622,2023-09-06,1
1622,2024-09-22,1
1622,2025-09-24,1
1622,2026-09-16,1
1623,2023-12-24,1
1623,2024-12-08,1
1623,2025-12-02,1
1623,2026-12-14,1
1625,2025-01-04,1
1625,2026-01-01,1
1626,2023-03-06,1
1626,2023-07-21,1
1626,2023-11-14,1
1626,2024-03-14,1
1626,2024-07-15,1
1626,2024-11-12,1
1626,2025-03-22,1
1626,2025-07-23,1
1626,2025-11-27,1
1626,2026-03-01,1
1626,2026-07-04,1
1626,2026-11-10,1
1628,2023-02-01,1
1628,2023-08-02,1
1628,2024-02-06,1
1628,2024-08-04,1
1628,2025-02-17,1
1628,2025-08-10,1
1628,2026-02-27,1
1628,2026-08-22,1
1629,2023-04-10,1
1629,2024-04-21,1
1629,2025-04-02,1
1629,2026-04-27,1
1630,2023-02-06,1
1630,2023-06-03,1
1630,2023-10-02,1
1630,2024-02-06,1
1630,2024-06-13,1
1630,2024-10-15,1
1630,2025-02-17,1
1630,2025-06-05,1
1630,2025-10-15,1
1630,2026-02-23,1
1630,2026-06-21,1
1630,2026-10-03,1
1631,2023-04-01,1
1631,2023-10-22,1
1631,2024-04-05,1
1631,2024-10-09,1
1631,2025-04-02,1
1631,2025-10-25,1
1631,2026-04-09,1
1631,2026-10-21,1
1632,2023-05-26,1
1632,2023-11-16,1
1632,2024-05-12,1
1632,2024-11-24,1
1632,2025-05-24,1
1632,2025-11-25,1
1632,2026-05-03,1
1632,2026-11-16,1
1633,2025-09-08,1
1633,2026-09-07,1
1633,2026-03-22,1
1635,2023-04-05,1
1635,2024-04-25,1
1635,2025-04-10,1
1635,2026-04-07,1
1637,2023-06-21,1
1637,2023-12-20,1
1637,2024-06-23,1
1637,2024-12-18,1
1637,2025-06-14,1
1637,2025-12-14,1
1637,2026-06-26,1
1637,2026-12-07,1
1638,2023-11-01,1
1638,2024-11-09,1
1638,2025-11-12,1
1638,2026-11-12,1
1640,2023-11-07,1
1640,2024-11-07,1
1640,2025-11-09,1
1640,2026-11-14,1
1642,2026-12-18,1
1643,2025-07-20,1
1643,2025-01-13,1
1643,2026-07-28,1
1643,2026-01-05,1
1644,2023-05-13,1
1644,2024-05-05,1
1644,2025-05-15,1
1644,2026-05-17,1
1645,2023-06-07,1
1645,2023-10-25,1
1645,2023-02-16,1
1645,2024-06-02,1
1645,2024-10-12,1
1645,2024-02-24,1
1645,2025-06-27,1
1645,2025-10-26,1
1645,2025-02-12,1
1645,2026-06-14,1
1645,2026-10-16,1
1645,2026-02-27,1
1646,2025-12-12,1
1646,2026-12-23,1
1646,2026-06-24,1
1648,2023-10-21,1
1648,2024-10-20,1
1648,2025-10-15,1
1648,2026-10-10,1
1649,2023-08-15,1
1649,2024-08-11,1
1649,2025-08-28,1
1649,2026-08-28,1
1650,2023-06-12,1
1650,2023-10-17,1
1650,2023-02-12,1
1650,2024-06-18,1
1650,2024-10-11,1
1650,2024-02-22,1
1650,2025-06-24,1
1650,2025-10-19,1
1650,2025-02-26,1
1650,2026-06-16,1
1650,2026-10-20,1
1650,2026-02-04,1
1651,2024-02-06,1
1651,2025-02-16,1
1651,2026-02-01,1
1652,2023-09-21,1
1652,2024-09-28,1
1652,2025-09-27,1
1652,2026-09-27,1
1653,2023-10-05,1
1653,2024-10-15,1
1653,2025-10-04,1
1653,2026-10-05,1
1655,2023-01-09,1
1655,2024-01-20,1
1655,2025-01-07,1
1655,2026-01-04,1
1656,2023-10-13,1
1656,2023-04-09,1
1656,2024-10-01,1
1656,2024-04-13,1
1656,2025-10-26,1
1656,2025-04-05,1
1656,2026-10-17,1
1656,2026-04-10,1
1662,2023-11-19,1
1662,2023-05-27,1
1662,2024-11-12,1
1662,2024-05-10,1
1662,2025-11-16,1
1662,2025-05-01,1
1662,2026-11-05,1
1662,2026-05-03,1
1663,2023-05-13,1
1663,2023-11-12,1
1663,2024-05-24,1
1663,2024-11-15,1
1663,2025-05-03,1
1663,2025-11-16,1
1663,2026-05-10,1
1663,2026-11-03,1
1664,2023-04-11,1
1664,2023-08-13,1
1664,2023-12-03,1
1664,2024-04-07,1
1664,2024-08-06,1
1664,2024-12-06,1
1664,2025-04-20,1
1664,2025-08-03,1
1664,2025-12-01,1
1664,2026-04-15,1
1664,2026-08-07,1
1664,2026-12-28,1
1665,2023-12-11,1
1665,2023-04-01,1
1665,2023-08-14,1
1665,2024-12-28,1
1665,2024-04-16,1
1665,2024-08-25,1
1665,2025-12-06,1
1665,2025-04-17,1
1665,2025-08-18,1
1665,2026-12-16,1
1665,2026-04-14,1
1665,2026-08-24,1
1667,2023-08-07,1
1667,2023-02-25,1
1667,2024-08-19,1
1667,2024-02-19,1
1667,2025-08-01,1
1667,2025-02-10,1
1667,2026-08-14,1
1667,2026-02-27,1
1668,2023-06-06,1
1668,2023-10-09,1
1668,2023-02-12,1
1668,2024-06-15,1
1668,2024-10-21,1
1668,2024-02-20,1
1668,2025-06-25,1
1668,2025-10-04,1
1668,2025-02-22,1
1668,2026-06-12,1
1668,2026-10-03,1
1668,2026-02-27,1
1669,2023-03-07,1
1669,2024-03-24,1
1669,2025-03-14,1
1669,2026-03-18,1
1670,2023-07-12,1
1670,2024-07-27,1
1670,2025-07-28,1
1670,2026-07-26,1
1671,2023-04-08,1
1671,2024-04-17,1
1671,2025-04-14,1
1671,2026-04-18,1
1672,2023-02-07,1
1672,2024-02-03,1
1672,2025-02-05,1
1672,2026-02-22,1
1673,2023-06-10,1
1673,2023-12-01,1
1673,2024-06-02,1
1673,2024-12-03,1
1673,2025-06-09,1
1673,2025-12-07,1
1673,2026-06-21,1
1673,2026-12-01,1
1674,2023-06-03,1
1674,2023-12-18,1
1674,2024-06-23,1
1674,2024-12-17,1
1674,2025-06-03,1
1674,2025-12-18,1
1674,2026-06-19,1
1674,2026-12-09,1
1675,2026-05-04,1
1676,2023-06-10,1
1676,2023-10-27,1
1676,2023-02-18,1
1676,2024-06-24,1
1676,2024-10-17,1
1676,2024-02-15,1
1676,2025-06-13,1
1676,2025-10-28,1
1676,2025-02-01,1
1676,2026-06-25,1
1676,2026-10-22,1
1676,2026-02-03,1
1677,2023-04-18,1
1677,2024-04-21,1
1677,2025-04-19,1
1677,2026-04-03,1
1679,2023-01-12,1
1679,2023-07-02,1
1679,2024-01-12,1
1679,2024-07-18,1
1679,2025-01-08,1
1679,2025-07-23,1
1679,2026-01-16,1
1679,2026-07-17,1
1681,2023-09-04,1
1681,2023-01-14,1
1681,2023-05-20,1
1681,2024-09-27,1
1681,2024-01-11,1
1681,2024-05-18,1
1681,2025-09-13,1
1681,2025-01-10,1
1681,2025-05-17,1
1681,2026-09-03,1
1681,2026-01-02,1
1681,2026-05-26,1
1683,2023-04-27,1
1683,2024-04-20,1
1683,2025-04-08,1
1683,2026-04-06,1
1684,2026-08-01,1
1685,2023-11-08,1
1685,2024-11-23,1
1685,2025-11-13,1
1685,2026-11-25,1
1687,2023-09-17,1
1687,2023-01-13,1
1687,2023-05-13,1
1687,2024-09-19,1
1687,2024-01-24,1
1687,2024-05-02,1
1687,2025-09-18,1
1687,2025-01-11,1
1687,2025-05-11,1
1687,2026-09-17,1
1687,2026-01-22,1
1687,2026-05-12,1
1689,2023-01-23,1
1689,2024-01-05,1
1689,2025-01-07,1
1689,2026-01-24,1
1690,2023-11-09,1
1690,2023-03-02,1
1690,2023-07-09,1
1690,2024-11-07,1
1690,2024-03-25,1
1690,2024-07-01,1
1690,2025-11-28,1
1690,2025-03-13,1
1690,2025-07-12,1
1690,2026-11-25,1
1690,2026-03-02,1
1690,2026-07-20,1
1691,2023-12-03,1
1691,2024-12-22,1
1691,2025-12-11,1
1691,2026-12-16,1
1693,2023-09-11,1
1693,2024-01-28,1
1693,2024-05-25,1
1693,2024-09-15,1
1693,2025-01-18,1
1693,2025-05-17,1
1693,2025-09-09,1
1693,2026-01-11,1
1693,2026-05-09,1
1693,2026-09-08,1
1695,2023-12-06,1
1695,2023-04-27,1
1695,2023-08-26,1
1695,2024-12-03,1
1695,2024-04-26,1
1695,2024-08-11,1
1695,2025-12-04,1
1695,2025-04-09,1
1695,2025-08-23,1
1695,2026-12-08,1
1695,2026-04-17,1
1695,2026-08-01,1
1696,2024-12-18,1
1696,2025-12-15,1
1696,2025-06-27,1
1696,2026-12-12,1
1696,2026-06-01,1
1697,2023-02-23,1
1697,2024-02-18,1
1697,2025-02-22,1
1697,2026-02-02,1
1698,2023-08-24,1
1698,2024-08-16,1
1698,2025-08-16,1
1698,2026-08-26,1
1700,2023-02-07,1
1700,2023-06-10,1
1700,2023-10-26,1
1700,2024-02-07,1
1700,2024-06-28,1
1700,2024-10-24,1
1700,2025-02-17,1
1700,2025-06-23,1
1700,2025-10-26,1
1700,2026-02-24,1
1700,2026-06-10,1
1700,2026-10-11,1
1702,2023-10-18,1
1702,2024-10-17,1
1702,2025-10-06,1
1702,2026-10-21,1
1703,2023-11-06,1
1703,2024-11-28,1
1703,2025-11-25,1
1703,2026-11-06,1
1705,2023-10-23,1
1705,2023-04-14,1
1705,2024-10-21,1
1705,2024-04-07,1
1705,2025-10-11,1
1705,2025-04-28,1
1705,2026-10-02,1
1705,2026-04-26,1
1706,2023-07-02,1
1706,2024-07-28,1
1706,2025-07-20,1
1706,2026-07-15,1
1707,2023-03-13,1
1707,2024-03-11,1
1707,2025-03-07,1
1707,2026-03-27,1
1708,2023-12-21,1
1708,2024-12-11,1
1708,2025-12-02,1
1708,2026-12-08,1
1710,2023-01-19,1
1710,2023-05-05,1
1710,2023-09-15,1
1710,2024-01-27,1
1710,2024-05-06,1
1710,2024-09-08,1
1710,2025-01-01,1
1710,2025-05-23,1
1710,2025-09-26,1
1710,2026-01-27,1
1710,2026-05-28,1
1710,2026-09-11,1
1711,2023-09-13,1
1711,2024-09-15,1
1711,2025-09-20,1
1711,2026-09-22,1
1713,2023-07-22,1
1713,2024-07-06,1
1713,2025-07-20,1
1713,2026-07-13,1
1714,2023-08-13,1
1714,2023-12-08,1
1714,2023-04-20,1
1714,2024-08-27,1
1714,2024-12-22,1
1714,2024-04-04,1
1714,2025-08-07,1
1714,2025-12-27,1
1714,2025-04-23,1
1714,2026-08-15,1
1714,2026-12-25,1
1714,2026-04-15,1
1715,2023-09-11,1
1715,2023-03-04,1
1715,2024-09-08,1
1715,2024-03-23,1
1715,2025-09-18,1
1715,2025-03-15,1
1715,2026-09-23,1
1715,2026-03-24,1
1716,2025-06-23,1
1716,2026-06-21,1
1720,2023-02-12,1
1720,2023-08-07,1
1720,2024-02-11,1
1720,2024-08-01,1
1720,2025-02-28,1
1720,2025-08-17,1
1720,2026-02-03,1
1720,2026-08-10,1
1721,2025-07-27,1
1721,2025-01-18,1
1721,2026-07-06,1
1721,2026-01-05,1
1723,2024-09-11,1
1723,2025-09-16,1
1723,2026-09-21,1
1726,2023-08-07,1
1726,2024-08-02,1
1726,2025-08-12,1
1726,2026-08-15,1
1727,2025-03-24,1
1727,2026-03-21,1
1728,2023-05-21,1
1728,2023-11-20,1
1728,2024-05-04,1
1728,2024-11-12,1
1728,2025-05-20,1
1728,2025-11-10,1
1728,2026-05-26,1
1728,2026-11-22,1
1729,2023-06-16,1
1729,2024-06-05,1
1729,2025-06-18,1
1729,2026-06-14,1
1730,2023-03-16,1
1730,2024-03-25,1
1730,2025-03-03,1
1730,2026-03-06,1
1732,2023-12-10,1
1732,2024-12-18,1
1732,2025-12-23,1
1732,2026-12-24,1
1733,2023-03-06,1
1733,2024-03-25,1
1733,2025-03-22,1
1733,2026-03-09,1
1734,2023-07-16,1
1734,2023-11-07,1
1734,2023-03-18,1
1734,2024-07-26,1
1734,2024-11-09,1
1734,2024-03-04,1
1734,2025-07-16,1
1734,2025-11-12,1
1734,2025-03-05,1
1734,2026-07-14,1
1734,2026-11-26,1
1734,2026-03-16,1
1735,2026-05-10,1
1735,2026-11-10,1
1736,2024-12-16,1
1736,2025-06-20,1
1736,2025-12-07,1
1736,2026-06-12,1
1736,2026-12-04,1
1737,2023-10-07,1
1737,2023-04-24,1
1737,2024-10-10,1
1737,2024-04-06,1
1737,2025-10-07,1
1737,2025-04-07,1
1737,2026-10-07,1
1737,2026-04-13,1
1738,2023-02-11,1
1738,2023-06-07,1
1738,2023-10-07,1
1738,2024-02-24,1
1738,2024-06-13,1
1738,2024-10-08,1
1738,2025-02-17,1
1738,2025-06-06,1
1738,2025-10-10,1
1738,2026-02-10,1
1738,2026-06-23,1
1738,2026-10-19,1
1739,2023-05-13,1
1739,2024-05-13,1
1739,2025-05-09,1
1739,2026-05-15,1
1740,2025-01-25,1
1740,2025-07-04,1
1740,2026-01-06,1
1740,2026-07-21,1
1741,2023-05-19,1
1741,2023-11-27,1
1741,2024-05-25,1
1741,2024-11-13,1
1741,2025-05-14,1
1741,2025-11-11,1
1741,2026-05-15,1
1741,2026-11-24,1
1743,2023-01-14,1
1743,2024-01-26,1
1743,2025-01-14,1
1743,2026-01-23,1
1744,2023-09-14,1
1744,2024-09-05,1
1744,2025-09-09,1
1744,2026-09-20,1
1745,2023-03-25,1
1745,2024-03-16,1
1745,2025-03-16,1
1745,2026-03-16,1
1747,2023-01-06,1
1747,2024-01-08,1
1747,2025-01-14,1
1747,2026-01-04,1
1748,2023-09-06,1
1748,2023-03-12,1
1748,2024-09-27,1
1748,2024-03-10,1
1748,2025-09-09,1
1748,2025-03-19,1
1748,2026-09-02,1
1748,2026-03-11,1
1750,2023-12-14,1
1750,2023-06-25,1
1750,2024-12-01,1
1750,2024-06-19,1
1750,2025-12-07,1
1750,2025-06-15,1
1750,2026-12-06,1
1750,2026-06-26,1
1751,2023-07-23,1
1751,2023-01-25,1
1751,2024-07-06,1
1751,2024-01-02,1
1751,2025-07-12,1
1751,2025-01-19,1
1751,2026-07-18,1
1751,2026-01-12,1
1753,2023-09-08,1
1753,2024-09-23,1
1753,2025-09-02,1
1753,2026-09-20,1
1754,2023-12-20,1
1754,2023-06-13,1
1754,2024-12-02,1
1754,2024-06-11,1
1754,2025-12-17,1
1754,2025-06-18,1
1754,2026-12-14,1
1754,2026-06-13,1
1755,2023-01-20,1
1755,2023-07-08,1
1755,2024-01-17,1
1755,2024-07-08,1
1755,2025-01-08,1
1755,2025-07-12,1
1755,2026-01-23,1
1755,2026-07-10,1
1757,2023-04-20,1
1757,2023-08-05,1
1757,2023-12-03,1
1757,2024-04-01,1
1757,2024-08-26,1
1757,2024-12-06,1
1757,2025-04-22,1
1757,2025-08-03,1
1757,2025-12-17,1
1757,2026-04-05,1
1757,2026-08-15,1
1757,2026-12-28,1
1760,2023-05-15,1
1760,2023-09-24,1
1760,2023-01-04,1
1760,2024-05-16,1
1760,2024-09-10,1
1760,2024-01-20,1
1760,2025-05-10,1
1760,2025-09-17,1
1760,2025-01-04,1
1760,2026-05-13,1
1760,2026-09-13,1
1760,2026-01-13,1
1762,2023-09-22,1
1762,2023-03-25,1
1762,2024-09-22,1
1762,2024-03-09,1
1762,2025-09-11,1
1762,2025-03-21,1
1762,2026-09-24,1
1762,2026-03-28,1
1763,2023-03-07,1
1763,2024-03-28,1
1763,2025-03-23,1
1763,2026-03-03,1
1765,2023-12-01,1
1765,2024-06-17,1
1765,2024-12-23,1
1765,2025-06-23,1
1765,2025-12-09,1
1765,2026-06-26,1
1765,2026-12-24,1
1767,2026-07-02,1
1768,2023-03-21,1
1768,2023-09-28,1
1768,2024-03-11,1
1768,2024-09-18,1
1768,2025-03-03,1
1768,2025-09-23,1
1768,2026-03-04,1
1768,2026-09-08,1
1769,2025-12-26,1
1769,2026-12-22,1
1770,2023-02-27,1
1770,2023-08-02,1
1770,2024-02-04,1
1770,2024-08-16,1
1770,2025-02-24,1
1770,2025-08-01,1
1770,2026-02-23,1
1770,2026-08-02,1
1771,2023-07-23,1
1771,2023-11-28,1
1771,2023-03-20,1
1771,2024-07-20,1
1771,2024-11-04,1
1771,2024-03-21,1
1771,2025-07-22,1
1771,2025-11-04,1
1771,2025-03-22,1
1771,2026-07-26,1
1771,2026-11-26,1
1771,2026-03-04,1
1772,2026-09-23,1
1772,2026-03-14,1
1774,2023-10-04,1
1774,2023-02-16,1
1774,2023-06-27,1
1774,2024-10-10,1
1774,2024-02-17,1
1774,2024-06-15,1
1774,2025-10-16,1
1774,2025-02-10,1
1774,2025-06-22,1
1774,2026-10-06,1
1774,2026-02-08,1
1774,2026-06-02,1
1777,2023-03-08,1
1777,2024-03-20,1
1777,2025-03-15,1
1777,2026-03-06,1
1778,2023-08-07,1
1778,2024-08-24,1
1778,2025-08-20,1
1778,2026-08-05,1
1779,2024-07-11,1
1779,2025-01-26,1
1779,2025-07-17,1
1779,2026-01-07,1
1779,2026-07-08,1
1780,2023-06-06,1
1780,2023-12-09,1
1780,2024-06-17,1
1780,2024-12-09,1
1780,2025-06-03,1
1780,2025-12-16,1
1780,2026-06-20,1
1780,2026-12-08,1
1781,2023-01-01,1
1781,2024-01-20,1
1781,2025-01-24,1
1781,2026-01-18,1
1783,2023-10-01,1
1783,2024-10-02,1
1783,2025-10-03,1
1783,2026-10-12,1
1785,2023-09-11,1
1785,2023-01-20,1
1785,2023-05-11,1
1785,2024-09-26,1
1785,2024-01-05,1
1785,2024-05-20,1
1785,2025-09-26,1
1785,2025-01-23,1
1785,2025-05-12,1
1785,2026-09-04,1
1785,2026-01-25,1
1785,2026-05-22,1
1786,2023-01-12,1
1786,2024-01-18,1
1786,2025-01-01,1
1786,2026-01-20,1
1787,2023-09-07,1
1787,2024-09-07,1
1787,2025-09-20,1
1787,2026-09-27,1
1789,2023-11-01,1
1789,2023-03-24,1
1789,2023-07-20,1
1789,2024-11-24,1
1789,2024-03-02,1
1789,2024-07-15,1
1789,2025-11-22,1
1789,2025-03-28,1
1789,2025-07-01,1
1789,2026-11-14,1
1789,2026-03-26,1
1789,2026-07-14,1
1790,2023-09-19,1
1790,2024-09-17,1
1790,2025-09-25,1
1790,2026-09-26,1
1791,2024-11-13,1
1791,2025-11-08,1
1791,2025-05-01,1
1791,2026-11-03,1
1791,2026-05-18,1
1792,2023-04-01,1
1792,2024-04-21,1
1792,2025-04-01,1
1792,2026-04-14,1
1794,2023-02-12,1
1794,2024-02-20,1
1794,2025-02-06,1
1794,2026-02-13,1
1795,2025-06-01,1
1795,2026-06-22,1
1797,2023-04-23,1
1797,2024-04-13,1
1797,2025-04-08,1
1797,2026-04-19,1
1798,2023-04-18,1
1798,2023-08-24,1
1798,2023-12-06,1
1798,2024-04-15,1
1798,2024-08-15,1
1798,2024-12-15,1
1798,2025-04-20,1
1798,2025-08-14,1
1798,2025-12-03,1
1798,2026-04-20,1
1798,2026-08-01,1
1798,2026-12-13,1
1799,2024-12-19,1
1799,2025-06-10,1
1799,2025-12-12,1
1799,2026-06-27,1
1799,2026-12-23,1
1800,2023-03-04,1
1800,2024-03-20,1
1800,2025-03-09,1
1800,2026-03-15,1
1801,2023-06-02,1
1801,2023-12-27,1
1801,2024-06-08,1
1801,2024-12-26,1
1801,2025-06-07,1
1801,2025-12-07,1
1801,2026-06-09,1
1801,2026-12-23,1
1802,2023-05-03,1
1802,2024-05-20,1
1802,2025-05-18,1
1802,2026-05-05,1
1803,2023-12-24,1
1803,2024-12-15,1
1803,2025-12-20,1
1803,2026-12-17,1
1804,2023-05-22,1
1804,2024-05-23,1
1804,2025-05-19,1
1804,2026-05-22,1
1805,2023-07-08,1
1805,2023-01-25,1
1805,2024-07-12,1
1805,2024-01-17,1
1805,2025-07-07,1
1805,2025-01-08,1
1805,2026-07-03,1
1805,2026-01-09,1
1807,2023-12-12,1
1807,2023-04-23,1
1807,2023-08-28,1
1807,2024-12-22,1
1807,2024-04-02,1
1807,2024-08-04,1
1807,2025-12-27,1
1807,2025-04-16,1
1807,2025-08-16,1
1807,2026-12-14,1
1807,2026-04-15,1
1807,2026-08-10,1
1808,2023-07-19,1
1808,2024-07-28,1
1808,2025-07-22,1
1808,2026-07-03,1
1809,2024-07-11,1
1809,2025-01-26,1
1809,2025-07-01,1
1809,2026-01-16,1
1809,2026-07-15,1
1811,2023-11-16,1
1811,2023-05-11,1
1811,2024-11-20,1
1811,2024-05-05,1
1811,2025-11-15,1
1811,2025-05-20,1
1811,2026-11-12,1
1811,2026-05-14,1
1812,2023-01-14,1
1812,2024-01-20,1
1812,2025-01-14,1
1812,2026-01-05,1
1814,2023-07-05,1
1814,2024-07-02,1
1814,2025-07-17,1
1814,2026-07-01,1
1817,2023-06-06,1
1817,2024-06-14,1
1817,2025-06-11,1
1817,2026-06-23,1
1818,2023-04-03,1
1818,2024-04-07,1
1818,2025-04-19,1
1818,2026-04-11,1
1821,2023-01-09,1
1821,2024-01-12,1
1821,2025-01-20,1
1821,2026-01-08,1
1822,2023-08-22,1
1822,2024-08-14,1
1822,2025-08-11,1
1822,2026-08-07,1
1823,2023-11-07,1
1823,2024-05-15,1
1823,2024-11-22,1
1823,2025-05-24,1
1823,2025-11-22,1
1823,2026-05-28,1
1823,2026-11-23,1
1824,2024-02-06,1
1824,2025-02-18,1
1824,2026-02-19,1
1825,2023-04-27,1
1825,2024-04-19,1
1825,2025-04-15,1
1825,2026-04-16,1
1826,2023-09-25,1
1826,2023-03-26,1
1826,2024-09-24,1
1826,2024-03-23,1
1826,2025-09-07,1
1826,2025-03-16,1
1826,2026-09-06,1
1826,2026-03-17,1
1828,2023-12-22,1
1828,2024-12-03,1
1828,2025-12-03,1
1828,2026-12-23,1
1829,2023-10-19,1
1829,2024-10-25,1
1829,2025-10-18,1
1829,2026-10-26,1
1830,2023-08-05,1
1830,2023-12-23,1
1830,2023-04-19,1
1830,2024-08-23,1
1830,2024-12-15,1
1830,2024-04-03,1
1830,2025-08-16,1
1830,2025-12-20,1
1830,2025-04-06,1
1830,2026-08-17,1
1830,2026-12-26,1
1830,2026-04-21,1
1832,2023-10-09,1
1832,2024-10-25,1
1832,2025-10-01,1
1832,2026-10-24,1
1833,2024-06-23,1
1833,2025-06-13,1
1833,2026-06-27,1
1835,2023-03-28,1
1835,2024-03-15,1
1835,2025-03-02,1
1835,2026-03-26,1
1836,2023-02-21,1
1836,2023-08-11,1
1836,2024-02-08,1
1836,2024-08-28,1
1836,2025-02-01,1
1836,2025-08-16,1
1836,2026-02-10,1
1836,2026-08-20,1
1837,2023-02-13,1
1837,2023-08-27,1
1837,2024-02-19,1
1837,2024-08-24,1
1837,2025-02-08,1
1837,2025-08-28,1
1837,2026-02-12,1
1837,2026-08-11,1
1838,2023-03-01,1
1838,2024-03-15,1
1838,2025-03-07,1
1838,2026-03-16,1
1839,2023-08-06,1
1839,2024-08-23,1
1839,2025-08-09,1
1839,2026-08-16,1
1840,2023-06-05,1
1840,2024-06-14,1
1840,2025-06-18,1
1840,2026-06-16,1
1841,2023-04-05,1
1841,2024-04-28,1
1841,2025-04-19,1
1841,2026-04-01,1
1842,2023-04-15,1
1842,2023-10-11,1
1842,2024-04-17,1
1842,2024-10-24,1
1842,2025-04-15,1
1842,2025-10-11,1
1842,2026-04-10,1
1842,2026-10-15,1
1844,2024-11-10,1
1844,2025-11-15,1
1844,2026-11-13,1
1845,2026-09-14,1
1847,2023-02-21,1
1847,2023-06-12,1
1847,2023-10-20,1
1847,2024-02-20,1
1847,2024-06-14,1
1847,2024-10-18,1
1847,2025-02-10,1
1847,2025-06-11,1
1847,2025-10-08,1
1847,2026-02-22,1
1847,2026-06-23,1
1847,2026-10-21,1
1849,2023-09-23,1
1849,2024-09-09,1
1849,2025-09-26,1
1849,2026-09-09,1
1850,2023-07-02,1
1850,2024-07-12,1
1850,2025-07-08,1
1850,2026-07-28,1
1852,2023-02-07,1
1852,2023-08-28,1
1852,2024-02-18,1
1852,2024-08-28,1
1852,2025-02-11,1
1852,2025-08-24,1
1852,2026-02-20,1
1852,2026-08-03,1
1853,2025-09-01,1
1853,2026-09-15,1
1853,2026-01-02,1
1853,2026-05-09,1
1854,2025-02-08,1
1854,2025-06-03,1
1854,2025-10-23,1
1854,2026-02-24,1
1854,2026-06-26,1
1854,2026-10-22,1
1856,2023-05-01,1
1856,2023-09-25,1
1856,2023-01-01,1
1856,2024-05-17,1
1856,2024-09-11,1
1856,2024-01-06,1
1856,2025-05-17,1
1856,2025-09-16,1
1856,2025-01-17,1
1856,2026-05-08,1
1856,2026-09-11,1
1856,2026-01-18,1
1857,2023-10-27,1
1857,2024-10-08,1
1857,2025-10-22,1
1857,2026-10-08,1
1860,2023-01-16,1
1860,2023-07-18,1
1860,2024-01-23,1
1860,2024-07-20,1
1860,2025-01-25,1
1860,2025-07-01,1
1860,2026-01-13,1
1860,2026-07-25,1
1862,2023-02-02,1
1862,2023-08-06,1
1862,2024-02-07,1
1862,2024-08-18,1
1862,2025-02-03,1
1862,2025-08-05,1
1862,2026-02-04,1
1862,2026-08-25,1
1864,2024-04-19,1
1864,2025-04-28,1
1864,2026-04-06,1
1865,2023-05-14,1
1865,2023-11-15,1
1865,2024-05-11,1
1865,2024-11-27,1
1865,2025-05-17,1
1865,2025-11-18,1
1865,2026-05-22,1
1865,2026-11-20,1
1866,2023-06-10,1
1866,2023-10-17,1
1866,2023-02-11,1
1866,2024-06-21,1
1866,2024-10-24,1
1866,2024-02-18,1
1866,2025-06-22,1
1866,2025-10-02,1
1866,2025-02-26,1
1866,2026-06-06,1
1866,2026-10-01,1
1866,2026-02-19,1
1867,2024-03-25,1
1867,2024-09-27,1
1867,2025-03-21,1
1867,2025-09-20,1
1867,2026-03-22,1
1867,2026-09-24,1
1868,2024-06-05,1
1868,2024-10-06,1
1868,2024-02-05,1
1868,2025-06-03,1
1868,2025-10-19,1
1868,2025-02-07,1
1868,2026-06-28,1
1868,2026-10-03,1
1868,2026-02-22,1
1869,2023-03-02,1
1869,2024-03-03,1
1869,2025-03-13,1
1869,2026-03-22,1
1870,2023-03-10,1
1870,2023-09-04,1
1870,2024-03-21,1
1870,2024-09-22,1
1870,2025-03-08,1
1870,2025-09-18,1
1870,2026-03-09,1
1870,2026-09-05,1
1872,2023-11-02,1
1872,2023-05-23,1
1872,2024-11-01,1
1872,2024-05-12,1
1872,2025-11-04,1
1872,2025-05-02,1
1872,2026-11-28,1
1872,2026-05-21,1
1873,2023-03-09,1
1873,2024-03-17,1
1873,2025-03-20,1
1873,2026-03-24,1
1876,2023-01-17,1
1876,2023-05-23,1
1876,2023-09-03,1
1876,2024-01-20,1
1876,2024-05-26,1
1876,2024-09-09,1
1876,2025-01-02,1
1876,2025-05-21,1
1876,2025-09-17,1
1876,2026-01-05,1
1876,2026-05-28,1
1876,2026-09-01,1
1877,2023-04-07,1
1877,2024-04-07,1
1877,2025-04-17,1
1877,2026-04-12,1
1878,2023-03-23,1
1878,2023-07-22,1
1878,2023-11-23,1
1878,2024-03-16,1
1878,2024-07-24,1
1878,2024-11-26,1
1878,2025-03-11,1
1878,2025-07-16,1
1878,2025-11-27,1
1878,2026-03-02,1
1878,2026-07-07,1
1878,2026-11-11,1
1879,2025-06-14,1
1879,2026-06-24,1
1881,2023-01-19,1
1881,2024-01-27,1
1881,2025-01-10,1
1881,2026-01-07,1
1882,2024-07-22,1
1882,2024-01-12,1
1882,2025-07-22,1
1882,2025-01-06,1
1882,2026-07-07,1
1882,2026-01-03,1
1883,2024-04-28,1
1883,2025-04-25,1
1883,2026-04-15,1
1884,2023-05-12,1
1884,2023-11-14,1
1884,2024-05-04,1
1884,2024-11-06,1
1884,2025-05-04,1
1884,2025-11-12,1
1884,2026-05-09,1
1884,2026-11-11,1
1885,2023-09-12,1
1885,2024-09-28,1
1885,2025-09-01,1
1885,2026-09-09,1
1886,2023-02-16,1
1886,2024-02-01,1
1886,2025-02-09,1
1886,2026-02-15,1
1887,2025-12-26,1
1887,2026-12-18,1
1888,2025-11-13,1
1888,2026-11-03,1
1890,2023-10-09,1
1890,2023-02-08,1
1890,2023-06-19,1
1890,2024-10-05,1
1890,2024-02-09,1
1890,2024-06-01,1
1890,2025-10-18,1
1890,2025-02-05,1
1890,2025-06-09,1
1890,2026-10-25,1
1890,2026-02-14,1
1890,2026-06-02,1
1891,2023-10-08,1
1891,2024-10-11,1
1891,2025-10-11,1
1891,2026-10-04,1
1893,2026-05-23,1
1893,2026-11-14,1
1894,2023-03-23,1
1894,2024-03-06,1
1894,2025-03-22,1
1894,2026-03-11,1
1895,2023-06-09,1
1895,2023-10-22,1
1895,2023-02-06,1
1895,2024-06-05,1
1895,2024-10-08,1
1895,2024-02-21,1
1895,2025-06-27,1
1895,2025-10-05,1
1895,2025-02-12,1
1895,2026-06-12,1
1895,2026-10-26,1
1895,2026-02-01,1
1897,2023-09-25,1
1897,2024-09-01,1
1897,2025-09-28,1
1897,2026-09-11,1
1898,2023-08-02,1
1898,2023-12-13,1
1898,2023-04-06,1
1898,2024-08-20,1
1898,2024-12-27,1
1898,2024-04-21,1
1898,2025-08-14,1
1898,2025-12-25,1
1898,2025-04-28,1
1898,2026-08-22,1
1898,2026-12-25,1
1898,2026-04-26,1
1899,2023-07-07,1
1899,2023-11-15,1
1899,2023-03-21,1
1899,2024-07-04,1
1899,2024-11-25,1
1899,2024-03-05,1
1899,2025-07-25,1
1899,2025-11-21,1
1899,2025-03-23,1
1899,2026-07-19,1
1899,2026-11-13,1
1899,2026-03-03,1
1900,2023-07-25,1
1900,2024-07-08,1
1900,2025-07-05,1
1900,2026-07-25,1
1902,2023-04-01,1
1902,2023-10-25,1
1902,2024-04-17,1
1902,2024-10-16,1
1902,2025-04-25,1
1902,2025-10-24,1
1902,2026-04-01,1
1902,2026-10-16,1
1903,2023-09-01,1
1903,2023-01-13,1
1903,2023-05-13,1
1903,2024-09-24,1
1903,2024-01-04,1
1903,2024-05-10,1
1903,2025-09-11,1
1903,2025-01-06,1
1903,2025-05-05,1
1903,2026-09-16,1
1903,2026-01-12,1
1903,2026-05-27,1
1905,2023-01-03,1
1905,2024-01-02,1
1905,2025-01-16,1
1905,2026-01-20,1
1906,2023-08-28,1
1906,2024-08-18,1
1906,2025-08-23,1
1906,2026-08-07,1
1907,2023-08-15,1
1907,2023-12-12,1
1907,2023-04-24,1
1907,2024-08-09,1
1907,2024-12-10,1
1907,2024-04-23,1
1907,2025-08-16,1
1907,2025-12-24,1
1907,2025-04-23,1
1907,2026-08-18,1
1907,2026-12-20,1
1907,2026-04-18,1
1908,2023-07-01,1
1908,2023-11-15,1
1908,2023-03-16,1
1908,2024-07-01,1
1908,2024-11-05,1
1908,2024-03-14,1
1908,2025-07-09,1
1908,2025-11-25,1
1908,2025-03-11,1
1908,2026-07-06,1
1908,2026-11-23,1
1908,2026-03-18,1
1909,2024-07-07,1
1909,2024-11-12,1
1909,2025-03-21,1
1909,2025-07-23,1
1909,2025-11-13,1
1909,2026-03-06,1
1909,2026-07-14,1
1909,2026-11-11,1
1912,2023-10-18,1
1912,2024-10-25,1
1912,2025-10-01,1
1912,2026-10-20,1
1913,2023-08-19,1
1913,2024-08-01,1
1913,2025-08-08,1
1913,2026-08-24,1
1914,2023-01-01,1
1914,2023-05-25,1
1914,2023-09-10,1
1914,2024-01-25,1
1914,2024-05-03,1
1914,2024-09-05,1
1914,2025-01-23,1
1914,2025-05-22,1
1914,2025-09-24,1
1914,2026-01-15,1
1914,2026-05-02,1
1914,2026-09-01,1
1915,2024-07-02,1
1915,2025-07-02,1
1915,2026-07-03,1
1918,2023-01-16,1
1918,2023-05-04,1
1918,2023-09-23,1
1918,2024-01-28,1
1918,2024-05-05,1
1918,2024-09-16,1
1918,2025-01-05,1
1918,2025-05-26,1
1918,2025-09-03,1
1918,2026-01-10,1
1918,2026-05-14,1
1918,2026-09-16,1
1919,2023-12-13,1
1919,2023-04-11,1
1919,2023-08-16,1
1919,2024-12-08,1
1919,2024-04-04,1
1919,2024-08-21,1
1919,2025-12-07,1
1919,2025-04-15,1
1919,2025-08-22,1
1919,2026-12-09,1
1919,2026-04-28,1
1919,2026-08-15,1
1921,2023-03-05,1
1921,2023-09-27,1
1921,2024-03-26,1
1921,2024-09-01,1
1921,2025-03-08,1
1921,2025-09-26,1
1921,2026-03-13,1
1921,2026-09-07,1
1922,2024-10-18,1
1922,2025-10-09,1
1922,2025-04-12,1
1922,2026-10-24,1
1922,2026-04-19,1
1923,2024-01-22,1
1923,2025-01-01,1
1923,2026-01-18,1
1924,2023-09-04,1
1924,2024-09-09,1
1924,2025-09-02,1
1924,2026-09-22,1
1925,2023-03-14,1
1925,2023-09-12,1
1925,2024-03-17,1
1925,2024-09-08,1
1925,2025-03-10,1
1925,2025-09-15,1
1925,2026-03-07,1
1925,2026-09-22,1
1926,2024-02-25,1
1926,2024-08-16,1
1926,2025-02-03,1
1926,2025-08-05,1
1926,2026-02-05,1
1926,2026-08-07,1
1927,2026-12-24,1
1928,2025-07-05,1
1928,2026-01-25,1
1928,2026-07-26,1
1929,2023-03-27,1
1929,2023-09-20,1
1929,2024-03-12,1
1929,2024-09-20,1
1929,2025-03-02,1
1929,2025-09-21,1
1929,2026-03-08,1
1929,2026-09-19,1
1930,2023-09-21,1
1930,2023-01-17,1
1930,2023-05-17,1
1930,2024-09-19,1
1930,2024-01-09,1
1930,2024-05-03,1
1930,2025-09-14,1
1930,2025-01-19,1
1930,2025-05-24,1
1930,2026-09-25,1
1930,2026-01-18,1
1930,2026-05-25,1
1931,2023-02-27,1
1931,2024-02-04,1
1931,2025-02-04,1
1931,2026-02-18,1
1933,2023-10-14,1
1933,2023-02-07,1
1933,2023-06-09,1
1933,2024-10-03,1
1933,2024-02-10,1
1933,2024-06-12,1
1933,2025-10-16,1
1933,2025-02-09,1
1933,2025-06-25,1
1933,2026-10-24,1
1933,2026-02-18,1
1933,2026-06-22,1
1934,2023-09-25,1
1934,2023-01-21,1
1934,2023-05-19,1
1934,2024-09-18,1
1934,2024-01-18,1
1934,2024-05-01,1
1934,2025-09-19,1
1934,2025-01-20,1
1934,2025-05-02,1
1934,2026-09-07,1
1934,2026-01-26,1
1934,2026-05-27,1
1936,2023-10-05,1
1936,2023-04-20,1
1936,2024-10-11,1
1936,2024-04-23,1
1936,2025-10-25,1
1936,2025-04-05,1
1936,2026-10-15,1
1936,2026-04-19,1
1937,2023-01-23,1
1937,2023-07-20,1
1937,2024-01-04,1
1937,2024-07-12,1
1937,2025-01-02,1
1937,2025-07-22,1
1937,2026-01-13,1
1937,2026-07-16,1
1938,2023-04-08,1
1938,2023-08-21,1
1938,2023-12-23,1
1938,2024-04-27,1
1938,2024-08-12,1
1938,2024-12-05,1
1938,2025-04-12,1
1938,2025-08-13,1
1938,2025-12-21,1
1938,2026-04-17,1
1938,2026-08-01,1
1938,2026-12-13,1
1939,2023-12-17,1
1939,2023-06-15,1
1939,2024-12-05,1
1939,2024-06-26,1
1939,2025-12-25,1
1939,2025-06-18,1
1939,2026-12-13,1
1939,2026-06-10,1
1941,2024-04-28,1
1941,2025-04-02,1
1941,2026-04-14,1
1943,2023-03-15,1
1943,2024-03-01,1
1943,2025-03-17,1
1943,2026-03-01,1
1944,2023-08-24,1
1944,2024-08-04,1
1944,2025-08-03,1
1944,2026-08-25,1
1945,2023-09-08,1
1945,2023-03-20,1
1945,2024-09-04,1
1945,2024-03-11,1
1945,2025-09-21,1
1945,2025-03-11,1
1945,2026-09-20,1
1945,2026-03-15,1
1947,2023-11-22,1
1947,2023-03-25,1
1947,2023-07-15,1
1947,2024-11-09,1
1947,2024-03-20,1
1947,2024-07-21,1
1947,2025-11-28,1
1947,2025-03-05,1
1947,2025-07-07,1
1947,2026-11-20,1
1947,2026-03-04,1
1947,2026-07-08,1
1949,2023-01-23,1
1949,2024-01-21,1
1949,2025-01-25,1
1949,2026-01-15,1
1951,2023-05-08,1
1951,2023-11-27,1
1951,2024-05-08,1
1951,2024-11-17,1
1951,2025-05-25,1
1951,2025-11-14,1
1951,2026-05-22,1
1951,2026-11-19,1
1952,2024-10-08,1
1952,2024-02-05,1
1952,2024-06-07,1
1952,2025-10-10,1
1952,2025-02-09,1
1952,2025-06-16,1
1952,2026-10-14,1
1952,2026-02-08,1
1952,2026-06-05,1
1954,2023-02-07,1
1954,2023-08-10,1
1954,2024-02-19,1
1954,2024-08-17,1
1954,2025-02-13,1
1954,2025-08-17,1
1954,2026-02-22,1
1954,2026-08-01,1
1955,2024-07-07,1
1955,2025-07-27,1
1955,2026-07-01,1
1956,2023-05-18,1
1956,2023-11-02,1
1956,2024-05-12,1
1956,2024-11-12,1
1956,2025-05-06,1
1956,2025-11-25,1
1956,2026-05-21,1
1956,2026-11-03,1
1960,2023-05-01,1
1960,2024-05-25,1
1960,2025-05-24,1
1960,2026-05-03,1
1961,2023-04-23,1
1961,2023-08-01,1
1961,2023-12-10,1
1961,2024-04-28,1
1961,2024-08-17,1
1961,2024-12-16,1
1961,2025-04-22,1
1961,2025-08-18,1
1961,2025-12-24,1
1961,2026-04-19,1
1961,2026-08-10,1
1961,2026-12-06,1
1962,2025-11-14,1
1962,2026-11-12,1
1963,2023-05-08,1
1963,2023-11-11,1
1963,2024-05-28,1
1963,2024-11-05,1
1963,2025-05-02,1
1963,2025-11-28,1
1963,2026-05-06,1
1963,2026-11-25,1
1964,2023-11-04,1
1964,2023-05-28,1
1964,2024-11-28,1
1964,2024-05-20,1
1964,2025-11-02,1
1964,2025-05-21,1
1964,2026-11-07,1
1964,2026-05-15,1
1965,2025-03-19,1
1965,2026-03-21,1
1966,2023-04-01,1
1966,2024-04-19,1
1966,2025-04-11,1
1966,2026-04-13,1
1968,2023-11-11,1
1968,2024-11-03,1
1968,2025-11-28,1
1968,2026-11-22,1
1975,2023-06-16,1
1975,2024-06-13,1
1975,2025-06-23,1
1975,2026-06-21,1
1977,2023-01-11,1
1977,2024-01-06,1
1977,2025-01-28,1
1977,2026-01-16,1
1978,2023-10-03,1
1978,2023-04-28,1
1978,2024-10-03,1
1978,2024-04-20,1
1978,2025-10-13,1
1978,2025-04-12,1
1978,2026-10-16,1
1978,2026-04-13,1
1979,2023-07-10,1
1979,2023-01-17,1
1979,2024-07-20,1
1979,2024-01-17,1
1979,2025-07-14,1
1979,2025-01-18,1
1979,2026-07-28,1
1979,2026-01-08,1
1981,2023-12-06,1
1981,2024-12-27,1
1981,2025-12-06,1
1981,2026-12-02,1
1983,2023-07-27,1
1983,2023-01-17,1
1983,2024-07-14,1
1983,2024-01-17,1
1983,2025-07-09,1
1983,2025-01-12,1
1983,2026-07-03,1
1983,2026-01-04,1
1984,2023-03-25,1
1984,2024-03-15,1
1984,2025-03-13,1
1984,2026-03-11,1
1985,2023-08-26,1
1985,2023-02-27,1
1985,2024-08-11,1
1985,2024-02-06,1
1985,2025-08-05,1
1985,2025-02-14,1
1985,2026-08-03,1
1985,2026-02-12,1
1986,2026-01-03,1
1986,2026-07-05,1
1987,2023-12-23,1
1987,2023-06-03,1
1987,2024-12-22,1
1987,2024-06-18,1
1987,2025-12-05,1
1987,2025-06-28,1
1987,2026-12-18,1
1987,2026-06-07,1
1988,2023-12-16,1
1988,2024-12-26,1
1988,2025-12-08,1
1988,2026-12-07,1
1990,2025-06-19,1
1990,2025-12-25,1
1990,2026-06-15,1
1990,2026-12-09,1
1993,2024-02-15,1
1993,2024-08-06,1
1993,2025-02-13,1
1993,2025-08-15,1
1993,2026-02-16,1
1993,2026-08-14,1
1994,2023-09-14,1
1994,2023-03-12,1
1994,2024-09-27,1
1994,2024-03-18,1
1994,2025-09-17,1
1994,2025-03-04,1
1994,2026-09-24,1
1994,2026-03-02,1
1995,2023-05-23,1
1995,2023-11-21,1
1995,2024-05-28,1
1995,2024-11-16,1
1995,2025-05-25,1
1995,2025-11-01,1
1995,2026-05-01,1
1995,2026-11-10,1
1996,2023-10-26,1
1996,2024-10-13,1
1996,2025-10-05,1
1996,2026-10-14,1
2000,2023-09-01,1
2000,2023-01-12,1
2000,2023-05-13,1
2000,2024-09-23,1
2000,2024-01-06,1
2000,2024-05-06,1
2000,2025-09-19,1
2000,2025-01-11,1
2000,2025-05-10,1
2000,2026-09-13,1
2000,2026-01-25,1
2000,2026-05-07,1
