orden_id,equipo_id,ubicacion_id,tecnico_id,tipo_mantenimiento_id,fecha_solicitud,fecha_inicio,fecha_cierre,costo_repuestos,costo_mano_obra,horas_detencion,falla_reportada
1,386,21,5,1,2023-01-01,2023-01-03,2023-01-04,145000.0,38000.0,6.7,
2,904,8,8,2,2023-01-01,2023-01-03,2023-01-07,14270000.0,0.0,68.2,Imagen distorsionada
3,216,12,3,1,2023-01-01,2023-01-02,2023-01-04,3007000.0,0.0,4.5,
4,1484,4,9,2,2023-01-01,2023-01-03,2023-01-08,5202000.0,0.0,59.9,Falla de teclado o trackball
5,1279,9,6,1,2023-01-01,2023-01-01,2023-01-03,86000.0,8000.0,7.6,
6,1227,3,7,1,2023-01-01,2023-01-01,2023-01-04,34000.0,0.0,3.1,
7,579,17,5,1,2023-01-01,2023-01-01,2023-01-03,342000.0,0.0,3.6,
8,278,15,10,1,2023-01-01,2023-01-03,2023-01-05,1263000.0,0.0,6.1,
9,1406,15,11,2,2023-01-01,2023-01-03,2023-01-12,3337000.0,0.0,22.5,No alcanza temperatura
10,1278,17,1,1,2023-01-02,2023-01-03,2023-01-04,97000.0,0.0,2.8,
11,943,4,6,2,2023-01-02,2023-01-02,2023-01-10,3662000.0,759000.0,191.6,Falla de pantalla
12,1414,8,8,2,2023-01-02,2023-01-02,2023-01-05,16522000.0,0.0,29.5,Sobrecalentamiento
13,1347,8,2,1,2023-01-03,2023-01-04,2023-01-06,37000.0,0.0,5.8,
14,1188,7,5,2,2023-01-03,2023-01-03,2023-01-14,259000.0,0.0,196.9,Alarmas defectuosas
15,1671,19,10,2,2023-01-03,2023-01-05,2023-01-09,1017000.0,0.0,31.7,Succión deficiente
16,374,15,11,1,2023-01-03,2023-01-05,2023-01-08,1489000.0,0.0,6.8,
17,429,19,11,2,2023-01-03,2023-01-05,2023-01-07,171000.0,0.0,24.8,Batería dañada
18,916,12,4,1,2023-01-03,2023-01-05,2023-01-06,1334000.0,0.0,4.3,
19,1603,10,2,1,2023-01-03,2023-01-05,2023-01-07,198000.0,0.0,2.1,
20,1905,22,12,1,2023-01-03,2023-01-03,2023-01-06,70000.0,8000.0,4.4,
21,1024,17,1,2,2023-01-04,2023-01-04,2023-01-05,180000.0,54000.0,18.1,Alarmas inoperativas
22,1655,13,3,1,2023-01-04,2023-01-04,2023-01-06,94000.0,0.0,5.2,
23,913,19,11,1,2023-01-04,2023-01-05,2023-01-07,153000.0,0.0,1.9,
24,1332,4,9,2,2023-01-04,2023-01-07,2023-01-10,60000000.0,0.0,64.9,Error de software
25,1151,2,2,1,2023-01-04,2023-01-06,2023-01-08,1118000.0,462000.0,5.3,
26,1747,7,6,1,2023-01-04,2023-01-05,2023-01-08,26000.0,0.0,6.0,
27,935,7,7,1,2023-01-04,2023-01-06,2023-01-08,419000.0,74000.0,6.7,
28,800,22,12,1,2023-01-05,2023-01-07,2023-01-08,197000.0,0.0,6.3,
29,328,21,2,1,2023-01-05,2023-01-06,2023-01-07,12000.0,0.0,4.8,
30,1571,2,3,1,2023-01-06,2023-01-08,2023-01-10,81000.0,0.0,7.9,
31,632,24,6,1,2023-01-06,2023-01-06,2023-01-08,203000.0,54000.0,5.6,
32,1781,19,10,1,2023-01-06,2023-01-07,2023-01-09,53000.0,0.0,6.8,
33,1246,12,3,2,2023-01-06,2023-01-07,2023-01-19,576000.0,173000.0,108.3,NIBP no infla
34,1517,14,7,1,2023-01-06,2023-01-06,2023-01-07,21000.0,0.0,7.8,
35,1914,12,1,1,2023-01-06,2023-01-06,2023-01-08,514000.0,200000.0,3.0,
36,1938,10,2,2,2023-01-06,2023-01-09,2023-01-11,399000.0,64000.0,46.2,No enciende
37,618,6,1,2,2023-01-06,2023-01-06,2023-01-07,382000.0,80000.0,14.6,Alarmas defectuosas
38,126,13,7,2,2023-01-06,2023-01-07,2023-01-08,11000.0,0.0,18.9,Pantalla defectuosa
39,449,3,2,1,2023-01-06,2023-01-06,2023-01-09,633000.0,0.0,3.9,
40,1309,16,7,1,2023-01-06,2023-01-08,2023-01-10,27000.0,0.0,1.4,
41,943,4,6,2,2023-01-07,2023-01-07,2023-01-20,3290000.0,1099000.0,124.5,Problema en válvulas internas
42,637,9,9,2,2023-01-07,2023-01-10,2023-01-13,54200000.0,0.0,49.0,Problemas de mesa
43,366,11,6,2,2023-01-07,2023-01-09,2023-01-23,4372000.0,0.0,29.2,Sensor de flujo defectuoso
44,629,22,5,2,2023-01-08,2023-01-10,2023-01-14,0.0,0.0,43.7,Batería agotada
45,382,10,5,2,2023-01-08,2023-01-09,2023-01-15,211000.0,63000.0,21.3,Error de calibración
46,1710,10,1,2,2023-01-08,2023-01-11,2023-01-18,5870000.0,0.0,114.0,Pantalla sin respuesta
47,712,15,11,1,2023-01-09,2023-01-09,2023-01-12,50000.0,0.0,3.3,
48,926,2,4,1,2023-01-09,2023-01-09,2023-01-10,202000.0,0.0,1.7,
49,1376,17,4,2,2023-01-09,2023-01-12,2023-01-19,103000.0,0.0,59.6,Error de calibración
50,1257,17,4,1,2023-01-09,2023-01-11,2023-01-13,106000.0,0.0,6.1,
51,1511,20,8,1,2023-01-09,2023-01-09,2023-01-11,524000.0,0.0,5.6,
52,1353,15,10,1,2023-01-09,2023-01-11,2023-01-14,1611000.0,394000.0,4.7,
53,528,6,7,2,2023-01-09,2023-01-11,2023-01-13,245000.0,0.0,15.7,Software no registra
54,9,10,6,1,2023-01-09,2023-01-09,2023-01-10,859000.0,0.0,2.5,
55,531,19,10,2,2023-01-10,2023-01-11,2023-01-19,60000.0,0.0,103.5,Batería defectuosa
56,524,17,8,1,2023-01-10,2023-01-12,2023-01-14,1424000.0,449000.0,2.1,
57,122,12,2,1,2023-01-10,2023-01-12,2023-01-15,96000.0,0.0,7.1,
58,1764,22,1,2,2023-01-10,2023-01-10,2023-01-12,240000.0,0.0,21.0,Boquilla obstruida
59,1135,15,11,1,2023-01-10,2023-01-11,2023-01-14,65000.0,0.0,6.0,
60,1236,4,3,1,2023-01-10,2023-01-10,2023-01-12,94000.0,0.0,1.6,
61,575,16,4,2,2023-01-10,2023-01-12,2023-01-26,51000.0,0.0,52.3,Óptica sucia
62,847,12,6,1,2023-01-10,2023-01-11,2023-01-13,7000.0,0.0,4.3,
63,954,12,7,2,2023-01-10,2023-01-13,2023-01-19,169000.0,0.0,103.5,Puerta o clamp dañado
64,1472,19,10,1,2023-01-10,2023-01-11,2023-01-14,1075000.0,0.0,5.0,
65,1256,17,3,2,2023-01-10,2023-01-12,2023-01-19,188000.0,53000.0,18.5,Error de calibración
66,466,7,2,1,2023-01-10,2023-01-11,2023-01-13,376000.0,0.0,4.3,
67,730,20,4,1,2023-01-10,2023-01-10,2023-01-11,54000.0,0.0,3.0,
68,845,22,3,1,2023-01-11,2023-01-11,2023-01-13,211000.0,0.0,3.1,
69,1760,17,6,1,2023-01-11,2023-01-12,2023-01-15,297000.0,0.0,2.3,
70,72,6,12,1,2023-01-11,2023-01-11,2023-01-12,2045000.0,429000.0,1.1,
71,440,2,3,1,2023-01-11,2023-01-11,2023-01-13,39000.0,0.0,4.2,
72,1193,1,5,1,2023-01-11,2023-01-11,2023-01-12,86000.0,0.0,4.0,
73,1389,10,5,1,2023-01-11,2023-01-11,2023-01-13,7000.0,0.0,1.6,
74,324,13,7,1,2023-01-11,2023-01-13,2023-01-14,120000.0,0.0,7.7,
75,1155,24,3,1,2023-01-11,2023-01-12,2023-01-13,20000.0,2000.0,4.4,
76,1821,18,3,1,2023-01-11,2023-01-11,2023-01-14,11000.0,0.0,7.9,
77,1420,5,6,2,2023-01-11,2023-01-13,2023-01-15,305000.0,0.0,34.1,SpO₂ no detecta señal
78,337,1,2,2,2023-01-11,2023-01-11,2023-01-16,3082000.0,0.0,119.6,No enciende
79,498,17,2,2,2023-01-11,2023-01-11,2023-01-12,613000.0,0.0,11.6,NIBP no infla
80,1492,3,1,1,2023-01-11,2023-01-11,2023-01-14,124000.0,0.0,7.0,
81,485,1,3,1,2023-01-11,2023-01-12,2023-01-14,35000.0,2000.0,2.0,
82,688,1,6,1,2023-01-11,2023-01-13,2023-01-16,143000.0,0.0,4.9,
83,674,16,5,2,2023-01-12,2023-01-13,2023-01-18,7000.0,0.0,15.6,Tiras no reconocidas
84,1899,12,2,2,2023-01-12,2023-01-12,2023-01-17,1346000.0,0.0,41.9,Puerta o cúpula dañada
85,1467,18,10,1,2023-01-12,2023-01-13,2023-01-14,99000.0,17000.0,5.8,
86,1292,15,11,1,2023-01-12,2023-01-13,2023-01-16,1146000.0,0.0,6.5,
87,439,21,5,1,2023-01-12,2023-01-13,2023-01-15,95000.0,0.0,1.0,
88,1860,11,1,1,2023-01-12,2023-01-13,2023-01-15,27000.0,0.0,1.1,
89,173,3,3,2,2023-01-12,2023-01-12,2023-01-14,169000.0,0.0,40.6,Puerta o clamp dañado
90,1992,2,5,2,2023-01-12,2023-01-14,2023-01-15,144000.0,0.0,19.9,Temperatura errática
91,779,14,7,1,2023-01-12,2023-01-12,2023-01-15,71000.0,0.0,1.8,
92,914,13,9,1,2023-01-13,2023-01-15,2023-01-18,1066000.0,343000.0,6.3,
93,2000,21,2,1,2023-01-13,2023-01-15,2023-01-16,64000.0,0.0,6.3,
94,986,20,8,1,2023-01-13,2023-01-15,2023-01-17,375000.0,0.0,7.5,
95,1836,7,4,2,2023-01-13,2023-01-16,2023-01-21,145000.0,0.0,104.1,Teclado/pantalla defectuosa
96,503,3,12,1,2023-01-13,2023-01-13,2023-01-14,269000.0,0.0,4.4,
97,1248,12,5,2,2023-01-13,2023-01-15,2023-01-22,358000.0,107000.0,29.5,Sistema hidráulico con fuga
98,1304,16,12,1,2023-01-13,2023-01-14,2023-01-16,229000.0,0.0,1.7,
99,1743,5,5,1,2023-01-13,2023-01-15,2023-01-18,87000.0,8000.0,2.1,
100,406,10,2,1,2023-01-13,2023-01-14,2023-01-17,106000.0,0.0,5.8,
101,288,10,2,2,2023-01-14,2023-01-17,2023-01-27,366000.0,0.0,93.5,Baja intensidad lumínica
102,1082,21,4,2,2023-01-14,2023-01-17,2023-01-31,156000.0,0.0,110.4,No detecta línea
103,1284,9,12,2,2023-01-14,2023-01-16,2023-01-17,3403000.0,0.0,21.7,Error de reactivos
104,627,12,1,2,2023-01-14,2023-01-17,2023-01-21,185000.0,56000.0,92.1,Error de programación
105,1683,8,2,2,2023-01-15,2023-01-15,2023-01-30,301000.0,48000.0,123.8,Mecanismo de altura no funciona
106,1100,1,2,2,2023-01-16,2023-01-19,2023-01-21,44000.0,0.0,27.9,Óptica sucia
107,1894,18,4,2,2023-01-16,2023-01-18,2023-01-29,100000.0,30000.0,147.4,Audio distorsionado
108,1918,21,5,1,2023-01-16,2023-01-17,2023-01-20,66000.0,8000.0,4.0,
109,1979,8,5,1,2023-01-16,2023-01-18,2023-01-20,214000.0,0.0,6.3,
110,1578,20,8,1,2023-01-16,2023-01-18,2023-01-21,3325000.0,409000.0,2.6,
111,534,1,6,2,2023-01-16,2023-01-16,2023-01-30,477000.0,102000.0,57.8,SpO₂ no detecta señal
112,1977,10,4,1,2023-01-16,2023-01-16,2023-01-19,244000.0,0.0,5.8,
113,1903,1,6,1,2023-01-16,2023-01-18,2023-01-20,104000.0,0.0,7.0,
114,153,2,7,2,2023-01-16,2023-01-16,2023-01-24,521000.0,0.0,130.9,Lecturas erráticas
115,757,10,6,1,2023-01-16,2023-01-18,2023-01-19,76000.0,0.0,3.2,
116,739,1,1,1,2023-01-16,2023-01-18,2023-01-20,35000.0,0.0,3.2,
117,1679,3,12,1,2023-01-16,2023-01-17,2023-01-18,1317000.0,0.0,5.0,
118,1468,4,5,2,2023-01-17,2023-01-20,2023-01-29,204000.0,0.0,130.0,Alarma de oclusión
119,676,17,4,1,2023-01-17,2023-01-18,2023-01-19,125000.0,0.0,3.7,
120,1211,2,4,2,2023-01-17,2023-01-17,2023-01-27,149000.0,0.0,112.7,Alarmas inoperativas
121,336,22,2,1,2023-01-17,2023-01-19,2023-01-22,31000.0,0.0,7.5,
122,551,11,5,1,2023-01-17,2023-01-19,2023-01-21,138000.0,0.0,3.9,
123,1354,18,7,1,2023-01-17,2023-01-17,2023-01-18,244000.0,0.0,3.5,
124,1053,2,5,2,2023-01-17,2023-01-18,2023-02-01,301000.0,0.0,213.6,No enciende
125,1342,9,3,1,2023-01-17,2023-01-18,2023-01-21,110000.0,0.0,5.9,
126,843,24,4,1,2023-01-18,2023-01-18,2023-01-20,124000.0,0.0,3.2,
127,100,24,2,1,2023-01-18,2023-01-19,2023-01-20,89000.0,0.0,7.4,
128,1511,20,8,2,2023-01-18,2023-01-19,2023-01-20,546000.0,0.0,11.6,Pantalla defectuosa
129,143,6,2,2,2023-01-18,2023-01-20,2023-01-22,208000.0,62000.0,37.8,Alarmas defectuosas
130,1934,12,3,1,2023-01-18,2023-01-20,2023-01-22,188000.0,0.0,5.5,
131,1043,22,7,1,2023-01-18,2023-01-18,2023-01-19,12000.0,1000.0,5.4,
132,436,13,7,1,2023-01-18,2023-01-20,2023-01-21,143000.0,0.0,4.7,
133,346,2,6,1,2023-01-18,2023-01-18,2023-01-19,411000.0,0.0,5.9,
134,1689,4,6,1,2023-01-19,2023-01-21,2023-01-22,139000.0,0.0,2.5,
135,1022,19,11,2,2023-01-19,2023-01-19,2023-02-01,6243000.0,1869000.0,229.1,Imagen con artefactos
136,1786,24,7,1,2023-01-19,2023-01-21,2023-01-23,38000.0,0.0,6.1,
137,699,17,3,1,2023-01-19,2023-01-19,2023-01-21,10000.0,0.0,3.4,
138,1552,12,1,1,2023-01-19,2023-01-20,2023-01-22,108000.0,0.0,5.2,
139,114,7,7,2,2023-01-19,2023-01-21,2023-01-23,2047000.0,0.0,35.7,Falla de batería
140,1681,22,3,1,2023-01-19,2023-01-20,2023-01-21,99000.0,0.0,4.1,
141,1983,9,9,1,2023-01-19,2023-01-19,2023-01-22,3312000.0,0.0,1.9,
142,558,5,7,1,2023-01-20,2023-01-21,2023-01-22,241000.0,0.0,2.6,
143,1812,21,2,1,2023-01-20,2023-01-21,2023-01-24,10000.0,0.0,6.2,
144,1930,15,11,1,2023-01-20,2023-01-22,2023-01-25,50000.0,0.0,4.3,
145,354,10,1,1,2023-01-20,2023-01-21,2023-01-23,171000.0,0.0,6.7,
146,875,3,5,1,2023-01-20,2023-01-22,2023-01-24,23000.0,0.0,4.7,
147,768,9,7,1,2023-01-20,2023-01-22,2023-01-24,156000.0,0.0,1.9,
148,1034,4,12,2,2023-01-20,2023-01-20,2023-01-25,462000.0,0.0,84.0,Registro de temperatura incorrecto
149,1876,4,5,1,2023-01-20,2023-01-21,2023-01-24,149000.0,18000.0,1.2,
150,1594,11,4,1,2023-01-20,2023-01-21,2023-01-23,182000.0,0.0,2.0,
151,442,11,3,2,2023-01-20,2023-01-20,2023-01-24,330000.0,0.0,57.3,Colchón dañado
152,1805,5,2,1,2023-01-20,2023-01-22,2023-01-23,285000.0,0.0,1.9,
153,410,12,2,2,2023-01-20,2023-01-21,2023-01-28,1209000.0,0.0,27.4,Falla de ventilador
154,1687,7,2,1,2023-01-20,2023-01-22,2023-01-23,236000.0,0.0,3.4,
155,1174,14,5,1,2023-01-20,2023-01-20,2023-01-23,42000.0,0.0,1.8,
156,927,3,4,1,2023-01-20,2023-01-22,2023-01-25,89000.0,0.0,6.4,
157,435,8,3,2,2023-01-21,2023-01-24,2023-01-28,598000.0,0.0,14.0,Lecturas erráticas
158,1369,12,3,2,2023-01-22,2023-01-25,2023-02-02,156000.0,0.0,130.8,Impresora no imprime
159,1059,7,3,2,2023-01-22,2023-01-25,2023-01-29,3650000.0,0.0,88.5,Fuga en circuito
160,842,19,10,2,2023-01-23,2023-01-25,2023-01-28,1258000.0,0.0,9.3,Pieza de mano sin presión
161,1811,7,4,2,2023-01-23,2023-01-23,2023-02-05,148000.0,0.0,128.1,Puerta o clamp dañado
162,1949,4,8,1,2023-01-23,2023-01-24,2023-01-27,1402000.0,0.0,2.8,
163,1710,10,6,1,2023-01-23,2023-01-23,2023-01-25,2121000.0,0.0,4.9,
164,1439,1,7,1,2023-01-23,2023-01-25,2023-01-27,362000.0,0.0,1.8,
165,746,3,5,1,2023-01-23,2023-01-23,2023-01-25,173000.0,0.0,2.5,
166,884,9,1,1,2023-01-23,2023-01-23,2023-01-25,387000.0,0.0,2.5,
167,1751,9,5,1,2023-01-23,2023-01-23,2023-01-25,849000.0,0.0,4.6,
168,523,22,7,1,2023-01-23,2023-01-24,2023-01-27,9000.0,0.0,6.7,
169,223,15,11,1,2023-01-23,2023-01-25,2023-01-26,847000.0,0.0,3.8,
170,938,4,7,1,2023-01-23,2023-01-24,2023-01-26,107000.0,14000.0,2.0,
171,26,9,12,1,2023-01-24,2023-01-25,2023-01-27,407000.0,50000.0,4.1,
172,843,24,5,2,2023-01-24,2023-01-26,2023-01-27,119000.0,0.0,13.1,Sonda dañada
173,122,12,7,2,2023-01-24,2023-01-26,2023-02-03,166000.0,0.0,176.7,Caudal incorrecto
174,344,15,10,1,2023-01-24,2023-01-24,2023-01-25,1182000.0,0.0,1.1,
175,1288,17,3,1,2023-01-24,2023-01-24,2023-01-25,65000.0,0.0,1.5,
176,33,2,2,1,2023-01-24,2023-01-24,2023-01-27,43000.0,0.0,7.1,
177,1372,3,3,1,2023-01-24,2023-01-26,2023-01-27,128000.0,0.0,5.0,
178,1584,2,1,1,2023-01-24,2023-01-25,2023-01-27,2876000.0,0.0,7.6,
179,786,6,7,1,2023-01-24,2023-01-26,2023-01-28,118000.0,14000.0,6.8,
180,1053,2,5,1,2023-01-24,2023-01-24,2023-01-25,234000.0,0.0,4.5,
181,1751,3,3,2,2023-01-24,2023-01-26,2023-02-02,3584000.0,0.0,162.5,Problema en válvulas internas
182,483,7,7,1,2023-01-25,2023-01-25,2023-01-26,105000.0,0.0,7.7,
183,1947,11,6,2,2023-01-25,2023-01-27,2023-02-03,2834000.0,0.0,77.3,No enciende
184,65,22,4,1,2023-01-25,2023-01-27,2023-01-29,159000.0,0.0,2.8,
185,976,18,6,1,2023-01-25,2023-01-27,2023-01-30,29000.0,2000.0,7.5,
186,1817,20,6,2,2023-01-26,2023-01-28,2023-02-12,59000.0,0.0,67.1,No detecta latido
187,1613,21,7,1,2023-01-26,2023-01-28,2023-01-30,129000.0,0.0,3.3,
188,273,11,1,1,2023-01-26,2023-01-26,2023-01-27,8000.0,0.0,6.8,
189,1390,15,10,1,2023-01-26,2023-01-27,2023-01-29,112000.0,0.0,4.6,
190,1162,1,2,2,2023-01-26,2023-01-28,2023-02-01,133000.0,0.0,23.0,Error de calibración
191,1881,3,1,1,2023-01-26,2023-01-27,2023-01-28,27000.0,0.0,7.9,
192,866,12,7,1,2023-01-26,2023-01-28,2023-01-30,661000.0,0.0,6.1,
193,894,15,10,1,2023-01-26,2023-01-27,2023-01-28,2342000.0,223000.0,6.1,
194,1595,9,9,1,2023-01-26,2023-01-28,2023-01-29,1208000.0,0.0,1.4,
195,880,20,1,1,2023-01-27,2023-01-27,2023-01-29,104000.0,0.0,2.4,
196,1938,10,3,2,2023-01-27,2023-01-28,2023-02-12,399000.0,120000.0,15.8,NIBP no infla
197,153,2,7,2,2023-01-27,2023-01-28,2023-02-05,521000.0,0.0,136.4,NIBP no infla
198,1785,7,1,1,2023-01-27,2023-01-28,2023-01-29,116000.0,0.0,1.6,
199,1530,10,4,1,2023-01-27,2023-01-29,2023-01-30,451000.0,0.0,2.6,
200,1175,21,3,2,2023-01-27,2023-01-28,2023-01-31,28000.0,0.0,23.4,Pera dañada
201,1525,2,5,1,2023-01-27,2023-01-28,2023-01-31,149000.0,0.0,4.3,
202,335,10,5,1,2023-01-27,2023-01-27,2023-01-30,906000.0,103000.0,2.5,
203,1239,2,4,1,2023-01-27,2023-01-27,2023-01-28,108000.0,0.0,7.5,
204,1145,4,2,1,2023-01-27,2023-01-28,2023-01-31,27000.0,0.0,5.6,
205,1490,12,4,1,2023-01-27,2023-01-29,2023-01-30,1626000.0,692000.0,4.9,
206,1436,10,8,2,2023-01-28,2023-01-29,2023-02-11,2976000.0,0.0,126.1,Puertos dañados
207,1886,17,1,2,2023-01-28,2023-01-29,2023-02-06,348000.0,0.0,171.7,Lecturas erráticas
208,135,15,11,2,2023-01-28,2023-01-30,2023-02-03,2274000.0,0.0,88.0,Puerta no cierra
209,1349,10,5,1,2023-01-30,2023-01-30,2023-01-31,128000.0,0.0,2.1,
210,1937,1,1,1,2023-01-30,2023-01-30,2023-01-31,147000.0,0.0,6.2,
211,1212,20,4,1,2023-01-30,2023-01-30,2023-02-02,33000.0,0.0,2.8,
212,627,12,1,1,2023-01-31,2023-02-02,2023-02-03,99000.0,28000.0,2.2,
213,975,3,1,1,2023-01-31,2023-01-31,2023-02-03,16000.0,0.0,4.9,
214,752,4,2,1,2023-01-31,2023-02-02,2023-02-05,402000.0,0.0,5.5,
215,177,17,6,1,2023-01-31,2023-02-01,2023-02-02,138000.0,0.0,4.8,
216,578,8,4,1,2023-01-31,2023-02-01,2023-02-02,203000.0,0.0,1.2,
217,185,8,2,1,2023-01-31,2023-02-01,2023-02-04,192000.0,0.0,1.1,
218,1127,10,2,1,2023-01-31,2023-01-31,2023-02-03,292000.0,0.0,5.4,
219,1628,22,7,1,2023-02-01,2023-02-03,2023-02-04,31000.0,0.0,1.3,
220,96,21,6,1,2023-02-01,2023-02-03,2023-02-05,751000.0,0.0,7.6,
221,1751,9,1,2,2023-02-01,2023-02-03,2023-02-09,3388000.0,0.0,75.9,Sensor defectuoso
222,706,21,3,1,2023-02-01,2023-02-02,2023-02-05,20000.0,2000.0,5.2,
223,958,4,1,1,2023-02-01,2023-02-01,2023-02-04,2061000.0,0.0,7.1,
224,1529,21,3,1,2023-02-01,2023-02-02,2023-02-05,181000.0,35000.0,5.8,
225,1012,3,6,1,2023-02-02,2023-02-02,2023-02-04,193000.0,0.0,6.8,
226,1954,7,7,1,2023-02-02,2023-02-02,2023-02-05,113000.0,0.0,5.0,
227,1151,2,2,2,2023-02-02,2023-02-03,2023-02-11,3705000.0,1276000.0,189.7,Problema en válvulas internas
228,1929,10,9,2,2023-02-02,2023-02-05,2023-02-14,1601000.0,0.0,15.3,Pantalla defectuosa
229,1055,5,1,2,2023-02-02,2023-02-03,2023-02-13,16000.0,0.0,59.9,Lectura errática
230,529,3,4,2,2023-02-02,2023-02-04,2023-02-12,113000.0,0.0,70.0,Pantalla dañada
231,1474,13,3,1,2023-02-02,2023-02-02,2023-02-05,33000.0,0.0,3.2,
232,1086,12,3,1,2023-02-02,2023-02-03,2023-02-05,105000.0,0.0,2.3,
233,1321,18,10,2,2023-02-02,2023-02-02,2023-02-09,525000.0,0.0,72.4,Motor falla
234,37,4,6,1,2023-02-02,2023-02-03,2023-02-05,430000.0,0.0,7.8,
235,1205,10,1,1,2023-02-02,2023-02-02,2023-02-04,566000.0,0.0,7.7,
236,610,9,5,1,2023-02-02,2023-02-03,2023-02-04,32000.0,0.0,2.0,
237,1895,18,4,1,2023-02-02,2023-02-03,2023-02-04,197000.0,0.0,4.4,
238,878,9,6,2,2023-02-02,2023-02-03,2023-02-16,0.0,0.0,167.6,NIBP no infla
239,1672,21,3,2,2023-02-02,2023-02-05,2023-02-14,28000.0,0.0,155.2,Válvula defectuosa
240,1175,21,6,1,2023-02-02,2023-02-04,2023-02-06,54000.0,0.0,7.8,
241,1315,14,12,1,2023-02-02,2023-02-03,2023-02-04,339000.0,0.0,2.2,
242,1195,3,5,1,2023-02-03,2023-02-05,2023-02-06,125000.0,0.0,2.3,
243,451,15,10,1,2023-02-03,2023-02-03,2023-02-06,64000.0,0.0,6.5,
244,228,12,5,1,2023-02-03,2023-02-03,2023-02-06,1508000.0,0.0,7.5,
245,1241,24,7,1,2023-02-03,2023-02-05,2023-02-06,14000.0,0.0,3.0,
246,1523,12,5,1,2023-02-03,2023-02-03,2023-02-05,122000.0,0.0,4.5,
247,499,6,5,2,2023-02-04,2023-02-04,2023-02-05,287000.0,0.0,10.4,Batería agotada
248,1634,15,11,2,2023-02-04,2023-02-05,2023-02-15,2769000.0,704000.0,14.6,Boquillas obstruidas
249,1654,3,1,2,2023-02-04,2023-02-06,2023-02-20,479000.0,98000.0,176.8,Mecanismo de altura no funciona
250,371,5,4,2,2023-02-04,2023-02-07,2023-02-17,152000.0,0.0,22.4,Falla de presión NIBP
251,1079,12,7,2,2023-02-05,2023-02-07,2023-02-21,376000.0,0.0,44.4,NIBP no infla
252,1724,4,2,2,2023-02-05,2023-02-06,2023-02-17,300000.0,0.0,117.6,Electrodos/cables dañados
253,1438,7,5,2,2023-02-05,2023-02-06,2023-02-20,215000.0,0.0,43.8,Alarma de oclusión
254,1842,17,1,2,2023-02-05,2023-02-07,2023-02-09,2509000.0,0.0,46.3,Fuga en circuito
255,372,1,5,1,2023-02-06,2023-02-07,2023-02-10,37000.0,0.0,1.4,
256,1430,12,1,1,2023-02-06,2023-02-07,2023-02-10,210000.0,0.0,3.4,
257,543,22,12,1,2023-02-06,2023-02-08,2023-02-10,157000.0,0.0,1.6,
258,1630,9,7,1,2023-02-06,2023-02-07,2023-02-09,2444000.0,863000.0,1.2,
259,1608,11,3,1,2023-02-06,2023-02-07,2023-02-09,70000.0,0.0,3.3,
260,1121,3,7,1,2023-02-06,2023-02-08,2023-02-11,290000.0,41000.0,1.1,
261,1526,13,4,1,2023-02-06,2023-02-07,2023-02-10,293000.0,0.0,7.2,
262,1426,22,1,2,2023-02-06,2023-02-06,2023-02-16,16000.0,0.0,186.6,Lectura incorrecta
263,296,4,3,2,2023-02-06,2023-02-06,2023-02-09,489000.0,0.0,66.8,Cables de paciente defectuosos
264,1985,11,5,2,2023-02-06,2023-02-07,2023-02-21,179000.0,0.0,10.8,Pantalla defectuosa
265,1862,15,11,1,2023-02-06,2023-02-06,2023-02-07,66000.0,0.0,7.6,
266,1505,17,6,1,2023-02-06,2023-02-06,2023-02-08,65000.0,0.0,3.4,
267,1436,10,9,2,2023-02-06,2023-02-07,2023-02-16,2998000.0,0.0,33.4,Congelamiento del software
268,963,7,6,1,2023-02-06,2023-02-07,2023-02-10,194000.0,0.0,6.0,
269,435,8,5,2,2023-02-06,2023-02-09,2023-02-13,598000.0,0.0,46.5,NIBP no infla
270,886,22,3,2,2023-02-07,2023-02-10,2023-02-13,329000.0,0.0,68.2,Alarmas defectuosas
271,977,1,4,1,2023-02-07,2023-02-09,2023-02-12,2268000.0,0.0,3.3,
272,1688,3,6,2,2023-02-07,2023-02-07,2023-02-12,118000.0,0.0,88.4,Alarmas inoperativas
273,520,10,4,1,2023-02-07,2023-02-08,2023-02-11,770000.0,236000.0,5.5,
274,174,3,6,1,2023-02-07,2023-02-07,2023-02-09,131000.0,63000.0,2.2,
275,1852,12,12,1,2023-02-07,2023-02-09,2023-02-11,290000.0,0.0,7.2,
276,1672,21,3,1,2023-02-07,2023-02-09,2023-02-10,70000.0,0.0,6.7,
277,1933,12,3,1,2023-02-07,2023-02-08,2023-02-09,1080000.0,0.0,3.3,
278,114,7,3,2,2023-02-07,2023-02-07,2023-02-21,2332000.0,0.0,51.2,No enciende
279,1161,1,4,2,2023-02-07,2023-02-08,2023-02-20,120000.0,36000.0,215.4,Pantalla dañada
280,117,1,1,1,2023-02-07,2023-02-09,2023-02-10,101000.0,0.0,6.2,
281,139,12,3,1,2023-02-07,2023-02-09,2023-02-11,195000.0,0.0,3.2,
282,864,1,9,1,2023-02-07,2023-02-08,2023-02-10,37958000.0,0.0,2.5,
283,124,12,2,1,2023-02-07,2023-02-07,2023-02-10,64000.0,0.0,1.7,
284,140,20,8,1,2023-02-08,2023-02-09,2023-02-12,1280000.0,0.0,5.1,
285,371,5,6,1,2023-02-08,2023-02-10,2023-02-11,144000.0,0.0,4.5,
286,1819,2,3,2,2023-02-08,2023-02-10,2023-02-16,161000.0,0.0,107.3,Batería dañada
287,277,2,6,1,2023-02-08,2023-02-09,2023-02-10,110000.0,9000.0,5.1,
288,688,1,1,2,2023-02-08,2023-02-08,2023-02-11,169000.0,0.0,44.1,No detecta línea
289,214,9,8,2,2023-02-08,2023-02-10,2023-02-15,3104000.0,0.0,92.3,Puertos dañados
290,666,3,3,2,2023-02-08,2023-02-08,2023-02-23,510000.0,0.0,140.1,SpO₂ no detecta señal
291,1794,8,7,1,2023-02-08,2023-02-10,2023-02-13,124000.0,0.0,4.5,
292,890,12,1,2,2023-02-08,2023-02-09,2023-02-19,64000.0,0.0,71.3,Batería agotada
293,196,3,3,1,2023-02-08,2023-02-09,2023-02-12,32000.0,0.0,7.1,
294,1900,19,6,2,2023-02-08,2023-02-09,2023-02-17,18000.0,5000.0,151.5,Fuga en brazalete
295,208,14,12,1,2023-02-08,2023-02-08,2023-02-09,61000.0,8000.0,7.5,
296,1621,6,2,1,2023-02-08,2023-02-10,2023-02-11,337000.0,0.0,3.6,
297,1012,3,7,2,2023-02-08,2023-02-08,2023-02-14,232000.0,0.0,115.6,Error de programación
298,1283,2,1,1,2023-02-08,2023-02-09,2023-02-10,42000.0,0.0,4.9,
299,1215,2,6,1,2023-02-09,2023-02-09,2023-02-12,130000.0,0.0,2.5,
300,588,2,6,1,2023-02-09,2023-02-10,2023-02-13,1106000.0,0.0,4.4,
301,407,17,8,2,2023-02-09,2023-02-10,2023-02-15,1657000.0,0.0,104.0,Congelamiento del software
302,1650,4,7,1,2023-02-09,2023-02-10,2023-02-12,174000.0,0.0,7.6,
303,794,3,4,1,2023-02-09,2023-02-10,2023-02-12,232000.0,81000.0,5.7,
304,622,1,4,1,2023-02-09,2023-02-10,2023-02-13,274000.0,30000.0,7.7,
305,874,11,6,1,2023-02-09,2023-02-10,2023-02-13,239000.0,0.0,3.8,
306,915,11,2,1,2023-02-09,2023-02-10,2023-02-13,36000.0,0.0,6.9,
307,366,11,3,1,2023-02-09,2023-02-11,2023-02-14,2375000.0,0.0,5.5,
308,1518,8,6,1,2023-02-10,2023-02-12,2023-02-14,222000.0,0.0,3.7,
309,714,1,6,1,2023-02-10,2023-02-10,2023-02-13,88000.0,18000.0,7.1,
310,1567,18,10,1,2023-02-10,2023-02-12,2023-02-15,94000.0,0.0,5.9,
311,1508,2,6,1,2023-02-10,2023-02-10,2023-02-12,447000.0,0.0,7.6,
312,270,11,5,1,2023-02-10,2023-02-12,2023-02-14,25000.0,0.0,1.4,
313,1024,17,2,1,2023-02-10,2023-02-10,2023-02-13,124000.0,19000.0,4.0,
314,306,3,3,1,2023-02-10,2023-02-12,2023-02-15,133000.0,26000.0,1.5,
315,1287,21,6,1,2023-02-10,2023-02-11,2023-02-14,104000.0,0.0,2.8,
316,705,17,4,2,2023-02-10,2023-02-13,2023-02-25,67000.0,20000.0,100.5,Display defectuoso
317,696,1,3,1,2023-02-10,2023-02-12,2023-02-14,87000.0,0.0,1.3,
318,1806,2,3,2,2023-02-12,2023-02-14,2023-02-17,162000.0,0.0,40.4,Batería dañada
319,1284,9,12,1,2023-02-13,2023-02-13,2023-02-15,1957000.0,0.0,1.1,
320,1291,17,7,1,2023-02-13,2023-02-14,2023-02-15,172000.0,0.0,3.2,
321,1830,11,6,2,2023-02-13,2023-02-16,2023-02-26,815000.0,0.0,92.8,Falla de control
322,1282,16,4,1,2023-02-13,2023-02-14,2023-02-17,170000.0,0.0,7.0,
323,1270,4,2,1,2023-02-13,2023-02-14,2023-02-16,132000.0,0.0,2.9,
324,46,11,4,2,2023-02-13,2023-02-15,2023-02-25,474000.0,121000.0,63.2,Colchón dañado
325,761,15,10,1,2023-02-13,2023-02-14,2023-02-15,39000.0,23000.0,7.5,
326,18,7,2,1,2023-02-13,2023-02-15,2023-02-18,98000.0,16000.0,2.2,
327,27,12,7,1,2023-02-13,2023-02-13,2023-02-14,811000.0,0.0,4.0,
328,1292,15,11,2,2023-02-13,2023-02-15,2023-02-18,1896000.0,0.0,14.2,Falla de resistencia
329,5,7,7,1,2023-02-13,2023-02-14,2023-02-15,146000.0,0.0,3.0,
330,1025,21,7,1,2023-02-13,2023-02-13,2023-02-14,91000.0,0.0,2.6,
331,1057,5,7,1,2023-02-14,2023-02-16,2023-02-17,21000.0,0.0,3.0,
332,242,4,3,2,2023-02-14,2023-02-15,2023-02-21,168000.0,0.0,53.8,Puerta o clamp dañado
333,1738,9,4,1,2023-02-14,2023-02-16,2023-02-18,117000.0,0.0,1.9,
334,1837,21,7,1,2023-02-14,2023-02-16,2023-02-19,90000.0,0.0,2.4,
335,1890,2,6,1,2023-02-14,2023-02-15,2023-02-17,193000.0,24000.0,3.3,
336,1751,9,5,2,2023-02-14,2023-02-14,2023-02-16,3105000.0,0.0,37.0,Falla de pantalla
337,351,17,6,1,2023-02-15,2023-02-17,2023-02-19,2647000.0,0.0,7.0,
338,763,15,11,1,2023-02-15,2023-02-16,2023-02-17,59000.0,0.0,1.1,
339,1668,15,10,1,2023-02-15,2023-02-15,2023-02-17,50000.0,0.0,7.1,
340,1886,17,6,1,2023-02-15,2023-02-15,2023-02-17,258000.0,0.0,1.1,
341,1645,17,6,1,2023-02-15,2023-02-15,2023-02-18,285000.0,44000.0,2.8,
342,1323,21,7,2,2023-02-15,2023-02-15,2023-03-02,1637000.0,0.0,13.0,Problema en válvulas internas
343,1758,11,2,2,2023-02-15,2023-02-16,2023-02-18,183000.0,0.0,32.8,Alarma de oclusión
344,1507,4,4,1,2023-02-15,2023-02-15,2023-02-16,1873000.0,0.0,1.9,
345,1473,4,4,1,2023-02-15,2023-02-17,2023-02-18,124000.0,17000.0,5.3,
346,1097,21,3,1,2023-02-16,2023-02-18,2023-02-20,271000.0,34000.0,4.4,
347,1773,2,4,2,2023-02-16,2023-02-17,2023-02-18,122000.0,0.0,17.1,Puerta o clamp dañado
348,572,21,6,2,2023-02-16,2023-02-19,2023-03-06,23000.0,0.0,220.0,Válvula defectuosa
349,509,12,1,1,2023-02-16,2023-02-18,2023-02-20,132000.0,0.0,7.2,
350,1459,11,1,1,2023-02-16,2023-02-17,2023-02-18,917000.0,0.0,1.6,
351,1953,5,1,2,2023-02-16,2023-02-16,2023-03-01,25000.0,0.0,149.4,Manómetro descalibrado
352,311,21,1,1,2023-02-16,2023-02-17,2023-02-20,136000.0,0.0,6.7,
353,479,21,5,1,2023-02-16,2023-02-18,2023-02-21,314000.0,0.0,3.4,
354,1380,6,5,1,2023-02-16,2023-02-17,2023-02-20,70000.0,0.0,1.8,
355,1019,5,2,1,2023-02-17,2023-02-19,2023-02-21,7000.0,0.0,2.8,
356,1866,7,3,1,2023-02-17,2023-02-19,2023-02-21,622000.0,0.0,3.1,
357,784,1,4,1,2023-02-17,2023-02-19,2023-02-20,153000.0,0.0,1.3,
358,1039,17,6,1,2023-02-17,2023-02-18,2023-02-20,244000.0,0.0,4.1,
359,289,3,7,1,2023-02-17,2023-02-17,2023-02-20,201000.0,54000.0,1.9,
360,1710,10,4,2,2023-02-17,2023-02-18,2023-02-27,5870000.0,0.0,95.6,Alarma de presión
361,1699,11,6,2,2023-02-17,2023-02-20,2023-03-03,144000.0,0.0,147.5,Alarmas inoperativas
362,1836,7,3,1,2023-02-17,2023-02-19,2023-02-20,142000.0,0.0,4.5,
363,1847,10,7,1,2023-02-17,2023-02-19,2023-02-20,120000.0,0.0,2.9,
364,581,21,5,1,2023-02-17,2023-02-17,2023-02-20,106000.0,0.0,5.0,
365,1195,3,2,2,2023-02-17,2023-02-18,2023-02-22,181000.0,0.0,44.5,Teclado/pantalla defectuosa
366,1324,9,7,2,2023-02-18,2023-02-19,2023-02-23,1574000.0,0.0,12.1,Fuga en circuito
367,169,8,2,2,2023-02-19,2023-02-19,2023-02-28,0.0,0.0,59.6,SpO₂ no detecta señal
368,1908,10,4,2,2023-02-19,2023-02-19,2023-02-20,488000.0,146000.0,10.1,Pantalla sin imagen
369,1159,17,5,1,2023-02-20,2023-02-21,2023-02-23,82000.0,0.0,5.6,
370,894,15,10,2,2023-02-20,2023-02-23,2023-03-01,3068000.0,777000.0,142.2,Puerta no sella
371,1112,4,6,2,2023-02-20,2023-02-20,2023-02-27,137000.0,0.0,166.6,Alarmas inoperativas
372,51,20,8,1,2023-02-20,2023-02-20,2023-02-21,1589000.0,0.0,4.8,
373,1010,11,1,1,2023-02-20,2023-02-22,2023-02-25,120000.0,15000.0,6.5,
374,1720,17,4,1,2023-02-20,2023-02-20,2023-02-22,89000.0,9000.0,2.1,
375,1565,24,7,1,2023-02-21,2023-02-23,2023-02-24,224000.0,83000.0,1.6,
376,157,22,3,2,2023-02-21,2023-02-22,2023-03-05,11000.0,0.0,122.9,Tiempo de medición excesivo
377,1548,6,1,1,2023-02-21,2023-02-23,2023-02-24,364000.0,0.0,4.8,
378,238,21,2,1,2023-02-21,2023-02-23,2023-02-25,79000.0,0.0,7.9,
379,542,16,2,1,2023-02-21,2023-02-22,2023-02-24,298000.0,0.0,4.9,
380,857,1,6,1,2023-02-21,2023-02-21,2023-02-24,3098000.0,0.0,6.3,
381,1461,6,7,1,2023-02-21,2023-02-21,2023-02-23,128000.0,0.0,1.5,
382,217,5,2,2,2023-02-21,2023-02-23,2023-03-06,122000.0,0.0,149.9,Batería defectuosa
383,374,15,11,2,2023-02-22,2023-02-25,2023-02-27,2710000.0,0.0,38.4,Fuga de vapor
384,1464,1,9,1,2023-02-22,2023-02-22,2023-02-24,1270000.0,0.0,6.0,
385,1180,7,7,1,2023-02-22,2023-02-23,2023-02-24,76000.0,0.0,2.2,
386,1770,22,3,1,2023-02-22,2023-02-23,2023-02-24,245000.0,0.0,6.6,
387,766,22,4,1,2023-02-22,2023-02-22,2023-02-24,252000.0,60000.0,5.3,
388,921,3,4,1,2023-02-22,2023-02-22,2023-02-25,346000.0,0.0,7.5,
389,297,9,8,1,2023-02-22,2023-02-22,2023-02-24,12822000.0,7696000.0,2.8,
390,1358,6,7,1,2023-02-22,2023-02-24,2023-02-25,92000.0,0.0,3.1,
391,1676,1,6,1,2023-02-22,2023-02-22,2023-02-24,1713000.0,0.0,5.4,
392,606,18,10,1,2023-02-22,2023-02-24,2023-02-25,70000.0,0.0,4.2,
393,458,12,2,1,2023-02-22,2023-02-22,2023-02-23,962000.0,0.0,3.1,
394,1317,10,1,2,2023-02-23,2023-02-25,2023-02-27,266000.0,51000.0,42.7,Irradiancia fuera de rango
395,1774,20,9,1,2023-02-23,2023-02-24,2023-02-27,267000.0,0.0,5.8,
396,1181,11,4,1,2023-02-23,2023-02-25,2023-02-27,181000.0,0.0,3.9,
397,1478,10,2,1,2023-02-23,2023-02-24,2023-02-27,50000.0,0.0,3.4,
398,1469,13,5,1,2023-02-23,2023-02-25,2023-02-26,22000.0,0.0,3.0,
399,569,1,5,2,2023-02-23,2023-02-26,2023-03-02,180000.0,0.0,50.1,Caudal incorrecto
400,127,12,7,1,2023-02-23,2023-02-24,2023-02-26,114000.0,0.0,4.2,
401,382,10,3,1,2023-02-23,2023-02-23,2023-02-24,166000.0,16000.0,3.7,
402,141,4,6,2,2023-02-23,2023-02-24,2023-02-27,132000.0,0.0,20.8,No detecta línea
403,658,10,6,2,2023-02-23,2023-02-26,2023-02-28,807000.0,242000.0,16.3,Puerta o cúpula dañada
404,468,12,4,1,2023-02-23,2023-02-24,2023-02-25,134000.0,0.0,6.9,
405,1571,2,5,2,2023-02-23,2023-02-23,2023-03-10,96000.0,0.0,101.6,Teclado/pantalla defectuosa
406,1806,2,7,2,2023-02-23,2023-02-24,2023-03-10,162000.0,0.0,135.7,Error de calibración
407,778,12,1,1,2023-02-23,2023-02-24,2023-02-26,255000.0,0.0,2.4,
408,1509,21,1,1,2023-02-23,2023-02-24,2023-02-26,249000.0,0.0,2.1,
409,1953,5,1,2,2023-02-24,2023-02-26,2023-03-06,25000.0,0.0,40.6,Lectura incorrecta
410,677,9,1,1,2023-02-24,2023-02-26,2023-03-01,95000.0,11000.0,5.7,
411,1367,10,6,1,2023-02-24,2023-02-25,2023-02-28,291000.0,0.0,3.6,
412,1510,11,6,1,2023-02-24,2023-02-24,2023-02-27,293000.0,29000.0,5.3,
413,1838,3,4,1,2023-02-24,2023-02-25,2023-02-26,36000.0,0.0,1.6,
414,385,5,2,1,2023-02-24,2023-02-25,2023-02-27,87000.0,0.0,8.0,
415,1510,11,7,2,2023-02-24,2023-02-25,2023-03-07,368000.0,110000.0,152.8,Lecturas erráticas
416,855,18,2,1,2023-02-24,2023-02-25,2023-02-27,101000.0,0.0,3.0,
417,303,20,1,1,2023-02-24,2023-02-26,2023-02-28,411000.0,0.0,5.9,
418,1562,18,10,1,2023-02-24,2023-02-24,2023-02-26,166000.0,0.0,3.5,
419,840,12,3,1,2023-02-24,2023-02-25,2023-02-28,837000.0,0.0,6.2,
420,1156,1,4,2,2023-02-25,2023-02-26,2023-03-10,0.0,0.0,90.7,Lente sucio o rayado
421,1637,9,7,2,2023-02-25,2023-02-26,2023-03-02,2229000.0,0.0,37.7,Fuga en circuito
422,927,3,2,2,2023-02-25,2023-02-27,2023-03-14,155000.0,0.0,102.2,Error de calibración
423,1573,2,5,2,2023-02-25,2023-02-27,2023-03-14,2191000.0,0.0,202.9,Fuga en circuito
424,617,9,9,2,2023-02-25,2023-02-27,2023-02-28,4175000.0,0.0,19.8,Problema de comunicación con estación
425,1510,11,6,2,2023-02-25,2023-02-27,2023-03-09,368000.0,110000.0,80.7,SpO₂ no detecta señal
426,470,8,5,2,2023-02-26,2023-02-28,2023-03-04,6000.0,2000.0,11.0,Lectura errática
427,64,12,7,2,2023-02-26,2023-02-27,2023-03-06,176000.0,0.0,111.6,Puerta o clamp dañado
428,449,3,5,2,2023-02-26,2023-03-01,2023-03-02,1914000.0,0.0,19.8,Problema en válvulas internas
429,410,12,5,2,2023-02-27,2023-03-02,2023-03-11,1209000.0,0.0,74.6,Temperatura inestable
430,1375,22,1,1,2023-02-27,2023-03-01,2023-03-04,104000.0,0.0,2.4,
431,1672,21,5,2,2023-02-27,2023-03-01,2023-03-11,28000.0,0.0,61.0,Válvula defectuosa
432,295,1,4,1,2023-02-27,2023-02-27,2023-03-02,281000.0,0.0,4.8,
433,337,1,4,1,2023-02-28,2023-03-02,2023-03-03,710000.0,0.0,3.2,
434,155,8,2,1,2023-02-28,2023-03-02,2023-03-04,131000.0,0.0,6.7,
435,1690,17,1,1,2023-02-28,2023-03-02,2023-03-05,127000.0,0.0,5.5,
436,999,9,5,2,2023-02-28,2023-02-28,2023-03-07,210000.0,0.0,64.2,Puerta o clamp dañado
437,1055,5,6,1,2023-02-28,2023-02-28,2023-03-02,39000.0,0.0,6.4,
438,1213,20,5,1,2023-02-28,2023-02-28,2023-03-02,59000.0,9000.0,4.2,
439,576,22,4,1,2023-02-28,2023-03-02,2023-03-05,298000.0,0.0,7.5,
440,591,9,4,1,2023-02-28,2023-02-28,2023-03-02,304000.0,0.0,5.9,
441,1731,5,2,2,2023-02-28,2023-03-02,2023-03-15,226000.0,0.0,251.0,No enciende
442,1306,3,7,1,2023-03-01,2023-03-01,2023-03-04,294000.0,0.0,5.3,
443,1984,20,9,2,2023-03-01,2023-03-04,2023-03-05,0.0,0.0,20.2,Imagen borrosa
444,1096,4,5,1,2023-03-01,2023-03-03,2023-03-05,92000.0,0.0,2.4,
445,1869,16,4,1,2023-03-01,2023-03-01,2023-03-02,71000.0,0.0,4.3,
446,751,12,6,2,2023-03-01,2023-03-04,2023-03-07,1506000.0,0.0,41.6,Puerta o cúpula dañada
447,1247,9,4,1,2023-03-01,2023-03-01,2023-03-03,98000.0,0.0,6.4,
448,1547,8,3,1,2023-03-01,2023-03-02,2023-03-04,41000.0,0.0,2.3,
449,1717,5,2,2,2023-03-01,2023-03-03,2023-03-11,178000.0,0.0,130.8,Batería defectuosa
450,1144,7,5,1,2023-03-02,2023-03-04,2023-03-06,195000.0,0.0,6.0,
451,482,19,11,1,2023-03-02,2023-03-02,2023-03-04,52000.0,0.0,2.6,
452,366,11,5,2,2023-03-02,2023-03-05,2023-03-18,4340000.0,0.0,262.6,Fuga en circuito
453,1462,2,4,2,2023-03-02,2023-03-04,2023-03-11,468000.0,0.0,67.4,Lecturas erráticas
454,1391,4,3,1,2023-03-02,2023-03-03,2023-03-05,50000.0,0.0,2.3,
455,262,15,10,1,2023-03-02,2023-03-03,2023-03-06,1125000.0,0.0,3.5,
456,868,1,7,1,2023-03-02,2023-03-03,2023-03-06,41000.0,0.0,3.2,
457,867,10,4,2,2023-03-02,2023-03-03,2023-03-04,131000.0,0.0,22.0,Teclado/pantalla defectuosa
458,1865,12,5,2,2023-03-02,2023-03-02,2023-03-05,387000.0,0.0,57.9,SpO₂ no detecta señal
459,1929,9,8,2,2023-03-02,2023-03-02,2023-03-04,1601000.0,0.0,13.2,Congelamiento del software
460,1404,9,6,1,2023-03-02,2023-03-02,2023-03-05,194000.0,0.0,3.1,
461,1715,4,5,1,2023-03-02,2023-03-03,2023-03-05,209000.0,0.0,2.1,
462,126,13,4,1,2023-03-03,2023-03-03,2023-03-04,32000.0,0.0,7.4,
463,1122,13,4,1,2023-03-03,2023-03-04,2023-03-07,295000.0,0.0,6.8,
464,1297,9,4,2,2023-03-03,2023-03-03,2023-03-11,2588000.0,0.0,123.8,Fuga en circuito
465,108,15,10,1,2023-03-03,2023-03-04,2023-03-07,1954000.0,0.0,4.4,
466,1665,5,1,2,2023-03-03,2023-03-05,2023-03-11,579000.0,174000.0,97.9,Lecturas erráticas
467,410,12,6,2,2023-03-03,2023-03-06,2023-03-10,1209000.0,0.0,84.3,Puerta o cúpula dañada
468,850,4,7,1,2023-03-03,2023-03-04,2023-03-06,413000.0,0.0,2.6,
469,1777,1,1,1,2023-03-03,2023-03-03,2023-03-04,316000.0,29000.0,5.7,
470,407,17,9,1,2023-03-03,2023-03-03,2023-03-06,799000.0,0.0,6.0,
471,135,15,10,2,2023-03-04,2023-03-06,2023-03-21,2274000.0,0.0,168.6,Puerta no cierra
472,317,17,3,2,2023-03-04,2023-03-06,2023-03-14,476000.0,143000.0,152.6,Módulo ECG dañado
473,1617,15,10,2,2023-03-05,2023-03-07,2023-03-13,1677000.0,503000.0,74.5,Puerta no sella
474,50,5,1,1,2023-03-06,2023-03-07,2023-03-09,218000.0,0.0,4.0,
475,1406,15,10,2,2023-03-06,2023-03-08,2023-03-19,3337000.0,0.0,116.0,Falla de resistencia
476,876,2,7,2,2023-03-06,2023-03-07,2023-03-11,401000.0,0.0,15.0,Sistema hidráulico con fuga
477,947,12,5,1,2023-03-06,2023-03-07,2023-03-08,198000.0,0.0,7.2,
478,1077,4,6,2,2023-03-06,2023-03-06,2023-03-12,606000.0,182000.0,31.8,Descarga fallida
479,810,15,11,1,2023-03-06,2023-03-06,2023-03-08,111000.0,0.0,2.1,
480,490,1,2,1,2023-03-06,2023-03-08,2023-03-10,146000.0,0.0,2.7,
481,67,1,8,2,2023-03-06,2023-03-08,2023-03-09,2189000.0,0.0,14.9,Imagen con ruido
482,1295,11,1,1,2023-03-07,2023-03-07,2023-03-09,132000.0,0.0,2.6,
483,1763,6,12,1,2023-03-07,2023-03-09,2023-03-11,1669000.0,0.0,5.3,
484,1115,18,10,1,2023-03-07,2023-03-07,2023-03-10,147000.0,38000.0,5.5,
485,64,12,3,1,2023-03-07,2023-03-09,2023-03-11,92000.0,0.0,1.5,
486,1300,24,4,1,2023-03-07,2023-03-07,2023-03-08,221000.0,0.0,3.0,
487,141,4,3,2,2023-03-07,2023-03-08,2023-03-17,132000.0,0.0,33.3,Batería dañada
488,1038,7,3,1,2023-03-07,2023-03-07,2023-03-10,183000.0,0.0,6.2,
489,170,12,6,2,2023-03-07,2023-03-08,2023-03-21,562000.0,0.0,34.7,Batería agotada
490,825,22,5,1,2023-03-07,2023-03-09,2023-03-12,201000.0,60000.0,2.8,
491,1510,11,1,2,2023-03-07,2023-03-09,2023-03-11,368000.0,110000.0,36.4,No enciende
492,860,11,6,1,2023-03-08,2023-03-09,2023-03-10,149000.0,0.0,3.8,
493,1172,7,4,1,2023-03-08,2023-03-10,2023-03-13,3000.0,0.0,4.0,
494,1487,2,6,1,2023-03-08,2023-03-08,2023-03-09,99000.0,0.0,3.5,
495,1961,10,6,2,2023-03-08,2023-03-09,2023-03-23,4254000.0,0.0,62.0,Problema en ventilador integrado
496,1873,22,1,1,2023-03-08,2023-03-08,2023-03-10,46000.0,0.0,2.9,
497,381,12,2,2,2023-03-08,2023-03-08,2023-03-18,4192000.0,0.0,213.7,Fuga en circuito
498,1179,4,7,1,2023-03-08,2023-03-08,2023-03-11,10000.0,0.0,7.1,
499,516,7,6,1,2023-03-08,2023-03-08,2023-03-10,72000.0,0.0,1.9,
500,1402,6,1,2,2023-03-09,2023-03-09,2023-03-10,370000.0,88000.0,19.8,Alarmas defectuosas
501,1037,9,7,2,2023-03-09,2023-03-12,2023-03-17,3184000.0,696000.0,94.3,Fuga de gases
502,674,16,5,1,2023-03-09,2023-03-11,2023-03-13,8000.0,0.0,1.3,
503,288,10,4,1,2023-03-09,2023-03-09,2023-03-11,205000.0,0.0,2.3,
504,787,1,7,1,2023-03-09,2023-03-11,2023-03-14,264000.0,65000.0,5.8,
505,1471,4,6,1,2023-03-10,2023-03-10,2023-03-12,43000.0,0.0,5.7,
506,1243,15,10,1,2023-03-10,2023-03-11,2023-03-13,207000.0,21000.0,2.8,
507,1221,18,7,1,2023-03-10,2023-03-10,2023-03-13,44000.0,0.0,2.0,
508,408,12,6,1,2023-03-10,2023-03-12,2023-03-13,1989000.0,0.0,1.5,
509,1757,21,3,2,2023-03-10,2023-03-11,2023-03-26,217000.0,65000.0,185.1,No detecta línea
510,1384,16,6,1,2023-03-10,2023-03-10,2023-03-13,43000.0,0.0,6.1,
511,878,9,7,1,2023-03-10,2023-03-11,2023-03-12,160000.0,39000.0,1.9,
512,692,17,3,1,2023-03-10,2023-03-11,2023-03-12,86000.0,0.0,5.0,
513,272,2,5,2,2023-03-10,2023-03-11,2023-03-18,327000.0,0.0,47.7,SpO₂ no detecta señal
514,370,1,4,2,2023-03-10,2023-03-10,2023-03-15,2336000.0,0.0,76.3,Falla de pantalla
515,1889,4,5,2,2023-03-10,2023-03-10,2023-03-25,6439000.0,2024000.0,35.8,Falla de batería
516,203,2,5,1,2023-03-10,2023-03-11,2023-03-12,2123000.0,0.0,7.8,
517,1556,9,5,1,2023-03-10,2023-03-11,2023-03-12,144000.0,0.0,6.7,
518,1164,20,8,1,2023-03-10,2023-03-12,2023-03-13,2463000.0,0.0,3.0,
519,876,2,4,2,2023-03-10,2023-03-11,2023-03-22,401000.0,0.0,241.9,Colchón dañado
520,862,8,1,1,2023-03-10,2023-03-11,2023-03-12,303000.0,0.0,5.9,
521,1407,14,12,1,2023-03-10,2023-03-10,2023-03-13,200000.0,70000.0,7.8,
522,984,11,3,1,2023-03-10,2023-03-11,2023-03-12,88000.0,15000.0,4.8,
523,1880,12,4,2,2023-03-11,2023-03-11,2023-03-15,116000.0,0.0,68.8,Caudal incorrecto
524,1630,9,2,2,2023-03-12,2023-03-15,2023-03-30,4592000.0,1378000.0,194.9,Error en sensor de oxígeno
525,1645,17,1,2,2023-03-12,2023-03-13,2023-03-16,685000.0,205000.0,45.3,Batería agotada
526,1358,6,7,2,2023-03-12,2023-03-14,2023-03-24,110000.0,0.0,60.5,SpO₂ sin lectura
527,1766,9,9,2,2023-03-12,2023-03-15,2023-03-25,19074000.0,0.0,87.1,Falla de fluoroscopía
528,1419,3,6,2,2023-03-12,2023-03-12,2023-03-19,437000.0,0.0,81.4,NIBP no infla
529,1364,2,6,1,2023-03-13,2023-03-15,2023-03-16,216000.0,68000.0,6.9,
530,1355,24,3,1,2023-03-13,2023-03-15,2023-03-16,201000.0,0.0,3.1,
531,954,12,4,2,2023-03-13,2023-03-16,2023-03-19,169000.0,0.0,15.5,Error de calibración
532,330,21,1,1,2023-03-13,2023-03-15,2023-03-16,197000.0,27000.0,6.4,
533,707,21,6,1,2023-03-13,2023-03-14,2023-03-16,545000.0,0.0,6.9,
534,649,21,7,1,2023-03-13,2023-03-15,2023-03-17,133000.0,0.0,6.7,
535,1188,7,5,2,2023-03-13,2023-03-15,2023-03-20,259000.0,0.0,88.0,NIBP no infla
536,374,15,10,2,2023-03-13,2023-03-15,2023-03-16,2710000.0,0.0,18.6,Fuga de vapor
537,1800,18,1,1,2023-03-13,2023-03-15,2023-03-18,46000.0,0.0,3.2,
538,1168,2,6,1,2023-03-13,2023-03-13,2023-03-14,263000.0,0.0,6.8,
539,1626,3,4,1,2023-03-13,2023-03-14,2023-03-16,94000.0,0.0,4.8,
540,511,9,12,1,2023-03-13,2023-03-14,2023-03-16,75000.0,0.0,6.6,
541,615,17,3,1,2023-03-13,2023-03-13,2023-03-14,111000.0,0.0,5.3,
542,1943,3,4,1,2023-03-13,2023-03-13,2023-03-16,5000.0,0.0,6.8,
543,1951,11,3,2,2023-03-14,2023-03-15,2023-03-26,527000.0,119000.0,193.3,Colchón dañado
544,613,13,4,1,2023-03-14,2023-03-14,2023-03-16,199000.0,0.0,1.7,
545,1108,3,12,1,2023-03-14,2023-03-14,2023-03-16,512000.0,0.0,1.9,
546,1312,21,5,1,2023-03-14,2023-03-15,2023-03-18,33000.0,0.0,4.3,
547,296,4,3,1,2023-03-14,2023-03-14,2023-03-17,294000.0,0.0,5.8,
548,491,10,6,1,2023-03-14,2023-03-14,2023-03-15,194000.0,0.0,4.6,
549,6,4,1,1,2023-03-14,2023-03-16,2023-03-18,163000.0,0.0,3.8,
550,1382,15,11,2,2023-03-14,2023-03-17,2023-03-27,133000.0,0.0,196.9,Cinta o bolsa mal arrastrada
551,1606,22,7,1,2023-03-14,2023-03-15,2023-03-17,207000.0,28000.0,7.7,
552,317,17,4,2,2023-03-14,2023-03-14,2023-03-16,476000.0,143000.0,34.0,Módulo ECG dañado
553,1080,19,11,2,2023-03-14,2023-03-15,2023-03-20,969000.0,0.0,99.6,Pedal defectuoso
554,673,21,6,1,2023-03-14,2023-03-15,2023-03-16,121000.0,0.0,4.9,
555,904,8,9,1,2023-03-14,2023-03-15,2023-03-18,3565000.0,0.0,3.9,
556,1669,2,7,1,2023-03-14,2023-03-15,2023-03-16,115000.0,0.0,1.8,
557,906,22,5,1,2023-03-14,2023-03-15,2023-03-18,7000.0,0.0,6.8,
558,1354,18,5,2,2023-03-14,2023-03-17,2023-03-19,414000.0,0.0,32.1,Barandas sueltas
559,830,12,5,1,2023-03-15,2023-03-15,2023-03-18,208000.0,37000.0,3.6,
560,411,1,2,1,2023-03-15,2023-03-16,2023-03-19,646000.0,0.0,4.0,
561,327,1,5,2,2023-03-15,2023-03-17,2023-03-20,3734000.0,0.0,67.8,Falla de batería
562,1116,1,2,1,2023-03-15,2023-03-17,2023-03-19,1624000.0,0.0,7.4,
563,1870,4,1,1,2023-03-15,2023-03-15,2023-03-17,109000.0,0.0,1.5,
564,1506,17,6,1,2023-03-15,2023-03-15,2023-03-17,690000.0,0.0,6.7,
565,1248,12,3,2,2023-03-15,2023-03-16,2023-03-18,358000.0,78000.0,25.4,Ruedas trabadas
566,621,6,4,2,2023-03-15,2023-03-17,2023-03-19,459000.0,90000.0,27.0,Sistema hidráulico con fuga
567,1994,22,6,1,2023-03-15,2023-03-15,2023-03-17,193000.0,0.0,1.2,
568,1310,11,3,1,2023-03-16,2023-03-18,2023-03-19,42000.0,0.0,2.9,
569,1738,9,4,2,2023-03-16,2023-03-17,2023-03-28,141000.0,0.0,171.7,Alarma de oclusión
570,316,9,5,1,2023-03-16,2023-03-17,2023-03-18,159000.0,0.0,2.1,
571,1058,17,2,1,2023-03-16,2023-03-17,2023-03-18,663000.0,0.0,1.7,
572,746,3,7,2,2023-03-16,2023-03-17,2023-03-28,429000.0,0.0,224.2,SpO₂ no detecta señal
573,1925,17,8,1,2023-03-16,2023-03-16,2023-03-18,1438000.0,0.0,1.4,
574,1730,15,11,1,2023-03-16,2023-03-17,2023-03-19,256000.0,0.0,2.7,
575,1748,3,7,1,2023-03-16,2023-03-18,2023-03-21,67000.0,0.0,2.3,
576,66,4,8,2,2023-03-16,2023-03-18,2023-03-26,1933000.0,0.0,180.2,Puertos dañados
577,401,2,2,1,2023-03-16,2023-03-16,2023-03-19,271000.0,0.0,6.3,
578,1707,2,6,1,2023-03-16,2023-03-18,2023-03-19,36000.0,1000.0,1.7,
579,461,12,12,1,2023-03-16,2023-03-16,2023-03-18,258000.0,49000.0,6.1,
580,1285,15,11,1,2023-03-16,2023-03-17,2023-03-19,118000.0,16000.0,7.5,
581,1768,3,5,1,2023-03-17,2023-03-19,2023-03-22,123000.0,0.0,4.5,
582,1908,10,1,1,2023-03-17,2023-03-19,2023-03-21,373000.0,57000.0,6.2,
583,1991,16,12,2,2023-03-17,2023-03-19,2023-03-21,386000.0,116000.0,34.7,Alarma defectuosa
584,264,9,2,1,2023-03-17,2023-03-19,2023-03-21,129000.0,0.0,1.9,
585,1673,4,6,2,2023-03-18,2023-03-18,2023-04-01,2913000.0,0.0,149.7,Falla de batería
586,1614,5,1,2,2023-03-19,2023-03-21,2023-03-31,246000.0,0.0,239.7,Boquilla obstruida
587,1056,1,1,2,2023-03-19,2023-03-21,2023-03-23,170000.0,0.0,46.2,Teclado/pantalla defectuosa
588,593,15,10,1,2023-03-20,2023-03-22,2023-03-23,112000.0,0.0,6.6,
589,1641,1,1,2,2023-03-20,2023-03-21,2023-03-27,1870000.0,0.0,101.7,Fuga en circuito
590,1945,1,7,1,2023-03-20,2023-03-21,2023-03-22,139000.0,10000.0,2.5,
591,197,6,6,1,2023-03-20,2023-03-20,2023-03-22,268000.0,53000.0,5.6,
592,465,10,4,1,2023-03-20,2023-03-21,2023-03-22,916000.0,59000.0,2.2,
593,1366,6,12,1,2023-03-20,2023-03-20,2023-03-21,283000.0,0.0,7.6,
594,387,17,7,1,2023-03-20,2023-03-22,2023-03-25,4000.0,0.0,4.6,
595,256,10,3,1,2023-03-20,2023-03-22,2023-03-24,112000.0,0.0,6.7,
596,167,8,1,1,2023-03-20,2023-03-21,2023-03-23,18000.0,0.0,4.3,
597,813,2,6,1,2023-03-21,2023-03-21,2023-03-23,204000.0,0.0,3.1,
598,1789,20,8,1,2023-03-21,2023-03-21,2023-03-23,2076000.0,0.0,3.6,
599,1836,7,5,2,2023-03-21,2023-03-21,2023-03-25,145000.0,0.0,37.9,Alarma de oclusión
600,1058,17,6,2,2023-03-21,2023-03-22,2023-04-04,2483000.0,0.0,297.9,Alarma de presión
601,1771,9,2,1,2023-03-21,2023-03-22,2023-03-23,467000.0,0.0,3.3,
602,410,12,3,1,2023-03-21,2023-03-22,2023-03-24,435000.0,0.0,1.8,
603,697,2,3,1,2023-03-22,2023-03-22,2023-03-24,145000.0,0.0,4.7,
604,592,24,7,1,2023-03-22,2023-03-24,2023-03-27,234000.0,0.0,6.1,
605,137,15,10,2,2023-03-22,2023-03-24,2023-03-29,182000.0,55000.0,24.9,No sella correctamente
606,361,6,1,2,2023-03-22,2023-03-24,2023-03-29,8000.0,2000.0,80.5,Batería agotada
607,1878,6,2,1,2023-03-22,2023-03-23,2023-03-25,136000.0,0.0,7.4,
608,199,7,5,1,2023-03-22,2023-03-22,2023-03-25,102000.0,0.0,4.2,
609,1984,20,8,1,2023-03-22,2023-03-24,2023-03-25,1001000.0,0.0,7.4,
610,835,11,7,1,2023-03-22,2023-03-24,2023-03-25,69000.0,11000.0,2.6,
611,1180,7,4,2,2023-03-22,2023-03-24,2023-04-08,122000.0,0.0,216.6,Alarmas inoperativas
612,1826,2,4,1,2023-03-22,2023-03-22,2023-03-25,18000.0,0.0,1.7,
613,570,3,3,1,2023-03-22,2023-03-22,2023-03-24,130000.0,32000.0,2.7,
614,1497,16,4,2,2023-03-22,2023-03-24,2023-04-03,21000.0,6000.0,144.1,Lectura incorrecta
615,815,10,3,1,2023-03-23,2023-03-23,2023-03-25,432000.0,0.0,2.2,
616,1031,12,2,1,2023-03-23,2023-03-24,2023-03-25,117000.0,0.0,4.9,
617,1037,9,4,2,2023-03-23,2023-03-26,2023-04-01,3411000.0,1023000.0,35.5,Error en sensor de oxígeno
618,974,12,2,2,2023-03-23,2023-03-26,2023-04-04,995000.0,0.0,91.3,Falla de ventilador
619,1428,12,7,1,2023-03-23,2023-03-24,2023-03-25,655000.0,0.0,3.1,
620,1256,11,2,1,2023-03-23,2023-03-24,2023-03-25,101000.0,14000.0,4.0,
621,1762,17,3,1,2023-03-23,2023-03-25,2023-03-26,232000.0,0.0,3.3,
622,1118,17,3,1,2023-03-23,2023-03-24,2023-03-26,132000.0,0.0,5.3,
623,984,11,1,2,2023-03-24,2023-03-26,2023-03-29,132000.0,40000.0,65.6,Alarma de oclusión
624,1048,11,4,1,2023-03-24,2023-03-26,2023-03-29,32000.0,0.0,2.3,
625,376,17,7,1,2023-03-24,2023-03-26,2023-03-28,449000.0,0.0,1.3,
626,1521,1,2,1,2023-03-24,2023-03-26,2023-03-29,98000.0,24000.0,6.1,
627,1329,13,1,1,2023-03-24,2023-03-26,2023-03-27,95000.0,0.0,2.7,
628,28,1,3,2,2023-03-24,2023-03-25,2023-04-04,15000.0,0.0,107.0,Lectura errática
629,1734,15,11,1,2023-03-24,2023-03-24,2023-03-26,80000.0,0.0,3.2,
630,501,5,6,1,2023-03-24,2023-03-24,2023-03-26,59000.0,0.0,2.0,
631,53,10,5,1,2023-03-24,2023-03-26,2023-03-27,119000.0,0.0,6.6,
632,330,3,2,2,2023-03-24,2023-03-25,2023-04-03,343000.0,103000.0,165.1,No registra datos
633,818,4,4,1,2023-03-24,2023-03-24,2023-03-27,64000.0,0.0,6.2,
634,958,4,7,2,2023-03-24,2023-03-27,2023-04-05,5852000.0,0.0,54.9,Alarma de presión
635,1983,9,8,2,2023-03-25,2023-03-25,2023-04-08,13192000.0,0.0,271.6,Sobrecalentamiento
636,218,16,12,2,2023-03-25,2023-03-26,2023-04-01,4541000.0,0.0,49.4,Falla de calibración
637,259,17,8,2,2023-03-26,2023-03-27,2023-04-08,2177000.0,1035000.0,117.5,Imagen con ruido
638,804,1,9,2,2023-03-26,2023-03-26,2023-03-29,5680000.0,0.0,45.3,Pantalla defectuosa
639,1105,7,2,1,2023-03-27,2023-03-28,2023-03-30,111000.0,0.0,6.5,
640,1745,24,7,1,2023-03-27,2023-03-28,2023-03-29,40000.0,0.0,5.4,
641,900,4,12,1,2023-03-27,2023-03-28,2023-03-29,266000.0,0.0,3.0,
642,1085,12,3,1,2023-03-27,2023-03-29,2023-03-30,348000.0,0.0,5.6,
643,474,21,5,1,2023-03-27,2023-03-28,2023-03-31,143000.0,0.0,5.4,
644,1017,7,7,2,2023-03-27,2023-03-28,2023-04-02,87000.0,0.0,64.6,Alarmas inoperativas
645,1863,17,2,2,2023-03-27,2023-03-28,2023-03-30,2468000.0,0.0,35.9,Error de calibración
646,1947,11,4,1,2023-03-27,2023-03-28,2023-03-31,801000.0,0.0,1.2,
647,1681,22,7,2,2023-03-27,2023-03-30,2023-04-14,186000.0,0.0,37.5,No enciende
648,1134,1,3,1,2023-03-28,2023-03-30,2023-04-02,84000.0,11000.0,5.7,
649,1621,6,3,2,2023-03-28,2023-03-28,2023-04-04,552000.0,0.0,152.4,NIBP no infla
650,269,17,8,2,2023-03-28,2023-03-29,2023-04-13,4258000.0,0.0,112.1,Batería defectuosa
651,547,9,5,2,2023-03-28,2023-03-31,2023-04-08,220000.0,0.0,191.2,Sensor de flujo sucio
652,1415,19,4,1,2023-03-28,2023-03-30,2023-04-01,113000.0,4000.0,1.4,
653,1894,18,7,1,2023-03-28,2023-03-30,2023-04-02,112000.0,17000.0,2.4,
654,705,17,7,2,2023-03-28,2023-03-28,2023-04-01,67000.0,15000.0,52.8,Batería agotada
655,61,17,7,1,2023-03-28,2023-03-30,2023-04-01,304000.0,0.0,4.9,
656,1629,24,2,2,2023-03-28,2023-03-31,2023-04-06,567000.0,0.0,25.3,Sistema hidráulico con fuga
657,1899,12,6,1,2023-03-28,2023-03-28,2023-03-30,927000.0,0.0,4.4,
658,731,9,6,1,2023-03-29,2023-03-31,2023-04-02,78000.0,0.0,4.1,
659,740,2,5,1,2023-03-29,2023-03-30,2023-04-02,79000.0,0.0,2.3,
660,1059,7,2,1,2023-03-29,2023-03-29,2023-03-30,1654000.0,0.0,4.5,
661,1835,20,9,1,2023-03-29,2023-03-30,2023-03-31,280000.0,0.0,6.1,
662,222,12,2,1,2023-03-30,2023-03-30,2023-03-31,142000.0,0.0,4.2,
663,911,17,3,1,2023-03-30,2023-03-30,2023-03-31,134000.0,0.0,6.9,
664,585,2,7,1,2023-03-30,2023-03-31,2023-04-02,7000.0,0.0,3.3,
665,1348,16,6,1,2023-03-31,2023-04-01,2023-04-03,301000.0,0.0,6.8,
666,1991,16,12,2,2023-04-01,2023-04-04,2023-04-05,386000.0,116000.0,10.5,Puerta no sella
667,234,9,2,2,2023-04-01,2023-04-04,2023-04-16,0.0,0.0,57.6,Alarmas defectuosas
668,1676,1,2,2,2023-04-01,2023-04-01,2023-04-06,2860000.0,0.0,69.7,Batería dañada
669,1963,12,2,2,2023-04-02,2023-04-03,2023-04-09,518000.0,0.0,47.9,Descarga fallida
670,1487,2,5,2,2023-04-02,2023-04-03,2023-04-16,135000.0,0.0,110.7,Falla de presión NIBP
671,1982,8,4,2,2023-04-02,2023-04-02,2023-04-04,369000.0,0.0,34.3,Alarmas defectuosas
672,269,17,8,1,2023-04-03,2023-04-03,2023-04-06,1329000.0,0.0,4.6,
673,163,5,1,1,2023-04-03,2023-04-04,2023-04-06,266000.0,0.0,2.1,
674,684,21,3,1,2023-04-03,2023-04-04,2023-04-05,805000.0,583000.0,1.4,
675,751,12,7,1,2023-04-03,2023-04-04,2023-04-06,989000.0,0.0,3.5,
676,272,2,4,2,2023-04-03,2023-04-04,2023-04-09,327000.0,0.0,77.5,Módulo ECG dañado
677,1813,6,5,2,2023-04-03,2023-04-03,2023-04-15,263000.0,0.0,172.3,Impresora no imprime
678,1422,2,2,1,2023-04-03,2023-04-04,2023-04-05,183000.0,0.0,4.5,
679,1409,12,1,1,2023-04-03,2023-04-05,2023-04-08,53000.0,0.0,7.5,
680,508,3,4,1,2023-04-03,2023-04-03,2023-04-06,183000.0,0.0,5.3,
681,1332,17,9,1,2023-04-04,2023-04-04,2023-04-06,41891000.0,0.0,3.0,
682,1792,8,4,1,2023-04-04,2023-04-05,2023-04-06,21000.0,0.0,2.8,
683,689,19,11,2,2023-04-04,2023-04-05,2023-04-19,1038000.0,0.0,205.9,Pedal defectuoso
684,1708,12,3,2,2023-04-04,2023-04-05,2023-04-18,391000.0,117000.0,254.2,Sistema hidráulico con fuga
685,534,1,4,1,2023-04-04,2023-04-05,2023-04-06,213000.0,30000.0,7.4,
686,775,19,10,1,2023-04-04,2023-04-05,2023-04-08,139000.0,0.0,6.2,
687,1211,2,4,2,2023-04-04,2023-04-04,2023-04-12,149000.0,0.0,10.9,SpO₂ sin lectura
688,435,8,5,2,2023-04-04,2023-04-05,2023-04-07,598000.0,0.0,29.1,NIBP no infla
689,1936,1,4,2,2023-04-04,2023-04-04,2023-04-17,3466000.0,531000.0,194.7,Fuga de gases
690,1995,12,5,2,2023-04-04,2023-04-07,2023-04-11,0.0,0.0,23.0,Pantalla dañada
691,1714,21,4,2,2023-04-05,2023-04-07,2023-04-22,128000.0,0.0,263.3,Alarma de oclusión
692,1656,13,8,1,2023-04-05,2023-04-05,2023-04-08,1681000.0,0.0,5.9,
693,776,21,6,1,2023-04-05,2023-04-06,2023-04-09,7000.0,0.0,2.7,
694,283,11,7,1,2023-04-05,2023-04-06,2023-04-07,113000.0,21000.0,4.2,
695,449,3,4,2,2023-04-05,2023-04-08,2023-04-09,1914000.0,0.0,13.2,Alarma de presión
696,1369,12,6,2,2023-04-05,2023-04-08,2023-04-19,156000.0,0.0,51.8,Trazado con ruido
697,1442,3,2,2,2023-04-05,2023-04-07,2023-04-15,4980000.0,0.0,28.8,Pantalla sin respuesta
698,409,10,6,1,2023-04-05,2023-04-06,2023-04-09,384000.0,105000.0,1.5,
699,1128,12,3,1,2023-04-05,2023-04-07,2023-04-09,206000.0,0.0,2.5,
700,1458,1,1,1,2023-04-05,2023-04-05,2023-04-06,101000.0,0.0,7.8,
701,1095,15,11,2,2023-04-05,2023-04-07,2023-04-14,139000.0,27000.0,165.7,Bandejas deformadas
702,1938,10,3,1,2023-04-05,2023-04-07,2023-04-08,319000.0,40000.0,3.1,
703,907,5,6,1,2023-04-06,2023-04-08,2023-04-11,45000.0,3000.0,3.0,
704,1715,4,1,2,2023-04-06,2023-04-09,2023-04-14,216000.0,0.0,17.2,Batería dañada
705,1966,20,8,1,2023-04-06,2023-04-07,2023-04-10,395000.0,0.0,3.8,
706,1902,20,4,1,2023-04-06,2023-04-08,2023-04-09,33000.0,2000.0,5.7,
707,1393,3,1,1,2023-04-06,2023-04-07,2023-04-09,84000.0,0.0,6.1,
708,1945,1,6,2,2023-04-06,2023-04-07,2023-04-14,155000.0,47000.0,78.5,No detecta línea
709,1898,2,5,1,2023-04-07,2023-04-09,2023-04-11,122000.0,11000.0,7.0,
710,1431,8,7,1,2023-04-07,2023-04-08,2023-04-11,16000.0,0.0,3.2,
711,601,12,2,1,2023-04-07,2023-04-09,2023-04-11,339000.0,96000.0,5.7,
712,1001,11,5,1,2023-04-07,2023-04-09,2023-04-10,1063000.0,132000.0,5.7,
713,1671,19,10,1,2023-04-07,2023-04-09,2023-04-11,503000.0,0.0,6.6,
714,1617,15,10,2,2023-04-07,2023-04-10,2023-04-21,1677000.0,503000.0,49.3,Falla de resistencia
715,940,22,4,2,2023-04-08,2023-04-10,2023-04-22,435000.0,0.0,280.4,Pantalla sin imagen
716,1324,9,1,2,2023-04-08,2023-04-09,2023-04-10,1574000.0,0.0,23.3,Problema en válvulas internas
717,1017,7,2,2,2023-04-08,2023-04-10,2023-04-15,87000.0,0.0,65.6,Batería defectuosa
718,229,12,3,2,2023-04-09,2023-04-12,2023-04-21,1081000.0,0.0,19.8,Falla de ventilador
719,910,17,4,2,2023-04-09,2023-04-10,2023-04-20,457000.0,119000.0,42.5,Software no reconoce el equipo
720,1612,22,6,2,2023-04-09,2023-04-09,2023-04-19,17000.0,0.0,185.7,Fuga en brazalete
721,765,2,1,2,2023-04-09,2023-04-12,2023-04-16,1746000.0,0.0,66.8,Falla de pantalla
722,1546,7,4,2,2023-04-10,2023-04-13,2023-04-23,416000.0,0.0,224.1,No enciende
723,1220,2,7,1,2023-04-10,2023-04-12,2023-04-15,37000.0,0.0,5.3,
724,746,3,1,2,2023-04-10,2023-04-11,2023-04-14,429000.0,0.0,71.2,Módulo ECG dañado
725,562,3,3,1,2023-04-10,2023-04-11,2023-04-12,214000.0,58000.0,4.2,
726,1461,6,5,2,2023-04-10,2023-04-11,2023-04-12,161000.0,0.0,12.2,Batería defectuosa
727,1542,1,5,1,2023-04-10,2023-04-10,2023-04-13,673000.0,0.0,2.7,
728,834,12,5,1,2023-04-10,2023-04-10,2023-04-11,25000.0,0.0,7.1,
729,1841,1,2,1,2023-04-10,2023-04-11,2023-04-13,240000.0,0.0,7.7,
730,1665,6,1,1,2023-04-10,2023-04-11,2023-04-12,321000.0,55000.0,1.9,
731,804,1,9,1,2023-04-10,2023-04-11,2023-04-12,2269000.0,0.0,3.0,
732,144,8,9,1,2023-04-10,2023-04-11,2023-04-13,918000.0,0.0,2.5,
733,737,11,3,1,2023-04-10,2023-04-10,2023-04-13,939000.0,0.0,4.0,
734,98,6,12,1,2023-04-10,2023-04-11,2023-04-12,152000.0,16000.0,1.2,
735,1462,2,6,2,2023-04-11,2023-04-12,2023-04-25,468000.0,0.0,136.0,SpO₂ no detecta señal
736,1629,24,5,1,2023-04-11,2023-04-11,2023-04-13,244000.0,0.0,2.6,
737,1557,4,8,1,2023-04-11,2023-04-11,2023-04-13,5236000.0,0.0,3.2,
738,948,10,6,1,2023-04-11,2023-04-12,2023-04-14,1300000.0,319000.0,4.0,
739,1569,12,5,1,2023-04-11,2023-04-12,2023-04-13,31000.0,0.0,5.2,
740,428,1,6,1,2023-04-11,2023-04-11,2023-04-13,197000.0,0.0,4.6,
741,113,11,3,1,2023-04-11,2023-04-11,2023-04-13,31000.0,0.0,7.1,
742,1842,17,1,1,2023-04-12,2023-04-12,2023-04-15,1898000.0,0.0,1.1,
743,134,9,5,1,2023-04-12,2023-04-12,2023-04-14,138000.0,6000.0,7.1,
744,1047,1,2,1,2023-04-12,2023-04-13,2023-04-15,476000.0,0.0,3.4,
745,272,2,7,2,2023-04-12,2023-04-14,2023-04-24,327000.0,0.0,49.5,NIBP no infla
746,1401,3,6,1,2023-04-12,2023-04-13,2023-04-16,1846000.0,0.0,4.7,
747,152,10,5,1,2023-04-12,2023-04-13,2023-04-16,29000.0,0.0,1.5,
748,476,9,6,1,2023-04-12,2023-04-12,2023-04-15,1548000.0,0.0,6.5,
749,934,3,1,1,2023-04-13,2023-04-15,2023-04-17,3294000.0,0.0,2.7,
750,1063,15,10,2,2023-04-13,2023-04-16,2023-04-29,125000.0,0.0,160.1,Resistencia dañada
751,985,22,2,1,2023-04-13,2023-04-14,2023-04-17,59000.0,0.0,6.8,
752,81,11,6,1,2023-04-13,2023-04-15,2023-04-17,219000.0,0.0,3.6,
753,1516,9,3,1,2023-04-13,2023-04-13,2023-04-15,108000.0,0.0,6.6,
754,1051,10,7,1,2023-04-13,2023-04-14,2023-04-15,735000.0,0.0,3.1,
755,1382,15,10,1,2023-04-13,2023-04-14,2023-04-17,89000.0,0.0,2.4,
756,1555,18,11,2,2023-04-13,2023-04-15,2023-04-23,0.0,0.0,66.8,Tapiz dañado
757,1507,4,6,2,2023-04-13,2023-04-13,2023-04-24,4027000.0,0.0,44.1,Alarma de presión
758,54,9,12,1,2023-04-14,2023-04-15,2023-04-18,1305000.0,0.0,2.1,
759,1664,7,1,1,2023-04-14,2023-04-15,2023-04-16,93000.0,0.0,6.7,
760,1540,2,4,1,2023-04-14,2023-04-15,2023-04-16,1451000.0,0.0,3.8,
761,1877,18,10,1,2023-04-14,2023-04-16,2023-04-18,412000.0,0.0,7.4,
762,279,8,3,1,2023-04-14,2023-04-14,2023-04-17,117000.0,0.0,6.9,
763,798,3,5,1,2023-04-14,2023-04-14,2023-04-15,246000.0,0.0,1.8,
764,1919,6,6,1,2023-04-14,2023-04-16,2023-04-17,124000.0,0.0,2.3,
765,372,4,5,2,2023-04-15,2023-04-17,2023-04-19,19000.0,0.0,25.2,Pera dañada
766,198,2,3,2,2023-04-15,2023-04-16,2023-04-27,154000.0,0.0,129.9,Alarma de oclusión
767,977,1,5,2,2023-04-16,2023-04-17,2023-04-27,6916000.0,0.0,100.3,Falla en vaporizador
768,1522,24,2,2,2023-04-16,2023-04-18,2023-05-03,371000.0,0.0,53.6,Lecturas erráticas
769,921,3,2,2,2023-04-17,2023-04-20,2023-05-02,493000.0,0.0,283.3,NIBP no infla
770,413,5,2,1,2023-04-17,2023-04-18,2023-04-20,8000.0,0.0,2.1,
771,666,3,3,1,2023-04-17,2023-04-19,2023-04-21,234000.0,0.0,5.9,
772,667,4,6,1,2023-04-17,2023-04-19,2023-04-20,251000.0,0.0,2.9,
773,1171,11,7,1,2023-04-17,2023-04-18,2023-04-21,60000.0,0.0,3.5,
774,1416,2,4,2,2023-04-17,2023-04-19,2023-04-25,6000.0,0.0,14.6,Lecturas erróneas
775,1755,15,11,2,2023-04-18,2023-04-21,2023-04-23,128000.0,0.0,32.3,Accesorios sueltos
776,31,22,6,1,2023-04-18,2023-04-18,2023-04-20,19000.0,0.0,3.4,
777,1466,20,4,1,2023-04-18,2023-04-19,2023-04-22,255000.0,40000.0,3.9,
778,225,12,5,1,2023-04-18,2023-04-19,2023-04-21,68000.0,10000.0,2.4,
779,481,21,7,1,2023-04-18,2023-04-18,2023-04-19,137000.0,0.0,7.4,
780,587,11,2,1,2023-04-19,2023-04-19,2023-04-20,24000.0,0.0,1.0,
781,892,10,4,1,2023-04-19,2023-04-19,2023-04-21,4133000.0,0.0,5.1,
782,1500,9,12,1,2023-04-19,2023-04-19,2023-04-20,288000.0,0.0,7.4,
783,280,9,5,2,2023-04-19,2023-04-19,2023-04-29,182000.0,31000.0,63.6,Error de calibración
784,563,12,7,1,2023-04-19,2023-04-19,2023-04-22,114000.0,0.0,3.7,
785,103,1,2,1,2023-04-20,2023-04-22,2023-04-23,667000.0,0.0,1.5,
786,247,18,11,1,2023-04-20,2023-04-21,2023-04-22,259000.0,0.0,6.4,
787,1104,12,5,1,2023-04-20,2023-04-22,2023-04-23,110000.0,0.0,6.3,
788,842,19,11,1,2023-04-20,2023-04-21,2023-04-22,520000.0,0.0,3.8,
789,1302,11,7,2,2023-04-20,2023-04-22,2023-04-29,2788000.0,0.0,135.7,Falla de pantalla
790,1390,15,11,2,2023-04-20,2023-04-21,2023-04-27,221000.0,0.0,48.0,Ruedas dañadas
791,888,6,4,1,2023-04-20,2023-04-22,2023-04-24,22000.0,0.0,7.1,
792,765,2,3,2,2023-04-20,2023-04-21,2023-05-04,1887000.0,0.0,239.6,Error de calibración
793,1083,8,5,1,2023-04-20,2023-04-22,2023-04-23,245000.0,0.0,1.1,
794,1362,15,10,1,2023-04-20,2023-04-20,2023-04-21,130000.0,11000.0,1.1,
795,1067,1,5,1,2023-04-20,2023-04-22,2023-04-23,108000.0,0.0,3.5,
796,790,3,7,2,2023-04-21,2023-04-23,2023-04-26,5355000.0,0.0,44.5,Alarma de presión
797,889,17,8,1,2023-04-21,2023-04-22,2023-04-24,642000.0,0.0,7.9,
798,1024,17,1,2,2023-04-21,2023-04-23,2023-04-26,180000.0,54000.0,16.8,Temperatura errática
799,1798,9,1,1,2023-04-21,2023-04-23,2023-04-24,1076000.0,0.0,7.4,
800,1705,10,6,1,2023-04-21,2023-04-23,2023-04-26,137000.0,0.0,7.1,
801,616,4,4,1,2023-04-21,2023-04-22,2023-04-25,268000.0,0.0,6.0,
802,721,18,6,1,2023-04-21,2023-04-22,2023-04-25,24000.0,0.0,2.4,
803,1128,12,4,2,2023-04-21,2023-04-22,2023-05-02,241000.0,0.0,23.0,Alarma de oclusión
804,1079,12,3,1,2023-04-21,2023-04-22,2023-04-24,226000.0,0.0,1.2,
805,650,7,7,1,2023-04-21,2023-04-21,2023-04-23,78000.0,0.0,2.3,
806,1873,22,4,2,2023-04-22,2023-04-23,2023-05-01,17000.0,0.0,8.3,Batería agotada
807,1508,2,7,2,2023-04-22,2023-04-24,2023-04-25,559000.0,0.0,16.6,Sistema hidráulico con fuga
808,50,5,3,2,2023-04-22,2023-04-24,2023-04-28,364000.0,0.0,53.8,Pantalla sin imagen
809,1662,14,12,2,2023-04-22,2023-04-25,2023-05-03,346000.0,0.0,37.7,Vibración excesiva
810,1226,2,1,2,2023-04-23,2023-04-26,2023-04-27,147000.0,0.0,19.8,SpO₂ sin lectura
811,1827,24,4,2,2023-04-23,2023-04-25,2023-04-28,437000.0,0.0,39.6,Electrodos/cables dañados
812,757,11,2,2,2023-04-23,2023-04-26,2023-05-01,31000.0,0.0,76.4,Fuga en brazalete
813,1961,10,7,1,2023-04-24,2023-04-25,2023-04-28,2067000.0,0.0,7.9,
814,263,10,4,1,2023-04-24,2023-04-24,2023-04-27,145000.0,0.0,6.2,
815,1641,1,5,2,2023-04-24,2023-04-24,2023-04-28,1778000.0,0.0,88.9,Problema en válvulas internas
816,250,2,3,1,2023-04-24,2023-04-24,2023-04-27,75000.0,0.0,4.6,
817,1797,11,2,1,2023-04-24,2023-04-26,2023-04-28,259000.0,0.0,2.0,
818,108,15,11,2,2023-04-24,2023-04-26,2023-05-07,2578000.0,0.0,146.0,Falla de resistencia
819,347,7,4,1,2023-04-24,2023-04-26,2023-04-29,22000.0,0.0,5.9,
820,229,12,1,2,2023-04-24,2023-04-25,2023-04-30,1081000.0,0.0,27.5,Puerta o cúpula dañada
821,1807,2,1,1,2023-04-24,2023-04-24,2023-04-25,197000.0,0.0,7.2,
822,14,7,7,1,2023-04-24,2023-04-26,2023-04-27,349000.0,69000.0,1.2,
823,747,15,10,1,2023-04-24,2023-04-24,2023-04-27,88000.0,0.0,5.6,
824,776,21,2,2,2023-04-25,2023-04-27,2023-05-08,5000.0,0.0,128.8,Error de codificación o control
825,1677,5,7,1,2023-04-25,2023-04-26,2023-04-29,19000.0,0.0,2.3,
826,1785,7,1,2,2023-04-25,2023-04-25,2023-05-09,158000.0,0.0,102.2,Alarma de oclusión
827,790,3,2,1,2023-04-25,2023-04-27,2023-04-29,2094000.0,0.0,5.5,
828,1607,9,5,1,2023-04-25,2023-04-26,2023-04-28,30000.0,0.0,3.1,
829,574,1,2,1,2023-04-25,2023-04-26,2023-04-29,295000.0,0.0,2.2,
830,492,11,2,1,2023-04-25,2023-04-26,2023-04-28,110000.0,0.0,6.6,
831,1827,24,1,2,2023-04-25,2023-04-25,2023-05-07,437000.0,0.0,99.2,Impresora no imprime
832,726,5,2,1,2023-04-25,2023-04-27,2023-04-30,26000.0,2000.0,6.7,
833,1825,21,2,1,2023-04-26,2023-04-27,2023-04-30,62000.0,0.0,7.5,
834,95,4,1,1,2023-04-26,2023-04-27,2023-04-28,89000.0,0.0,1.4,
835,1979,8,2,2,2023-04-26,2023-04-28,2023-05-12,450000.0,0.0,25.2,Alarmas defectuosas
836,921,5,2,2,2023-04-26,2023-04-26,2023-04-28,493000.0,0.0,29.2,Pantalla sin imagen
837,1455,13,5,1,2023-04-26,2023-04-28,2023-04-29,82000.0,0.0,5.8,
838,16,12,2,1,2023-04-26,2023-04-28,2023-04-29,155000.0,0.0,3.6,
839,1936,1,7,1,2023-04-26,2023-04-28,2023-04-29,1883000.0,484000.0,7.5,
840,1015,4,2,2,2023-04-26,2023-04-26,2023-05-11,497000.0,0.0,194.4,Barandas sueltas
841,1856,19,11,1,2023-04-27,2023-04-28,2023-04-30,618000.0,0.0,3.2,
842,1737,21,1,1,2023-04-27,2023-04-28,2023-04-30,1357000.0,0.0,4.3,
843,1907,12,7,1,2023-04-27,2023-04-28,2023-05-01,291000.0,0.0,6.8,
844,236,2,2,1,2023-04-27,2023-04-29,2023-05-02,347000.0,37000.0,6.8,
845,1182,6,1,1,2023-04-27,2023-04-28,2023-04-29,369000.0,0.0,7.1,
846,1757,21,3,1,2023-04-27,2023-04-28,2023-04-30,171000.0,22000.0,6.0,
847,1490,12,6,2,2023-04-27,2023-04-27,2023-04-28,2719000.0,1054000.0,11.0,Problema en válvulas internas
848,17,11,4,1,2023-04-27,2023-04-28,2023-05-01,280000.0,0.0,4.7,
849,1148,3,12,1,2023-04-27,2023-04-29,2023-04-30,2007000.0,0.0,1.5,
850,1321,18,10,2,2023-04-27,2023-04-27,2023-05-11,525000.0,0.0,291.6,Ruido mecánico
851,924,20,8,2,2023-04-28,2023-04-30,2023-05-12,7931000.0,0.0,195.2,Imagen con artefactos
852,1382,15,10,2,2023-04-28,2023-04-28,2023-05-07,133000.0,0.0,28.0,Rodillos gastados
853,32,12,3,1,2023-04-28,2023-04-29,2023-05-01,32000.0,0.0,2.3,
854,781,17,2,1,2023-04-28,2023-04-30,2023-05-02,233000.0,0.0,7.8,
855,1573,2,4,2,2023-04-28,2023-04-29,2023-05-14,2361000.0,0.0,134.3,Falla de batería
856,849,2,5,1,2023-04-28,2023-04-29,2023-05-02,139000.0,0.0,2.7,
857,1792,8,5,2,2023-04-28,2023-04-29,2023-05-14,14000.0,0.0,196.3,Válvula defectuosa
858,1233,3,5,1,2023-05-01,2023-05-02,2023-05-04,251000.0,0.0,2.3,
859,1978,18,5,1,2023-05-01,2023-05-02,2023-05-05,33000.0,0.0,6.6,
860,1318,15,10,1,2023-05-01,2023-05-03,2023-05-06,1380000.0,0.0,5.2,
861,1162,1,2,1,2023-05-01,2023-05-01,2023-05-03,86000.0,0.0,6.0,
862,1420,5,7,1,2023-05-01,2023-05-03,2023-05-04,133000.0,0.0,6.6,
863,1918,21,4,1,2023-05-01,2023-05-01,2023-05-04,106000.0,11000.0,3.6,
864,116,10,2,1,2023-05-01,2023-05-03,2023-05-05,249000.0,0.0,4.9,
865,686,1,5,1,2023-05-01,2023-05-03,2023-05-06,251000.0,0.0,6.2,
866,662,6,7,2,2023-05-02,2023-05-04,2023-05-16,117000.0,0.0,149.5,SpO₂ sin lectura
867,4,5,5,1,2023-05-02,2023-05-04,2023-05-05,61000.0,0.0,5.9,
868,464,9,6,2,2023-05-02,2023-05-05,2023-05-09,6000.0,0.0,62.5,Sensor dañado
869,894,15,10,2,2023-05-02,2023-05-04,2023-05-11,3068000.0,761000.0,159.5,No genera presión
870,1548,6,6,2,2023-05-02,2023-05-03,2023-05-14,500000.0,0.0,247.5,SpO₂ no detecta señal
871,1511,20,9,2,2023-05-02,2023-05-03,2023-05-09,546000.0,0.0,64.5,Lectura incorrecta
872,123,8,6,2,2023-05-03,2023-05-06,2023-05-18,368000.0,0.0,107.8,Pantalla sin imagen
873,1800,18,4,2,2023-05-03,2023-05-05,2023-05-08,23000.0,0.0,22.0,Pera dañada
874,1224,16,4,1,2023-05-03,2023-05-05,2023-05-07,31000.0,3000.0,2.5,
875,366,11,3,2,2023-05-03,2023-05-06,2023-05-09,4372000.0,0.0,25.8,Sensor de flujo defectuoso
876,1751,9,5,2,2023-05-03,2023-05-06,2023-05-14,3584000.0,0.0,111.1,Error de calibración
877,1095,15,10,1,2023-05-04,2023-05-04,2023-05-05,54000.0,15000.0,3.5,
878,239,10,7,2,2023-05-04,2023-05-05,2023-05-15,277000.0,0.0,90.3,Lecturas erráticas
879,1028,2,6,2,2023-05-04,2023-05-06,2023-05-07,100000.0,0.0,17.5,Teclado/pantalla defectuosa
880,1673,4,2,2,2023-05-04,2023-05-05,2023-05-18,2742000.0,0.0,56.7,Problema en válvulas internas
881,1695,11,4,1,2023-05-04,2023-05-05,2023-05-08,34000.0,0.0,4.2,
882,160,9,4,1,2023-05-04,2023-05-04,2023-05-07,117000.0,0.0,3.4,
883,249,9,5,1,2023-05-05,2023-05-05,2023-05-06,191000.0,27000.0,3.4,
884,346,2,5,1,2023-05-05,2023-05-06,2023-05-07,278000.0,0.0,6.7,
885,72,6,12,1,2023-05-05,2023-05-06,2023-05-08,2004000.0,431000.0,7.7,
886,867,10,7,1,2023-05-05,2023-05-06,2023-05-09,129000.0,0.0,5.0,
887,95,4,7,2,2023-05-05,2023-05-05,2023-05-07,0.0,0.0,9.9,Falla de presión NIBP
888,430,22,2,1,2023-05-05,2023-05-05,2023-05-08,18000.0,0.0,5.6,
889,1170,21,6,1,2023-05-05,2023-05-05,2023-05-06,89000.0,14000.0,5.9,
890,1240,24,7,1,2023-05-05,2023-05-05,2023-05-08,10000.0,0.0,3.4,
891,1960,6,6,1,2023-05-05,2023-05-05,2023-05-07,217000.0,0.0,3.0,
892,1919,6,1,2,2023-05-05,2023-05-05,2023-05-06,127000.0,0.0,9.7,Alarmas inoperativas
893,43,6,12,1,2023-05-05,2023-05-06,2023-05-07,116000.0,14000.0,5.7,
894,1126,6,2,2,2023-05-06,2023-05-08,2023-05-09,310000.0,0.0,18.0,No enciende
895,923,9,4,2,2023-05-06,2023-05-06,2023-05-08,132000.0,0.0,30.8,Puerta o clamp dañado
896,1830,11,5,2,2023-05-07,2023-05-10,2023-05-11,815000.0,0.0,18.2,No calienta
897,1340,1,6,2,2023-05-07,2023-05-10,2023-05-18,92000.0,0.0,54.6,Error de calibración
898,24,12,1,2,2023-05-07,2023-05-08,2023-05-15,185000.0,0.0,166.5,Teclado/pantalla defectuosa
899,1513,12,3,2,2023-05-07,2023-05-07,2023-05-22,57000.0,0.0,153.3,Iluminación deficiente
900,441,12,1,1,2023-05-08,2023-05-09,2023-05-11,608000.0,0.0,4.9,
901,478,11,6,1,2023-05-08,2023-05-10,2023-05-13,275000.0,0.0,3.3,
902,1652,9,12,2,2023-05-08,2023-05-11,2023-05-13,363000.0,0.0,8.3,Vibración excesiva
903,378,12,3,2,2023-05-08,2023-05-10,2023-05-20,3689000.0,0.0,19.7,Alarma de presión
904,1522,24,3,1,2023-05-08,2023-05-09,2023-05-10,288000.0,0.0,3.3,
905,1090,11,4,2,2023-05-08,2023-05-10,2023-05-15,188000.0,0.0,63.2,Caudal incorrecto
906,792,12,5,1,2023-05-08,2023-05-09,2023-05-10,35000.0,2000.0,2.2,
907,1418,12,4,2,2023-05-08,2023-05-08,2023-05-17,3987000.0,1196000.0,43.0,Sensor de flujo defectuoso
908,1408,10,4,2,2023-05-08,2023-05-11,2023-05-20,0.0,0.0,27.5,Pera dañada
909,1330,2,7,2,2023-05-08,2023-05-08,2023-05-23,588000.0,176000.0,98.5,Frenos defectuosos
910,1982,8,4,2,2023-05-09,2023-05-10,2023-05-17,369000.0,0.0,51.6,Pantalla sin imagen
911,799,7,7,1,2023-05-09,2023-05-09,2023-05-11,109000.0,0.0,4.0,
912,1963,12,2,1,2023-05-09,2023-05-10,2023-05-13,369000.0,0.0,7.1,
913,1802,5,3,1,2023-05-09,2023-05-11,2023-05-14,207000.0,62000.0,7.8,
914,991,7,4,1,2023-05-09,2023-05-11,2023-05-14,159000.0,27000.0,3.4,
915,1209,19,11,2,2023-05-09,2023-05-12,2023-05-13,278000.0,0.0,21.1,Motor no arranca
916,1140,4,3,1,2023-05-09,2023-05-11,2023-05-13,365000.0,0.0,3.2,
917,1052,10,5,1,2023-05-09,2023-05-10,2023-05-13,701000.0,108000.0,2.2,
918,1785,7,1,1,2023-05-09,2023-05-11,2023-05-14,119000.0,0.0,6.7,
919,938,4,7,1,2023-05-09,2023-05-09,2023-05-11,171000.0,32000.0,5.9,
920,841,4,9,2,2023-05-10,2023-05-10,2023-05-21,3065000.0,880000.0,214.8,Imagen con ruido
921,1333,8,9,1,2023-05-10,2023-05-12,2023-05-14,16840000.0,0.0,3.4,
922,1139,18,10,1,2023-05-10,2023-05-11,2023-05-13,190000.0,0.0,3.9,
923,2000,21,7,1,2023-05-10,2023-05-11,2023-05-14,98000.0,0.0,4.0,
924,1578,20,8,2,2023-05-10,2023-05-13,2023-05-28,7555000.0,2266000.0,215.4,Mala alineación
925,223,15,11,1,2023-05-10,2023-05-10,2023-05-13,941000.0,0.0,3.5,
926,1760,3,1,1,2023-05-11,2023-05-13,2023-05-16,290000.0,0.0,7.0,
927,23,21,3,1,2023-05-11,2023-05-11,2023-05-13,485000.0,0.0,3.2,
928,1235,5,4,2,2023-05-11,2023-05-13,2023-05-22,9000.0,0.0,71.7,Pantalla defectuosa
929,894,15,10,1,2023-05-11,2023-05-13,2023-05-14,2125000.0,175000.0,7.2,
930,69,21,1,1,2023-05-11,2023-05-13,2023-05-14,118000.0,0.0,4.0,
931,301,4,8,2,2023-05-11,2023-05-13,2023-05-21,2022000.0,0.0,146.5,Falla de teclado o trackball
932,216,12,2,1,2023-05-11,2023-05-12,2023-05-13,3408000.0,0.0,7.9,
933,229,12,5,2,2023-05-11,2023-05-13,2023-05-28,1081000.0,0.0,50.2,Sensor de humedad defectuoso
934,203,2,1,2,2023-05-11,2023-05-12,2023-05-24,5546000.0,0.0,234.3,Alarma de presión
935,1448,7,5,1,2023-05-11,2023-05-12,2023-05-13,112000.0,0.0,5.5,
936,1710,10,7,1,2023-05-11,2023-05-12,2023-05-15,1910000.0,0.0,4.5,
937,684,21,7,2,2023-05-12,2023-05-13,2023-05-24,3439000.0,759000.0,81.6,Falla de pantalla
938,354,10,2,1,2023-05-12,2023-05-12,2023-05-15,175000.0,0.0,1.2,
939,1552,12,6,1,2023-05-12,2023-05-14,2023-05-16,165000.0,0.0,2.0,
940,529,3,5,1,2023-05-12,2023-05-12,2023-05-13,88000.0,0.0,1.1,
941,1613,21,1,1,2023-05-12,2023-05-14,2023-05-15,97000.0,0.0,4.2,
942,703,9,3,1,2023-05-12,2023-05-13,2023-05-16,8000.0,0.0,4.6,
943,1663,7,5,1,2023-05-12,2023-05-12,2023-05-14,266000.0,0.0,6.7,
944,1072,18,11,1,2023-05-12,2023-05-13,2023-05-15,183000.0,0.0,4.1,
945,1229,17,2,2,2023-05-12,2023-05-13,2023-05-21,394000.0,0.0,47.1,Lecturas erráticas
946,1372,3,3,1,2023-05-12,2023-05-14,2023-05-16,152000.0,0.0,2.1,
947,918,11,2,2,2023-05-12,2023-05-15,2023-05-17,12000.0,0.0,29.7,Tiempo de medición excesivo
948,378,12,3,2,2023-05-13,2023-05-15,2023-05-22,2653000.0,0.0,44.9,Alarma de presión
949,317,17,5,2,2023-05-13,2023-05-14,2023-05-15,476000.0,143000.0,21.3,Módulo ECG dañado
950,139,12,7,2,2023-05-13,2023-05-16,2023-05-21,222000.0,0.0,90.8,Teclado/pantalla defectuosa
951,881,18,10,2,2023-05-13,2023-05-14,2023-05-25,0.0,0.0,139.8,Ruido mecánico
952,1630,9,7,2,2023-05-14,2023-05-14,2023-05-26,4592000.0,1378000.0,239.1,Alarma de presión
953,1059,7,1,2,2023-05-14,2023-05-14,2023-05-18,3650000.0,0.0,77.1,Sensor defectuoso
954,1012,3,3,2,2023-05-14,2023-05-15,2023-05-24,232000.0,0.0,64.5,Batería agotada
955,425,3,4,2,2023-05-15,2023-05-16,2023-05-20,534000.0,0.0,79.9,Ruedas trabadas
956,1089,24,4,1,2023-05-15,2023-05-17,2023-05-18,305000.0,0.0,4.6,
957,1029,12,12,1,2023-05-15,2023-05-17,2023-05-20,198000.0,0.0,4.2,
958,1951,11,6,1,2023-05-15,2023-05-16,2023-05-18,310000.0,56000.0,3.4,
959,1773,2,2,2,2023-05-15,2023-05-15,2023-05-27,122000.0,0.0,282.5,Teclado/pantalla defectuosa
960,1481,5,12,2,2023-05-15,2023-05-15,2023-05-19,1821000.0,0.0,81.2,Problemas de control de calidad
961,958,4,6,2,2023-05-15,2023-05-16,2023-05-30,6284000.0,0.0,256.2,Falla en vaporizador
962,569,1,4,1,2023-05-15,2023-05-17,2023-05-18,114000.0,0.0,6.3,
963,1282,16,3,2,2023-05-15,2023-05-18,2023-05-30,86000.0,0.0,43.9,Óptica sucia
964,378,12,4,1,2023-05-15,2023-05-15,2023-05-16,1805000.0,0.0,5.9,
965,57,5,7,1,2023-05-15,2023-05-16,2023-05-17,31000.0,0.0,2.7,
966,374,15,10,2,2023-05-15,2023-05-16,2023-05-24,2710000.0,0.0,68.0,Error de sensores
967,311,21,2,2,2023-05-15,2023-05-15,2023-05-28,168000.0,0.0,275.5,Error de calibración
968,703,9,4,2,2023-05-15,2023-05-18,2023-05-28,4000.0,0.0,177.4,Pantalla defectuosa
969,1687,7,3,1,2023-05-16,2023-05-17,2023-05-19,140000.0,0.0,5.0,
970,1028,2,1,1,2023-05-16,2023-05-18,2023-05-20,97000.0,0.0,6.2,
971,1858,21,5,2,2023-05-16,2023-05-16,2023-05-18,23000.0,7000.0,22.4,Lectura incorrecta
972,551,11,6,1,2023-05-16,2023-05-16,2023-05-17,213000.0,0.0,3.3,
973,727,2,6,2,2023-05-16,2023-05-16,2023-05-25,89000.0,0.0,160.7,Alarma de oclusión
974,1327,4,5,1,2023-05-16,2023-05-16,2023-05-19,117000.0,27000.0,3.6,
975,838,4,4,1,2023-05-16,2023-05-17,2023-05-18,25000.0,0.0,2.1,
976,1289,11,3,1,2023-05-16,2023-05-17,2023-05-20,106000.0,12000.0,7.5,
977,1884,8,7,1,2023-05-16,2023-05-18,2023-05-20,139000.0,0.0,7.8,
978,263,10,3,2,2023-05-17,2023-05-18,2023-05-20,319000.0,0.0,13.0,SpO₂ no detecta señal
979,1198,4,12,1,2023-05-17,2023-05-18,2023-05-19,235000.0,0.0,3.5,
980,916,12,2,1,2023-05-17,2023-05-17,2023-05-20,2061000.0,0.0,1.0,
981,1595,9,9,1,2023-05-17,2023-05-19,2023-05-22,554000.0,0.0,5.3,
982,70,9,6,1,2023-05-17,2023-05-17,2023-05-20,17000.0,1000.0,4.5,
983,530,1,3,2,2023-05-17,2023-05-19,2023-05-20,124000.0,0.0,24.0,Alarma de oclusión
984,1644,11,2,1,2023-05-17,2023-05-17,2023-05-20,99000.0,0.0,4.1,
985,484,24,5,1,2023-05-17,2023-05-17,2023-05-20,220000.0,0.0,2.7,
986,1827,24,5,2,2023-05-18,2023-05-20,2023-05-25,437000.0,0.0,80.7,Batería agotada
987,67,1,8,1,2023-05-18,2023-05-18,2023-05-19,550000.0,0.0,2.9,
988,1492,3,1,1,2023-05-18,2023-05-19,2023-05-22,141000.0,0.0,4.9,
989,1571,2,5,1,2023-05-18,2023-05-19,2023-05-21,96000.0,0.0,3.9,
990,1744,18,4,2,2023-05-18,2023-05-19,2023-05-30,112000.0,28000.0,96.9,Señal débil
991,1148,3,12,2,2023-05-18,2023-05-21,2023-05-28,3271000.0,0.0,118.9,Obstrucción de pipetas
992,1865,12,2,1,2023-05-18,2023-05-20,2023-05-23,183000.0,0.0,8.0,
993,768,9,6,1,2023-05-18,2023-05-19,2023-05-21,127000.0,0.0,6.2,
994,917,3,2,1,2023-05-19,2023-05-20,2023-05-22,351000.0,0.0,6.8,
995,1351,1,9,1,2023-05-19,2023-05-20,2023-05-23,5657000.0,0.0,7.1,
996,1612,22,6,1,2023-05-19,2023-05-21,2023-05-23,31000.0,0.0,6.6,
997,1903,1,5,1,2023-05-19,2023-05-21,2023-05-22,98000.0,0.0,6.7,
998,391,10,7,1,2023-05-19,2023-05-19,2023-05-21,236000.0,0.0,2.1,
999,1102,3,1,1,2023-05-19,2023-05-20,2023-05-21,211000.0,0.0,4.8,
1000,684,21,2,2,2023-05-20,2023-05-21,2023-05-25,2776000.0,1032000.0,57.8,Falla de batería
1001,1762,17,5,2,2023-05-20,2023-05-21,2023-05-22,411000.0,0.0,18.3,Módulo ECG dañado
1002,1302,11,4,2,2023-05-20,2023-05-20,2023-05-28,3092000.0,0.0,46.7,Fuga en circuito
1003,53,10,6,2,2023-05-20,2023-05-22,2023-06-01,181000.0,0.0,43.8,Caudal incorrecto
1004,323,19,11,2,2023-05-21,2023-05-23,2023-05-26,962000.0,0.0,68.6,Pedal defectuoso
1005,259,17,8,2,2023-05-21,2023-05-22,2023-06-02,3450000.0,778000.0,176.4,Congelamiento del software
1006,1459,11,4,2,2023-05-21,2023-05-22,2023-05-24,2181000.0,0.0,16.9,Fuga en circuito
1007,1859,12,6,2,2023-05-21,2023-05-24,2023-05-27,1179000.0,0.0,23.0,Alarma no funciona
1008,583,14,12,2,2023-05-22,2023-05-24,2023-05-28,2194000.0,0.0,46.7,Falla de calibración
1009,1279,9,4,1,2023-05-22,2023-05-24,2023-05-27,58000.0,17000.0,1.4,
1010,369,8,4,1,2023-05-22,2023-05-23,2023-05-24,49000.0,0.0,1.8,
1011,1309,16,5,2,2023-05-22,2023-05-24,2023-05-25,11000.0,0.0,16.4,Sensor dañado
1012,1324,9,6,1,2023-05-22,2023-05-23,2023-05-26,478000.0,0.0,2.5,
1013,93,1,5,1,2023-05-22,2023-05-24,2023-05-26,161000.0,0.0,4.7,
1014,296,4,1,2,2023-05-22,2023-05-23,2023-05-27,489000.0,0.0,64.0,Cables de paciente defectuosos
1015,688,1,1,1,2023-05-22,2023-05-24,2023-05-27,168000.0,0.0,1.3,
1016,371,5,6,2,2023-05-22,2023-05-22,2023-05-26,152000.0,0.0,42.0,Pantalla dañada
1017,618,6,6,1,2023-05-22,2023-05-22,2023-05-24,262000.0,35000.0,4.0,
1018,1274,12,2,2,2023-05-22,2023-05-22,2023-05-31,397000.0,0.0,79.4,Módulo ECG dañado
1019,1576,1,2,1,2023-05-22,2023-05-24,2023-05-27,86000.0,0.0,4.1,
1020,1938,10,6,2,2023-05-22,2023-05-22,2023-05-30,399000.0,120000.0,164.4,No enciende
1021,483,7,7,1,2023-05-22,2023-05-23,2023-05-25,89000.0,0.0,7.1,
1022,1463,8,1,1,2023-05-23,2023-05-24,2023-05-25,390000.0,0.0,1.4,
1023,1011,15,10,1,2023-05-23,2023-05-25,2023-05-28,73000.0,0.0,7.1,
1024,1741,15,10,1,2023-05-23,2023-05-23,2023-05-24,108000.0,34000.0,4.5,
1025,676,21,4,1,2023-05-23,2023-05-24,2023-05-27,207000.0,0.0,4.0,
1026,1594,11,4,1,2023-05-23,2023-05-24,2023-05-26,141000.0,0.0,7.9,
1027,1930,15,11,1,2023-05-23,2023-05-25,2023-05-26,80000.0,0.0,2.4,
1028,959,7,3,2,2023-05-23,2023-05-25,2023-06-08,189000.0,41000.0,242.2,Puerta o clamp dañado
1029,804,1,9,2,2023-05-23,2023-05-26,2023-06-05,3684000.0,0.0,133.7,Falla de teclado o trackball
1030,1934,12,3,1,2023-05-24,2023-05-25,2023-05-27,230000.0,0.0,5.4,
1031,845,22,6,1,2023-05-24,2023-05-24,2023-05-26,329000.0,0.0,5.9,
1032,1613,21,1,2,2023-05-24,2023-05-26,2023-05-29,78000.0,0.0,60.3,Iluminación deficiente
1033,1804,18,3,1,2023-05-24,2023-05-26,2023-05-29,23000.0,0.0,3.7,
1034,1226,2,1,1,2023-05-24,2023-05-25,2023-05-28,82000.0,0.0,2.1,
1035,1728,7,5,1,2023-05-24,2023-05-26,2023-05-29,430000.0,0.0,5.3,
1036,177,17,5,1,2023-05-24,2023-05-25,2023-05-28,148000.0,0.0,1.7,
1037,558,5,6,1,2023-05-24,2023-05-24,2023-05-27,183000.0,0.0,1.7,
1038,631,20,8,1,2023-05-24,2023-05-24,2023-05-26,253000.0,0.0,3.1,
1039,1837,21,4,2,2023-05-24,2023-05-24,2023-06-05,115000.0,0.0,224.6,SpO₂ sin lectura
1040,24,12,6,1,2023-05-25,2023-05-26,2023-05-29,111000.0,0.0,7.7,
1041,899,3,5,1,2023-05-25,2023-05-25,2023-05-27,374000.0,0.0,2.6,
1042,679,12,4,2,2023-05-25,2023-05-25,2023-05-27,14000.0,4000.0,16.5,Fuga en brazalete
1043,1474,13,4,2,2023-05-25,2023-05-25,2023-06-02,15000.0,0.0,78.8,Pantalla defectuosa
1044,544,6,2,1,2023-05-25,2023-05-26,2023-05-29,34000.0,0.0,7.1,
1045,862,8,2,2,2023-05-25,2023-05-26,2023-05-27,418000.0,0.0,12.8,Barandas sueltas
1046,439,21,1,1,2023-05-25,2023-05-26,2023-05-27,92000.0,0.0,2.4,
1047,165,18,10,1,2023-05-25,2023-05-26,2023-05-29,41000.0,0.0,6.4,
1048,1956,12,12,1,2023-05-25,2023-05-25,2023-05-28,115000.0,0.0,4.1,
1049,1349,10,4,1,2023-05-25,2023-05-27,2023-05-28,140000.0,0.0,6.2,
1050,1424,2,5,1,2023-05-25,2023-05-26,2023-05-27,164000.0,0.0,4.9,
1051,1914,12,7,1,2023-05-25,2023-05-25,2023-05-27,898000.0,138000.0,1.4,
1052,993,10,7,1,2023-05-26,2023-05-26,2023-05-27,664000.0,0.0,7.5,
1053,1346,9,1,1,2023-05-26,2023-05-28,2023-05-29,161000.0,0.0,6.4,
1054,1064,20,1,2,2023-05-26,2023-05-29,2023-06-12,58000.0,0.0,221.4,Batería dañada
1055,633,21,2,1,2023-05-26,2023-05-26,2023-05-29,29000.0,0.0,1.8,
1056,682,7,3,2,2023-05-26,2023-05-27,2023-06-06,100000.0,0.0,125.0,Error de calibración
1057,449,3,7,2,2023-05-27,2023-05-29,2023-06-06,1914000.0,0.0,131.5,Error de calibración
1058,1842,12,4,2,2023-05-28,2023-05-30,2023-06-11,4129000.0,0.0,108.3,No enciende
1059,1477,10,6,2,2023-05-28,2023-05-28,2023-06-01,350000.0,105000.0,22.8,Barandas sueltas
1060,221,20,1,2,2023-05-28,2023-05-30,2023-06-05,7000.0,0.0,64.2,Error de codificación o control
1061,670,12,5,2,2023-05-28,2023-05-28,2023-06-03,182000.0,55000.0,134.0,Alarma de oclusión
1062,1016,11,4,1,2023-05-29,2023-05-30,2023-06-01,100000.0,0.0,1.4,
1063,68,1,8,1,2023-05-29,2023-05-29,2023-05-30,757000.0,0.0,5.4,
1064,594,12,6,1,2023-05-29,2023-05-31,2023-06-03,134000.0,0.0,1.5,
1065,883,15,11,1,2023-05-29,2023-05-30,2023-06-02,127000.0,0.0,2.9,
1066,333,4,3,1,2023-05-29,2023-05-30,2023-06-01,83000.0,0.0,7.4,
1067,1872,3,3,1,2023-05-30,2023-05-30,2023-06-01,239000.0,0.0,6.9,
1068,1632,1,5,1,2023-05-30,2023-05-31,2023-06-01,147000.0,0.0,7.9,
1069,1801,3,4,1,2023-05-30,2023-05-31,2023-06-01,346000.0,0.0,7.7,
1070,980,15,10,1,2023-05-30,2023-06-01,2023-06-04,1104000.0,0.0,4.8,
1071,27,12,6,1,2023-05-30,2023-06-01,2023-06-03,847000.0,0.0,5.3,
1072,550,7,4,1,2023-05-31,2023-05-31,2023-06-02,129000.0,0.0,1.6,
1073,1433,14,3,1,2023-05-31,2023-06-01,2023-06-04,41000.0,0.0,7.3,
1074,137,15,10,1,2023-05-31,2023-05-31,2023-06-01,159000.0,22000.0,6.2,
1075,200,10,8,1,2023-05-31,2023-06-01,2023-06-03,700000.0,621000.0,1.6,
1076,1065,13,5,1,2023-05-31,2023-06-01,2023-06-03,13000.0,0.0,7.7,
1077,549,1,3,1,2023-05-31,2023-06-02,2023-06-05,275000.0,53000.0,1.5,
1078,1840,4,6,1,2023-05-31,2023-05-31,2023-06-01,152000.0,0.0,3.7,
1079,1056,1,1,1,2023-06-01,2023-06-03,2023-06-05,140000.0,0.0,6.2,
1080,1964,10,4,1,2023-06-01,2023-06-01,2023-06-02,692000.0,0.0,4.7,
1081,786,6,1,1,2023-06-01,2023-06-03,2023-06-04,94000.0,28000.0,6.5,
1082,1756,10,1,2,2023-06-01,2023-06-01,2023-06-03,480000.0,0.0,14.9,NIBP no infla
1083,255,4,4,1,2023-06-01,2023-06-02,2023-06-04,78000.0,0.0,7.0,
1084,1805,5,1,2,2023-06-01,2023-06-04,2023-06-07,503000.0,0.0,15.9,Pantalla sin imagen
1085,1674,18,6,1,2023-06-01,2023-06-01,2023-06-04,33000.0,0.0,4.3,
1086,405,9,7,1,2023-06-02,2023-06-03,2023-06-06,143000.0,11000.0,1.0,
1087,1349,10,6,2,2023-06-02,2023-06-03,2023-06-17,178000.0,0.0,252.4,Batería dañada
1088,853,20,8,1,2023-06-02,2023-06-02,2023-06-03,167000.0,0.0,7.0,
1089,1729,24,4,2,2023-06-02,2023-06-03,2023-06-05,402000.0,0.0,38.8,No enciende
1090,715,15,11,1,2023-06-02,2023-06-02,2023-06-04,887000.0,0.0,3.0,
1091,618,6,5,2,2023-06-03,2023-06-06,2023-06-16,382000.0,102000.0,31.2,NIBP no infla
1092,1766,9,8,2,2023-06-03,2023-06-05,2023-06-14,12228000.0,0.0,115.4,Error de movimiento del arco
1093,617,9,8,2,2023-06-03,2023-06-06,2023-06-12,4889000.0,0.0,44.7,Error de colimador
1094,588,2,5,2,2023-06-04,2023-06-04,2023-06-13,2272000.0,0.0,163.3,Falla de batería
1095,216,12,4,2,2023-06-04,2023-06-07,2023-06-20,6632000.0,0.0,61.4,Problema en ventilador integrado
1096,1438,7,7,2,2023-06-04,2023-06-04,2023-06-08,215000.0,0.0,46.2,Batería dañada
1097,1662,14,12,1,2023-06-05,2023-06-06,2023-06-09,216000.0,0.0,1.4,
1098,1885,18,6,2,2023-06-05,2023-06-07,2023-06-12,28000.0,0.0,78.9,Pera dañada
1099,1059,7,1,2,2023-06-05,2023-06-07,2023-06-14,2446000.0,0.0,150.8,Error de calibración
1100,1581,12,3,1,2023-06-05,2023-06-06,2023-06-08,59000.0,0.0,4.7,
1101,1551,12,4,2,2023-06-05,2023-06-06,2023-06-15,184000.0,0.0,209.5,Teclado/pantalla defectuosa
1102,649,21,5,2,2023-06-05,2023-06-07,2023-06-09,240000.0,0.0,28.2,Bloqueo de seguridad dañado
1103,266,7,6,2,2023-06-05,2023-06-06,2023-06-18,206000.0,0.0,10.6,Teclado/pantalla defectuosa
1104,1717,5,4,2,2023-06-05,2023-06-08,2023-06-23,178000.0,0.0,63.7,Temperatura errática
1105,716,15,10,1,2023-06-05,2023-06-05,2023-06-07,107000.0,0.0,2.9,
1106,1817,20,5,1,2023-06-05,2023-06-05,2023-06-06,38000.0,0.0,6.0,
1107,122,17,3,1,2023-06-05,2023-06-06,2023-06-08,134000.0,0.0,2.7,
1108,20,4,4,2,2023-06-05,2023-06-08,2023-06-22,142000.0,42000.0,223.7,Batería defectuosa
1109,434,4,6,1,2023-06-05,2023-06-07,2023-06-08,118000.0,0.0,1.8,
1110,1197,14,2,2,2023-06-06,2023-06-08,2023-06-15,7000.0,0.0,53.9,Lectura errática
1111,287,4,2,2,2023-06-06,2023-06-08,2023-06-19,140000.0,0.0,92.7,Trazado con ruido
1112,1780,4,12,1,2023-06-06,2023-06-08,2023-06-09,218000.0,0.0,3.6,
1113,881,18,11,1,2023-06-06,2023-06-07,2023-06-08,220000.0,0.0,4.0,
1114,1902,20,7,2,2023-06-06,2023-06-08,2023-06-15,16000.0,3000.0,61.3,Lectura incorrecta
1115,704,22,6,1,2023-06-06,2023-06-06,2023-06-08,105000.0,0.0,7.3,
1116,64,12,6,2,2023-06-06,2023-06-06,2023-06-10,176000.0,0.0,78.2,Puerta o clamp dañado
1117,1878,6,3,2,2023-06-06,2023-06-07,2023-06-13,184000.0,0.0,136.9,Batería defectuosa
1118,1075,13,8,1,2023-06-06,2023-06-08,2023-06-10,1135000.0,543000.0,6.5,
1119,1484,4,9,2,2023-06-07,2023-06-07,2023-06-10,3618000.0,0.0,27.1,Imagen con ruido
1120,468,12,5,1,2023-06-07,2023-06-08,2023-06-10,103000.0,0.0,4.5,
1121,339,15,10,1,2023-06-07,2023-06-09,2023-06-11,91000.0,0.0,7.5,
1122,1386,1,6,1,2023-06-07,2023-06-08,2023-06-09,8000.0,0.0,3.5,
1123,1459,11,1,1,2023-06-07,2023-06-09,2023-06-11,585000.0,0.0,5.0,
1124,1895,18,5,1,2023-06-08,2023-06-08,2023-06-09,225000.0,0.0,6.9,
1125,407,17,8,2,2023-06-08,2023-06-10,2023-06-24,2389000.0,0.0,122.3,Puertos dañados
1126,943,4,2,2,2023-06-08,2023-06-08,2023-06-09,3662000.0,1099000.0,16.5,Falla de pantalla
1127,313,1,9,2,2023-06-08,2023-06-08,2023-06-09,14413000.0,0.0,12.1,Imagen distorsionada
1128,753,9,3,1,2023-06-08,2023-06-10,2023-06-13,11000.0,1000.0,7.4,
1129,1933,12,3,1,2023-06-08,2023-06-08,2023-06-10,1829000.0,0.0,3.2,
1130,49,16,12,1,2023-06-08,2023-06-10,2023-06-13,263000.0,0.0,5.2,
1131,1423,18,6,1,2023-06-08,2023-06-08,2023-06-11,55000.0,0.0,2.8,
1132,596,1,7,1,2023-06-08,2023-06-09,2023-06-10,163000.0,0.0,5.4,
1133,990,8,3,1,2023-06-08,2023-06-09,2023-06-12,4000.0,0.0,4.5,
1134,1006,13,4,1,2023-06-08,2023-06-08,2023-06-10,62000.0,0.0,3.9,
1135,5,7,1,1,2023-06-08,2023-06-10,2023-06-13,227000.0,0.0,5.2,
1136,958,4,3,1,2023-06-08,2023-06-08,2023-06-11,3009000.0,0.0,3.3,
1137,1122,13,5,2,2023-06-08,2023-06-09,2023-06-16,392000.0,0.0,12.8,Ruedas trabadas
1138,293,18,7,1,2023-06-08,2023-06-08,2023-06-10,64000.0,4000.0,2.8,
1139,864,1,9,1,2023-06-08,2023-06-09,2023-06-12,36126000.0,0.0,1.5,
1140,1866,7,6,1,2023-06-08,2023-06-08,2023-06-10,365000.0,0.0,1.4,
1141,1155,24,2,2,2023-06-08,2023-06-09,2023-06-16,10000.0,3000.0,21.7,Batería agotada
1142,1676,1,3,1,2023-06-08,2023-06-09,2023-06-10,1588000.0,0.0,6.8,
1143,1523,12,3,1,2023-06-09,2023-06-10,2023-06-12,102000.0,0.0,7.9,
1144,1987,14,2,1,2023-06-09,2023-06-09,2023-06-11,10000.0,0.0,1.7,
1145,1738,9,1,1,2023-06-09,2023-06-09,2023-06-11,125000.0,0.0,6.2,
1146,817,18,11,1,2023-06-09,2023-06-09,2023-06-12,349000.0,0.0,5.4,
1147,588,2,1,1,2023-06-09,2023-06-10,2023-06-13,1055000.0,0.0,7.5,
1148,612,20,8,1,2023-06-09,2023-06-09,2023-06-11,593000.0,0.0,4.4,
1149,114,7,2,1,2023-06-09,2023-06-11,2023-06-13,718000.0,0.0,4.0,
1150,185,8,3,2,2023-06-09,2023-06-09,2023-06-18,241000.0,0.0,146.3,NIBP no infla
1151,1847,10,2,1,2023-06-09,2023-06-10,2023-06-11,147000.0,0.0,3.2,
1152,1265,5,4,1,2023-06-09,2023-06-11,2023-06-14,327000.0,0.0,3.7,
1153,482,19,11,2,2023-06-09,2023-06-12,2023-06-20,64000.0,0.0,142.3,LED agotado
1154,29,10,3,2,2023-06-09,2023-06-09,2023-06-12,610000.0,0.0,50.6,Descarga fallida
1155,761,15,11,1,2023-06-09,2023-06-10,2023-06-11,56000.0,15000.0,2.3,
1156,1583,4,8,1,2023-06-09,2023-06-09,2023-06-11,660000.0,0.0,7.3,
1157,1418,12,5,2,2023-06-09,2023-06-10,2023-06-23,3987000.0,916000.0,130.5,Sensor de flujo defectuoso
1158,492,11,2,2,2023-06-09,2023-06-11,2023-06-12,201000.0,0.0,15.3,Batería dañada
1159,767,21,5,2,2023-06-10,2023-06-13,2023-06-14,552000.0,166000.0,11.5,Palas/electrodos defectuosos
1160,1519,8,8,2,2023-06-10,2023-06-12,2023-06-14,3890000.0,0.0,37.3,Puertos dañados
1161,583,14,12,2,2023-06-11,2023-06-14,2023-06-23,2194000.0,0.0,38.2,Error de software
1162,317,17,1,2,2023-06-11,2023-06-13,2023-06-25,476000.0,108000.0,176.8,Lecturas erráticas
1163,351,17,5,2,2023-06-11,2023-06-11,2023-06-24,6413000.0,0.0,46.2,Pantalla sin respuesta
1164,1763,6,12,2,2023-06-11,2023-06-12,2023-06-24,2963000.0,0.0,93.9,Problemas de lavado
1165,98,6,12,2,2023-06-11,2023-06-14,2023-06-20,202000.0,60000.0,35.3,No alcanza RPM
1166,1880,12,2,2,2023-06-11,2023-06-13,2023-06-27,116000.0,0.0,263.8,Batería dañada
1167,121,6,12,1,2023-06-12,2023-06-12,2023-06-13,220000.0,0.0,1.2,
1168,458,12,4,1,2023-06-12,2023-06-13,2023-06-15,1673000.0,0.0,3.0,
1169,1367,10,3,1,2023-06-12,2023-06-12,2023-06-15,184000.0,0.0,3.4,
1170,1302,11,2,2,2023-06-12,2023-06-12,2023-06-22,2766000.0,0.0,109.5,Error de calibración
1171,819,7,2,1,2023-06-12,2023-06-13,2023-06-16,224000.0,42000.0,5.5,
1172,37,4,1,1,2023-06-12,2023-06-14,2023-06-15,519000.0,0.0,4.2,
1173,382,10,1,1,2023-06-12,2023-06-14,2023-06-15,143000.0,18000.0,4.3,
1174,912,5,6,1,2023-06-12,2023-06-14,2023-06-16,34000.0,0.0,1.7,
1175,1673,4,3,1,2023-06-12,2023-06-14,2023-06-17,1298000.0,0.0,8.0,
1176,487,21,2,1,2023-06-12,2023-06-12,2023-06-15,307000.0,0.0,7.6,
1177,101,14,2,1,2023-06-13,2023-06-15,2023-06-17,37000.0,3000.0,2.4,
1178,1028,2,6,2,2023-06-13,2023-06-15,2023-06-29,100000.0,0.0,53.4,No detecta línea
1179,920,4,6,1,2023-06-13,2023-06-13,2023-06-16,158000.0,0.0,1.1,
1180,987,13,7,1,2023-06-13,2023-06-15,2023-06-18,220000.0,0.0,7.0,
1181,1912,2,2,2,2023-06-13,2023-06-16,2023-06-24,470000.0,0.0,46.3,Descarga fallida
1182,934,7,1,2,2023-06-13,2023-06-15,2023-06-21,5707000.0,0.0,63.6,Pantalla sin respuesta
1183,136,21,2,2,2023-06-13,2023-06-14,2023-06-15,268000.0,0.0,14.1,Lecturas erráticas
1184,1551,12,5,1,2023-06-13,2023-06-14,2023-06-16,178000.0,0.0,7.7,
1185,208,14,12,1,2023-06-13,2023-06-13,2023-06-16,89000.0,14000.0,3.7,
1186,760,3,7,2,2023-06-13,2023-06-14,2023-06-26,199000.0,60000.0,172.2,Puerta o clamp dañado
1187,464,9,4,2,2023-06-13,2023-06-13,2023-06-14,6000.0,0.0,16.0,Tiempo de medición excesivo
1188,597,19,10,1,2023-06-13,2023-06-15,2023-06-17,613000.0,0.0,1.5,
1189,1645,17,2,2,2023-06-13,2023-06-15,2023-06-30,685000.0,205000.0,291.3,Pantalla dañada
1190,1507,4,7,1,2023-06-13,2023-06-15,2023-06-17,1794000.0,0.0,7.7,
1191,1668,15,10,1,2023-06-13,2023-06-15,2023-06-17,51000.0,0.0,6.7,
1192,941,22,6,1,2023-06-13,2023-06-13,2023-06-15,67000.0,0.0,2.2,
1193,1617,15,11,1,2023-06-13,2023-06-15,2023-06-17,1170000.0,133000.0,6.0,
1194,235,6,1,1,2023-06-13,2023-06-14,2023-06-17,12000.0,1000.0,7.4,
1195,1205,10,4,1,2023-06-13,2023-06-14,2023-06-17,306000.0,0.0,4.4,
1196,1729,4,3,1,2023-06-14,2023-06-14,2023-06-15,216000.0,0.0,1.9,
1197,1299,2,4,1,2023-06-14,2023-06-15,2023-06-17,33000.0,0.0,1.1,
1198,641,17,8,1,2023-06-14,2023-06-15,2023-06-17,11869000.0,7757000.0,2.0,
1199,1544,18,1,1,2023-06-14,2023-06-16,2023-06-17,439000.0,0.0,4.2,
1200,549,1,1,2,2023-06-14,2023-06-14,2023-06-20,550000.0,165000.0,123.4,Batería agotada
1201,1754,8,2,1,2023-06-14,2023-06-14,2023-06-17,44000.0,1000.0,6.5,
1202,792,12,3,2,2023-06-14,2023-06-15,2023-06-21,18000.0,6000.0,86.5,Sensor dañado
1203,1269,3,7,1,2023-06-14,2023-06-15,2023-06-17,237000.0,0.0,7.3,
1204,278,15,10,2,2023-06-14,2023-06-16,2023-06-24,1711000.0,0.0,153.0,Puerta no sella
1205,1645,17,6,1,2023-06-14,2023-06-14,2023-06-15,519000.0,88000.0,6.3,
1206,1315,14,12,1,2023-06-14,2023-06-15,2023-06-17,304000.0,0.0,3.3,
1207,1039,17,1,1,2023-06-14,2023-06-14,2023-06-15,355000.0,0.0,5.0,
1208,677,9,5,1,2023-06-15,2023-06-17,2023-06-20,64000.0,11000.0,4.6,
1209,1700,11,3,1,2023-06-15,2023-06-15,2023-06-16,401000.0,51000.0,6.8,
1210,366,11,6,2,2023-06-15,2023-06-15,2023-06-21,4161000.0,0.0,134.5,Presión inestable
1211,317,17,4,2,2023-06-15,2023-06-17,2023-06-24,476000.0,73000.0,80.7,Alarmas defectuosas
1212,1376,17,5,1,2023-06-15,2023-06-17,2023-06-18,69000.0,0.0,2.0,
1213,238,21,2,1,2023-06-15,2023-06-16,2023-06-18,91000.0,0.0,6.2,
1214,34,18,10,1,2023-06-15,2023-06-17,2023-06-18,329000.0,21000.0,7.9,
1215,351,17,6,1,2023-06-15,2023-06-17,2023-06-20,2459000.0,0.0,5.1,
1216,1559,6,4,2,2023-06-15,2023-06-18,2023-06-20,0.0,0.0,17.1,Pantalla sin imagen
1217,1376,17,6,2,2023-06-15,2023-06-17,2023-06-18,103000.0,0.0,10.5,Puerta o clamp dañado
1218,495,9,9,1,2023-06-15,2023-06-15,2023-06-16,2058000.0,0.0,1.2,
1219,1149,18,10,1,2023-06-15,2023-06-15,2023-06-18,152000.0,28000.0,3.6,
1220,260,11,5,1,2023-06-15,2023-06-16,2023-06-17,1126000.0,254000.0,7.4,
1221,1669,2,1,2,2023-06-15,2023-06-17,2023-06-26,121000.0,0.0,174.6,Teclado/pantalla defectuosa
1222,475,9,4,1,2023-06-15,2023-06-16,2023-06-17,215000.0,0.0,3.7,
1223,1939,1,1,1,2023-06-16,2023-06-17,2023-06-19,210000.0,17000.0,3.2,
1224,490,1,1,1,2023-06-16,2023-06-18,2023-06-20,132000.0,0.0,3.8,
1225,1361,11,6,1,2023-06-16,2023-06-16,2023-06-19,304000.0,0.0,6.8,
1226,71,3,6,1,2023-06-16,2023-06-16,2023-06-17,256000.0,0.0,4.3,
1227,1890,2,5,1,2023-06-16,2023-06-18,2023-06-20,136000.0,35000.0,6.8,
1228,127,12,3,1,2023-06-16,2023-06-17,2023-06-19,139000.0,0.0,7.7,
1229,1865,12,2,2,2023-06-16,2023-06-17,2023-06-24,387000.0,0.0,14.0,No enciende
1230,1183,18,11,2,2023-06-16,2023-06-16,2023-06-21,461000.0,87000.0,40.6,Botón de emergencia defectuoso
1231,513,2,1,1,2023-06-16,2023-06-18,2023-06-19,112000.0,0.0,1.7,
1232,458,12,7,2,2023-06-16,2023-06-18,2023-07-02,3056000.0,0.0,24.5,Falla de batería
1233,94,17,7,1,2023-06-16,2023-06-17,2023-06-19,119000.0,0.0,3.7,
1234,1589,12,5,1,2023-06-16,2023-06-16,2023-06-19,292000.0,0.0,2.1,
1235,12,1,6,1,2023-06-16,2023-06-16,2023-06-18,848000.0,110000.0,5.1,
1236,1518,8,6,2,2023-06-17,2023-06-19,2023-06-26,449000.0,0.0,31.8,Pantalla sin imagen
1237,1358,6,4,2,2023-06-17,2023-06-19,2023-07-04,110000.0,0.0,194.8,Falla de presión NIBP
1238,901,16,12,2,2023-06-18,2023-06-18,2023-07-03,103000.0,0.0,236.1,Ruido anormal
1239,1375,22,5,2,2023-06-18,2023-06-19,2023-06-25,116000.0,0.0,69.1,Falla de presión NIBP
1240,1491,1,4,2,2023-06-18,2023-06-20,2023-06-28,1485000.0,0.0,111.0,Puerta o cúpula dañada
1241,1310,11,2,2,2023-06-18,2023-06-20,2023-07-02,80000.0,0.0,167.2,Pantalla dañada
1242,142,7,5,2,2023-06-18,2023-06-21,2023-06-28,128000.0,38000.0,59.1,No detecta línea
1243,112,10,6,1,2023-06-19,2023-06-20,2023-06-22,211000.0,78000.0,2.8,
1244,1982,8,5,2,2023-06-19,2023-06-22,2023-07-06,369000.0,0.0,200.6,SpO₂ no detecta señal
1245,444,12,4,1,2023-06-19,2023-06-21,2023-06-23,144000.0,0.0,3.6,
1246,337,1,5,1,2023-06-19,2023-06-20,2023-06-22,1481000.0,0.0,5.9,
1247,1650,4,4,1,2023-06-19,2023-06-19,2023-06-20,155000.0,0.0,3.5,
1248,141,4,6,1,2023-06-19,2023-06-21,2023-06-24,127000.0,0.0,7.6,
1249,759,9,6,1,2023-06-19,2023-06-20,2023-06-22,131000.0,0.0,1.2,
1250,1548,6,4,1,2023-06-19,2023-06-20,2023-06-22,203000.0,0.0,7.6,
1251,27,12,4,2,2023-06-19,2023-06-22,2023-06-29,1257000.0,0.0,124.3,Sensor de humedad defectuoso
1252,1481,5,12,2,2023-06-19,2023-06-19,2023-07-03,1821000.0,0.0,80.0,Error de reactivo
1253,1488,7,5,1,2023-06-19,2023-06-21,2023-06-24,71000.0,0.0,6.9,
1254,1211,2,4,2,2023-06-20,2023-06-22,2023-07-06,149000.0,0.0,182.2,Falla de presión NIBP
1255,564,4,4,1,2023-06-20,2023-06-22,2023-06-23,110000.0,0.0,5.6,
1256,1975,1,6,1,2023-06-20,2023-06-21,2023-06-23,41000.0,0.0,7.1,
1257,943,4,6,2,2023-06-20,2023-06-21,2023-06-30,3662000.0,1099000.0,110.8,Fuga en circuito
1258,543,22,12,2,2023-06-20,2023-06-23,2023-06-26,295000.0,0.0,57.2,Vibración excesiva
1259,314,22,6,2,2023-06-20,2023-06-21,2023-06-23,0.0,0.0,18.6,Batería agotada
1260,1039,17,7,2,2023-06-20,2023-06-21,2023-06-29,526000.0,0.0,30.7,Impresora no funciona
1261,951,10,1,2,2023-06-20,2023-06-20,2023-06-28,15000.0,0.0,94.7,Lectura errática
1262,1189,21,3,1,2023-06-20,2023-06-21,2023-06-22,144000.0,16000.0,2.3,
1263,651,12,12,2,2023-06-20,2023-06-20,2023-06-25,4934000.0,0.0,13.5,Error de reactivos
1264,989,10,6,1,2023-06-20,2023-06-22,2023-06-25,121000.0,0.0,2.6,
1265,227,19,7,1,2023-06-20,2023-06-21,2023-06-23,41000.0,0.0,3.7,
1266,276,3,2,1,2023-06-20,2023-06-22,2023-06-23,138000.0,0.0,6.3,
1267,443,2,5,1,2023-06-21,2023-06-22,2023-06-24,144000.0,36000.0,4.0,
1268,1582,10,4,1,2023-06-21,2023-06-23,2023-06-26,90000.0,6000.0,3.2,
1269,1194,22,4,1,2023-06-21,2023-06-23,2023-06-24,19000.0,0.0,3.9,
1270,1403,16,5,2,2023-06-21,2023-06-23,2023-06-26,7000.0,0.0,16.0,Lectura errática
1271,560,1,3,1,2023-06-21,2023-06-23,2023-06-24,478000.0,0.0,4.7,
1272,153,2,7,1,2023-06-21,2023-06-22,2023-06-24,325000.0,0.0,4.6,
1273,1634,15,10,2,2023-06-21,2023-06-24,2023-07-01,2769000.0,640000.0,16.1,Puerta no cierra
1274,1574,15,10,1,2023-06-21,2023-06-21,2023-06-24,120000.0,0.0,5.7,
1275,581,21,6,1,2023-06-21,2023-06-23,2023-06-25,153000.0,0.0,2.2,
1276,490,1,3,2,2023-06-21,2023-06-23,2023-07-01,205000.0,0.0,48.6,Bloqueo de seguridad dañado
1277,766,22,3,2,2023-06-21,2023-06-21,2023-06-29,407000.0,122000.0,164.1,Sistema hidráulico con fuga
1278,797,14,3,1,2023-06-21,2023-06-21,2023-06-22,77000.0,0.0,7.0,
1279,62,5,6,1,2023-06-21,2023-06-21,2023-06-23,11000.0,0.0,6.3,
1280,1106,9,6,1,2023-06-21,2023-06-21,2023-06-22,15000.0,0.0,5.4,
1281,1230,10,6,1,2023-06-22,2023-06-22,2023-06-25,1616000.0,0.0,6.7,
1282,791,11,1,1,2023-06-22,2023-06-22,2023-06-23,188000.0,0.0,3.3,
1283,1679,3,12,2,2023-06-22,2023-06-25,2023-07-02,2910000.0,0.0,77.7,Error de reactivos
1284,1301,17,8,1,2023-06-22,2023-06-23,2023-06-26,1165000.0,0.0,6.8,
1285,1363,7,2,2,2023-06-22,2023-06-24,2023-07-07,214000.0,0.0,127.6,Error de calibración
1286,1774,20,8,1,2023-06-22,2023-06-23,2023-06-24,346000.0,0.0,3.1,
1287,230,9,6,1,2023-06-22,2023-06-24,2023-06-27,229000.0,0.0,1.8,
1288,306,3,2,1,2023-06-22,2023-06-22,2023-06-24,80000.0,18000.0,5.2,
1289,717,17,5,1,2023-06-22,2023-06-23,2023-06-25,21000.0,2000.0,5.9,
1290,659,9,7,1,2023-06-22,2023-06-24,2023-06-26,438000.0,0.0,7.2,
1291,995,21,3,1,2023-06-22,2023-06-24,2023-06-25,131000.0,40000.0,5.6,
1292,1358,6,7,1,2023-06-22,2023-06-24,2023-06-25,62000.0,0.0,3.2,
1293,1469,13,7,1,2023-06-22,2023-06-24,2023-06-25,21000.0,0.0,4.3,
1294,42,9,4,1,2023-06-22,2023-06-24,2023-06-25,132000.0,0.0,5.3,
1295,1585,21,2,2,2023-06-22,2023-06-24,2023-07-01,622000.0,0.0,65.4,Batería agotada
1296,608,10,4,1,2023-06-22,2023-06-23,2023-06-24,1082000.0,0.0,3.4,
1297,297,9,8,2,2023-06-22,2023-06-24,2023-07-05,40236000.0,18331000.0,260.6,Sobrecalentamiento del tubo
1298,840,12,3,1,2023-06-23,2023-06-25,2023-06-28,467000.0,0.0,5.0,
1299,407,17,9,1,2023-06-23,2023-06-25,2023-06-27,1110000.0,0.0,4.2,
1300,375,22,4,1,2023-06-23,2023-06-23,2023-06-24,227000.0,94000.0,5.4,
1301,251,10,4,1,2023-06-23,2023-06-24,2023-06-26,141000.0,0.0,7.5,
1302,750,1,4,1,2023-06-23,2023-06-24,2023-06-26,62000.0,0.0,5.8,
1303,1013,4,1,1,2023-06-23,2023-06-23,2023-06-26,171000.0,41000.0,2.3,
1304,543,22,12,1,2023-06-23,2023-06-24,2023-06-26,152000.0,0.0,3.3,
1305,717,17,6,2,2023-06-24,2023-06-24,2023-07-06,0.0,0.0,154.8,Lectura incorrecta
1306,223,15,10,2,2023-06-24,2023-06-26,2023-07-08,1496000.0,0.0,63.7,Dosificación incorrecta de detergente
1307,123,8,5,2,2023-06-24,2023-06-26,2023-07-08,368000.0,0.0,194.8,NIBP no infla
1308,1908,22,4,2,2023-06-25,2023-06-25,2023-07-03,488000.0,146000.0,99.8,Pantalla sin imagen
1309,1141,2,7,2,2023-06-25,2023-06-26,2023-07-04,5000.0,0.0,38.8,Error de codificación o control
1310,1418,12,3,2,2023-06-25,2023-06-25,2023-06-28,3987000.0,1196000.0,29.1,Presión inestable
1311,1125,21,5,2,2023-06-26,2023-06-27,2023-07-08,10000.0,0.0,169.3,Pantalla defectuosa
1312,214,9,8,1,2023-06-26,2023-06-26,2023-06-28,1068000.0,0.0,5.9,
1313,956,7,4,1,2023-06-26,2023-06-26,2023-06-28,150000.0,0.0,3.5,
1314,1583,4,9,2,2023-06-26,2023-06-27,2023-07-12,2892000.0,0.0,114.5,Transductor dañado
1315,280,9,7,1,2023-06-26,2023-06-26,2023-06-28,143000.0,16000.0,6.0,
1316,1808,17,4,2,2023-06-26,2023-06-28,2023-07-12,118000.0,0.0,105.4,Falla de presión NIBP
1317,1012,3,3,1,2023-06-26,2023-06-28,2023-07-01,223000.0,0.0,6.4,
1318,1437,24,1,2,2023-06-26,2023-06-28,2023-06-29,14000.0,0.0,23.9,Fuga en brazalete
1319,1041,11,2,1,2023-06-26,2023-06-26,2023-06-29,289000.0,0.0,5.7,
1320,1637,9,6,1,2023-06-26,2023-06-28,2023-06-30,1070000.0,0.0,7.1,
1321,752,4,6,1,2023-06-26,2023-06-28,2023-06-29,336000.0,0.0,3.7,
1322,1750,7,3,1,2023-06-27,2023-06-28,2023-06-30,90000.0,0.0,1.3,
1323,1302,11,2,2,2023-06-27,2023-06-29,2023-07-13,2316000.0,0.0,246.4,Error de calibración
1324,117,1,6,1,2023-06-27,2023-06-29,2023-07-02,68000.0,0.0,6.5,
1325,1264,3,7,1,2023-06-27,2023-06-27,2023-06-30,49000.0,0.0,1.8,
1326,1279,9,2,2,2023-06-27,2023-06-29,2023-07-03,106000.0,20000.0,78.2,Teclado/pantalla defectuosa
1327,249,9,1,2,2023-06-27,2023-06-28,2023-07-03,427000.0,128000.0,96.9,No enciende
1328,1968,22,5,2,2023-06-27,2023-06-29,2023-07-08,290000.0,87000.0,203.9,Impresora no imprime
1329,1847,10,6,2,2023-06-28,2023-06-30,2023-07-13,169000.0,0.0,153.8,Puerta o clamp dañado
1330,87,8,4,1,2023-06-28,2023-06-29,2023-07-02,33000.0,0.0,2.6,
1331,321,12,3,1,2023-06-28,2023-06-30,2023-07-02,40000.0,1000.0,1.0,
1332,1403,16,3,2,2023-06-28,2023-06-30,2023-07-07,7000.0,0.0,104.9,Pantalla defectuosa
1333,844,3,1,1,2023-06-28,2023-06-28,2023-06-30,188000.0,0.0,7.5,
1334,431,24,4,1,2023-06-28,2023-06-29,2023-06-30,80000.0,0.0,5.3,
1335,411,1,4,1,2023-06-28,2023-06-29,2023-07-01,537000.0,0.0,6.6,
1336,1908,10,1,1,2023-06-28,2023-06-30,2023-07-02,265000.0,29000.0,6.6,
1337,1648,5,3,2,2023-06-28,2023-06-30,2023-07-12,360000.0,69000.0,108.9,Software no reconoce el equipo
1338,977,1,7,1,2023-06-28,2023-06-28,2023-07-01,3588000.0,0.0,6.9,
1339,1181,11,4,1,2023-06-28,2023-06-29,2023-06-30,175000.0,0.0,7.5,
1340,1505,17,5,1,2023-06-29,2023-06-30,2023-07-02,64000.0,0.0,5.8,
1341,1150,15,10,1,2023-06-29,2023-07-01,2023-07-04,128000.0,0.0,5.2,
1342,1186,22,1,1,2023-06-29,2023-06-29,2023-06-30,276000.0,0.0,5.4,
1343,1129,16,1,1,2023-06-29,2023-06-30,2023-07-03,25000.0,1000.0,5.9,
1344,1706,4,12,1,2023-06-29,2023-06-30,2023-07-03,151000.0,9000.0,4.0,
1345,325,17,4,1,2023-06-29,2023-06-29,2023-06-30,162000.0,0.0,7.2,
1346,1244,6,3,1,2023-06-29,2023-06-29,2023-07-02,41000.0,2000.0,2.6,
1347,1499,6,2,1,2023-06-30,2023-06-30,2023-07-01,102000.0,0.0,1.9,
1348,950,13,2,1,2023-06-30,2023-07-02,2023-07-03,83000.0,0.0,6.2,
1349,866,12,1,1,2023-06-30,2023-06-30,2023-07-03,967000.0,0.0,2.0,
1350,732,11,6,1,2023-06-30,2023-07-01,2023-07-02,508000.0,0.0,6.3,
1351,1850,12,1,1,2023-06-30,2023-07-02,2023-07-04,27000.0,2000.0,5.3,
1352,1180,7,2,2,2023-07-01,2023-07-04,2023-07-19,122000.0,0.0,263.3,Pantalla dañada
1353,1218,9,1,2,2023-07-02,2023-07-04,2023-07-06,138000.0,0.0,38.9,Temperatura errática
1354,1746,20,1,2,2023-07-02,2023-07-02,2023-07-03,530000.0,0.0,20.2,Barandas sueltas
1355,1903,1,4,2,2023-07-02,2023-07-05,2023-07-06,143000.0,0.0,23.5,Alarma de oclusión
1356,663,1,5,2,2023-07-03,2023-07-04,2023-07-13,0.0,0.0,159.3,Temperatura inestable
1357,1578,20,8,1,2023-07-03,2023-07-03,2023-07-04,2921000.0,1419000.0,6.7,
1358,619,21,6,1,2023-07-03,2023-07-03,2023-07-05,139000.0,0.0,8.0,
1359,1550,21,1,1,2023-07-03,2023-07-03,2023-07-04,44000.0,0.0,2.2,
1360,579,17,7,1,2023-07-03,2023-07-04,2023-07-07,301000.0,0.0,2.7,
1361,689,19,11,1,2023-07-03,2023-07-04,2023-07-07,795000.0,0.0,3.8,
1362,458,12,2,2,2023-07-03,2023-07-04,2023-07-17,3614000.0,0.0,173.9,Falla de pantalla
1363,566,3,5,1,2023-07-03,2023-07-03,2023-07-04,38000.0,0.0,1.3,
1364,443,2,6,2,2023-07-03,2023-07-04,2023-07-11,185000.0,47000.0,72.8,Puerta o clamp dañado
1365,354,10,7,2,2023-07-03,2023-07-03,2023-07-05,176000.0,0.0,47.7,Falla de presión NIBP
1366,1439,1,3,1,2023-07-03,2023-07-05,2023-07-07,312000.0,0.0,4.4,
1367,883,15,10,2,2023-07-03,2023-07-05,2023-07-13,159000.0,0.0,149.1,Resistencia dañada
1368,300,3,4,1,2023-07-03,2023-07-05,2023-07-08,48000.0,0.0,6.7,
1369,265,6,4,2,2023-07-03,2023-07-05,2023-07-12,19000.0,0.0,143.2,Fuga en brazalete
1370,1595,9,9,2,2023-07-03,2023-07-03,2023-07-04,2703000.0,0.0,13.3,Congelamiento del software
1371,1250,4,6,1,2023-07-04,2023-07-06,2023-07-07,114000.0,0.0,7.2,
1372,1097,21,1,1,2023-07-04,2023-07-04,2023-07-05,308000.0,44000.0,4.4,
1373,1015,4,7,2,2023-07-04,2023-07-04,2023-07-06,497000.0,0.0,10.8,Sistema hidráulico con fuga
1374,273,11,7,1,2023-07-04,2023-07-05,2023-07-08,7000.0,0.0,2.9,
1375,754,1,6,1,2023-07-04,2023-07-04,2023-07-07,52000.0,5000.0,5.5,
1376,17,1,5,2,2023-07-04,2023-07-07,2023-07-22,402000.0,0.0,287.8,Pantalla dañada
1377,1318,15,10,2,2023-07-04,2023-07-04,2023-07-06,2532000.0,0.0,48.0,No genera presión
1378,1452,7,7,1,2023-07-04,2023-07-06,2023-07-07,1934000.0,690000.0,7.0,
1379,97,10,3,1,2023-07-05,2023-07-07,2023-07-09,133000.0,0.0,7.6,
1380,646,17,7,2,2023-07-05,2023-07-07,2023-07-13,240000.0,0.0,74.1,Cable o sensor dañado
1381,1584,12,6,1,2023-07-05,2023-07-06,2023-07-08,1777000.0,0.0,1.2,
1382,1059,7,7,1,2023-07-05,2023-07-06,2023-07-08,1206000.0,0.0,7.5,
1383,306,3,4,2,2023-07-05,2023-07-06,2023-07-17,152000.0,45000.0,11.0,Batería dañada
1384,1279,9,4,2,2023-07-05,2023-07-07,2023-07-13,106000.0,32000.0,143.4,Caudal incorrecto
1385,198,2,6,1,2023-07-05,2023-07-07,2023-07-10,96000.0,0.0,4.8,
1386,344,15,10,2,2023-07-05,2023-07-05,2023-07-13,1682000.0,0.0,65.3,Boquillas obstruidas
1387,466,7,5,1,2023-07-06,2023-07-06,2023-07-07,320000.0,0.0,4.0,
1388,309,5,7,2,2023-07-06,2023-07-08,2023-07-17,142000.0,0.0,95.5,SpO₂ sin lectura
1389,632,24,2,1,2023-07-06,2023-07-06,2023-07-07,217000.0,56000.0,2.2,
1390,715,15,11,2,2023-07-06,2023-07-07,2023-07-10,2136000.0,0.0,13.0,Dosificación incorrecta de detergente
1391,449,3,2,1,2023-07-06,2023-07-06,2023-07-09,876000.0,0.0,2.8,
1392,1177,22,6,1,2023-07-06,2023-07-08,2023-07-11,192000.0,0.0,3.5,
1393,1193,1,1,1,2023-07-06,2023-07-07,2023-07-08,58000.0,0.0,7.5,
1394,135,15,10,1,2023-07-06,2023-07-07,2023-07-09,1210000.0,0.0,3.5,
1395,1950,4,9,2,2023-07-06,2023-07-06,2023-07-07,4118000.0,0.0,13.8,Imagen con ruido
1396,1863,17,7,2,2023-07-06,2023-07-07,2023-07-13,2468000.0,0.0,112.7,Alarma de presión
1397,370,1,3,1,2023-07-06,2023-07-07,2023-07-10,885000.0,0.0,6.5,
1398,860,11,3,1,2023-07-06,2023-07-08,2023-07-09,131000.0,0.0,4.7,
1399,316,9,4,1,2023-07-07,2023-07-09,2023-07-11,146000.0,0.0,1.2,
1400,328,21,2,1,2023-07-07,2023-07-07,2023-07-09,11000.0,0.0,6.8,
1401,1239,2,5,1,2023-07-07,2023-07-08,2023-07-09,138000.0,0.0,4.3,
1402,1247,9,2,2,2023-07-07,2023-07-07,2023-07-17,121000.0,0.0,206.6,Batería dañada
1403,804,1,8,2,2023-07-07,2023-07-09,2023-07-16,5680000.0,0.0,30.3,Pantalla defectuosa
1404,1960,22,4,2,2023-07-07,2023-07-07,2023-07-15,454000.0,0.0,99.3,Colchón dañado
1405,1151,2,1,1,2023-07-07,2023-07-09,2023-07-11,1792000.0,534000.0,5.3,
1406,1058,17,4,1,2023-07-07,2023-07-07,2023-07-10,869000.0,0.0,5.0,
1407,1670,17,7,1,2023-07-07,2023-07-08,2023-07-09,161000.0,0.0,5.7,
1408,100,24,2,1,2023-07-07,2023-07-07,2023-07-10,55000.0,0.0,1.3,
1409,930,17,3,1,2023-07-07,2023-07-09,2023-07-10,150000.0,0.0,4.6,
1410,1814,6,7,1,2023-07-07,2023-07-08,2023-07-10,24000.0,0.0,5.7,
1411,1679,3,12,1,2023-07-07,2023-07-07,2023-07-08,1542000.0,0.0,3.8,
1412,864,1,9,2,2023-07-08,2023-07-08,2023-07-12,60000000.0,0.0,69.7,Error de software
1413,697,2,2,2,2023-07-08,2023-07-10,2023-07-12,164000.0,0.0,31.5,Batería dañada
1414,1321,18,11,2,2023-07-08,2023-07-11,2023-07-19,525000.0,0.0,191.8,Botón de emergencia defectuoso
1415,1415,19,2,2,2023-07-08,2023-07-11,2023-07-13,57000.0,17000.0,38.3,Selector de lentes trabado
1416,1841,22,4,2,2023-07-08,2023-07-08,2023-07-12,541000.0,0.0,45.0,Alarmas defectuosas
1417,560,1,7,2,2023-07-09,2023-07-09,2023-07-17,840000.0,0.0,19.8,Alarma de temperatura
1418,306,3,7,2,2023-07-09,2023-07-10,2023-07-24,152000.0,45000.0,84.2,Error de calibración
1419,772,16,1,2,2023-07-09,2023-07-09,2023-07-24,14000.0,4000.0,294.1,Válvula defectuosa
1420,1663,7,7,2,2023-07-09,2023-07-12,2023-07-17,366000.0,0.0,64.3,Módulo ECG dañado
1421,736,11,6,2,2023-07-09,2023-07-09,2023-07-22,334000.0,0.0,107.1,Baja intensidad lumínica
1422,534,1,7,2,2023-07-09,2023-07-12,2023-07-25,477000.0,119000.0,107.2,Alarmas defectuosas
1423,1557,4,8,2,2023-07-09,2023-07-09,2023-07-22,16422000.0,0.0,278.4,Falla de fluoroscopía
1424,1290,12,7,1,2023-07-10,2023-07-12,2023-07-14,5000.0,0.0,3.1,
1425,828,12,4,2,2023-07-10,2023-07-10,2023-07-25,288000.0,86000.0,144.4,Trazado con ruido
1426,1805,5,2,1,2023-07-10,2023-07-12,2023-07-13,276000.0,0.0,4.6,
1427,930,17,1,2,2023-07-10,2023-07-10,2023-07-23,120000.0,0.0,177.9,Peso incorrecto
1428,1755,15,10,1,2023-07-10,2023-07-11,2023-07-14,64000.0,0.0,5.1,
1429,1979,8,1,1,2023-07-10,2023-07-10,2023-07-11,323000.0,0.0,5.2,
1430,1236,4,1,1,2023-07-10,2023-07-11,2023-07-12,78000.0,0.0,2.3,
1431,1278,17,3,1,2023-07-10,2023-07-11,2023-07-12,147000.0,0.0,7.1,
1432,374,15,10,1,2023-07-11,2023-07-12,2023-07-15,1208000.0,0.0,6.5,
1433,1690,17,7,1,2023-07-11,2023-07-13,2023-07-15,119000.0,0.0,6.9,
1434,527,9,2,1,2023-07-11,2023-07-11,2023-07-13,81000.0,0.0,4.7,
1435,1530,10,4,1,2023-07-11,2023-07-13,2023-07-16,573000.0,0.0,2.1,
1436,352,2,4,2,2023-07-11,2023-07-14,2023-07-15,7000.0,2000.0,23.8,Pantalla defectuosa
1437,1105,7,4,2,2023-07-11,2023-07-12,2023-07-27,205000.0,0.0,262.9,Batería dañada
1438,64,12,6,1,2023-07-11,2023-07-13,2023-07-14,90000.0,0.0,2.5,
1439,727,2,2,1,2023-07-11,2023-07-11,2023-07-13,65000.0,0.0,6.6,
1440,958,4,5,2,2023-07-11,2023-07-13,2023-07-19,6284000.0,0.0,85.7,Error en sensor de oxígeno
1441,1506,17,1,1,2023-07-11,2023-07-12,2023-07-13,1207000.0,0.0,7.2,
1442,516,7,7,1,2023-07-11,2023-07-11,2023-07-14,116000.0,0.0,6.4,
1443,1899,12,7,1,2023-07-11,2023-07-12,2023-07-14,722000.0,0.0,6.7,
1444,1534,14,6,1,2023-07-12,2023-07-13,2023-07-15,237000.0,0.0,4.0,
1445,926,2,3,1,2023-07-12,2023-07-13,2023-07-15,218000.0,0.0,5.0,
1446,813,2,4,1,2023-07-12,2023-07-13,2023-07-16,121000.0,0.0,5.8,
1447,1349,10,6,2,2023-07-12,2023-07-12,2023-07-26,178000.0,0.0,155.9,Batería dañada
1448,1207,18,11,1,2023-07-12,2023-07-13,2023-07-14,61000.0,0.0,1.2,
1449,522,3,1,2,2023-07-12,2023-07-15,2023-07-23,120000.0,0.0,87.5,Alarmas inoperativas
1450,1145,4,1,1,2023-07-12,2023-07-12,2023-07-15,29000.0,0.0,5.8,
1451,436,13,5,1,2023-07-12,2023-07-13,2023-07-15,270000.0,0.0,7.8,
1452,925,22,7,2,2023-07-12,2023-07-15,2023-07-24,101000.0,0.0,123.3,Plataforma desnivelada
1453,1517,14,6,1,2023-07-13,2023-07-15,2023-07-18,29000.0,0.0,5.2,
1454,1042,10,7,1,2023-07-13,2023-07-14,2023-07-15,1587000.0,0.0,4.0,
1455,145,18,11,1,2023-07-13,2023-07-15,2023-07-18,153000.0,0.0,6.5,
1456,169,8,6,1,2023-07-13,2023-07-15,2023-07-18,171000.0,49000.0,4.5,
1457,1556,9,5,1,2023-07-13,2023-07-15,2023-07-17,190000.0,0.0,4.9,
1458,1285,15,11,1,2023-07-13,2023-07-14,2023-07-17,119000.0,9000.0,2.1,
1459,340,18,10,1,2023-07-13,2023-07-15,2023-07-18,82000.0,0.0,3.2,
1460,1770,22,2,2,2023-07-14,2023-07-15,2023-07-22,365000.0,0.0,156.8,No enciende
1461,610,9,4,2,2023-07-14,2023-07-15,2023-07-21,20000.0,0.0,10.1,Óptica sucia
1462,1070,15,11,2,2023-07-14,2023-07-17,2023-07-29,230000.0,0.0,124.2,Temperatura inestable
1463,450,21,1,1,2023-07-14,2023-07-15,2023-07-16,39000.0,3000.0,6.4,
1464,1323,21,1,2,2023-07-14,2023-07-14,2023-07-21,1199000.0,0.0,72.5,Falla de pantalla
1465,142,7,2,1,2023-07-14,2023-07-16,2023-07-18,85000.0,22000.0,4.5,
1466,1689,4,4,2,2023-07-15,2023-07-15,2023-07-25,0.0,0.0,56.9,Mecanismo de altura no funciona
1467,1919,6,4,2,2023-07-15,2023-07-18,2023-07-31,127000.0,0.0,98.7,Batería defectuosa
1468,26,9,12,2,2023-07-15,2023-07-16,2023-07-18,699000.0,210000.0,17.9,Condensador sucio
1469,370,1,2,2,2023-07-15,2023-07-16,2023-07-25,2616000.0,0.0,54.7,Error de calibración
1470,710,15,10,2,2023-07-16,2023-07-16,2023-07-28,0.0,0.0,256.2,Rodillos gastados
1471,442,11,6,2,2023-07-16,2023-07-18,2023-07-20,330000.0,0.0,27.0,Mecanismo de altura no funciona
1472,1366,6,12,2,2023-07-16,2023-07-18,2023-07-21,618000.0,0.0,38.0,Alarma defectuosa
1473,1077,4,5,1,2023-07-17,2023-07-17,2023-07-19,246000.0,45000.0,2.9,
1474,1734,15,10,1,2023-07-17,2023-07-18,2023-07-20,70000.0,0.0,6.0,
1475,1407,14,12,1,2023-07-17,2023-07-17,2023-07-18,351000.0,63000.0,5.4,
1476,1978,18,1,2,2023-07-17,2023-07-17,2023-07-29,19000.0,0.0,181.6,Manómetro descalibrado
1477,627,12,2,1,2023-07-17,2023-07-17,2023-07-18,165000.0,25000.0,1.1,
1478,1759,19,10,2,2023-07-17,2023-07-18,2023-07-31,156000.0,0.0,183.3,Torque incorrecto
1479,190,20,1,1,2023-07-17,2023-07-19,2023-07-22,56000.0,0.0,7.5,
1480,1131,20,6,1,2023-07-17,2023-07-18,2023-07-19,105000.0,4000.0,1.8,
1481,1545,24,4,1,2023-07-18,2023-07-18,2023-07-21,65000.0,0.0,1.8,
1482,1074,2,7,2,2023-07-18,2023-07-20,2023-08-03,202000.0,0.0,207.4,Puerta o clamp dañado
1483,1763,6,12,2,2023-07-18,2023-07-19,2023-07-24,2963000.0,0.0,114.7,Problemas de lavado
1484,990,22,1,2,2023-07-18,2023-07-20,2023-07-30,3000.0,1000.0,76.1,Lecturas erróneas
1485,1109,20,9,1,2023-07-19,2023-07-20,2023-07-21,294000.0,0.0,6.5,
1486,677,11,3,2,2023-07-19,2023-07-19,2023-07-31,116000.0,35000.0,245.2,Batería defectuosa
1487,818,4,6,1,2023-07-19,2023-07-19,2023-07-21,76000.0,0.0,2.5,
1488,1038,7,7,1,2023-07-19,2023-07-19,2023-07-20,305000.0,0.0,5.9,
1489,1573,2,5,2,2023-07-19,2023-07-20,2023-07-29,2193000.0,0.0,165.2,Alarma de presión
1490,524,17,8,1,2023-07-19,2023-07-19,2023-07-20,1507000.0,206000.0,3.5,
1491,1283,2,5,2,2023-07-19,2023-07-21,2023-07-28,19000.0,0.0,43.1,Fuga en brazalete
1492,1405,21,2,2,2023-07-19,2023-07-20,2023-08-01,166000.0,50000.0,278.7,Batería defectuosa
1493,1304,16,12,1,2023-07-19,2023-07-21,2023-07-22,341000.0,0.0,3.6,
1494,85,4,8,1,2023-07-19,2023-07-20,2023-07-23,12822000.0,4042000.0,6.7,
1495,1583,4,9,2,2023-07-20,2023-07-22,2023-08-03,1790000.0,0.0,186.9,Falla de teclado o trackball
1496,553,1,4,1,2023-07-20,2023-07-22,2023-07-23,1913000.0,0.0,2.1,
1497,465,10,2,1,2023-07-20,2023-07-20,2023-07-21,773000.0,166000.0,3.9,
1498,1390,15,10,1,2023-07-20,2023-07-20,2023-07-21,87000.0,0.0,5.8,
1499,1705,10,6,2,2023-07-20,2023-07-20,2023-08-01,0.0,0.0,201.4,Batería dañada
1500,1789,20,8,1,2023-07-20,2023-07-22,2023-07-23,1438000.0,0.0,6.5,
1501,112,10,5,2,2023-07-20,2023-07-20,2023-07-21,423000.0,71000.0,22.4,Pantalla sin imagen
1502,904,8,9,1,2023-07-20,2023-07-22,2023-07-25,4099000.0,0.0,2.5,
1503,9,10,7,1,2023-07-20,2023-07-21,2023-07-23,717000.0,0.0,2.4,
1504,485,1,2,1,2023-07-20,2023-07-22,2023-07-25,34000.0,2000.0,5.1,
1505,244,6,1,2,2023-07-20,2023-07-21,2023-08-03,484000.0,0.0,103.9,Barandas sueltas
1506,35,12,7,2,2023-07-21,2023-07-24,2023-08-02,1004000.0,0.0,106.7,Sensor de humedad defectuoso
1507,1971,4,7,2,2023-07-21,2023-07-23,2023-08-06,160000.0,24000.0,242.8,Alarma de oclusión
1508,212,10,6,1,2023-07-21,2023-07-23,2023-07-25,34000.0,0.0,2.2,
1509,1183,18,10,2,2023-07-21,2023-07-23,2023-08-01,461000.0,138000.0,36.2,Ruido mecánico
1510,1808,22,2,1,2023-07-21,2023-07-21,2023-07-24,63000.0,0.0,7.3,
1511,1134,1,2,1,2023-07-21,2023-07-22,2023-07-25,66000.0,23000.0,2.0,
1512,1860,11,4,1,2023-07-21,2023-07-23,2023-07-24,37000.0,0.0,5.6,
1513,806,5,6,1,2023-07-21,2023-07-21,2023-07-24,107000.0,0.0,5.1,
1514,1900,19,6,1,2023-07-21,2023-07-23,2023-07-24,31000.0,3000.0,5.5,
1515,1363,7,6,2,2023-07-22,2023-07-24,2023-08-03,214000.0,0.0,36.9,Teclado/pantalla defectuosa
1516,306,3,5,2,2023-07-22,2023-07-23,2023-07-25,152000.0,33000.0,33.4,Batería dañada
1517,1211,2,3,2,2023-07-22,2023-07-22,2023-07-28,149000.0,0.0,111.9,Falla de presión NIBP
1518,449,3,7,2,2023-07-23,2023-07-24,2023-08-01,1914000.0,0.0,128.7,Fuga en circuito
1519,894,15,11,2,2023-07-23,2023-07-26,2023-08-09,3068000.0,921000.0,298.6,Puerta no sella
1520,1432,9,5,2,2023-07-23,2023-07-26,2023-07-31,209000.0,0.0,107.9,Pantalla dañada
1521,746,3,7,1,2023-07-24,2023-07-25,2023-07-26,293000.0,0.0,4.9,
1522,1428,1,5,1,2023-07-24,2023-07-24,2023-07-26,555000.0,0.0,3.7,
1523,401,2,1,1,2023-07-24,2023-07-24,2023-07-26,183000.0,0.0,6.9,
1524,1771,9,2,1,2023-07-24,2023-07-24,2023-07-27,544000.0,0.0,2.3,
1525,1947,11,6,1,2023-07-24,2023-07-24,2023-07-27,1361000.0,0.0,7.2,
1526,470,8,7,1,2023-07-24,2023-07-24,2023-07-27,15000.0,1000.0,7.6,
1527,1490,12,5,1,2023-07-24,2023-07-24,2023-07-27,1454000.0,254000.0,6.1,
1528,1388,6,2,1,2023-07-25,2023-07-25,2023-07-26,22000.0,0.0,2.0,
1529,1626,3,5,1,2023-07-25,2023-07-25,2023-07-26,100000.0,0.0,4.9,
1530,599,1,7,1,2023-07-25,2023-07-26,2023-07-29,79000.0,0.0,4.9,
1531,976,18,1,1,2023-07-25,2023-07-25,2023-07-28,23000.0,2000.0,5.2,
1532,65,22,4,1,2023-07-25,2023-07-26,2023-07-28,306000.0,0.0,8.0,
1533,1135,15,10,1,2023-07-25,2023-07-26,2023-07-28,72000.0,0.0,3.1,
1534,1533,5,1,1,2023-07-25,2023-07-25,2023-07-28,36000.0,3000.0,6.8,
1535,884,9,4,1,2023-07-25,2023-07-27,2023-07-28,232000.0,0.0,4.8,
1536,835,11,1,1,2023-07-25,2023-07-25,2023-07-27,52000.0,8000.0,5.5,
1537,157,22,3,2,2023-07-25,2023-07-26,2023-08-10,11000.0,0.0,166.8,Batería agotada
1538,410,12,4,1,2023-07-25,2023-07-27,2023-07-30,678000.0,0.0,3.4,
1539,135,15,11,2,2023-07-26,2023-07-29,2023-08-05,2274000.0,0.0,49.1,Boquillas obstruidas
1540,1053,2,7,1,2023-07-26,2023-07-27,2023-07-30,159000.0,0.0,5.0,
1541,1484,4,9,1,2023-07-26,2023-07-28,2023-07-30,1349000.0,0.0,4.4,
1542,1205,10,5,2,2023-07-26,2023-07-27,2023-07-31,1008000.0,0.0,64.5,Alarma no funciona
1543,866,12,3,2,2023-07-26,2023-07-27,2023-08-06,1278000.0,0.0,177.2,Lámpara/resistencia dañada
1544,1751,9,4,1,2023-07-26,2023-07-28,2023-07-29,1709000.0,0.0,2.3,
1545,1713,9,2,1,2023-07-27,2023-07-29,2023-07-31,43000.0,0.0,5.5,
1546,138,11,5,2,2023-07-27,2023-07-30,2023-08-01,196000.0,0.0,15.4,Teclado/pantalla defectuosa
1547,1937,1,5,1,2023-07-27,2023-07-27,2023-07-28,216000.0,0.0,3.2,
1548,589,7,5,1,2023-07-27,2023-07-29,2023-07-31,343000.0,37000.0,7.2,
1549,33,2,5,1,2023-07-27,2023-07-28,2023-07-30,34000.0,0.0,3.4,
1550,1344,13,4,1,2023-07-27,2023-07-28,2023-07-30,74000.0,0.0,7.0,
1551,1400,1,6,1,2023-07-27,2023-07-29,2023-08-01,197000.0,0.0,7.6,
1552,1031,12,7,1,2023-07-27,2023-07-27,2023-07-28,105000.0,0.0,2.9,
1553,1265,5,7,2,2023-07-27,2023-07-30,2023-08-06,591000.0,0.0,89.4,Lecturas erráticas
1554,986,20,8,1,2023-07-27,2023-07-28,2023-07-29,390000.0,0.0,4.2,
1555,503,3,12,1,2023-07-27,2023-07-27,2023-07-29,157000.0,0.0,4.7,
1556,234,9,1,1,2023-07-27,2023-07-27,2023-07-28,199000.0,0.0,2.7,
1557,1084,17,4,2,2023-07-28,2023-07-30,2023-08-08,466000.0,0.0,20.2,Frenos defectuosos
1558,220,14,3,1,2023-07-28,2023-07-30,2023-07-31,61000.0,0.0,5.9,
1559,927,3,2,1,2023-07-28,2023-07-29,2023-08-01,124000.0,0.0,4.8,
1560,525,22,5,2,2023-07-28,2023-07-28,2023-08-02,168000.0,0.0,15.1,Pantalla dañada
1561,1155,24,4,1,2023-07-28,2023-07-29,2023-07-30,22000.0,1000.0,2.3,
1562,1770,22,5,1,2023-07-31,2023-08-01,2023-08-04,272000.0,0.0,5.9,
1563,228,12,4,1,2023-07-31,2023-08-01,2023-08-02,1032000.0,0.0,7.7,
1564,386,4,4,1,2023-07-31,2023-07-31,2023-08-02,108000.0,27000.0,7.9,
1565,1364,2,2,1,2023-07-31,2023-07-31,2023-08-02,310000.0,35000.0,6.2,
1566,604,15,11,1,2023-07-31,2023-07-31,2023-08-01,87000.0,0.0,6.7,
1567,1007,20,5,1,2023-07-31,2023-08-01,2023-08-03,7000.0,0.0,5.9,
1568,445,24,6,1,2023-07-31,2023-08-01,2023-08-02,109000.0,0.0,6.6,
1569,1983,9,8,1,2023-07-31,2023-08-02,2023-08-03,4094000.0,0.0,7.5,
1570,1878,6,7,1,2023-07-31,2023-08-01,2023-08-04,143000.0,0.0,2.4,
1571,266,7,6,2,2023-08-01,2023-08-02,2023-08-04,206000.0,0.0,28.8,Alarma de oclusión
1572,593,15,11,1,2023-08-01,2023-08-02,2023-08-05,108000.0,0.0,2.1,
1573,1628,22,2,1,2023-08-01,2023-08-03,2023-08-04,46000.0,0.0,3.4,
1574,580,13,1,1,2023-08-01,2023-08-02,2023-08-04,10000.0,0.0,5.1,
1575,1037,9,6,1,2023-08-01,2023-08-01,2023-08-04,1053000.0,399000.0,1.7,
1576,1430,12,3,2,2023-08-01,2023-08-03,2023-08-11,295000.0,0.0,169.8,SpO₂ no detecta señal
1577,801,24,3,2,2023-08-01,2023-08-04,2023-08-19,464000.0,0.0,151.4,Alarmas defectuosas
1578,136,21,2,2,2023-08-02,2023-08-03,2023-08-16,268000.0,0.0,101.2,Lecturas erráticas
1579,888,6,6,1,2023-08-02,2023-08-03,2023-08-05,19000.0,0.0,2.1,
1580,1128,12,6,1,2023-08-02,2023-08-04,2023-08-07,207000.0,0.0,5.9,
1581,1830,10,3,1,2023-08-02,2023-08-03,2023-08-05,364000.0,0.0,7.0,
1582,1726,17,6,1,2023-08-02,2023-08-02,2023-08-04,43000.0,0.0,6.1,
1583,1514,15,10,1,2023-08-02,2023-08-02,2023-08-04,178000.0,30000.0,2.9,
1584,262,15,10,1,2023-08-02,2023-08-04,2023-08-06,1205000.0,0.0,3.8,
1585,1803,4,6,2,2023-08-02,2023-08-03,2023-08-15,240000.0,0.0,229.8,No enciende
1586,1319,12,6,2,2023-08-02,2023-08-03,2023-08-06,172000.0,44000.0,53.4,Alarma de oclusión
1587,1401,3,6,2,2023-08-02,2023-08-03,2023-08-11,3633000.0,0.0,174.2,Fuga en circuito
1588,1095,15,11,1,2023-08-03,2023-08-04,2023-08-05,79000.0,15000.0,4.8,
1589,538,19,11,1,2023-08-03,2023-08-04,2023-08-05,2596000.0,698000.0,4.3,
1590,361,6,5,1,2023-08-03,2023-08-05,2023-08-07,8000.0,1000.0,5.2,
1591,536,3,6,1,2023-08-03,2023-08-04,2023-08-07,6000.0,1000.0,6.0,
1592,937,6,12,1,2023-08-03,2023-08-03,2023-08-04,80000.0,0.0,4.9,
1593,578,8,1,1,2023-08-03,2023-08-03,2023-08-05,157000.0,0.0,7.2,
1594,341,12,2,2,2023-08-03,2023-08-04,2023-08-09,144000.0,25000.0,34.1,Alarma de oclusión
1595,1151,2,3,2,2023-08-03,2023-08-05,2023-08-06,4255000.0,1276000.0,22.1,Problema en válvulas internas
1596,735,8,6,1,2023-08-03,2023-08-05,2023-08-06,23000.0,0.0,5.3,
1597,1898,2,4,1,2023-08-03,2023-08-03,2023-08-04,69000.0,25000.0,3.0,
1598,354,10,7,2,2023-08-04,2023-08-05,2023-08-20,176000.0,0.0,271.2,Batería defectuosa
1599,263,10,4,2,2023-08-04,2023-08-07,2023-08-18,319000.0,0.0,176.6,Módulo ECG dañado
1600,280,9,6,2,2023-08-04,2023-08-06,2023-08-15,182000.0,55000.0,148.2,Caudal incorrecto
1601,270,11,6,1,2023-08-04,2023-08-05,2023-08-06,19000.0,0.0,4.6,
1602,377,13,2,1,2023-08-04,2023-08-04,2023-08-06,171000.0,0.0,4.8,
1603,1017,7,1,2,2023-08-04,2023-08-07,2023-08-11,87000.0,0.0,46.2,Falla de presión NIBP
1604,492,11,6,1,2023-08-04,2023-08-04,2023-08-07,158000.0,0.0,7.4,
1605,864,1,9,2,2023-08-04,2023-08-07,2023-08-09,60000000.0,0.0,28.5,Artefactos de imagen
1606,1961,10,4,1,2023-08-04,2023-08-06,2023-08-07,1599000.0,0.0,7.1,
1607,1051,10,6,2,2023-08-05,2023-08-05,2023-08-08,2072000.0,0.0,39.2,Alarma de presión
1608,1418,12,6,2,2023-08-05,2023-08-06,2023-08-17,3987000.0,1196000.0,160.2,Presión inestable
1609,1964,10,4,2,2023-08-05,2023-08-08,2023-08-16,1346000.0,0.0,62.9,Sensor de humedad defectuoso
1610,1134,1,1,2,2023-08-05,2023-08-08,2023-08-10,0.0,0.0,42.6,No detecta línea
1611,1626,3,2,2,2023-08-05,2023-08-05,2023-08-17,118000.0,0.0,143.8,Puerta o clamp dañado
1612,1503,17,4,2,2023-08-05,2023-08-08,2023-08-14,429000.0,0.0,78.5,Pantalla sin imagen
1613,1126,6,3,2,2023-08-05,2023-08-08,2023-08-13,310000.0,0.0,58.0,Alarmas defectuosas
1614,1126,6,2,2,2023-08-05,2023-08-06,2023-08-21,310000.0,0.0,242.1,Módulo ECG dañado
1615,1254,17,4,2,2023-08-06,2023-08-09,2023-08-23,487000.0,0.0,47.9,Alarmas defectuosas
1616,451,15,10,1,2023-08-07,2023-08-07,2023-08-09,58000.0,0.0,2.0,
1617,1667,18,2,1,2023-08-07,2023-08-07,2023-08-10,148000.0,0.0,7.1,
1618,1509,4,2,1,2023-08-07,2023-08-07,2023-08-08,192000.0,0.0,6.4,
1619,476,9,3,1,2023-08-07,2023-08-07,2023-08-09,687000.0,0.0,1.6,
1620,1583,4,8,2,2023-08-07,2023-08-09,2023-08-10,2178000.0,0.0,12.8,Imagen con ruido
1621,1757,21,3,1,2023-08-07,2023-08-09,2023-08-12,181000.0,31000.0,2.6,
1622,1862,15,11,1,2023-08-08,2023-08-08,2023-08-11,52000.0,0.0,2.2,
1623,1503,17,6,1,2023-08-08,2023-08-08,2023-08-10,311000.0,0.0,7.2,
1624,1669,2,4,2,2023-08-08,2023-08-09,2023-08-18,121000.0,0.0,155.3,Error de calibración
1625,1130,15,10,1,2023-08-08,2023-08-09,2023-08-11,58000.0,0.0,6.0,
1626,1402,6,6,2,2023-08-08,2023-08-08,2023-08-12,370000.0,84000.0,86.9,Lecturas erráticas
1627,579,17,7,2,2023-08-08,2023-08-09,2023-08-16,478000.0,0.0,15.3,No carga energía
1628,144,8,8,2,2023-08-08,2023-08-11,2023-08-20,3122000.0,0.0,85.7,Puertos dañados
1629,751,1,3,2,2023-08-08,2023-08-10,2023-08-11,1506000.0,0.0,11.6,Sensor de humedad defectuoso
1630,747,15,11,1,2023-08-09,2023-08-09,2023-08-11,105000.0,0.0,3.7,
1631,124,12,4,1,2023-08-09,2023-08-09,2023-08-11,76000.0,0.0,2.1,
1632,1836,7,5,1,2023-08-09,2023-08-09,2023-08-12,134000.0,0.0,5.2,
1633,1040,21,4,1,2023-08-09,2023-08-10,2023-08-13,145000.0,0.0,4.5,
1634,547,9,6,1,2023-08-09,2023-08-10,2023-08-11,199000.0,0.0,6.0,
1635,498,17,5,2,2023-08-09,2023-08-10,2023-08-18,613000.0,0.0,82.2,Alarmas defectuosas
1636,1422,2,3,1,2023-08-09,2023-08-09,2023-08-10,214000.0,0.0,6.2,
1637,1442,3,3,2,2023-08-09,2023-08-11,2023-08-23,4980000.0,0.0,176.5,Problema en ventilador integrado
1638,616,4,6,1,2023-08-10,2023-08-11,2023-08-12,411000.0,0.0,6.6,
1639,1894,18,3,2,2023-08-10,2023-08-11,2023-08-18,100000.0,30000.0,19.7,No detecta latido
1640,1937,1,2,2,2023-08-10,2023-08-12,2023-08-20,363000.0,0.0,162.4,Pantalla defectuosa
1641,959,7,6,1,2023-08-10,2023-08-12,2023-08-15,113000.0,22000.0,7.5,
1642,1215,2,3,1,2023-08-10,2023-08-10,2023-08-12,102000.0,0.0,5.5,
1643,1604,7,1,2,2023-08-10,2023-08-13,2023-08-27,3380000.0,993000.0,245.5,Falla en vaporizador
1644,621,6,5,1,2023-08-10,2023-08-10,2023-08-12,196000.0,84000.0,5.2,
1645,555,2,7,2,2023-08-10,2023-08-11,2023-08-17,65000.0,0.0,131.9,Display defectuoso
1646,123,8,7,1,2023-08-11,2023-08-13,2023-08-14,288000.0,0.0,4.6,
1647,236,2,4,1,2023-08-11,2023-08-13,2023-08-15,485000.0,97000.0,5.8,
1648,859,4,3,1,2023-08-11,2023-08-12,2023-08-14,37000.0,0.0,5.9,
1649,437,7,7,2,2023-08-11,2023-08-14,2023-08-21,152000.0,0.0,155.1,No detecta línea
1650,809,7,3,1,2023-08-11,2023-08-13,2023-08-15,103000.0,7000.0,6.6,
1651,1720,9,1,1,2023-08-11,2023-08-13,2023-08-16,86000.0,9000.0,7.1,
1652,318,18,10,1,2023-08-11,2023-08-12,2023-08-15,63000.0,0.0,7.0,
1653,52,4,1,1,2023-08-11,2023-08-13,2023-08-14,141000.0,0.0,1.6,
1654,1245,13,7,2,2023-08-11,2023-08-13,2023-08-19,189000.0,0.0,76.1,Error de calibración
1655,1778,11,7,1,2023-08-11,2023-08-12,2023-08-13,29000.0,0.0,6.9,
1656,1556,9,7,2,2023-08-12,2023-08-15,2023-08-21,211000.0,0.0,20.7,Alarma de oclusión
1657,658,10,4,2,2023-08-12,2023-08-15,2023-08-28,807000.0,242000.0,147.9,Puerta o cúpula dañada
1658,516,7,4,2,2023-08-12,2023-08-13,2023-08-19,142000.0,0.0,133.3,Caudal incorrecto
1659,20,4,2,2,2023-08-12,2023-08-12,2023-08-23,142000.0,42000.0,64.2,Falla de presión NIBP
1660,1830,11,3,2,2023-08-12,2023-08-13,2023-08-22,815000.0,0.0,35.0,Lámpara/resistencia dañada
1661,1636,19,10,2,2023-08-12,2023-08-12,2023-08-22,58000.0,0.0,86.5,LED agotado
1662,1679,16,12,2,2023-08-13,2023-08-15,2023-08-19,2910000.0,0.0,34.9,Resultados inconsistentes
1663,973,22,2,2,2023-08-13,2023-08-16,2023-08-20,281000.0,0.0,58.4,NIBP no infla
1664,1630,9,3,2,2023-08-13,2023-08-13,2023-08-17,4242000.0,1378000.0,81.0,Error en sensor de oxígeno
1665,540,11,4,2,2023-08-13,2023-08-13,2023-08-16,252000.0,0.0,70.4,Caudal incorrecto
1666,1341,19,10,1,2023-08-14,2023-08-16,2023-08-17,845000.0,0.0,2.6,
1667,1569,12,3,1,2023-08-14,2023-08-14,2023-08-16,30000.0,0.0,4.5,
1668,17,11,5,2,2023-08-14,2023-08-14,2023-08-27,402000.0,0.0,236.1,Error de autoprueba
1669,1359,5,1,1,2023-08-14,2023-08-14,2023-08-15,226000.0,0.0,5.1,
1670,1023,18,10,1,2023-08-14,2023-08-16,2023-08-17,154000.0,0.0,6.4,
1671,1024,17,4,1,2023-08-14,2023-08-15,2023-08-16,105000.0,17000.0,6.2,
1672,23,17,7,2,2023-08-14,2023-08-16,2023-08-18,2321000.0,0.0,18.9,Alarma de presión
1673,1046,13,4,1,2023-08-14,2023-08-15,2023-08-17,7000.0,0.0,1.7,
1674,14,7,2,1,2023-08-14,2023-08-14,2023-08-15,310000.0,25000.0,1.9,
1675,1140,4,3,2,2023-08-14,2023-08-17,2023-08-29,495000.0,0.0,15.7,Alarmas defectuosas
1676,679,12,5,2,2023-08-15,2023-08-16,2023-08-25,14000.0,4000.0,138.7,Lectura incorrecta
1677,393,11,6,1,2023-08-15,2023-08-16,2023-08-17,84000.0,0.0,3.9,
1678,768,9,5,2,2023-08-15,2023-08-15,2023-08-30,174000.0,0.0,159.8,Batería dañada
1679,449,3,7,2,2023-08-15,2023-08-15,2023-08-25,1914000.0,0.0,79.4,Error de calibración
1680,637,9,8,2,2023-08-15,2023-08-16,2023-08-20,60000000.0,0.0,53.6,Artefactos de imagen
1681,1112,4,2,1,2023-08-15,2023-08-16,2023-08-18,133000.0,0.0,7.2,
1682,1808,17,4,2,2023-08-15,2023-08-16,2023-08-23,118000.0,0.0,120.1,Batería defectuosa
1683,908,16,7,1,2023-08-15,2023-08-16,2023-08-19,61000.0,0.0,3.2,
1684,763,15,11,1,2023-08-15,2023-08-15,2023-08-16,68000.0,0.0,1.0,
1685,1430,12,7,1,2023-08-15,2023-08-16,2023-08-19,177000.0,0.0,7.4,
1686,1763,6,12,2,2023-08-15,2023-08-17,2023-08-29,2963000.0,0.0,274.6,Error de software
1687,509,12,2,1,2023-08-15,2023-08-15,2023-08-16,94000.0,0.0,5.6,
1688,371,5,6,1,2023-08-16,2023-08-17,2023-08-19,126000.0,0.0,6.4,
1689,1055,5,2,1,2023-08-16,2023-08-17,2023-08-18,31000.0,0.0,1.9,
1690,714,1,1,1,2023-08-16,2023-08-17,2023-08-18,81000.0,20000.0,4.0,
1691,963,7,3,1,2023-08-16,2023-08-17,2023-08-20,167000.0,0.0,7.8,
1692,160,9,1,1,2023-08-16,2023-08-18,2023-08-20,144000.0,0.0,2.2,
1693,1983,9,9,2,2023-08-16,2023-08-19,2023-08-25,16005000.0,0.0,39.6,Imagen distorsionada
1694,1518,8,2,1,2023-08-16,2023-08-18,2023-08-21,197000.0,0.0,4.0,
1695,1418,12,6,2,2023-08-16,2023-08-19,2023-08-30,3987000.0,981000.0,32.7,Error de calibración
1696,1519,8,9,1,2023-08-16,2023-08-16,2023-08-17,1006000.0,0.0,6.2,
1697,740,2,7,1,2023-08-16,2023-08-16,2023-08-17,113000.0,0.0,5.7,
1698,1557,4,9,1,2023-08-16,2023-08-18,2023-08-19,5178000.0,0.0,6.5,
1699,363,4,9,2,2023-08-17,2023-08-19,2023-08-21,5151000.0,1545000.0,13.3,Falla de teclado o trackball
1700,825,22,1,2,2023-08-17,2023-08-17,2023-08-24,340000.0,58000.0,158.6,Barandas sueltas
1701,1057,5,6,1,2023-08-17,2023-08-19,2023-08-20,37000.0,0.0,2.3,
1702,1526,13,6,1,2023-08-17,2023-08-17,2023-08-20,412000.0,0.0,4.2,
1703,1167,18,10,1,2023-08-17,2023-08-19,2023-08-21,117000.0,0.0,5.3,
1704,709,8,1,1,2023-08-17,2023-08-17,2023-08-18,57000.0,3000.0,7.6,
1705,1649,24,1,1,2023-08-17,2023-08-19,2023-08-22,14000.0,0.0,1.4,
1706,1907,12,4,1,2023-08-17,2023-08-19,2023-08-21,338000.0,0.0,3.2,
1707,1176,17,1,1,2023-08-17,2023-08-19,2023-08-22,214000.0,0.0,1.2,
1708,849,2,3,1,2023-08-17,2023-08-17,2023-08-19,118000.0,0.0,3.4,
1709,1047,1,6,1,2023-08-17,2023-08-17,2023-08-20,591000.0,0.0,2.1,
1710,1287,21,5,1,2023-08-17,2023-08-19,2023-08-21,132000.0,0.0,5.4,
1711,262,15,11,2,2023-08-18,2023-08-18,2023-08-25,1651000.0,0.0,111.6,No alcanza temperatura
1712,1461,6,2,1,2023-08-18,2023-08-20,2023-08-21,142000.0,0.0,2.8,
1713,66,4,8,2,2023-08-18,2023-08-18,2023-08-27,2747000.0,0.0,178.6,Pantalla defectuosa
1714,1455,10,5,1,2023-08-18,2023-08-18,2023-08-21,80000.0,0.0,4.5,
1715,1144,7,7,1,2023-08-18,2023-08-20,2023-08-22,107000.0,0.0,7.4,
1716,139,12,3,1,2023-08-18,2023-08-20,2023-08-23,148000.0,0.0,4.2,
1717,1121,3,3,1,2023-08-18,2023-08-18,2023-08-19,267000.0,50000.0,1.8,
1718,95,4,6,1,2023-08-18,2023-08-18,2023-08-21,136000.0,0.0,7.4,
1719,574,1,6,1,2023-08-18,2023-08-20,2023-08-21,328000.0,0.0,7.2,
1720,156,6,6,2,2023-08-18,2023-08-18,2023-08-21,294000.0,55000.0,29.7,Impresora no imprime
1721,1047,1,7,2,2023-08-19,2023-08-20,2023-08-23,1273000.0,0.0,20.1,Temperatura inestable
1722,1069,12,1,2,2023-08-19,2023-08-21,2023-08-28,5886000.0,0.0,134.3,Fuga de gases
1723,662,6,4,2,2023-08-19,2023-08-22,2023-08-29,117000.0,0.0,119.2,SpO₂ sin lectura
1724,223,15,11,2,2023-08-20,2023-08-21,2023-08-29,1496000.0,0.0,13.6,No calienta agua
1725,1302,17,7,1,2023-08-21,2023-08-23,2023-08-26,1326000.0,0.0,7.8,
1726,535,12,12,1,2023-08-21,2023-08-22,2023-08-23,62000.0,0.0,4.7,
1727,1561,4,4,2,2023-08-21,2023-08-23,2023-09-04,410000.0,82000.0,211.1,No enciende
1728,429,19,11,2,2023-08-21,2023-08-21,2023-09-02,171000.0,0.0,54.5,No gira
1729,744,18,10,2,2023-08-21,2023-08-24,2023-09-03,158000.0,47000.0,40.5,Batería defectuosa
1730,1270,4,7,1,2023-08-21,2023-08-21,2023-08-22,128000.0,0.0,4.6,
1731,1889,4,6,2,2023-08-21,2023-08-21,2023-08-31,6745000.0,1165000.0,13.2,Alarma de presión
1732,103,1,7,1,2023-08-21,2023-08-23,2023-08-26,454000.0,0.0,5.9,
1733,932,22,5,2,2023-08-21,2023-08-21,2023-08-29,421000.0,0.0,43.0,Pantalla sin imagen
1734,1168,2,7,2,2023-08-21,2023-08-23,2023-08-26,466000.0,0.0,21.0,Mecanismo de altura no funciona
1735,1025,10,7,1,2023-08-21,2023-08-22,2023-08-25,114000.0,0.0,4.9,
1736,1944,20,7,1,2023-08-22,2023-08-22,2023-08-24,30000.0,0.0,4.0,
1737,591,9,7,1,2023-08-22,2023-08-22,2023-08-23,223000.0,0.0,5.8,
1738,1152,8,1,1,2023-08-22,2023-08-23,2023-08-24,30000.0,0.0,4.4,
1739,1188,7,2,1,2023-08-22,2023-08-22,2023-08-24,137000.0,0.0,6.7,
1740,1291,17,2,1,2023-08-22,2023-08-22,2023-08-23,135000.0,0.0,5.3,
1741,766,22,1,1,2023-08-22,2023-08-22,2023-08-23,227000.0,47000.0,1.2,
1742,1919,6,5,1,2023-08-22,2023-08-23,2023-08-26,100000.0,0.0,3.9,
1743,1,4,4,1,2023-08-22,2023-08-24,2023-08-26,51000.0,0.0,1.2,
1744,1933,12,5,2,2023-08-22,2023-08-24,2023-09-06,2868000.0,0.0,177.4,Falla de batería
1745,311,21,4,1,2023-08-22,2023-08-22,2023-08-25,158000.0,0.0,7.3,
1746,1015,4,2,2,2023-08-23,2023-08-24,2023-09-05,497000.0,0.0,283.2,Ruedas trabadas
1747,289,21,4,1,2023-08-23,2023-08-24,2023-08-25,278000.0,76000.0,6.7,
1748,385,5,5,1,2023-08-23,2023-08-24,2023-08-27,112000.0,0.0,5.2,
1749,874,4,5,1,2023-08-23,2023-08-25,2023-08-26,141000.0,0.0,2.3,
1750,1698,5,12,1,2023-08-23,2023-08-25,2023-08-27,159000.0,0.0,6.7,
1751,395,9,7,1,2023-08-23,2023-08-25,2023-08-28,218000.0,0.0,3.5,
1752,892,10,1,1,2023-08-23,2023-08-24,2023-08-25,2450000.0,0.0,1.9,
1753,1473,4,2,1,2023-08-23,2023-08-24,2023-08-26,140000.0,11000.0,6.6,
1754,1938,10,4,1,2023-08-23,2023-08-25,2023-08-28,193000.0,58000.0,7.0,
1755,1458,1,7,1,2023-08-23,2023-08-24,2023-08-26,145000.0,0.0,3.2,
1756,1852,12,12,1,2023-08-23,2023-08-24,2023-08-27,261000.0,0.0,6.4,
1757,1837,21,1,1,2023-08-23,2023-08-25,2023-08-26,83000.0,0.0,1.7,
1758,1414,8,8,1,2023-08-24,2023-08-25,2023-08-26,8431000.0,0.0,7.9,
1759,295,1,7,1,2023-08-24,2023-08-26,2023-08-29,322000.0,0.0,3.7,
1760,976,18,7,2,2023-08-24,2023-08-25,2023-09-09,13000.0,3000.0,109.3,Pera dañada
1761,370,1,3,2,2023-08-24,2023-08-25,2023-08-29,1779000.0,0.0,93.7,Fuga en circuito
1762,51,20,9,2,2023-08-24,2023-08-27,2023-09-07,5739000.0,0.0,55.6,Pedal defectuoso
1763,1607,9,4,1,2023-08-24,2023-08-26,2023-08-27,34000.0,0.0,5.9,
1764,635,3,3,1,2023-08-24,2023-08-25,2023-08-26,11000.0,0.0,5.2,
1765,163,5,5,1,2023-08-24,2023-08-24,2023-08-25,313000.0,0.0,4.6,
1766,810,15,11,1,2023-08-24,2023-08-24,2023-08-26,149000.0,0.0,5.2,
1767,27,12,4,2,2023-08-24,2023-08-25,2023-08-29,1257000.0,0.0,56.2,Temperatura inestable
1768,620,2,5,2,2023-08-25,2023-08-26,2023-09-06,362000.0,0.0,42.3,Electrodos/cables dañados
1769,1123,1,6,2,2023-08-25,2023-08-28,2023-09-03,21000.0,0.0,40.1,Válvula defectuosa
1770,1159,17,7,1,2023-08-25,2023-08-27,2023-08-28,64000.0,0.0,1.9,
1771,288,10,2,2,2023-08-25,2023-08-25,2023-08-29,366000.0,0.0,41.6,Pantalla dañada
1772,1053,8,3,2,2023-08-25,2023-08-26,2023-09-06,301000.0,0.0,123.0,SpO₂ no detecta señal
1773,965,13,8,1,2023-08-25,2023-08-27,2023-08-28,2060000.0,0.0,3.2,
1774,784,1,7,1,2023-08-25,2023-08-26,2023-08-27,149000.0,0.0,6.2,
1775,1700,11,6,2,2023-08-25,2023-08-28,2023-09-05,606000.0,182000.0,62.4,Error de autoprueba
1776,18,7,7,1,2023-08-25,2023-08-25,2023-08-28,113000.0,18000.0,1.8,
1777,271,19,1,2,2023-08-26,2023-08-27,2023-08-30,7000.0,0.0,68.5,Tiras no reconocidas
1778,1273,16,12,2,2023-08-27,2023-08-30,2023-09-06,101000.0,0.0,95.9,Temperatura inestable
1779,1236,4,5,2,2023-08-27,2023-08-30,2023-09-06,118000.0,0.0,17.9,Error de calibración
1780,679,12,6,2,2023-08-27,2023-08-30,2023-09-07,14000.0,4000.0,154.3,Fuga en brazalete
1781,1153,12,2,2,2023-08-27,2023-08-27,2023-08-29,333000.0,83000.0,13.4,Lecturas erráticas
1782,977,1,2,2,2023-08-27,2023-08-27,2023-08-29,6730000.0,0.0,40.4,Pantalla sin respuesta
1783,1383,6,4,2,2023-08-28,2023-08-31,2023-09-12,363000.0,0.0,209.0,SpO₂ no detecta señal
1784,1906,1,6,1,2023-08-28,2023-08-28,2023-08-30,15000.0,0.0,4.9,
1785,1913,5,7,1,2023-08-28,2023-08-29,2023-08-30,30000.0,0.0,1.9,
1786,1180,7,7,1,2023-08-28,2023-08-30,2023-09-01,119000.0,0.0,5.6,
1787,1969,9,7,2,2023-08-28,2023-08-31,2023-09-08,144000.0,0.0,64.2,Batería defectuosa
1788,271,19,2,1,2023-08-28,2023-08-29,2023-08-31,11000.0,0.0,4.9,
1789,140,20,8,1,2023-08-28,2023-08-30,2023-08-31,910000.0,0.0,5.5,
1790,914,13,8,2,2023-08-28,2023-08-28,2023-09-06,2713000.0,1213000.0,155.6,Imagen con ruido
1791,1197,14,1,1,2023-08-28,2023-08-28,2023-08-31,21000.0,0.0,2.8,
1792,702,18,10,1,2023-08-28,2023-08-29,2023-09-01,126000.0,0.0,5.7,
1793,1535,19,5,1,2023-08-28,2023-08-28,2023-08-31,7000.0,0.0,4.1,
1794,1195,3,3,1,2023-08-28,2023-08-29,2023-08-30,161000.0,0.0,1.2,
1795,1822,22,5,1,2023-08-28,2023-08-28,2023-08-29,76000.0,0.0,3.9,
1796,1086,12,3,1,2023-08-29,2023-08-29,2023-08-30,192000.0,0.0,3.6,
1797,1565,24,4,1,2023-08-29,2023-08-29,2023-08-31,288000.0,80000.0,1.1,
1798,1798,7,6,1,2023-08-29,2023-08-30,2023-08-31,827000.0,0.0,1.2,
1799,622,3,7,1,2023-08-29,2023-08-29,2023-08-31,387000.0,69000.0,2.1,
1800,1807,2,7,1,2023-08-29,2023-08-30,2023-09-02,179000.0,0.0,2.9,
1801,751,12,3,1,2023-08-30,2023-08-31,2023-09-02,758000.0,0.0,2.5,
1802,1262,12,7,1,2023-08-30,2023-08-31,2023-09-03,94000.0,0.0,7.1,
1803,479,21,1,1,2023-08-30,2023-08-31,2023-09-01,355000.0,0.0,6.3,
1804,794,3,4,1,2023-08-30,2023-08-30,2023-09-01,251000.0,67000.0,7.3,
1805,955,16,12,1,2023-08-31,2023-08-31,2023-09-01,161000.0,0.0,7.7,
1806,1083,17,4,1,2023-08-31,2023-09-02,2023-09-04,278000.0,0.0,1.4,
1807,878,9,2,1,2023-08-31,2023-09-01,2023-09-02,177000.0,45000.0,3.8,
1808,1985,11,5,1,2023-08-31,2023-08-31,2023-09-01,82000.0,0.0,2.2,
1809,6,4,3,1,2023-08-31,2023-09-02,2023-09-04,132000.0,0.0,1.5,
1810,647,7,7,1,2023-08-31,2023-09-01,2023-09-02,70000.0,0.0,7.4,
1811,355,4,4,1,2023-08-31,2023-09-02,2023-09-03,148000.0,0.0,5.9,
1812,441,12,2,1,2023-08-31,2023-08-31,2023-09-01,412000.0,0.0,6.5,
1813,954,12,3,2,2023-09-01,2023-09-03,2023-09-05,169000.0,0.0,26.9,No detecta línea
1814,765,2,7,2,2023-09-01,2023-09-01,2023-09-12,1238000.0,0.0,146.1,Alarma de presión
1815,330,3,1,1,2023-09-01,2023-09-01,2023-09-04,287000.0,33000.0,6.5,
1816,19,17,8,1,2023-09-01,2023-09-02,2023-09-04,2628000.0,0.0,3.2,
1817,53,10,4,1,2023-09-01,2023-09-01,2023-09-04,173000.0,0.0,5.1,
1818,473,3,3,1,2023-09-01,2023-09-02,2023-09-04,40000.0,0.0,3.8,
1819,1695,11,2,1,2023-09-01,2023-09-01,2023-09-03,46000.0,0.0,1.9,
1820,213,17,2,1,2023-09-01,2023-09-01,2023-09-02,400000.0,56000.0,3.9,
1821,223,15,11,2,2023-09-01,2023-09-04,2023-09-06,1496000.0,0.0,13.0,Bomba de lavado defectuosa
1822,67,1,8,2,2023-09-02,2023-09-03,2023-09-08,2189000.0,0.0,60.6,Falla de teclado o trackball
1823,1573,2,1,2,2023-09-02,2023-09-04,2023-09-17,2038000.0,0.0,260.7,Falla de batería
1824,1192,21,7,2,2023-09-03,2023-09-06,2023-09-18,149000.0,0.0,60.5,Alarma de oclusión
1825,1773,2,3,2,2023-09-03,2023-09-04,2023-09-14,122000.0,0.0,224.2,Puerta o clamp dañado
1826,1953,5,5,2,2023-09-04,2023-09-07,2023-09-12,25000.0,0.0,117.8,Fuga en brazalete
1827,1669,2,4,2,2023-09-04,2023-09-04,2023-09-11,121000.0,0.0,27.7,Alarma de oclusión
1828,1597,2,6,1,2023-09-04,2023-09-06,2023-09-07,28000.0,3000.0,7.1,
1829,628,2,6,2,2023-09-04,2023-09-05,2023-09-16,53000.0,0.0,242.5,Peso incorrecto
1830,293,18,2,2,2023-09-04,2023-09-05,2023-09-08,28000.0,5000.0,50.1,Lectura incorrecta
1831,1592,18,11,1,2023-09-04,2023-09-05,2023-09-07,256000.0,0.0,6.2,
1832,1091,16,7,1,2023-09-04,2023-09-05,2023-09-07,157000.0,0.0,5.1,
1833,804,10,9,1,2023-09-04,2023-09-04,2023-09-07,2407000.0,0.0,1.3,
1834,1412,16,7,1,2023-09-04,2023-09-06,2023-09-08,37000.0,0.0,5.8,
1835,439,21,4,1,2023-09-04,2023-09-05,2023-09-06,119000.0,0.0,5.3,
1836,1396,18,11,1,2023-09-05,2023-09-07,2023-09-08,170000.0,17000.0,1.9,
1837,943,4,5,2,2023-09-05,2023-09-07,2023-09-08,3601000.0,1099000.0,20.3,Problema en válvulas internas
1838,1254,17,5,2,2023-09-05,2023-09-06,2023-09-11,487000.0,0.0,64.5,SpO₂ no detecta señal
1839,1957,6,4,2,2023-09-05,2023-09-08,2023-09-23,308000.0,0.0,30.1,Alarmas defectuosas
1840,1452,3,3,2,2023-09-05,2023-09-06,2023-09-17,4038000.0,1266000.0,74.6,Sensor defectuoso
1841,768,9,1,2,2023-09-05,2023-09-08,2023-09-16,174000.0,0.0,83.5,Error de calibración
1842,1269,3,5,2,2023-09-05,2023-09-06,2023-09-13,0.0,0.0,67.0,Pantalla sin imagen
1843,938,4,7,1,2023-09-05,2023-09-06,2023-09-07,109000.0,24000.0,2.3,
1844,487,21,2,2,2023-09-05,2023-09-08,2023-09-18,438000.0,0.0,236.1,No enciende
1845,1753,18,11,1,2023-09-05,2023-09-06,2023-09-07,103000.0,0.0,3.0,
1846,570,3,7,1,2023-09-05,2023-09-06,2023-09-09,96000.0,14000.0,6.0,
1847,1876,4,1,1,2023-09-06,2023-09-08,2023-09-09,182000.0,50000.0,5.5,
1848,1279,9,3,1,2023-09-06,2023-09-07,2023-09-10,96000.0,17000.0,5.9,
1849,701,5,12,1,2023-09-06,2023-09-07,2023-09-08,265000.0,0.0,6.1,
1850,1256,17,2,1,2023-09-06,2023-09-08,2023-09-09,179000.0,10000.0,7.0,
1851,1404,9,2,1,2023-09-06,2023-09-08,2023-09-10,160000.0,0.0,1.4,
1852,1247,9,4,1,2023-09-06,2023-09-08,2023-09-11,82000.0,0.0,5.5,
1853,411,1,5,2,2023-09-06,2023-09-08,2023-09-20,1030000.0,0.0,272.1,Puerta o cúpula dañada
1854,1235,5,4,1,2023-09-06,2023-09-06,2023-09-08,27000.0,0.0,2.9,
1855,1397,14,6,1,2023-09-06,2023-09-06,2023-09-07,238000.0,0.0,1.1,
1856,1860,11,2,2,2023-09-06,2023-09-06,2023-09-12,14000.0,0.0,12.7,Lectura errática
1857,98,6,12,2,2023-09-07,2023-09-10,2023-09-21,202000.0,59000.0,161.8,Ruido anormal
1858,916,12,6,2,2023-09-07,2023-09-08,2023-09-23,3508000.0,0.0,46.1,Alarma de apnea
1859,1507,4,1,2,2023-09-07,2023-09-09,2023-09-17,4027000.0,0.0,121.7,Falla de pantalla
1860,707,21,2,1,2023-09-07,2023-09-09,2023-09-11,300000.0,0.0,3.5,
1861,845,22,7,1,2023-09-07,2023-09-07,2023-09-08,279000.0,0.0,3.1,
1862,1188,7,4,2,2023-09-07,2023-09-10,2023-09-20,259000.0,0.0,121.2,Alarmas defectuosas
1863,1914,11,1,1,2023-09-07,2023-09-08,2023-09-09,826000.0,108000.0,2.0,
1864,1903,1,5,1,2023-09-07,2023-09-08,2023-09-10,73000.0,0.0,4.6,
1865,483,7,3,1,2023-09-07,2023-09-09,2023-09-12,119000.0,0.0,7.3,
1866,1003,15,11,2,2023-09-07,2023-09-07,2023-09-14,1439000.0,0.0,93.1,Fuga de vapor
1867,284,15,10,1,2023-09-07,2023-09-08,2023-09-10,136000.0,0.0,7.5,
1868,1870,4,5,1,2023-09-08,2023-09-08,2023-09-11,145000.0,0.0,5.2,
1869,1924,9,2,1,2023-09-08,2023-09-08,2023-09-09,14000.0,0.0,7.9,
1870,1116,1,1,1,2023-09-08,2023-09-08,2023-09-11,1473000.0,0.0,2.9,
1871,354,10,3,1,2023-09-08,2023-09-08,2023-09-09,116000.0,0.0,7.7,
1872,1604,7,7,2,2023-09-08,2023-09-08,2023-09-09,3164000.0,1014000.0,17.9,Pantalla sin respuesta
1873,254,18,5,1,2023-09-08,2023-09-08,2023-09-10,100000.0,0.0,7.5,
1874,947,12,1,1,2023-09-08,2023-09-08,2023-09-11,183000.0,0.0,2.9,
1875,120,4,12,1,2023-09-08,2023-09-09,2023-09-11,242000.0,0.0,6.3,
1876,1024,17,2,2,2023-09-08,2023-09-10,2023-09-18,180000.0,54000.0,152.5,Alarmas inoperativas
1877,96,21,5,1,2023-09-08,2023-09-08,2023-09-09,830000.0,0.0,7.6,
1878,1969,9,7,2,2023-09-08,2023-09-10,2023-09-13,144000.0,0.0,24.4,Temperatura errática
1879,722,7,6,1,2023-09-08,2023-09-10,2023-09-13,112000.0,0.0,2.2,
1880,1836,7,3,2,2023-09-08,2023-09-11,2023-09-26,145000.0,0.0,97.8,Error de calibración
1881,1804,18,4,2,2023-09-09,2023-09-11,2023-09-25,12000.0,0.0,54.0,Manómetro descalibrado
1882,538,19,10,2,2023-09-09,2023-09-10,2023-09-25,8561000.0,2865000.0,116.2,Problema de software
1883,588,2,2,2,2023-09-09,2023-09-11,2023-09-22,3469000.0,0.0,121.7,Falla de pantalla
1884,1354,18,6,2,2023-09-09,2023-09-11,2023-09-17,414000.0,0.0,43.1,Sistema hidráulico con fuga
1885,1069,12,4,2,2023-09-09,2023-09-11,2023-09-23,5886000.0,0.0,101.9,Falla de batería
1886,768,9,3,2,2023-09-10,2023-09-12,2023-09-16,174000.0,0.0,36.1,Teclado/pantalla defectuosa
1887,330,3,2,2,2023-09-10,2023-09-11,2023-09-19,343000.0,103000.0,178.9,Cables de paciente defectuosos
1888,547,9,2,2,2023-09-10,2023-09-12,2023-09-14,220000.0,0.0,37.5,Error de calibración
1889,1594,11,7,1,2023-09-11,2023-09-11,2023-09-13,148000.0,0.0,2.2,
1890,1312,21,5,1,2023-09-11,2023-09-12,2023-09-13,39000.0,0.0,2.6,
1891,815,10,2,1,2023-09-11,2023-09-13,2023-09-16,512000.0,0.0,5.5,
1892,1681,22,1,1,2023-09-11,2023-09-11,2023-09-13,128000.0,0.0,1.9,
1893,1254,17,1,1,2023-09-11,2023-09-13,2023-09-15,321000.0,0.0,6.6,
1894,801,24,4,1,2023-09-11,2023-09-13,2023-09-14,236000.0,0.0,1.1,
1895,1933,12,7,2,2023-09-11,2023-09-13,2023-09-24,3280000.0,0.0,125.4,Alarma de presión
1896,1748,3,5,1,2023-09-11,2023-09-13,2023-09-15,63000.0,0.0,4.7,
1897,1474,13,1,1,2023-09-12,2023-09-13,2023-09-14,40000.0,0.0,6.2,
1898,1885,7,1,1,2023-09-12,2023-09-14,2023-09-15,63000.0,0.0,3.7,
1899,242,4,3,2,2023-09-12,2023-09-14,2023-09-27,168000.0,0.0,109.5,Batería dañada
1900,551,11,3,1,2023-09-12,2023-09-14,2023-09-15,146000.0,0.0,5.9,
1901,209,5,3,1,2023-09-12,2023-09-13,2023-09-15,74000.0,0.0,7.6,
1902,1787,22,3,1,2023-09-12,2023-09-12,2023-09-15,120000.0,0.0,3.3,
1903,1606,22,4,1,2023-09-12,2023-09-12,2023-09-15,229000.0,51000.0,5.5,
1904,1693,6,5,1,2023-09-12,2023-09-14,2023-09-15,26000.0,0.0,2.5,
1905,1979,8,5,2,2023-09-12,2023-09-12,2023-09-23,450000.0,0.0,42.7,Alarmas defectuosas
1906,673,21,4,1,2023-09-12,2023-09-14,2023-09-15,117000.0,0.0,5.1,
1907,992,14,12,1,2023-09-12,2023-09-12,2023-09-14,52000.0,0.0,7.1,
1908,1065,13,1,2,2023-09-12,2023-09-15,2023-09-21,7000.0,0.0,16.4,Sensor dañado
1909,655,11,7,1,2023-09-13,2023-09-13,2023-09-14,114000.0,0.0,8.0,
1910,1003,15,11,1,2023-09-13,2023-09-15,2023-09-16,743000.0,0.0,5.0,
1911,261,22,12,1,2023-09-13,2023-09-14,2023-09-17,177000.0,0.0,4.7,
1912,1415,19,4,1,2023-09-13,2023-09-13,2023-09-15,76000.0,7000.0,1.5,
1913,688,1,5,1,2023-09-13,2023-09-13,2023-09-14,152000.0,0.0,4.5,
1914,1349,10,3,1,2023-09-13,2023-09-15,2023-09-18,102000.0,0.0,3.5,
1915,1687,7,6,1,2023-09-13,2023-09-14,2023-09-15,258000.0,0.0,1.9,
1916,216,12,3,1,2023-09-13,2023-09-14,2023-09-15,3325000.0,0.0,3.0,
1917,976,18,6,2,2023-09-13,2023-09-15,2023-09-28,13000.0,2000.0,61.1,Pera dañada
1918,637,9,8,1,2023-09-13,2023-09-14,2023-09-17,20116000.0,0.0,3.4,
1919,788,12,4,1,2023-09-13,2023-09-13,2023-09-15,290000.0,0.0,7.0,
1920,1118,17,3,1,2023-09-13,2023-09-14,2023-09-16,117000.0,0.0,7.6,
1921,1711,18,4,1,2023-09-13,2023-09-14,2023-09-17,72000.0,0.0,4.4,
1922,842,19,10,2,2023-09-13,2023-09-13,2023-09-17,1258000.0,0.0,47.8,Pieza de mano sin presión
1923,1715,4,7,1,2023-09-13,2023-09-15,2023-09-16,206000.0,0.0,2.5,
1924,223,15,11,1,2023-09-14,2023-09-14,2023-09-17,677000.0,0.0,1.6,
1925,1552,12,4,1,2023-09-14,2023-09-15,2023-09-16,174000.0,0.0,1.2,
1926,532,1,1,2,2023-09-14,2023-09-15,2023-09-23,4000.0,1000.0,16.6,Puerto sucio
1927,984,11,4,1,2023-09-14,2023-09-15,2023-09-18,113000.0,17000.0,6.6,
1928,570,3,7,2,2023-09-14,2023-09-17,2023-09-19,185000.0,56000.0,42.2,Batería dañada
1929,1865,12,5,2,2023-09-15,2023-09-18,2023-10-02,387000.0,0.0,45.8,No enciende
1930,1115,18,10,1,2023-09-15,2023-09-16,2023-09-17,133000.0,35000.0,7.2,
1931,832,4,7,2,2023-09-15,2023-09-17,2023-09-22,127000.0,0.0,99.0,Alarma de oclusión
1932,1945,1,7,1,2023-09-15,2023-09-15,2023-09-16,140000.0,9000.0,4.8,
1933,523,22,3,2,2023-09-15,2023-09-16,2023-09-27,5000.0,0.0,179.8,Error de codificación o control
1934,1573,2,1,1,2023-09-15,2023-09-15,2023-09-18,1233000.0,0.0,3.5,
1935,217,5,6,2,2023-09-15,2023-09-18,2023-09-23,122000.0,0.0,9.5,Batería defectuosa
1936,569,1,4,1,2023-09-15,2023-09-15,2023-09-17,178000.0,0.0,7.6,
1937,1669,2,3,2,2023-09-16,2023-09-18,2023-09-21,121000.0,0.0,23.3,Caudal incorrecto
1938,1676,1,7,2,2023-09-16,2023-09-18,2023-09-19,3106000.0,0.0,17.3,Error de calibración
1939,216,12,7,2,2023-09-16,2023-09-17,2023-09-25,6632000.0,0.0,162.9,Pantalla sin respuesta
1940,1573,2,5,2,2023-09-17,2023-09-20,2023-09-27,2085000.0,0.0,127.7,No enciende
1941,199,7,2,1,2023-09-18,2023-09-20,2023-09-23,117000.0,0.0,3.9,
1942,1790,2,4,1,2023-09-18,2023-09-19,2023-09-22,295000.0,0.0,2.2,
1943,1521,1,7,1,2023-09-18,2023-09-19,2023-09-20,103000.0,28000.0,2.6,
1944,296,4,1,1,2023-09-18,2023-09-18,2023-09-20,336000.0,0.0,5.3,
1945,1310,11,6,1,2023-09-18,2023-09-18,2023-09-20,51000.0,0.0,2.5,
1946,1785,7,6,1,2023-09-18,2023-09-20,2023-09-23,140000.0,0.0,2.6,
1947,916,12,1,1,2023-09-18,2023-09-20,2023-09-23,2085000.0,0.0,7.0,
1948,1105,7,7,1,2023-09-18,2023-09-20,2023-09-22,166000.0,0.0,3.8,
1949,863,3,12,1,2023-09-18,2023-09-19,2023-09-21,60000.0,0.0,7.5,
1950,522,3,3,2,2023-09-19,2023-09-21,2023-09-29,120000.0,0.0,98.2,Pantalla dañada
1951,1510,11,5,1,2023-09-19,2023-09-19,2023-09-20,158000.0,70000.0,1.7,
1952,1982,8,5,2,2023-09-19,2023-09-22,2023-10-02,369000.0,0.0,204.5,Módulo ECG dañado
1953,376,17,2,2,2023-09-19,2023-09-22,2023-09-25,563000.0,0.0,59.7,No enciende
1954,1366,6,12,1,2023-09-19,2023-09-19,2023-09-20,297000.0,0.0,6.8,
1955,1349,10,1,2,2023-09-19,2023-09-21,2023-10-05,178000.0,0.0,161.5,Puerta o clamp dañado
1956,272,2,4,2,2023-09-19,2023-09-20,2023-09-29,327000.0,0.0,124.6,SpO₂ no detecta señal
1957,885,19,10,1,2023-09-19,2023-09-19,2023-09-22,76000.0,0.0,6.0,
1958,376,17,7,1,2023-09-19,2023-09-19,2023-09-20,308000.0,0.0,3.8,
1959,889,17,9,2,2023-09-19,2023-09-20,2023-09-23,2500000.0,0.0,25.6,Falla de teclado o trackball
1960,537,3,5,1,2023-09-20,2023-09-21,2023-09-23,65000.0,6000.0,4.7,
1961,1856,19,10,1,2023-09-20,2023-09-21,2023-09-23,791000.0,0.0,7.5,
1962,522,3,3,2,2023-09-20,2023-09-23,2023-09-29,120000.0,0.0,140.5,Batería defectuosa
1963,1571,2,4,1,2023-09-20,2023-09-20,2023-09-23,86000.0,0.0,1.1,
1964,1421,2,2,1,2023-09-20,2023-09-22,2023-09-23,267000.0,0.0,6.4,
1965,1575,21,5,1,2023-09-20,2023-09-20,2023-09-22,34000.0,0.0,6.3,
1966,1372,3,4,1,2023-09-20,2023-09-22,2023-09-23,106000.0,0.0,7.5,
1967,953,6,12,1,2023-09-20,2023-09-21,2023-09-24,197000.0,0.0,7.7,
1968,327,1,4,2,2023-09-20,2023-09-21,2023-09-30,3016000.0,0.0,51.2,No enciende
1969,922,3,3,2,2023-09-20,2023-09-20,2023-09-21,468000.0,0.0,21.1,Frenos defectuosos
1970,69,21,2,1,2023-09-20,2023-09-20,2023-09-21,96000.0,0.0,7.9,
1971,786,6,5,1,2023-09-20,2023-09-21,2023-09-24,119000.0,32000.0,6.7,
1972,1671,19,10,2,2023-09-20,2023-09-23,2023-09-27,1017000.0,0.0,39.0,Pedal defectuoso
1973,288,10,5,1,2023-09-20,2023-09-20,2023-09-22,275000.0,0.0,5.9,
1974,1395,9,12,1,2023-09-21,2023-09-21,2023-09-24,227000.0,0.0,7.6,
1975,1960,22,1,2,2023-09-21,2023-09-23,2023-10-06,454000.0,0.0,84.2,Colchón dañado
1976,1744,18,5,1,2023-09-21,2023-09-23,2023-09-26,120000.0,15000.0,6.3,
1977,438,1,4,1,2023-09-21,2023-09-23,2023-09-25,98000.0,0.0,1.6,
1978,30,18,5,1,2023-09-21,2023-09-22,2023-09-23,20000.0,1000.0,7.0,
1979,1929,13,8,1,2023-09-22,2023-09-23,2023-09-24,544000.0,0.0,4.5,
1980,1257,17,5,1,2023-09-22,2023-09-23,2023-09-26,98000.0,0.0,5.8,
1981,442,11,1,1,2023-09-22,2023-09-24,2023-09-26,150000.0,0.0,6.5,
1982,672,9,6,1,2023-09-22,2023-09-24,2023-09-26,10000.0,0.0,3.2,
1983,1652,9,12,1,2023-09-22,2023-09-22,2023-09-24,222000.0,0.0,2.3,
1984,511,9,12,1,2023-09-22,2023-09-23,2023-09-24,48000.0,0.0,5.0,
1985,1870,4,6,2,2023-09-22,2023-09-25,2023-10-04,260000.0,0.0,43.0,No enciende
1986,1183,18,11,2,2023-09-23,2023-09-23,2023-10-04,461000.0,138000.0,39.3,Banda desalineada
1987,1896,3,6,2,2023-09-24,2023-09-26,2023-09-29,298000.0,0.0,38.0,Batería agotada
1988,1211,2,6,2,2023-09-24,2023-09-27,2023-10-03,149000.0,0.0,79.2,Pantalla dañada
1989,351,17,4,2,2023-09-24,2023-09-26,2023-10-04,6413000.0,0.0,144.0,Error en sensor de oxígeno
1990,380,16,1,1,2023-09-25,2023-09-26,2023-09-28,30000.0,0.0,3.2,
1991,1849,22,7,1,2023-09-25,2023-09-26,2023-09-27,25000.0,2000.0,5.0,
1992,1429,3,3,1,2023-09-25,2023-09-26,2023-09-27,33000.0,0.0,3.9,
1993,962,8,7,1,2023-09-25,2023-09-26,2023-09-27,7000.0,0.0,5.1,
1994,1930,15,10,1,2023-09-25,2023-09-26,2023-09-28,60000.0,0.0,5.4,
1995,676,21,4,1,2023-09-25,2023-09-27,2023-09-30,165000.0,0.0,3.5,
1996,939,19,6,1,2023-09-25,2023-09-26,2023-09-27,9000.0,0.0,3.1,
1997,894,15,11,1,2023-09-25,2023-09-27,2023-09-28,2274000.0,414000.0,7.2,
1998,464,9,4,1,2023-09-25,2023-09-25,2023-09-28,11000.0,0.0,6.2,
1999,1112,4,5,2,2023-09-25,2023-09-28,2023-09-29,137000.0,0.0,20.6,Falla de presión NIBP
2000,1863,17,6,2,2023-09-26,2023-09-27,2023-09-30,2468000.0,0.0,36.0,Sensor defectuoso
2001,282,19,6,1,2023-09-26,2023-09-28,2023-09-30,65000.0,0.0,7.0,
2002,203,2,5,2,2023-09-26,2023-09-29,2023-10-01,5546000.0,0.0,28.4,Falla de batería
2003,1918,21,2,1,2023-09-26,2023-09-27,2023-09-29,92000.0,6000.0,7.2,
2004,1492,3,7,1,2023-09-26,2023-09-26,2023-09-27,174000.0,0.0,4.2,
2005,1337,18,11,2,2023-09-26,2023-09-26,2023-10-02,304000.0,60000.0,142.4,Intensidad inestable
2006,1001,11,4,2,2023-09-26,2023-09-28,2023-10-01,1724000.0,449000.0,41.8,Temperatura inestable
2007,1929,10,9,2,2023-09-26,2023-09-28,2023-10-05,1187000.0,0.0,136.1,Falla de teclado o trackball
2008,1768,3,2,1,2023-09-26,2023-09-28,2023-09-30,133000.0,0.0,4.2,
2009,308,14,5,1,2023-09-27,2023-09-29,2023-09-30,60000.0,0.0,1.3,
2010,1934,12,1,1,2023-09-27,2023-09-28,2023-10-01,162000.0,0.0,6.2,
2011,994,24,5,1,2023-09-27,2023-09-27,2023-09-29,183000.0,27000.0,6.4,
2012,1387,13,9,2,2023-09-27,2023-09-28,2023-10-01,8096000.0,0.0,27.2,Sobrecalentamiento
2013,197,6,5,1,2023-09-27,2023-09-27,2023-09-29,183000.0,68000.0,3.1,
2014,1630,9,2,2,2023-09-27,2023-09-30,2023-10-12,4592000.0,1378000.0,107.9,Problema en ventilador integrado
2015,561,5,6,1,2023-09-27,2023-09-29,2023-10-01,284000.0,0.0,2.0,
2016,1345,8,6,1,2023-09-27,2023-09-27,2023-09-28,77000.0,0.0,5.4,
2017,482,19,10,1,2023-09-27,2023-09-28,2023-09-29,61000.0,0.0,3.4,
2018,1391,4,6,1,2023-09-27,2023-09-28,2023-09-29,60000.0,0.0,3.8,
2019,543,22,12,1,2023-09-27,2023-09-28,2023-10-01,148000.0,0.0,7.0,
2020,1085,12,5,1,2023-09-27,2023-09-27,2023-09-30,459000.0,0.0,5.2,
2021,1771,9,7,2,2023-09-28,2023-09-30,2023-10-06,738000.0,0.0,122.1,Batería agotada
2022,1673,4,1,2,2023-09-28,2023-09-30,2023-10-03,1905000.0,0.0,29.5,Sensor defectuoso
2023,1897,2,7,1,2023-09-28,2023-09-28,2023-09-30,97000.0,0.0,7.3,
2024,1268,1,4,2,2023-09-28,2023-09-29,2023-10-10,1448000.0,0.0,209.6,Falla de ventilador
2025,19,17,9,2,2023-09-28,2023-10-01,2023-10-11,12258000.0,0.0,217.4,Imagen distorsionada
2026,177,17,7,1,2023-09-28,2023-09-28,2023-09-30,150000.0,0.0,5.0,
2027,408,12,3,1,2023-09-28,2023-09-30,2023-10-01,1420000.0,0.0,3.9,
2028,1968,22,1,2,2023-09-28,2023-09-29,2023-10-01,290000.0,87000.0,20.3,Pantalla defectuosa
2029,1206,22,4,1,2023-09-28,2023-09-30,2023-10-02,22000.0,2000.0,4.4,
2030,697,2,5,1,2023-09-29,2023-10-01,2023-10-02,82000.0,0.0,1.7,
2031,491,10,7,1,2023-09-29,2023-10-01,2023-10-04,308000.0,0.0,7.1,
2032,346,2,3,1,2023-09-29,2023-10-01,2023-10-02,327000.0,0.0,4.6,
2033,910,17,6,2,2023-10-01,2023-10-03,2023-10-17,457000.0,137000.0,226.4,No registra datos
2034,1010,11,2,2,2023-10-01,2023-10-04,2023-10-05,128000.0,38000.0,23.5,Temperatura errática
2035,1971,4,5,2,2023-10-01,2023-10-03,2023-10-15,160000.0,48000.0,85.5,Batería dañada
2036,1034,4,12,2,2023-10-02,2023-10-04,2023-10-05,462000.0,0.0,8.6,Puerta no sella
2037,1760,17,4,1,2023-10-02,2023-10-02,2023-10-03,231000.0,0.0,5.4,
2038,802,3,4,1,2023-10-02,2023-10-04,2023-10-05,37000.0,0.0,6.1,
2039,830,12,2,1,2023-10-02,2023-10-02,2023-10-03,195000.0,51000.0,7.4,
2040,1982,8,5,2,2023-10-02,2023-10-03,2023-10-05,369000.0,0.0,33.4,Lecturas erráticas
2041,264,9,3,1,2023-10-02,2023-10-04,2023-10-07,143000.0,0.0,2.0,
2042,1246,12,3,1,2023-10-02,2023-10-03,2023-10-06,451000.0,106000.0,4.5,
2043,1588,19,5,1,2023-10-02,2023-10-02,2023-10-04,51000.0,0.0,2.1,
2044,339,15,11,2,2023-10-02,2023-10-05,2023-10-10,87000.0,0.0,38.8,Resistencia dañada
2045,1108,3,12,1,2023-10-02,2023-10-04,2023-10-07,323000.0,0.0,1.9,
2046,1921,21,4,1,2023-10-02,2023-10-02,2023-10-04,429000.0,0.0,2.0,
2047,1334,5,12,1,2023-10-03,2023-10-03,2023-10-04,130000.0,0.0,7.4,
2048,267,3,7,1,2023-10-03,2023-10-03,2023-10-05,7000.0,0.0,4.3,
2049,1021,1,1,1,2023-10-03,2023-10-04,2023-10-05,194000.0,0.0,6.7,
2050,1128,12,7,2,2023-10-03,2023-10-03,2023-10-18,241000.0,0.0,41.1,Puerta o clamp dañado
2051,410,12,4,2,2023-10-03,2023-10-03,2023-10-06,1209000.0,0.0,27.9,Temperatura inestable
2052,1783,7,1,1,2023-10-03,2023-10-04,2023-10-05,339000.0,0.0,7.9,
2053,549,1,5,1,2023-10-03,2023-10-05,2023-10-08,315000.0,102000.0,7.3,
2054,122,12,5,1,2023-10-03,2023-10-04,2023-10-05,149000.0,0.0,7.4,
2055,305,5,12,1,2023-10-03,2023-10-03,2023-10-06,133000.0,29000.0,2.0,
2056,39,7,4,1,2023-10-03,2023-10-04,2023-10-06,80000.0,0.0,1.5,
2057,1424,2,1,2,2023-10-03,2023-10-04,2023-10-14,221000.0,0.0,40.1,Bloqueo de seguridad dañado
2058,1709,4,3,2,2023-10-03,2023-10-06,2023-10-13,0.0,0.0,61.8,Teclado/pantalla defectuosa
2059,581,21,1,1,2023-10-04,2023-10-04,2023-10-05,113000.0,0.0,7.1,
2060,1401,3,5,1,2023-10-04,2023-10-05,2023-10-06,931000.0,0.0,3.3,
2061,12,1,5,2,2023-10-04,2023-10-04,2023-10-17,1242000.0,372000.0,241.1,Falla de ventilador
2062,737,11,4,1,2023-10-04,2023-10-06,2023-10-09,1048000.0,0.0,7.0,
2063,1573,2,4,2,2023-10-04,2023-10-06,2023-10-17,2828000.0,0.0,171.2,Fuga en circuito
2064,1738,9,5,1,2023-10-05,2023-10-07,2023-10-08,114000.0,0.0,4.8,
2065,143,6,2,2,2023-10-05,2023-10-05,2023-10-19,208000.0,62000.0,296.9,SpO₂ no detecta señal
2066,1710,10,6,2,2023-10-05,2023-10-06,2023-10-09,5870000.0,0.0,27.1,Error en sensor de oxígeno
2067,1836,7,5,2,2023-10-05,2023-10-05,2023-10-08,145000.0,0.0,65.5,No detecta línea
2068,1729,4,6,2,2023-10-05,2023-10-07,2023-10-14,402000.0,0.0,42.2,Módulo ECG dañado
2069,1611,10,4,1,2023-10-05,2023-10-05,2023-10-06,273000.0,0.0,1.8,
2070,453,17,6,1,2023-10-05,2023-10-06,2023-10-09,18000.0,0.0,4.8,
2071,1162,1,5,1,2023-10-05,2023-10-07,2023-10-10,124000.0,0.0,2.7,
2072,1360,7,1,1,2023-10-05,2023-10-07,2023-10-08,321000.0,93000.0,6.4,
2073,1774,20,9,1,2023-10-05,2023-10-05,2023-10-08,484000.0,0.0,5.1,
2074,1668,15,10,1,2023-10-05,2023-10-06,2023-10-09,75000.0,0.0,5.0,
2075,601,12,4,1,2023-10-05,2023-10-06,2023-10-07,316000.0,82000.0,1.9,
2076,864,1,9,1,2023-10-05,2023-10-06,2023-10-07,23053000.0,0.0,7.1,
2077,979,15,11,1,2023-10-05,2023-10-07,2023-10-09,51000.0,0.0,1.4,
2078,144,8,9,1,2023-10-05,2023-10-05,2023-10-07,2004000.0,0.0,2.2,
2079,1039,17,3,1,2023-10-05,2023-10-06,2023-10-09,262000.0,0.0,3.6,
2080,1595,9,9,2,2023-10-05,2023-10-06,2023-10-08,2101000.0,0.0,37.0,Pantalla defectuosa
2081,1001,11,3,1,2023-10-06,2023-10-06,2023-10-09,1094000.0,166000.0,5.3,
2082,1217,1,7,1,2023-10-06,2023-10-07,2023-10-10,107000.0,0.0,5.0,
2083,1367,10,1,1,2023-10-06,2023-10-07,2023-10-10,276000.0,0.0,6.9,
2084,1459,11,3,2,2023-10-06,2023-10-09,2023-10-13,2181000.0,0.0,58.8,Alarma de presión
2085,904,8,8,2,2023-10-06,2023-10-08,2023-10-22,17385000.0,0.0,256.2,Error de movimiento del arco
2086,337,1,5,1,2023-10-06,2023-10-08,2023-10-10,1412000.0,0.0,7.7,
2087,413,5,3,1,2023-10-06,2023-10-08,2023-10-10,6000.0,0.0,5.2,
2088,1211,2,7,2,2023-10-06,2023-10-08,2023-10-16,149000.0,0.0,45.2,Alarmas inoperativas
2089,1891,14,2,1,2023-10-06,2023-10-07,2023-10-08,32000.0,0.0,1.6,
2090,1822,22,1,2,2023-10-07,2023-10-09,2023-10-13,131000.0,0.0,53.0,Alarmas inoperativas
2091,1226,2,4,2,2023-10-07,2023-10-10,2023-10-23,147000.0,0.0,280.0,Falla de presión NIBP
2092,732,11,5,2,2023-10-07,2023-10-08,2023-10-13,753000.0,0.0,29.6,Falla de control
2093,1699,11,1,2,2023-10-07,2023-10-07,2023-10-15,144000.0,0.0,42.7,Temperatura errática
2094,1297,9,7,2,2023-10-07,2023-10-10,2023-10-19,3302000.0,0.0,111.0,No enciende
2095,29,10,3,2,2023-10-07,2023-10-09,2023-10-13,610000.0,0.0,96.0,Palas/electrodos defectuosos
2096,196,3,7,2,2023-10-08,2023-10-10,2023-10-22,20000.0,0.0,112.2,Manómetro descalibrado
2097,1416,2,6,2,2023-10-08,2023-10-11,2023-10-26,6000.0,0.0,90.0,Lecturas erróneas
2098,1609,16,7,2,2023-10-08,2023-10-10,2023-10-20,266000.0,0.0,159.2,Frenos defectuosos
2099,108,15,11,1,2023-10-09,2023-10-10,2023-10-11,1085000.0,0.0,2.7,
2100,1392,10,7,2,2023-10-09,2023-10-09,2023-10-14,160000.0,0.0,69.5,Caudal incorrecto
2101,1354,18,7,2,2023-10-09,2023-10-09,2023-10-20,414000.0,0.0,87.5,Frenos defectuosos
2102,943,4,7,1,2023-10-09,2023-10-09,2023-10-12,1509000.0,688000.0,2.9,
2103,1097,21,6,1,2023-10-09,2023-10-09,2023-10-11,281000.0,74000.0,1.6,
2104,20,4,3,1,2023-10-09,2023-10-09,2023-10-11,90000.0,12000.0,6.2,
2105,1630,7,2,1,2023-10-09,2023-10-09,2023-10-11,2220000.0,484000.0,3.8,
2106,1459,11,5,1,2023-10-09,2023-10-11,2023-10-12,1057000.0,0.0,7.3,
2107,1507,4,3,1,2023-10-10,2023-10-12,2023-10-15,1984000.0,0.0,4.1,
2108,502,14,3,2,2023-10-10,2023-10-10,2023-10-19,10000.0,0.0,97.4,Tiempo de medición excesivo
2109,1293,18,10,2,2023-10-10,2023-10-12,2023-10-22,193000.0,0.0,154.2,No entrega corriente
2110,98,6,12,1,2023-10-10,2023-10-10,2023-10-12,182000.0,25000.0,5.9,
2111,934,7,5,1,2023-10-10,2023-10-11,2023-10-14,3285000.0,0.0,6.2,
2112,1332,4,8,1,2023-10-10,2023-10-10,2023-10-13,45034000.0,0.0,7.2,
2113,1737,21,1,1,2023-10-10,2023-10-12,2023-10-15,780000.0,0.0,6.4,
2114,229,12,6,2,2023-10-10,2023-10-12,2023-10-15,1081000.0,0.0,58.5,Puerta o cúpula dañada
2115,759,9,5,2,2023-10-10,2023-10-13,2023-10-18,171000.0,0.0,70.2,Teclado/pantalla defectuosa
2116,1388,6,4,2,2023-10-11,2023-10-14,2023-10-26,10000.0,0.0,203.6,Tiempo de medición excesivo
2117,553,1,1,2,2023-10-11,2023-10-12,2023-10-13,3238000.0,0.0,12.6,Alarma de apnea
2118,237,12,1,1,2023-10-11,2023-10-11,2023-10-13,189000.0,0.0,6.9,
2119,37,4,1,1,2023-10-11,2023-10-13,2023-10-16,477000.0,0.0,7.9,
2120,297,9,9,1,2023-10-11,2023-10-12,2023-10-13,21433000.0,7276000.0,1.9,
2121,534,1,4,1,2023-10-11,2023-10-11,2023-10-12,221000.0,28000.0,3.5,
2122,1653,7,2,1,2023-10-11,2023-10-13,2023-10-15,9000.0,0.0,3.3,
2123,781,17,4,1,2023-10-11,2023-10-12,2023-10-15,183000.0,0.0,5.5,
2124,1382,15,11,1,2023-10-11,2023-10-12,2023-10-13,135000.0,0.0,1.8,
2125,1787,22,2,2,2023-10-11,2023-10-14,2023-10-20,186000.0,0.0,9.8,Pantalla dañada
2126,1916,9,3,2,2023-10-12,2023-10-15,2023-10-22,0.0,0.0,22.8,Error de calibración
2127,31,22,7,2,2023-10-12,2023-10-13,2023-10-17,8000.0,0.0,82.3,Válvula defectuosa
2128,1542,12,1,1,2023-10-12,2023-10-12,2023-10-13,423000.0,0.0,2.4,
2129,617,9,8,1,2023-10-12,2023-10-14,2023-10-16,1544000.0,0.0,3.9,
2130,1012,3,3,1,2023-10-12,2023-10-13,2023-10-15,189000.0,0.0,5.1,
2131,541,19,7,1,2023-10-12,2023-10-13,2023-10-16,93000.0,0.0,1.2,
2132,1232,8,8,2,2023-10-12,2023-10-15,2023-10-27,4510000.0,1398000.0,124.0,Imagen subexpuesta
2133,329,11,1,1,2023-10-12,2023-10-14,2023-10-17,51000.0,0.0,5.7,
2134,520,10,4,1,2023-10-12,2023-10-13,2023-10-16,469000.0,203000.0,3.3,
2135,1936,1,3,1,2023-10-12,2023-10-12,2023-10-14,1443000.0,367000.0,4.9,
2136,764,17,3,1,2023-10-12,2023-10-13,2023-10-15,247000.0,0.0,4.4,
2137,1912,2,3,1,2023-10-13,2023-10-14,2023-10-16,349000.0,0.0,1.6,
2138,1890,2,6,1,2023-10-13,2023-10-14,2023-10-16,171000.0,17000.0,5.2,
2139,1181,11,7,1,2023-10-13,2023-10-13,2023-10-15,121000.0,0.0,4.6,
2140,335,10,5,1,2023-10-13,2023-10-13,2023-10-14,580000.0,121000.0,6.6,
2141,1289,11,1,2,2023-10-13,2023-10-16,2023-10-29,153000.0,46000.0,180.7,No detecta línea
2142,1434,21,6,1,2023-10-13,2023-10-15,2023-10-16,123000.0,0.0,5.7,
2143,790,3,3,1,2023-10-13,2023-10-14,2023-10-17,1873000.0,0.0,6.5,
2144,1153,12,4,2,2023-10-13,2023-10-14,2023-10-25,333000.0,100000.0,180.0,Módulo ECG dañado
2145,1387,13,8,2,2023-10-13,2023-10-14,2023-10-16,12812000.0,0.0,40.0,Error de movimiento del arco
2146,17,11,7,2,2023-10-14,2023-10-14,2023-10-19,402000.0,0.0,34.7,Palas/electrodos defectuosos
2147,99,1,5,2,2023-10-15,2023-10-17,2023-10-19,30000.0,0.0,9.9,Fuga en brazalete
2148,1977,10,1,2,2023-10-15,2023-10-17,2023-10-21,362000.0,0.0,18.4,SpO₂ no detecta señal
2149,1400,1,3,2,2023-10-15,2023-10-17,2023-10-18,406000.0,0.0,8.5,Frenos defectuosos
2150,1856,19,11,2,2023-10-15,2023-10-17,2023-10-27,1286000.0,0.0,57.2,Pieza de mano sin presión
2151,1566,11,2,1,2023-10-16,2023-10-16,2023-10-17,259000.0,0.0,6.1,
2152,761,15,10,1,2023-10-16,2023-10-16,2023-10-18,37000.0,28000.0,3.6,
2153,351,17,2,1,2023-10-16,2023-10-16,2023-10-17,3186000.0,0.0,2.7,
2154,1805,5,1,2,2023-10-16,2023-10-18,2023-10-21,503000.0,0.0,47.8,Alarmas defectuosas
2155,562,3,1,1,2023-10-16,2023-10-18,2023-10-21,359000.0,58000.0,7.1,
2156,1080,19,11,1,2023-10-16,2023-10-17,2023-10-20,615000.0,0.0,3.4,
2157,686,1,4,1,2023-10-16,2023-10-17,2023-10-18,334000.0,0.0,2.1,
2158,1656,13,9,1,2023-10-16,2023-10-17,2023-10-19,868000.0,0.0,4.7,
2159,490,11,1,1,2023-10-16,2023-10-18,2023-10-20,174000.0,0.0,5.0,
2160,1752,13,5,2,2023-10-16,2023-10-18,2023-11-02,12000.0,0.0,34.6,Fuga en brazalete
2161,428,1,5,1,2023-10-16,2023-10-17,2023-10-20,267000.0,0.0,3.5,
2162,1431,13,5,1,2023-10-17,2023-10-18,2023-10-20,19000.0,0.0,6.3,
2163,1219,13,1,1,2023-10-17,2023-10-18,2023-10-21,6000.0,0.0,3.3,
2164,1258,18,10,2,2023-10-17,2023-10-19,2023-10-29,275000.0,0.0,147.7,Resistencia no regula
2165,1319,12,1,1,2023-10-17,2023-10-17,2023-10-18,144000.0,27000.0,5.4,
2166,54,9,12,1,2023-10-17,2023-10-18,2023-10-20,885000.0,0.0,7.9,
2167,515,5,1,1,2023-10-17,2023-10-19,2023-10-21,106000.0,9000.0,1.4,
2168,1650,4,2,1,2023-10-17,2023-10-17,2023-10-19,130000.0,0.0,5.9,
2169,985,22,2,1,2023-10-18,2023-10-19,2023-10-21,65000.0,0.0,2.8,
2170,1584,2,6,2,2023-10-18,2023-10-21,2023-10-23,5472000.0,0.0,37.4,Falla de batería
2171,1067,1,7,1,2023-10-18,2023-10-18,2023-10-20,68000.0,0.0,3.2,
2172,481,21,7,1,2023-10-18,2023-10-19,2023-10-22,143000.0,0.0,1.6,
2173,1933,12,4,1,2023-10-18,2023-10-18,2023-10-21,1378000.0,0.0,6.3,
2174,1151,2,4,2,2023-10-18,2023-10-18,2023-10-27,4255000.0,1276000.0,87.6,Falla de batería
2175,889,17,8,1,2023-10-18,2023-10-18,2023-10-19,610000.0,0.0,3.1,
2176,993,9,3,2,2023-10-18,2023-10-20,2023-11-04,2786000.0,0.0,291.9,Falla de pantalla
2177,10,2,3,1,2023-10-18,2023-10-19,2023-10-20,62000.0,0.0,2.3,
2178,1574,15,10,1,2023-10-18,2023-10-19,2023-10-21,89000.0,0.0,2.1,
2179,1617,15,11,1,2023-10-18,2023-10-18,2023-10-21,1311000.0,264000.0,3.4,
2180,96,21,5,2,2023-10-18,2023-10-20,2023-11-04,1951000.0,0.0,119.5,Falla de batería
2181,829,8,6,2,2023-10-18,2023-10-21,2023-10-22,6000.0,0.0,17.4,Lectura errática
2182,1220,2,7,1,2023-10-18,2023-10-19,2023-10-20,41000.0,0.0,6.7,
2183,1529,21,1,1,2023-10-18,2023-10-19,2023-10-22,155000.0,20000.0,7.9,
2184,1548,6,6,1,2023-10-18,2023-10-19,2023-10-20,305000.0,0.0,1.2,
2185,776,21,2,1,2023-10-18,2023-10-19,2023-10-22,7000.0,0.0,4.2,
2186,507,22,3,1,2023-10-19,2023-10-19,2023-10-22,29000.0,0.0,5.4,
2187,283,11,6,1,2023-10-19,2023-10-21,2023-10-22,96000.0,12000.0,2.3,
2188,1418,12,7,2,2023-10-19,2023-10-21,2023-10-31,3729000.0,1107000.0,180.1,Error de calibración
2189,5,7,7,1,2023-10-19,2023-10-19,2023-10-20,250000.0,0.0,5.6,
2190,1420,5,3,1,2023-10-19,2023-10-21,2023-10-23,193000.0,0.0,6.0,
2191,437,7,3,2,2023-10-19,2023-10-20,2023-11-01,152000.0,0.0,118.1,Caudal incorrecto
2192,684,21,2,1,2023-10-19,2023-10-19,2023-10-21,759000.0,474000.0,6.6,
2193,269,17,8,2,2023-10-19,2023-10-21,2023-10-23,4042000.0,0.0,30.0,Falla de detector
2194,1205,10,6,1,2023-10-19,2023-10-21,2023-10-22,691000.0,0.0,6.8,
2195,1560,21,2,1,2023-10-19,2023-10-21,2023-10-23,360000.0,71000.0,1.9,
2196,1549,15,11,2,2023-10-19,2023-10-20,2023-11-03,177000.0,0.0,25.8,Resistencia dañada
2197,1481,5,12,2,2023-10-19,2023-10-19,2023-10-24,1821000.0,0.0,56.2,Error de reactivo
2198,1469,13,5,1,2023-10-19,2023-10-19,2023-10-20,20000.0,0.0,7.1,
2199,687,18,1,1,2023-10-19,2023-10-21,2023-10-23,20000.0,0.0,1.8,
2200,623,7,2,1,2023-10-19,2023-10-19,2023-10-22,47000.0,8000.0,2.5,
2201,588,2,2,1,2023-10-20,2023-10-22,2023-10-23,1551000.0,0.0,7.0,
2202,1372,3,5,2,2023-10-20,2023-10-23,2023-10-27,156000.0,0.0,68.7,Alarma de oclusión
2203,1024,17,5,2,2023-10-20,2023-10-23,2023-10-25,180000.0,54000.0,10.7,Falla de presión NIBP
2204,1847,10,6,1,2023-10-20,2023-10-20,2023-10-23,118000.0,0.0,1.3,
2205,1541,4,5,1,2023-10-20,2023-10-22,2023-10-25,42000.0,0.0,5.9,
2206,31,22,3,1,2023-10-20,2023-10-22,2023-10-24,13000.0,0.0,1.8,
2207,563,12,3,1,2023-10-20,2023-10-22,2023-10-23,116000.0,0.0,4.3,
2208,382,10,5,1,2023-10-20,2023-10-22,2023-10-23,164000.0,19000.0,6.6,
2209,1705,10,2,1,2023-10-20,2023-10-22,2023-10-24,95000.0,0.0,1.9,
2210,840,12,2,1,2023-10-20,2023-10-20,2023-10-21,490000.0,0.0,6.0,
2211,1500,9,12,1,2023-10-20,2023-10-21,2023-10-24,257000.0,0.0,2.4,
2212,1362,15,10,1,2023-10-20,2023-10-20,2023-10-23,115000.0,26000.0,3.2,
2213,786,6,6,2,2023-10-20,2023-10-20,2023-10-28,197000.0,54000.0,65.1,Batería agotada
2214,1523,12,1,1,2023-10-20,2023-10-21,2023-10-22,84000.0,0.0,4.1,
2215,1318,15,10,2,2023-10-21,2023-10-24,2023-10-25,2532000.0,0.0,23.9,No genera presión
2216,489,1,1,2,2023-10-21,2023-10-21,2023-10-27,4443000.0,0.0,12.1,Sensor de flujo defectuoso
2217,323,19,10,2,2023-10-21,2023-10-23,2023-10-24,962000.0,0.0,8.2,Lámpara no funciona
2218,358,9,5,2,2023-10-21,2023-10-22,2023-11-02,132000.0,40000.0,53.2,Error de calibración
2219,745,9,12,2,2023-10-21,2023-10-22,2023-10-25,455000.0,0.0,68.0,Ruido anormal
2220,1805,5,3,2,2023-10-22,2023-10-23,2023-10-31,503000.0,0.0,122.1,Pantalla sin imagen
2221,1487,2,4,2,2023-10-22,2023-10-24,2023-10-27,135000.0,0.0,27.0,Falla de presión NIBP
2222,1321,18,10,2,2023-10-22,2023-10-22,2023-10-31,525000.0,0.0,77.3,Motor falla
2223,1230,10,7,2,2023-10-22,2023-10-25,2023-10-26,5224000.0,0.0,23.3,Alarma de presión
2224,238,21,6,1,2023-10-23,2023-10-24,2023-10-27,118000.0,0.0,4.2,
2225,502,14,5,2,2023-10-23,2023-10-24,2023-10-30,10000.0,0.0,124.8,Batería agotada
2226,443,2,5,1,2023-10-23,2023-10-23,2023-10-25,173000.0,25000.0,1.5,
2227,1318,15,11,1,2023-10-23,2023-10-25,2023-10-27,1251000.0,0.0,5.4,
2228,508,3,6,1,2023-10-23,2023-10-24,2023-10-27,209000.0,0.0,5.3,
2229,306,3,4,1,2023-10-23,2023-10-23,2023-10-25,90000.0,21000.0,2.5,
2230,21,11,4,2,2023-10-23,2023-10-23,2023-11-01,320000.0,0.0,198.7,SpO₂ no detecta señal
2231,681,19,6,1,2023-10-23,2023-10-25,2023-10-26,33000.0,0.0,4.0,
2232,1505,17,7,1,2023-10-23,2023-10-23,2023-10-25,85000.0,0.0,6.1,
2233,834,12,3,1,2023-10-23,2023-10-24,2023-10-27,16000.0,0.0,1.6,
2234,225,12,4,1,2023-10-23,2023-10-25,2023-10-26,51000.0,7000.0,5.5,
2235,1981,18,11,2,2023-10-24,2023-10-27,2023-11-01,108000.0,0.0,34.8,Ruedas/frenos defectuosos
2236,1631,22,1,1,2023-10-24,2023-10-26,2023-10-27,350000.0,0.0,3.3,
2237,995,21,5,1,2023-10-24,2023-10-25,2023-10-26,195000.0,29000.0,4.6,
2238,1858,1,5,2,2023-10-24,2023-10-24,2023-11-07,23000.0,7000.0,42.8,Manómetro descalibrado
2239,857,2,6,2,2023-10-24,2023-10-26,2023-11-10,6379000.0,0.0,285.2,Falla en vaporizador
2240,1102,7,3,2,2023-10-24,2023-10-27,2023-10-31,272000.0,0.0,61.2,Error de programación
2241,1256,17,6,2,2023-10-24,2023-10-25,2023-11-05,188000.0,30000.0,73.6,No detecta línea
2242,958,4,3,1,2023-10-24,2023-10-26,2023-10-28,3050000.0,0.0,1.1,
2243,1676,1,2,1,2023-10-24,2023-10-26,2023-10-28,1346000.0,0.0,4.0,
2244,1837,21,2,2,2023-10-24,2023-10-24,2023-11-03,115000.0,0.0,40.7,SpO₂ sin lectura
2245,862,1,7,2,2023-10-24,2023-10-24,2023-11-02,418000.0,0.0,195.1,Frenos defectuosos
2246,650,7,2,1,2023-10-24,2023-10-26,2023-10-29,102000.0,0.0,5.7,
2247,127,8,1,1,2023-10-24,2023-10-26,2023-10-28,164000.0,0.0,1.6,
2248,1209,19,11,1,2023-10-25,2023-10-25,2023-10-28,261000.0,0.0,4.3,
2249,375,22,2,2,2023-10-25,2023-10-28,2023-10-30,535000.0,129000.0,17.5,Frenos defectuosos
2250,903,17,1,1,2023-10-25,2023-10-26,2023-10-29,139000.0,0.0,6.2,
2251,1829,3,6,1,2023-10-25,2023-10-25,2023-10-28,51000.0,3000.0,4.8,
2252,1196,4,7,2,2023-10-25,2023-10-28,2023-11-05,166000.0,0.0,8.3,Falla de presión NIBP
2253,119,11,6,2,2023-10-25,2023-10-28,2023-11-11,3819000.0,0.0,34.3,Presión inestable
2254,17,11,2,1,2023-10-25,2023-10-26,2023-10-27,308000.0,0.0,6.3,
2255,1079,12,3,1,2023-10-26,2023-10-28,2023-10-31,188000.0,0.0,2.3,
2256,1645,17,2,1,2023-10-26,2023-10-28,2023-10-29,490000.0,62000.0,2.1,
2257,1383,7,4,2,2023-10-27,2023-10-30,2023-11-12,363000.0,0.0,273.7,No enciende
2258,252,3,2,2,2023-10-27,2023-10-28,2023-11-12,195000.0,0.0,74.9,Falla de presión NIBP
2259,27,12,7,1,2023-10-27,2023-10-29,2023-10-31,611000.0,0.0,4.2,
2260,1214,3,3,1,2023-10-27,2023-10-27,2023-10-29,203000.0,0.0,6.9,
2261,1648,5,3,1,2023-10-27,2023-10-28,2023-10-31,273000.0,26000.0,3.5,
2262,1763,6,12,2,2023-10-27,2023-10-29,2023-11-04,2963000.0,0.0,100.4,Resultados inconsistentes
2263,1323,21,4,2,2023-10-27,2023-10-29,2023-11-09,1679000.0,0.0,219.2,No enciende
2264,208,14,12,1,2023-10-27,2023-10-27,2023-10-28,77000.0,9000.0,3.9,
2265,1584,2,6,2,2023-10-27,2023-10-27,2023-11-07,5472000.0,0.0,92.4,Problema en ventilador integrado
2266,1104,12,4,1,2023-10-27,2023-10-28,2023-10-30,89000.0,0.0,4.9,
2267,630,14,2,1,2023-10-27,2023-10-29,2023-10-31,86000.0,0.0,2.3,
2268,831,2,3,1,2023-10-27,2023-10-27,2023-10-28,34000.0,0.0,6.8,
2269,1384,16,4,2,2023-10-27,2023-10-28,2023-11-10,26000.0,0.0,36.7,Válvula defectuosa
2270,745,9,12,2,2023-10-27,2023-10-29,2023-11-13,455000.0,0.0,155.9,Vibración excesiva
2271,1789,20,8,1,2023-10-27,2023-10-29,2023-11-01,1245000.0,0.0,6.8,
2272,407,17,8,1,2023-10-27,2023-10-27,2023-10-29,1129000.0,0.0,7.5,
2273,1666,9,2,2,2023-10-28,2023-10-31,2023-11-11,1736000.0,0.0,123.9,Falla de batería
2274,1013,4,1,2,2023-10-28,2023-10-30,2023-11-03,307000.0,92000.0,21.0,Alarmas defectuosas
2275,677,9,5,1,2023-10-30,2023-10-31,2023-11-03,91000.0,13000.0,1.7,
2276,931,7,1,1,2023-10-30,2023-10-31,2023-11-02,8000.0,0.0,2.1,
2277,1315,14,12,1,2023-10-30,2023-10-31,2023-11-03,197000.0,0.0,6.6,
2278,1857,8,7,1,2023-10-30,2023-11-01,2023-11-04,114000.0,0.0,2.6,
2279,860,11,5,1,2023-10-30,2023-10-30,2023-11-02,164000.0,0.0,5.5,
2280,948,10,1,1,2023-10-30,2023-11-01,2023-11-04,1265000.0,471000.0,3.9,
2281,752,4,4,1,2023-10-30,2023-11-01,2023-11-02,417000.0,0.0,7.4,
2282,320,4,4,1,2023-10-30,2023-10-30,2023-10-31,68000.0,0.0,3.3,
2283,899,3,3,1,2023-10-31,2023-11-02,2023-11-04,335000.0,0.0,5.1,
2284,1638,3,5,1,2023-10-31,2023-10-31,2023-11-01,25000.0,0.0,1.4,
2285,496,18,4,1,2023-10-31,2023-10-31,2023-11-01,356000.0,0.0,5.1,
2286,249,9,4,1,2023-11-01,2023-11-03,2023-11-04,240000.0,66000.0,2.5,
2287,991,7,6,1,2023-11-01,2023-11-03,2023-11-05,147000.0,42000.0,3.5,
2288,26,9,12,2,2023-11-01,2023-11-03,2023-11-09,699000.0,210000.0,138.6,Alarma defectuosa
2289,1540,2,2,1,2023-11-01,2023-11-03,2023-11-04,1174000.0,0.0,7.6,
2290,69,21,1,2,2023-11-01,2023-11-02,2023-11-09,173000.0,0.0,80.8,Batería dañada
2291,1996,24,4,1,2023-11-01,2023-11-03,2023-11-06,5000.0,0.0,5.1,
2292,646,17,6,1,2023-11-02,2023-11-04,2023-11-06,140000.0,0.0,2.1,
2293,478,11,5,2,2023-11-02,2023-11-03,2023-11-05,463000.0,0.0,20.1,SpO₂ no detecta señal
2294,1640,2,3,1,2023-11-02,2023-11-03,2023-11-05,29000.0,0.0,7.5,
2295,1038,7,7,1,2023-11-02,2023-11-04,2023-11-06,313000.0,0.0,5.7,
2296,1700,11,2,1,2023-11-02,2023-11-02,2023-11-04,412000.0,40000.0,3.5,
2297,649,21,2,2,2023-11-02,2023-11-02,2023-11-11,240000.0,0.0,57.9,Alarma de oclusión
2298,1102,3,3,2,2023-11-03,2023-11-04,2023-11-19,272000.0,0.0,90.3,Botón de paciente defectuoso
2299,1900,19,7,2,2023-11-03,2023-11-06,2023-11-12,18000.0,5000.0,37.9,Manómetro descalibrado
2300,799,7,3,1,2023-11-03,2023-11-03,2023-11-06,171000.0,0.0,2.4,
2301,650,7,7,2,2023-11-04,2023-11-05,2023-11-07,148000.0,0.0,24.3,Batería dañada
2302,1151,2,3,2,2023-11-04,2023-11-07,2023-11-18,2818000.0,1276000.0,194.6,Fuga en circuito
2303,122,12,6,2,2023-11-04,2023-11-07,2023-11-22,166000.0,0.0,40.1,Teclado/pantalla defectuosa
2304,1638,3,4,2,2023-11-04,2023-11-05,2023-11-18,13000.0,0.0,288.7,Pantalla defectuosa
2305,686,1,5,2,2023-11-04,2023-11-05,2023-11-10,426000.0,0.0,109.3,Batería agotada
2306,813,2,2,2,2023-11-04,2023-11-05,2023-11-11,295000.0,0.0,86.9,Alarmas defectuosas
2307,1367,10,1,2,2023-11-05,2023-11-08,2023-11-14,329000.0,0.0,61.5,Botón de paciente defectuoso
2308,1759,19,10,2,2023-11-05,2023-11-05,2023-11-11,156000.0,0.0,84.6,Batería dañada
2309,344,15,11,2,2023-11-05,2023-11-07,2023-11-11,1682000.0,0.0,85.9,Dosificación incorrecta de detergente
2310,1690,17,5,1,2023-11-06,2023-11-06,2023-11-09,129000.0,0.0,2.3,
2311,1354,18,4,2,2023-11-06,2023-11-08,2023-11-17,414000.0,0.0,205.4,Frenos defectuosos
2312,945,16,4,1,2023-11-06,2023-11-08,2023-11-10,274000.0,0.0,7.5,
2313,359,19,3,2,2023-11-06,2023-11-07,2023-11-15,14000.0,0.0,12.4,Manómetro descalibrado
2314,1358,6,4,1,2023-11-06,2023-11-07,2023-11-09,76000.0,0.0,1.3,
2315,129,4,4,1,2023-11-06,2023-11-08,2023-11-11,6000.0,0.0,2.4,
2316,28,1,7,1,2023-11-07,2023-11-08,2023-11-10,26000.0,0.0,6.3,
2317,795,10,7,1,2023-11-07,2023-11-09,2023-11-12,160000.0,0.0,1.9,
2318,262,15,10,1,2023-11-07,2023-11-09,2023-11-10,1226000.0,0.0,2.7,
2319,1504,9,2,1,2023-11-07,2023-11-07,2023-11-08,32000.0,0.0,2.6,
2320,514,2,2,1,2023-11-07,2023-11-07,2023-11-08,300000.0,0.0,4.7,
2321,140,20,8,2,2023-11-07,2023-11-07,2023-11-14,0.0,0.0,86.7,Error de calibración
2322,1710,10,3,2,2023-11-07,2023-11-09,2023-11-12,5870000.0,0.0,61.4,Falla en vaporizador
2323,57,17,4,2,2023-11-07,2023-11-10,2023-11-23,13000.0,0.0,161.4,Manómetro descalibrado
2324,1956,16,12,1,2023-11-08,2023-11-08,2023-11-11,105000.0,0.0,5.1,
2325,275,11,6,2,2023-11-08,2023-11-08,2023-11-18,346000.0,0.0,220.5,Lectura inestable
2326,1734,15,11,1,2023-11-08,2023-11-09,2023-11-12,54000.0,0.0,4.9,
2327,1823,10,3,1,2023-11-08,2023-11-08,2023-11-09,558000.0,106000.0,5.3,
2328,961,4,5,1,2023-11-08,2023-11-08,2023-11-09,111000.0,0.0,4.6,
2329,835,11,2,1,2023-11-08,2023-11-08,2023-11-09,87000.0,11000.0,1.9,
2330,1872,3,3,1,2023-11-08,2023-11-10,2023-11-13,154000.0,0.0,7.3,
2331,1703,14,3,1,2023-11-09,2023-11-10,2023-11-12,53000.0,0.0,6.9,
2332,1221,18,4,2,2023-11-09,2023-11-11,2023-11-23,17000.0,0.0,14.5,Lectura errática
2333,1964,10,6,1,2023-11-09,2023-11-09,2023-11-11,824000.0,0.0,7.1,
2334,1324,9,2,1,2023-11-09,2023-11-09,2023-11-12,772000.0,0.0,3.0,
2335,904,8,8,1,2023-11-09,2023-11-09,2023-11-10,5253000.0,0.0,2.2,
2336,435,8,7,1,2023-11-09,2023-11-09,2023-11-12,386000.0,0.0,7.3,
2337,1545,24,2,2,2023-11-09,2023-11-11,2023-11-20,26000.0,0.0,56.3,Fuga en brazalete
2338,187,6,7,1,2023-11-09,2023-11-11,2023-11-12,13000.0,0.0,1.4,
2339,1052,10,1,1,2023-11-09,2023-11-11,2023-11-14,994000.0,186000.0,3.8,
2340,67,1,8,1,2023-11-09,2023-11-09,2023-11-11,801000.0,0.0,1.5,
2341,724,10,5,1,2023-11-10,2023-11-12,2023-11-13,31000.0,0.0,6.8,
2342,1102,3,3,1,2023-11-10,2023-11-10,2023-11-13,272000.0,0.0,6.1,
2343,1884,8,3,1,2023-11-10,2023-11-12,2023-11-15,136000.0,0.0,6.0,
2344,1052,10,7,2,2023-11-10,2023-11-10,2023-11-16,1920000.0,313000.0,127.4,Temperatura inestable
2345,1506,10,2,1,2023-11-10,2023-11-10,2023-11-11,955000.0,0.0,5.8,
2346,1968,22,3,1,2023-11-10,2023-11-11,2023-11-14,141000.0,47000.0,5.3,
2347,230,9,5,2,2023-11-10,2023-11-11,2023-11-17,514000.0,0.0,114.2,Módulo ECG dañado
2348,1016,11,2,1,2023-11-10,2023-11-10,2023-11-11,112000.0,0.0,1.4,
2349,1346,9,3,1,2023-11-10,2023-11-12,2023-11-14,181000.0,0.0,3.0,
2350,1773,2,3,2,2023-11-10,2023-11-12,2023-11-26,122000.0,0.0,274.1,Alarma de oclusión
2351,1059,7,7,1,2023-11-10,2023-11-12,2023-11-15,1196000.0,0.0,6.0,
2352,976,18,5,2,2023-11-10,2023-11-11,2023-11-19,13000.0,3000.0,9.1,Válvula defectuosa
2353,1685,22,2,1,2023-11-10,2023-11-11,2023-11-12,45000.0,0.0,2.6,
2354,516,7,6,1,2023-11-10,2023-11-10,2023-11-13,113000.0,0.0,4.6,
2355,1229,17,4,2,2023-11-11,2023-11-13,2023-11-15,394000.0,0.0,30.9,Alarmas defectuosas
2356,396,22,12,2,2023-11-11,2023-11-11,2023-11-20,0.0,0.0,191.7,No alcanza RPM
2357,715,15,11,2,2023-11-12,2023-11-12,2023-11-16,2136000.0,0.0,59.7,Boquillas obstruidas
2358,1351,1,9,2,2023-11-12,2023-11-15,2023-11-19,15952000.0,0.0,13.6,Imagen distorsionada
2359,1082,21,3,2,2023-11-12,2023-11-14,2023-11-27,156000.0,0.0,182.9,No detecta línea
2360,1703,14,5,2,2023-11-12,2023-11-15,2023-11-26,21000.0,0.0,92.3,Pera dañada
2361,948,10,3,2,2023-11-12,2023-11-12,2023-11-21,0.0,0.0,61.9,No enciende
2362,1291,17,7,2,2023-11-13,2023-11-13,2023-11-14,191000.0,0.0,8.9,Error de programación
2363,1548,6,5,2,2023-11-13,2023-11-16,2023-11-25,500000.0,0.0,72.6,Alarmas defectuosas
2364,1134,17,4,1,2023-11-13,2023-11-14,2023-11-16,105000.0,8000.0,4.4,
2365,191,10,6,2,2023-11-13,2023-11-14,2023-11-15,357000.0,0.0,17.1,SpO₂ no detecta señal
2366,617,9,8,2,2023-11-13,2023-11-13,2023-11-21,4932000.0,0.0,74.9,Falla de detector
2367,70,9,5,1,2023-11-13,2023-11-13,2023-11-14,14000.0,1000.0,4.3,
2368,1729,4,6,2,2023-11-13,2023-11-13,2023-11-27,402000.0,0.0,56.8,Alarmas defectuosas
2369,1865,12,7,1,2023-11-13,2023-11-14,2023-11-15,191000.0,0.0,4.5,
2370,1076,11,7,1,2023-11-14,2023-11-14,2023-11-16,7000.0,0.0,6.6,
2371,794,3,5,2,2023-11-14,2023-11-15,2023-11-27,408000.0,105000.0,177.2,Error de calibración
2372,1512,20,2,1,2023-11-14,2023-11-16,2023-11-18,8000.0,0.0,5.2,
2373,337,1,2,2,2023-11-14,2023-11-14,2023-11-15,2649000.0,0.0,20.3,Problema en válvulas internas
2374,1632,1,6,1,2023-11-14,2023-11-14,2023-11-16,149000.0,0.0,3.6,
2375,1080,19,11,2,2023-11-14,2023-11-15,2023-11-18,969000.0,0.0,64.5,Ruidos mecánicos
2376,917,3,1,1,2023-11-14,2023-11-16,2023-11-17,260000.0,0.0,3.3,
2377,1267,10,6,2,2023-11-14,2023-11-16,2023-11-21,276000.0,83000.0,9.1,Colchón dañado
2378,200,10,9,1,2023-11-15,2023-11-16,2023-11-17,1101000.0,591000.0,5.5,
2379,1351,1,9,1,2023-11-15,2023-11-15,2023-11-18,4036000.0,0.0,6.4,
2380,1576,1,1,1,2023-11-15,2023-11-15,2023-11-17,160000.0,0.0,6.5,
2381,1428,12,7,1,2023-11-15,2023-11-15,2023-11-17,539000.0,0.0,6.1,
2382,1285,15,11,1,2023-11-15,2023-11-15,2023-11-16,150000.0,16000.0,3.5,
2383,1781,19,10,2,2023-11-15,2023-11-18,2023-11-29,44000.0,0.0,218.8,Temporizador falla
2384,1908,10,1,2,2023-11-15,2023-11-17,2023-12-01,488000.0,146000.0,16.5,Pantalla sin imagen
2385,1556,9,7,1,2023-11-15,2023-11-17,2023-11-18,155000.0,0.0,4.8,
2386,1522,24,7,1,2023-11-15,2023-11-15,2023-11-16,259000.0,0.0,3.0,
2387,1982,8,2,2,2023-11-16,2023-11-18,2023-12-03,369000.0,0.0,270.8,Pantalla sin imagen
2388,1186,22,7,2,2023-11-16,2023-11-18,2023-11-19,492000.0,0.0,9.9,Mecanismo de altura no funciona
2389,316,9,1,1,2023-11-16,2023-11-18,2023-11-20,153000.0,0.0,1.6,
2390,576,22,5,2,2023-11-16,2023-11-19,2023-11-25,600000.0,0.0,22.6,No enciende
2391,1297,9,5,2,2023-11-16,2023-11-17,2023-12-01,3630000.0,0.0,23.0,No enciende
2392,452,13,6,1,2023-11-16,2023-11-17,2023-11-20,284000.0,42000.0,1.0,
2393,560,1,3,2,2023-11-16,2023-11-19,2023-11-24,840000.0,0.0,72.2,Alarma de temperatura
2394,1011,15,11,1,2023-11-16,2023-11-17,2023-11-18,52000.0,0.0,6.0,
2395,1077,4,6,1,2023-11-16,2023-11-18,2023-11-21,461000.0,64000.0,2.4,
2396,283,11,3,2,2023-11-16,2023-11-17,2023-11-30,156000.0,47000.0,210.7,Puerta o clamp dañado
2397,1476,5,6,1,2023-11-16,2023-11-18,2023-11-21,69000.0,0.0,2.5,
2398,809,7,6,2,2023-11-16,2023-11-16,2023-11-22,120000.0,34000.0,52.0,SpO₂ sin lectura
2399,1611,10,4,2,2023-11-16,2023-11-16,2023-11-29,393000.0,0.0,258.8,SpO₂ no detecta señal
2400,1033,3,12,1,2023-11-17,2023-11-17,2023-11-20,244000.0,0.0,3.1,
2401,1017,7,6,2,2023-11-17,2023-11-18,2023-12-03,87000.0,0.0,232.5,Pantalla dañada
2402,1226,2,1,1,2023-11-17,2023-11-18,2023-11-20,92000.0,0.0,6.5,
2403,1058,9,4,1,2023-11-17,2023-11-18,2023-11-21,931000.0,0.0,4.8,
2404,1608,11,6,2,2023-11-17,2023-11-19,2023-12-03,138000.0,0.0,232.8,No detecta línea
2405,1196,4,1,2,2023-11-17,2023-11-19,2023-12-03,166000.0,0.0,171.6,Falla de presión NIBP
2406,401,2,2,1,2023-11-17,2023-11-19,2023-11-21,192000.0,0.0,7.6,
2407,228,12,3,2,2023-11-17,2023-11-19,2023-11-23,2585000.0,0.0,27.1,Fuga en circuito
2408,1073,16,1,1,2023-11-17,2023-11-17,2023-11-20,8000.0,0.0,7.5,
2409,1663,7,4,1,2023-11-17,2023-11-18,2023-11-19,184000.0,0.0,1.6,
2410,1481,5,12,1,2023-11-17,2023-11-17,2023-11-18,1144000.0,0.0,1.7,
2411,1193,1,1,2,2023-11-18,2023-11-20,2023-12-02,51000.0,0.0,174.5,Lente sucio o rayado
2412,1503,17,3,2,2023-11-18,2023-11-21,2023-11-22,429000.0,0.0,15.3,Lecturas erráticas
2413,1662,14,12,1,2023-11-20,2023-11-22,2023-11-24,293000.0,0.0,3.5,
2414,378,12,2,1,2023-11-20,2023-11-21,2023-11-22,1128000.0,0.0,1.4,
2415,1403,16,3,1,2023-11-20,2023-11-21,2023-11-23,11000.0,0.0,1.3,
2416,1469,13,7,2,2023-11-20,2023-11-23,2023-12-05,7000.0,0.0,260.8,Pantalla defectuosa
2417,993,10,5,1,2023-11-20,2023-11-20,2023-11-23,1224000.0,0.0,6.0,
2418,818,21,7,1,2023-11-20,2023-11-21,2023-11-23,78000.0,0.0,2.3,
2419,41,14,12,1,2023-11-20,2023-11-22,2023-11-23,164000.0,0.0,2.4,
2420,904,8,9,2,2023-11-20,2023-11-21,2023-12-04,17385000.0,0.0,61.2,Error de movimiento del arco
2421,114,7,6,2,2023-11-20,2023-11-22,2023-11-26,2332000.0,0.0,29.0,No enciende
2422,1218,9,4,1,2023-11-20,2023-11-22,2023-11-23,103000.0,0.0,1.3,
2423,338,15,11,1,2023-11-20,2023-11-20,2023-11-23,93000.0,0.0,3.2,
2424,1575,21,5,2,2023-11-21,2023-11-22,2023-12-01,13000.0,0.0,178.1,Batería agotada
2425,1475,7,7,1,2023-11-21,2023-11-21,2023-11-24,109000.0,0.0,1.8,
2426,1947,11,5,2,2023-11-21,2023-11-24,2023-12-04,2050000.0,0.0,201.7,Falla de pantalla
2427,370,4,5,1,2023-11-21,2023-11-22,2023-11-25,1201000.0,0.0,6.8,
2428,1836,7,6,2,2023-11-21,2023-11-21,2023-12-03,145000.0,0.0,192.1,Batería dañada
2429,1438,7,1,2,2023-11-21,2023-11-21,2023-11-28,215000.0,0.0,132.4,Batería dañada
2430,1402,6,7,2,2023-11-21,2023-11-22,2023-12-02,370000.0,111000.0,185.5,Módulo ECG dañado
2431,1327,4,5,1,2023-11-21,2023-11-23,2023-11-26,174000.0,23000.0,4.2,
2432,214,9,9,2,2023-11-21,2023-11-24,2023-12-05,3104000.0,0.0,168.6,Pantalla defectuosa
2433,238,21,7,2,2023-11-21,2023-11-24,2023-11-28,126000.0,0.0,30.5,Alarma de oclusión
2434,1407,14,12,1,2023-11-21,2023-11-22,2023-11-25,330000.0,34000.0,5.9,
2435,1289,11,2,1,2023-11-21,2023-11-23,2023-11-25,122000.0,22000.0,2.1,
2436,813,2,6,1,2023-11-22,2023-11-24,2023-11-27,182000.0,0.0,1.1,
2437,1491,1,1,1,2023-11-22,2023-11-24,2023-11-27,980000.0,0.0,4.6,
2438,1825,21,5,2,2023-11-22,2023-11-23,2023-11-30,25000.0,0.0,71.0,Fuga en brazalete
2439,1811,7,6,1,2023-11-22,2023-11-22,2023-11-23,79000.0,0.0,6.3,
2440,369,8,4,1,2023-11-22,2023-11-22,2023-11-24,30000.0,0.0,5.9,
2441,1908,10,3,1,2023-11-22,2023-11-24,2023-11-26,251000.0,58000.0,3.1,
2442,1463,8,1,1,2023-11-23,2023-11-25,2023-11-26,215000.0,0.0,2.6,
2443,194,4,6,1,2023-11-23,2023-11-24,2023-11-26,37000.0,0.0,2.0,
2444,465,10,2,1,2023-11-23,2023-11-23,2023-11-25,515000.0,214000.0,7.0,
2445,1074,2,6,1,2023-11-23,2023-11-23,2023-11-25,193000.0,0.0,7.2,
2446,1074,2,2,2,2023-11-23,2023-11-25,2023-12-01,202000.0,0.0,15.2,Puerta o clamp dañado
2447,1728,7,1,1,2023-11-23,2023-11-24,2023-11-25,440000.0,0.0,3.5,
2448,478,11,5,1,2023-11-23,2023-11-23,2023-11-24,362000.0,0.0,4.0,
2449,894,15,10,2,2023-11-23,2023-11-24,2023-12-03,3068000.0,921000.0,126.7,No alcanza temperatura
2450,1878,6,3,1,2023-11-24,2023-11-26,2023-11-29,143000.0,0.0,5.2,
2451,1995,12,7,1,2023-11-24,2023-11-25,2023-11-28,353000.0,0.0,4.6,
2452,229,12,1,1,2023-11-24,2023-11-26,2023-11-29,341000.0,0.0,2.9,
2453,703,9,7,1,2023-11-24,2023-11-24,2023-11-25,8000.0,0.0,1.6,
2454,827,17,8,1,2023-11-24,2023-11-26,2023-11-27,367000.0,102000.0,5.3,
2455,74,16,1,2,2023-11-24,2023-11-26,2023-12-05,22000.0,6000.0,183.0,Manómetro descalibrado
2456,593,15,10,1,2023-11-24,2023-11-25,2023-11-28,74000.0,0.0,2.3,
2457,1372,3,5,2,2023-11-24,2023-11-26,2023-11-27,156000.0,0.0,17.2,Puerta o clamp dañado
2458,1339,15,11,2,2023-11-24,2023-11-24,2023-12-03,2816000.0,0.0,175.8,Boquillas obstruidas
2459,1003,15,10,2,2023-11-25,2023-11-28,2023-12-08,1439000.0,0.0,208.1,Error de sensores
2460,401,2,5,2,2023-11-25,2023-11-27,2023-12-02,279000.0,0.0,67.6,Bloqueo de seguridad dañado
2461,1177,12,1,2,2023-11-25,2023-11-28,2023-12-07,382000.0,0.0,180.5,SpO₂ no detecta señal
2462,1164,20,8,2,2023-11-25,2023-11-28,2023-12-07,3055000.0,0.0,139.5,Pedal defectuoso
2463,1606,22,4,2,2023-11-25,2023-11-25,2023-12-01,340000.0,102000.0,20.9,Módulo ECG dañado
2464,528,6,4,2,2023-11-25,2023-11-28,2023-12-06,245000.0,0.0,146.9,Error de calibración
2465,1144,7,2,2,2023-11-26,2023-11-29,2023-12-02,202000.0,0.0,71.7,Caudal incorrecto
2466,475,9,5,2,2023-11-26,2023-11-27,2023-12-05,220000.0,0.0,121.9,Puerta o clamp dañado
2467,897,11,6,2,2023-11-26,2023-11-28,2023-12-03,6000.0,0.0,112.5,Puerto sucio
2468,787,1,1,2,2023-11-26,2023-11-28,2023-12-07,483000.0,145000.0,183.0,Sistema hidráulico con fuga
2469,1544,10,3,2,2023-11-26,2023-11-26,2023-12-04,704000.0,0.0,176.3,Calibración vencida
2470,108,15,11,2,2023-11-26,2023-11-29,2023-12-07,2578000.0,0.0,95.7,Fuga de vapor
2471,1449,2,6,2,2023-11-26,2023-11-28,2023-11-29,2935000.0,0.0,8.0,Falla de pantalla
2472,1582,10,3,2,2023-11-27,2023-11-29,2023-12-04,55000.0,16000.0,62.7,Batería dañada
2473,1908,9,7,2,2023-11-27,2023-11-28,2023-12-03,488000.0,146000.0,83.7,SpO₂ no detecta señal
2474,683,1,3,1,2023-11-27,2023-11-27,2023-11-29,60000.0,0.0,5.3,
2475,1424,2,3,1,2023-11-27,2023-11-27,2023-11-29,118000.0,0.0,6.1,
2476,116,10,2,1,2023-11-27,2023-11-27,2023-11-30,288000.0,0.0,5.8,
2477,132,16,1,1,2023-11-27,2023-11-27,2023-11-29,48000.0,0.0,5.7,
2478,589,7,2,1,2023-11-27,2023-11-29,2023-12-02,289000.0,33000.0,1.3,
2479,21,11,6,1,2023-11-27,2023-11-29,2023-12-01,211000.0,0.0,6.1,
2480,1452,7,5,1,2023-11-27,2023-11-27,2023-11-29,1806000.0,269000.0,3.0,
2481,1901,11,1,2,2023-11-27,2023-11-30,2023-12-08,182000.0,0.0,12.2,Puerta o clamp dañado
2482,1169,5,2,1,2023-11-28,2023-11-29,2023-11-30,10000.0,0.0,5.3,
2483,410,12,4,1,2023-11-28,2023-11-28,2023-11-29,753000.0,0.0,3.1,
2484,23,17,7,1,2023-11-28,2023-11-28,2023-12-01,808000.0,0.0,1.2,
2485,411,1,4,1,2023-11-28,2023-11-29,2023-11-30,546000.0,0.0,3.8,
2486,600,11,2,2,2023-11-28,2023-11-29,2023-12-13,0.0,0.0,102.3,Pantalla dañada
2487,1426,22,7,1,2023-11-28,2023-11-30,2023-12-01,30000.0,0.0,7.6,
2488,1448,2,6,1,2023-11-28,2023-11-29,2023-11-30,80000.0,0.0,3.0,
2489,657,4,12,1,2023-11-28,2023-11-28,2023-11-30,94000.0,31000.0,3.6,
2490,1140,4,3,1,2023-11-28,2023-11-29,2023-12-01,278000.0,0.0,1.7,
2491,1458,1,5,2,2023-11-28,2023-11-30,2023-12-15,152000.0,0.0,35.9,Puerta o clamp dañado
2492,867,10,7,1,2023-11-28,2023-11-29,2023-12-01,69000.0,0.0,1.6,
2493,1573,2,4,2,2023-11-28,2023-11-30,2023-12-06,2828000.0,0.0,47.2,Sensor defectuoso
2494,1028,2,1,1,2023-11-29,2023-11-29,2023-11-30,79000.0,0.0,4.8,
2495,1120,10,7,1,2023-11-29,2023-11-30,2023-12-01,5000.0,0.0,5.1,
2496,64,12,5,1,2023-11-30,2023-12-01,2023-12-02,143000.0,0.0,2.1,
2497,333,4,4,1,2023-11-30,2023-12-02,2023-12-05,116000.0,0.0,3.5,
2498,1583,4,8,1,2023-11-30,2023-12-01,2023-12-02,800000.0,0.0,7.5,
2499,633,21,1,1,2023-11-30,2023-11-30,2023-12-03,34000.0,0.0,6.6,
2500,1741,15,11,1,2023-11-30,2023-12-01,2023-12-03,60000.0,13000.0,2.7,
2501,1664,7,3,1,2023-12-01,2023-12-02,2023-12-05,91000.0,0.0,7.6,
2502,747,15,11,1,2023-12-01,2023-12-03,2023-12-05,69000.0,0.0,7.1,
2503,980,15,11,1,2023-12-01,2023-12-02,2023-12-04,1231000.0,0.0,1.7,
2504,103,1,1,1,2023-12-01,2023-12-02,2023-12-05,513000.0,0.0,2.2,
2505,1361,11,1,1,2023-12-01,2023-12-03,2023-12-05,505000.0,0.0,1.1,
2506,444,12,2,1,2023-12-01,2023-12-02,2023-12-04,105000.0,0.0,1.3,
2507,225,12,5,2,2023-12-02,2023-12-02,2023-12-07,102000.0,30000.0,49.6,Batería dañada
2508,1510,11,2,2,2023-12-02,2023-12-04,2023-12-09,368000.0,110000.0,25.2,NIBP no infla
2509,1481,5,12,2,2023-12-02,2023-12-04,2023-12-12,1821000.0,0.0,43.0,Error de reactivo
2510,1283,17,2,2,2023-12-02,2023-12-04,2023-12-17,19000.0,0.0,22.6,Manómetro descalibrado
2511,438,1,3,2,2023-12-03,2023-12-04,2023-12-12,98000.0,0.0,48.4,SpO₂ sin lectura
2512,985,22,4,2,2023-12-04,2023-12-07,2023-12-17,26000.0,0.0,227.7,Fuga en brazalete
2513,1669,2,1,2,2023-12-04,2023-12-07,2023-12-11,121000.0,0.0,57.1,Batería dañada
2514,920,4,6,2,2023-12-04,2023-12-06,2023-12-08,161000.0,0.0,28.9,Error de calibración
2515,1227,3,4,2,2023-12-04,2023-12-07,2023-12-16,12000.0,0.0,127.4,Lectura errática
2516,1083,8,2,1,2023-12-04,2023-12-05,2023-12-07,229000.0,0.0,5.2,
2517,449,3,5,2,2023-12-04,2023-12-04,2023-12-14,1914000.0,0.0,9.4,Falla de batería
2518,1798,9,3,1,2023-12-04,2023-12-04,2023-12-05,1409000.0,0.0,3.3,
2519,492,11,5,2,2023-12-04,2023-12-06,2023-12-16,201000.0,0.0,197.1,Batería dañada
2520,1423,18,7,1,2023-12-05,2023-12-05,2023-12-07,51000.0,0.0,1.6,
2521,1391,4,2,2,2023-12-05,2023-12-06,2023-12-07,93000.0,0.0,22.1,SpO₂ sin lectura
2522,1714,21,1,1,2023-12-05,2023-12-05,2023-12-07,95000.0,0.0,4.6,
2523,1319,12,6,2,2023-12-05,2023-12-07,2023-12-12,172000.0,52000.0,101.5,Teclado/pantalla defectuosa
2524,1691,1,5,1,2023-12-05,2023-12-05,2023-12-07,20000.0,0.0,4.6,
2525,1607,9,1,1,2023-12-05,2023-12-07,2023-12-10,27000.0,0.0,5.8,
2526,495,9,9,1,2023-12-05,2023-12-07,2023-12-10,1150000.0,0.0,2.0,
2527,1242,12,5,1,2023-12-05,2023-12-05,2023-12-06,128000.0,16000.0,5.6,
2528,828,12,7,1,2023-12-05,2023-12-06,2023-12-09,209000.0,54000.0,6.0,
2529,864,1,8,2,2023-12-05,2023-12-08,2023-12-20,60000000.0,0.0,81.8,Problemas de gradientes
2530,141,4,3,1,2023-12-06,2023-12-07,2023-12-08,90000.0,0.0,3.2,
2531,1583,4,9,2,2023-12-06,2023-12-07,2023-12-08,2892000.0,0.0,20.3,Congelamiento del software
2532,1857,8,5,2,2023-12-06,2023-12-09,2023-12-19,203000.0,0.0,162.0,Batería agotada
2533,1051,10,2,2,2023-12-06,2023-12-07,2023-12-19,3008000.0,0.0,191.9,Falla de batería
2534,1765,20,9,1,2023-12-06,2023-12-06,2023-12-08,431000.0,108000.0,5.7,
2535,1981,18,10,1,2023-12-06,2023-12-07,2023-12-10,75000.0,0.0,5.3,
2536,1757,21,4,1,2023-12-07,2023-12-08,2023-12-09,171000.0,25000.0,3.2,
2537,1673,9,5,1,2023-12-07,2023-12-07,2023-12-10,721000.0,0.0,4.2,
2538,1129,16,5,1,2023-12-07,2023-12-08,2023-12-09,21000.0,1000.0,4.2,
2539,163,5,3,1,2023-12-07,2023-12-09,2023-12-11,214000.0,0.0,2.9,
2540,1128,12,2,1,2023-12-07,2023-12-09,2023-12-12,140000.0,0.0,2.5,
2541,230,9,1,1,2023-12-07,2023-12-08,2023-12-09,308000.0,0.0,2.9,
2542,983,8,6,1,2023-12-07,2023-12-07,2023-12-08,36000.0,1000.0,3.4,
2543,1265,5,5,1,2023-12-07,2023-12-09,2023-12-11,252000.0,0.0,5.3,
2544,260,11,4,1,2023-12-07,2023-12-09,2023-12-12,1095000.0,212000.0,6.8,
2545,281,2,4,1,2023-12-07,2023-12-09,2023-12-12,25000.0,2000.0,2.6,
2546,1956,12,12,2,2023-12-07,2023-12-10,2023-12-12,223000.0,0.0,8.9,Temperatura fuera de rango
2547,1277,17,6,2,2023-12-07,2023-12-10,2023-12-23,170000.0,0.0,101.2,Puerta o clamp dañado
2548,616,4,4,1,2023-12-07,2023-12-08,2023-12-09,384000.0,0.0,4.5,
2549,216,12,6,2,2023-12-07,2023-12-07,2023-12-22,5973000.0,0.0,38.7,Error en sensor de oxígeno
2550,670,12,7,2,2023-12-07,2023-12-08,2023-12-15,182000.0,55000.0,105.7,Puerta o clamp dañado
2551,924,20,8,2,2023-12-07,2023-12-08,2023-12-19,7464000.0,0.0,181.6,Cámara/sensor defectuoso
2552,6,4,1,2,2023-12-07,2023-12-10,2023-12-19,163000.0,0.0,27.1,Teclado/pantalla defectuosa
2553,69,21,7,2,2023-12-07,2023-12-07,2023-12-18,173000.0,0.0,43.2,Batería dañada
2554,389,18,5,1,2023-12-08,2023-12-08,2023-12-09,6000.0,0.0,2.7,
2555,628,2,1,1,2023-12-08,2023-12-08,2023-12-10,77000.0,0.0,6.8,
2556,965,13,9,1,2023-12-08,2023-12-09,2023-12-12,1941000.0,0.0,2.2,
2557,1961,10,5,1,2023-12-08,2023-12-09,2023-12-12,1827000.0,0.0,3.7,
2558,276,3,6,1,2023-12-08,2023-12-08,2023-12-11,125000.0,0.0,6.2,
2559,1907,12,5,1,2023-12-08,2023-12-08,2023-12-09,303000.0,0.0,1.9,
2560,941,22,5,1,2023-12-08,2023-12-09,2023-12-11,80000.0,0.0,7.9,
2561,1488,7,3,1,2023-12-08,2023-12-09,2023-12-12,124000.0,0.0,4.3,
2562,1056,1,3,1,2023-12-08,2023-12-10,2023-12-12,95000.0,0.0,1.9,
2563,530,1,1,1,2023-12-08,2023-12-10,2023-12-11,92000.0,0.0,4.9,
2564,564,4,7,1,2023-12-08,2023-12-10,2023-12-13,74000.0,0.0,5.5,
2565,795,10,5,2,2023-12-09,2023-12-10,2023-12-22,313000.0,0.0,123.1,Caudal incorrecto
2566,1755,15,11,2,2023-12-09,2023-12-09,2023-12-19,124000.0,0.0,118.6,Accesorios sueltos
2567,1188,7,3,2,2023-12-09,2023-12-12,2023-12-25,259000.0,0.0,127.7,Lecturas erráticas
2568,617,9,8,2,2023-12-10,2023-12-13,2023-12-20,5028000.0,0.0,18.0,Problema de comunicación con estación
2569,1058,17,2,2,2023-12-10,2023-12-10,2023-12-24,1577000.0,0.0,227.9,Falla de batería
2570,1505,17,2,2,2023-12-10,2023-12-13,2023-12-16,123000.0,0.0,27.7,Batería dañada
2571,1296,7,3,1,2023-12-11,2023-12-12,2023-12-15,31000.0,0.0,4.3,
2572,794,3,3,2,2023-12-11,2023-12-14,2023-12-22,408000.0,67000.0,79.4,Error de calibración
2573,1205,11,5,2,2023-12-11,2023-12-13,2023-12-24,1008000.0,0.0,71.4,Temperatura inestable
2574,1919,6,6,1,2023-12-11,2023-12-12,2023-12-14,104000.0,0.0,4.1,
2575,1009,12,1,2,2023-12-11,2023-12-14,2023-12-16,157000.0,0.0,37.5,Temperatura errática
2576,1511,20,8,2,2023-12-11,2023-12-13,2023-12-26,546000.0,0.0,208.1,Error de calibración
2577,51,20,8,2,2023-12-11,2023-12-13,2023-12-17,3893000.0,0.0,65.0,Brazo desbalanceado
2578,250,2,4,2,2023-12-11,2023-12-14,2023-12-20,133000.0,0.0,103.1,Batería defectuosa
2579,596,1,4,1,2023-12-11,2023-12-13,2023-12-14,157000.0,0.0,6.5,
2580,356,15,10,1,2023-12-12,2023-12-12,2023-12-13,978000.0,0.0,1.3,
2581,1807,2,1,1,2023-12-12,2023-12-13,2023-12-15,159000.0,0.0,6.4,
2582,936,5,7,1,2023-12-12,2023-12-14,2023-12-15,245000.0,0.0,2.8,
2583,426,11,7,2,2023-12-12,2023-12-15,2023-12-18,192000.0,0.0,36.9,Caudal incorrecto
2584,214,9,9,1,2023-12-12,2023-12-13,2023-12-14,726000.0,0.0,5.9,
2585,608,10,2,1,2023-12-12,2023-12-12,2023-12-13,926000.0,0.0,1.2,
2586,400,20,6,1,2023-12-12,2023-12-14,2023-12-17,10000.0,0.0,5.1,
2587,1020,17,1,1,2023-12-12,2023-12-14,2023-12-16,42000.0,3000.0,3.1,
2588,1075,13,9,1,2023-12-12,2023-12-13,2023-12-16,2040000.0,668000.0,1.7,
2589,1665,5,1,1,2023-12-12,2023-12-13,2023-12-15,419000.0,42000.0,6.6,
2590,114,7,6,1,2023-12-12,2023-12-14,2023-12-17,646000.0,0.0,1.2,
2591,890,12,2,1,2023-12-13,2023-12-13,2023-12-16,65000.0,0.0,6.5,
2592,1695,11,6,1,2023-12-13,2023-12-13,2023-12-16,47000.0,0.0,3.6,
2593,1007,20,6,2,2023-12-13,2023-12-13,2023-12-18,3000.0,0.0,30.7,Sensor dañado
2594,295,1,7,2,2023-12-13,2023-12-16,2023-12-29,356000.0,0.0,203.6,Irradiancia fuera de rango
2595,1458,1,6,1,2023-12-13,2023-12-14,2023-12-17,90000.0,0.0,4.9,
2596,1780,4,12,1,2023-12-13,2023-12-13,2023-12-16,141000.0,0.0,3.0,
2597,735,8,6,1,2023-12-13,2023-12-15,2023-12-18,31000.0,0.0,3.0,
2598,849,2,4,1,2023-12-13,2023-12-15,2023-12-17,154000.0,0.0,2.4,
2599,1393,3,5,1,2023-12-13,2023-12-13,2023-12-15,86000.0,0.0,2.7,
2600,619,21,3,1,2023-12-13,2023-12-13,2023-12-14,143000.0,0.0,1.7,
2601,236,2,4,1,2023-12-13,2023-12-13,2023-12-16,466000.0,41000.0,1.7,
2602,915,11,3,2,2023-12-13,2023-12-13,2023-12-20,14000.0,0.0,103.7,Lectura errática
2603,560,10,1,1,2023-12-13,2023-12-13,2023-12-15,657000.0,0.0,3.2,
2604,13,5,4,1,2023-12-14,2023-12-16,2023-12-17,82000.0,0.0,4.4,
2605,1732,18,11,1,2023-12-14,2023-12-16,2023-12-18,199000.0,0.0,1.1,
2606,1150,15,11,1,2023-12-14,2023-12-14,2023-12-15,152000.0,0.0,2.5,
2607,71,3,7,1,2023-12-14,2023-12-16,2023-12-17,187000.0,0.0,7.3,
2608,1249,1,6,1,2023-12-14,2023-12-15,2023-12-16,355000.0,0.0,1.0,
2609,475,9,7,1,2023-12-14,2023-12-16,2023-12-19,207000.0,0.0,6.5,
2610,289,21,3,2,2023-12-14,2023-12-16,2023-12-26,389000.0,106000.0,99.0,Electrodos/cables dañados
2611,160,9,7,1,2023-12-14,2023-12-15,2023-12-17,83000.0,0.0,2.0,
2612,344,15,11,2,2023-12-14,2023-12-17,2023-12-21,1682000.0,0.0,74.3,Dosificación incorrecta de detergente
2613,1498,10,5,1,2023-12-14,2023-12-16,2023-12-17,133000.0,0.0,2.5,
2614,768,9,6,2,2023-12-14,2023-12-14,2023-12-16,174000.0,0.0,22.9,Batería dañada
2615,1162,1,4,2,2023-12-14,2023-12-14,2023-12-26,133000.0,0.0,242.0,Caudal incorrecto
2616,1551,12,2,1,2023-12-14,2023-12-15,2023-12-17,108000.0,0.0,3.1,
2617,956,7,5,1,2023-12-15,2023-12-15,2023-12-16,88000.0,0.0,2.4,
2618,912,5,7,1,2023-12-15,2023-12-15,2023-12-18,49000.0,0.0,2.2,
2619,1009,8,6,2,2023-12-15,2023-12-18,2023-12-19,157000.0,0.0,21.4,Temperatura errática
2620,1293,18,10,1,2023-12-15,2023-12-17,2023-12-18,208000.0,0.0,7.2,
2621,159,16,5,1,2023-12-15,2023-12-15,2023-12-16,159000.0,0.0,4.7,
2622,1189,4,6,1,2023-12-15,2023-12-16,2023-12-17,92000.0,31000.0,4.1,
2623,659,9,2,1,2023-12-15,2023-12-17,2023-12-18,350000.0,0.0,5.2,
2624,636,11,4,1,2023-12-15,2023-12-16,2023-12-17,39000.0,2000.0,2.0,
2625,823,14,1,1,2023-12-15,2023-12-16,2023-12-17,337000.0,31000.0,3.9,
2626,12,1,2,1,2023-12-15,2023-12-15,2023-12-16,842000.0,72000.0,4.7,
2627,95,4,2,1,2023-12-15,2023-12-15,2023-12-17,125000.0,0.0,5.4,
2628,1503,17,1,2,2023-12-15,2023-12-18,2023-12-21,429000.0,0.0,65.2,Módulo ECG dañado
2629,123,8,4,1,2023-12-15,2023-12-15,2023-12-16,274000.0,0.0,3.5,
2630,1709,4,1,2,2023-12-15,2023-12-16,2023-12-22,0.0,0.0,13.0,Puerta o clamp dañado
2631,452,5,3,2,2023-12-15,2023-12-15,2023-12-27,369000.0,90000.0,12.5,Mecanismo de altura no funciona
2632,1144,7,7,2,2023-12-15,2023-12-16,2023-12-21,202000.0,0.0,116.1,Caudal incorrecto
2633,751,11,1,2,2023-12-16,2023-12-16,2023-12-23,1445000.0,0.0,111.1,Alarma no funciona
2634,1863,17,3,2,2023-12-16,2023-12-16,2023-12-25,2468000.0,0.0,75.6,Alarma de presión
2635,883,15,10,2,2023-12-16,2023-12-18,2023-12-30,159000.0,0.0,212.5,Temperatura inestable
2636,1800,18,1,2,2023-12-16,2023-12-17,2023-12-25,23000.0,0.0,145.8,Fuga en brazalete
2637,1882,17,7,2,2023-12-17,2023-12-17,2023-12-25,424000.0,0.0,183.3,Lecturas erráticas
2638,1852,12,12,2,2023-12-17,2023-12-19,2024-01-03,390000.0,0.0,127.0,Puerta no sella
2639,1531,4,1,2,2023-12-17,2023-12-20,2023-12-24,297000.0,0.0,92.5,Botón de paciente defectuoso
2640,1023,18,10,2,2023-12-17,2023-12-17,2023-12-27,234000.0,0.0,60.4,Sistema de altura no funciona
2641,1631,22,2,2,2023-12-17,2023-12-18,2023-12-27,446000.0,0.0,108.8,NIBP no infla
2642,1449,2,7,2,2023-12-18,2023-12-19,2023-12-22,2107000.0,0.0,32.5,Error de calibración
2643,1422,2,1,1,2023-12-18,2023-12-18,2023-12-20,186000.0,0.0,2.5,
2644,49,16,12,1,2023-12-18,2023-12-19,2023-12-21,379000.0,0.0,3.2,
2645,1540,2,2,2,2023-12-18,2023-12-18,2023-12-24,2763000.0,0.0,107.1,Sensor defectuoso
2646,854,17,6,2,2023-12-18,2023-12-20,2023-12-25,484000.0,0.0,60.3,Descarga fallida
2647,1170,21,6,1,2023-12-18,2023-12-18,2023-12-21,101000.0,9000.0,5.3,
2648,42,9,4,1,2023-12-18,2023-12-20,2023-12-21,151000.0,0.0,6.7,
2649,280,9,3,1,2023-12-18,2023-12-19,2023-12-22,175000.0,18000.0,5.1,
2650,1708,12,2,1,2023-12-19,2023-12-19,2023-12-21,248000.0,41000.0,2.9,
2651,1269,3,5,1,2023-12-19,2023-12-21,2023-12-22,443000.0,0.0,6.2,
2652,641,17,9,1,2023-12-19,2023-12-20,2023-12-21,14285000.0,9304000.0,7.9,
2653,246,20,3,1,2023-12-19,2023-12-20,2023-12-21,18000.0,0.0,7.9,
2654,327,1,5,1,2023-12-19,2023-12-19,2023-12-21,820000.0,0.0,5.9,
2655,1750,7,5,1,2023-12-19,2023-12-21,2023-12-22,156000.0,0.0,1.3,
2656,844,3,4,1,2023-12-19,2023-12-20,2023-12-22,179000.0,0.0,3.2,
2657,1320,10,5,1,2023-12-19,2023-12-20,2023-12-22,324000.0,0.0,2.1,
2658,1898,2,7,1,2023-12-19,2023-12-19,2023-12-20,81000.0,24000.0,4.5,
2659,205,2,5,1,2023-12-19,2023-12-20,2023-12-23,27000.0,1000.0,6.3,
2660,823,14,4,2,2023-12-19,2023-12-22,2023-12-28,504000.0,151000.0,63.8,Mecanismo de altura no funciona
2661,339,15,10,1,2023-12-19,2023-12-19,2023-12-20,69000.0,0.0,6.1,
2662,860,11,6,2,2023-12-19,2023-12-21,2023-12-22,168000.0,0.0,21.5,Error de calibración
2663,1022,19,11,2,2023-12-19,2023-12-21,2024-01-05,5963000.0,2016000.0,55.7,Mala calibración
2664,487,21,2,1,2023-12-20,2023-12-22,2023-12-23,338000.0,0.0,3.8,
2665,1499,6,7,1,2023-12-20,2023-12-20,2023-12-22,60000.0,0.0,3.7,
2666,1803,4,6,1,2023-12-20,2023-12-20,2023-12-21,117000.0,0.0,4.7,
2667,717,17,6,1,2023-12-20,2023-12-22,2023-12-24,31000.0,2000.0,5.1,
2668,1084,17,1,1,2023-12-20,2023-12-22,2023-12-25,278000.0,0.0,6.8,
2669,819,7,2,1,2023-12-21,2023-12-22,2023-12-24,128000.0,18000.0,7.5,
2670,1938,10,2,1,2023-12-21,2023-12-22,2023-12-25,194000.0,55000.0,1.2,
2671,867,10,4,2,2023-12-21,2023-12-23,2023-12-30,131000.0,0.0,137.0,No detecta línea
2672,1637,9,6,1,2023-12-21,2023-12-22,2023-12-24,1498000.0,0.0,6.0,
2673,716,15,10,1,2023-12-21,2023-12-21,2023-12-24,150000.0,0.0,2.0,
2674,1054,5,6,1,2023-12-21,2023-12-23,2023-12-25,28000.0,2000.0,1.2,
2675,920,4,6,1,2023-12-21,2023-12-22,2023-12-25,117000.0,0.0,1.2,
2676,996,17,6,1,2023-12-21,2023-12-22,2023-12-25,57000.0,0.0,5.3,
2677,740,2,6,1,2023-12-22,2023-12-22,2023-12-25,76000.0,0.0,6.0,
2678,1095,15,10,1,2023-12-22,2023-12-23,2023-12-24,56000.0,8000.0,6.6,
2679,431,24,1,1,2023-12-22,2023-12-24,2023-12-27,51000.0,0.0,3.0,
2680,803,12,2,1,2023-12-22,2023-12-22,2023-12-25,10000.0,0.0,5.3,
2681,1830,11,5,1,2023-12-22,2023-12-22,2023-12-23,539000.0,0.0,5.5,
2682,871,21,2,1,2023-12-22,2023-12-23,2023-12-26,98000.0,0.0,1.3,
2683,888,6,1,1,2023-12-22,2023-12-24,2023-12-27,23000.0,0.0,1.7,
2684,1228,11,4,1,2023-12-22,2023-12-24,2023-12-25,115000.0,0.0,6.0,
2685,257,19,6,1,2023-12-22,2023-12-22,2023-12-24,33000.0,0.0,6.7,
2686,1166,3,4,2,2023-12-23,2023-12-23,2023-12-27,21000.0,0.0,95.3,Manómetro descalibrado
2687,190,20,6,2,2023-12-23,2023-12-25,2023-12-27,24000.0,0.0,25.2,Pera dañada
2688,662,6,5,2,2023-12-23,2023-12-25,2023-12-29,117000.0,0.0,15.4,SpO₂ sin lectura
2689,770,15,10,2,2023-12-23,2023-12-26,2024-01-03,2382000.0,0.0,180.6,Bomba de lavado defectuosa
2690,922,3,1,2,2023-12-23,2023-12-23,2023-12-26,468000.0,0.0,64.8,Mecanismo de altura no funciona
2691,1424,2,4,2,2023-12-23,2023-12-24,2023-12-30,221000.0,0.0,67.7,Error de programación
2692,1440,10,6,2,2023-12-23,2023-12-26,2023-12-30,1298000.0,0.0,83.5,Puerta o cúpula dañada
2693,1979,8,6,2,2023-12-24,2023-12-25,2023-12-31,450000.0,0.0,99.7,NIBP no infla
2694,1250,4,7,1,2023-12-25,2023-12-26,2023-12-29,86000.0,0.0,5.2,
2695,1939,1,1,1,2023-12-25,2023-12-26,2023-12-27,139000.0,61000.0,3.2,
2696,1575,21,5,2,2023-12-25,2023-12-25,2024-01-01,13000.0,0.0,33.8,Pantalla defectuosa
2697,1561,4,3,2,2023-12-25,2023-12-27,2024-01-06,410000.0,123000.0,102.4,Módulo ECG dañado
2698,719,1,6,1,2023-12-25,2023-12-27,2023-12-28,62000.0,9000.0,2.7,
2699,704,12,6,1,2023-12-25,2023-12-25,2023-12-26,94000.0,0.0,5.8,
2700,1301,17,8,2,2023-12-25,2023-12-26,2023-12-27,5319000.0,0.0,19.2,Imagen subexpuesta
2701,148,1,6,1,2023-12-25,2023-12-25,2023-12-28,1324000.0,0.0,3.7,
2702,1402,6,6,1,2023-12-25,2023-12-27,2023-12-28,218000.0,36000.0,4.1,
2703,1058,17,4,2,2023-12-25,2023-12-27,2023-12-31,2483000.0,0.0,48.3,No enciende
2704,300,3,7,1,2023-12-25,2023-12-25,2023-12-27,44000.0,0.0,1.8,
2705,1557,4,8,1,2023-12-26,2023-12-27,2023-12-28,5820000.0,0.0,2.9,
2706,321,12,7,1,2023-12-26,2023-12-26,2023-12-27,35000.0,1000.0,7.6,
2707,1529,21,6,2,2023-12-26,2023-12-26,2024-01-06,234000.0,70000.0,119.8,No enciende
2708,597,19,10,1,2023-12-26,2023-12-27,2023-12-28,484000.0,0.0,6.3,
2709,759,9,6,1,2023-12-26,2023-12-27,2023-12-28,86000.0,0.0,2.1,
2710,1118,17,5,2,2023-12-26,2023-12-29,2024-01-11,143000.0,0.0,140.9,Temperatura errática
2711,973,9,4,1,2023-12-27,2023-12-29,2023-12-30,127000.0,0.0,6.1,
2712,339,15,10,2,2023-12-27,2023-12-28,2024-01-03,87000.0,0.0,17.9,Resistencia dañada
2713,574,1,2,1,2023-12-27,2023-12-28,2023-12-30,424000.0,0.0,1.6,
2714,751,12,3,1,2023-12-27,2023-12-29,2024-01-01,1051000.0,0.0,4.3,
2715,1828,10,1,1,2023-12-27,2023-12-27,2023-12-30,11000.0,0.0,1.8,
2716,405,9,3,1,2023-12-27,2023-12-29,2023-12-31,179000.0,16000.0,1.1,
2717,1801,3,7,1,2023-12-27,2023-12-28,2023-12-31,303000.0,0.0,5.2,
2718,314,22,4,1,2023-12-27,2023-12-27,2023-12-28,16000.0,0.0,6.5,
2719,96,7,1,2,2023-12-27,2023-12-28,2024-01-10,1842000.0,0.0,273.1,Alarma de presión
2720,1673,4,5,2,2023-12-27,2023-12-29,2024-01-10,3031000.0,0.0,174.5,Fuga en circuito
2721,466,7,3,1,2023-12-28,2023-12-28,2023-12-29,245000.0,0.0,7.4,
2722,884,9,3,1,2023-12-28,2023-12-30,2023-12-31,330000.0,0.0,4.8,
2723,927,3,5,1,2023-12-28,2023-12-28,2023-12-29,147000.0,0.0,3.0,
2724,1519,8,8,1,2023-12-28,2023-12-30,2024-01-01,981000.0,0.0,5.9,
2725,153,2,7,1,2023-12-28,2023-12-28,2023-12-29,234000.0,0.0,3.2,
2726,1516,9,5,2,2023-12-28,2023-12-31,2024-01-02,143000.0,0.0,14.8,Error de calibración
2727,1047,1,7,1,2023-12-29,2023-12-30,2024-01-01,523000.0,0.0,5.8,
2728,228,12,6,1,2024-01-01,2024-01-03,2024-01-04,981000.0,0.0,4.5,
2729,26,9,12,1,2024-01-01,2024-01-03,2024-01-06,399000.0,42000.0,2.7,
2730,1305,9,3,2,2024-01-01,2024-01-01,2024-01-16,173000.0,0.0,27.2,Teclado/pantalla defectuosa
2731,579,17,5,2,2024-01-01,2024-01-01,2024-01-12,478000.0,0.0,202.4,Descarga fallida
2732,1630,9,5,2,2024-01-01,2024-01-02,2024-01-13,4592000.0,1378000.0,170.1,Pantalla sin respuesta
2733,1490,12,2,1,2024-01-01,2024-01-01,2024-01-04,771000.0,634000.0,6.6,
2734,1903,1,6,1,2024-01-01,2024-01-02,2024-01-04,102000.0,0.0,5.5,
2735,483,7,4,1,2024-01-01,2024-01-03,2024-01-06,128000.0,0.0,5.5,
2736,1517,14,7,1,2024-01-01,2024-01-02,2024-01-03,17000.0,0.0,6.4,
2737,1937,1,5,1,2024-01-01,2024-01-03,2024-01-04,206000.0,0.0,7.1,
2738,845,22,3,2,2024-01-01,2024-01-03,2024-01-06,477000.0,0.0,10.2,Pantalla sin imagen
2739,677,9,2,2,2024-01-01,2024-01-04,2024-01-14,116000.0,35000.0,207.2,Alarmas inoperativas
2740,1475,7,4,2,2024-01-01,2024-01-01,2024-01-06,235000.0,0.0,52.8,Lectura inestable
2741,57,5,1,2,2024-01-02,2024-01-02,2024-01-17,13000.0,0.0,243.7,Pera dañada
2742,492,11,1,1,2024-01-02,2024-01-03,2024-01-06,101000.0,0.0,1.4,
2743,1785,7,6,1,2024-01-02,2024-01-02,2024-01-04,147000.0,0.0,6.1,
2744,1654,3,2,2,2024-01-02,2024-01-04,2024-01-16,479000.0,144000.0,128.2,Barandas sueltas
2745,1544,10,2,1,2024-01-02,2024-01-03,2024-01-05,369000.0,0.0,4.1,
2746,1390,15,10,1,2024-01-03,2024-01-05,2024-01-07,116000.0,0.0,1.7,
2747,1612,22,7,2,2024-01-03,2024-01-04,2024-01-07,17000.0,0.0,20.1,Lectura incorrecta
2748,1059,7,3,2,2024-01-03,2024-01-04,2024-01-18,2229000.0,0.0,210.0,Problema en válvulas internas
2749,216,4,7,1,2024-01-03,2024-01-04,2024-01-06,2060000.0,0.0,4.3,
2750,1288,17,4,1,2024-01-03,2024-01-05,2024-01-07,92000.0,0.0,1.9,
2751,2000,21,6,1,2024-01-03,2024-01-03,2024-01-06,54000.0,0.0,4.4,
2752,619,21,3,2,2024-01-03,2024-01-03,2024-01-15,0.0,0.0,147.0,Teclado/pantalla defectuosa
2753,1227,3,6,1,2024-01-03,2024-01-05,2024-01-06,27000.0,0.0,7.6,
2754,705,10,1,1,2024-01-03,2024-01-05,2024-01-08,67000.0,7000.0,4.2,
2755,503,3,12,1,2024-01-03,2024-01-05,2024-01-07,169000.0,0.0,7.4,
2756,1319,12,7,2,2024-01-03,2024-01-04,2024-01-17,172000.0,52000.0,179.3,Puerta o clamp dañado
2757,138,11,3,2,2024-01-04,2024-01-04,2024-01-12,196000.0,0.0,76.5,Error de calibración
2758,1595,9,8,2,2024-01-04,2024-01-07,2024-01-12,2254000.0,0.0,12.6,Congelamiento del software
2759,1215,2,3,2,2024-01-04,2024-01-07,2024-01-12,0.0,0.0,74.4,SpO₂ sin lectura
2760,72,6,12,1,2024-01-04,2024-01-05,2024-01-07,2160000.0,686000.0,2.1,
2761,1184,7,7,1,2024-01-04,2024-01-06,2024-01-09,54000.0,4000.0,3.1,
2762,1519,8,9,2,2024-01-04,2024-01-04,2024-01-14,3890000.0,0.0,150.8,Imagen con ruido
2763,381,11,2,2,2024-01-04,2024-01-06,2024-01-07,4192000.0,0.0,12.1,Batería dañada
2764,1905,16,12,1,2024-01-04,2024-01-05,2024-01-08,52000.0,9000.0,2.9,
2765,578,8,3,1,2024-01-04,2024-01-05,2024-01-08,276000.0,0.0,6.2,
2766,901,16,12,1,2024-01-05,2024-01-05,2024-01-07,78000.0,0.0,6.7,
2767,525,22,5,2,2024-01-05,2024-01-06,2024-01-15,168000.0,0.0,28.6,Temperatura errática
2768,526,9,7,2,2024-01-05,2024-01-08,2024-01-15,2589000.0,593000.0,119.8,Fuga en circuito
2769,688,1,7,1,2024-01-05,2024-01-05,2024-01-08,138000.0,0.0,7.0,
2770,1751,2,3,1,2024-01-05,2024-01-06,2024-01-07,1159000.0,0.0,4.5,
2771,1304,16,12,1,2024-01-05,2024-01-06,2024-01-07,186000.0,0.0,3.5,
2772,1572,13,7,1,2024-01-05,2024-01-06,2024-01-09,56000.0,0.0,7.4,
2773,1584,2,5,1,2024-01-05,2024-01-07,2024-01-09,1758000.0,0.0,4.8,
2774,1794,8,4,2,2024-01-06,2024-01-09,2024-01-24,140000.0,0.0,145.0,Batería agotada
2775,1660,13,5,2,2024-01-06,2024-01-07,2024-01-16,91000.0,27000.0,202.3,Óptica sucia
2776,1111,18,4,2,2024-01-06,2024-01-07,2024-01-15,29000.0,0.0,99.1,Pera dañada
2777,1059,7,7,2,2024-01-06,2024-01-08,2024-01-09,3276000.0,0.0,20.5,Sensor defectuoso
2778,1230,10,5,2,2024-01-07,2024-01-10,2024-01-14,5224000.0,0.0,64.6,Alarma de presión
2779,954,12,6,2,2024-01-07,2024-01-07,2024-01-21,169000.0,0.0,52.6,Batería dañada
2780,356,15,10,2,2024-01-07,2024-01-09,2024-01-15,1264000.0,0.0,54.5,No calienta agua
2781,354,10,3,1,2024-01-08,2024-01-09,2024-01-11,148000.0,0.0,4.0,
2782,386,21,6,1,2024-01-08,2024-01-09,2024-01-10,193000.0,13000.0,7.8,
2783,1573,2,1,2,2024-01-08,2024-01-10,2024-01-15,2748000.0,0.0,80.2,No enciende
2784,1278,17,7,1,2024-01-08,2024-01-10,2024-01-13,120000.0,0.0,1.0,
2785,739,1,1,1,2024-01-08,2024-01-09,2024-01-11,37000.0,0.0,6.7,
2786,786,6,1,1,2024-01-08,2024-01-08,2024-01-10,127000.0,34000.0,1.2,
2787,727,2,1,1,2024-01-08,2024-01-10,2024-01-12,63000.0,0.0,7.2,
2788,1656,13,9,2,2024-01-09,2024-01-12,2024-01-26,2852000.0,0.0,36.9,Falla de teclado o trackball
2789,768,9,7,1,2024-01-09,2024-01-11,2024-01-13,144000.0,0.0,7.2,
2790,122,12,4,1,2024-01-09,2024-01-09,2024-01-12,90000.0,0.0,4.2,
2791,558,5,4,1,2024-01-09,2024-01-10,2024-01-13,178000.0,0.0,1.7,
2792,523,22,7,1,2024-01-09,2024-01-10,2024-01-12,10000.0,0.0,6.3,
2793,926,2,4,1,2024-01-09,2024-01-11,2024-01-14,195000.0,0.0,5.2,
2794,85,4,9,1,2024-01-09,2024-01-10,2024-01-12,12685000.0,9811000.0,7.1,
2795,1143,15,11,2,2024-01-09,2024-01-10,2024-01-18,2820000.0,846000.0,59.1,No alcanza temperatura
2796,1914,12,1,2,2024-01-09,2024-01-11,2024-01-17,1134000.0,340000.0,76.8,No calienta
2797,440,7,4,1,2024-01-09,2024-01-10,2024-01-12,43000.0,0.0,7.9,
2798,1389,13,5,1,2024-01-10,2024-01-11,2024-01-12,7000.0,0.0,5.3,
2799,1530,10,7,1,2024-01-10,2024-01-11,2024-01-14,380000.0,0.0,6.6,
2800,1372,3,3,1,2024-01-10,2024-01-10,2024-01-11,92000.0,0.0,2.3,
2801,1314,14,6,2,2024-01-10,2024-01-10,2024-01-25,10000.0,0.0,130.0,Pera dañada
2802,1511,20,9,1,2024-01-10,2024-01-11,2024-01-12,284000.0,0.0,7.1,
2803,1257,17,7,1,2024-01-10,2024-01-10,2024-01-12,64000.0,0.0,3.7,
2804,336,22,3,1,2024-01-10,2024-01-11,2024-01-12,34000.0,0.0,3.5,
2805,677,9,2,2,2024-01-10,2024-01-12,2024-01-16,116000.0,35000.0,15.4,Alarmas inoperativas
2806,1042,10,2,1,2024-01-10,2024-01-10,2024-01-12,1777000.0,0.0,5.6,
2807,1921,21,4,2,2024-01-10,2024-01-10,2024-01-21,537000.0,0.0,134.1,Colchón dañado
2808,935,7,1,1,2024-01-11,2024-01-11,2024-01-12,674000.0,51000.0,4.6,
2809,894,15,11,1,2024-01-11,2024-01-12,2024-01-15,2414000.0,318000.0,7.0,
2810,1747,7,5,1,2024-01-11,2024-01-11,2024-01-14,13000.0,0.0,4.6,
2811,1806,2,7,2,2024-01-11,2024-01-13,2024-01-28,162000.0,0.0,85.2,Caudal incorrecto
2812,346,3,6,1,2024-01-11,2024-01-13,2024-01-16,287000.0,0.0,3.0,
2813,1595,9,8,1,2024-01-11,2024-01-11,2024-01-12,1319000.0,0.0,5.5,
2814,842,19,11,2,2024-01-11,2024-01-13,2024-01-26,1258000.0,0.0,174.0,Mangueras deterioradas
2815,1525,2,7,1,2024-01-12,2024-01-12,2024-01-15,176000.0,0.0,3.4,
2816,1526,13,4,2,2024-01-12,2024-01-15,2024-01-23,0.0,0.0,110.0,Mecanismo de altura no funciona
2817,1856,19,11,1,2024-01-12,2024-01-12,2024-01-13,989000.0,0.0,6.8,
2818,1280,2,6,1,2024-01-12,2024-01-13,2024-01-15,145000.0,0.0,2.5,
2819,344,15,10,1,2024-01-12,2024-01-13,2024-01-16,889000.0,0.0,4.3,
2820,1022,19,10,2,2024-01-12,2024-01-15,2024-01-29,6722000.0,1615000.0,45.8,Mala calibración
2821,849,2,2,2,2024-01-12,2024-01-15,2024-01-21,160000.0,0.0,80.6,Batería defectuosa
2822,1689,4,1,1,2024-01-12,2024-01-13,2024-01-16,137000.0,0.0,7.3,
2823,1821,18,2,1,2024-01-12,2024-01-14,2024-01-17,19000.0,0.0,2.1,
2824,34,18,10,2,2024-01-12,2024-01-12,2024-01-26,331000.0,99000.0,132.1,Pedales dañados
2825,200,10,9,2,2024-01-12,2024-01-13,2024-01-24,3164000.0,1032000.0,48.0,Transductor dañado
2826,1354,18,3,1,2024-01-12,2024-01-14,2024-01-15,183000.0,0.0,1.8,
2827,1729,4,4,2,2024-01-13,2024-01-16,2024-01-30,402000.0,0.0,272.3,Lecturas erráticas
2828,1958,11,2,2,2024-01-13,2024-01-15,2024-01-21,25000.0,0.0,85.0,Pera dañada
2829,899,3,2,2,2024-01-13,2024-01-13,2024-01-19,604000.0,0.0,58.1,Alarmas defectuosas
2830,1720,9,6,2,2024-01-13,2024-01-16,2024-01-31,113000.0,34000.0,90.7,Falla de presión NIBP
2831,1785,11,6,2,2024-01-13,2024-01-15,2024-01-28,158000.0,0.0,164.4,Puerta o clamp dañado
2832,1112,4,5,2,2024-01-13,2024-01-15,2024-01-30,137000.0,0.0,106.9,Temperatura errática
2833,1956,12,12,2,2024-01-13,2024-01-16,2024-01-20,223000.0,0.0,19.4,Condensador sucio
2834,804,1,9,2,2024-01-14,2024-01-15,2024-01-25,5455000.0,0.0,44.8,Falla de teclado o trackball
2835,406,10,4,2,2024-01-14,2024-01-14,2024-01-22,78000.0,0.0,106.3,Batería dañada
2836,1930,15,11,1,2024-01-15,2024-01-15,2024-01-18,82000.0,0.0,3.9,
2837,61,17,1,2,2024-01-15,2024-01-17,2024-01-21,499000.0,0.0,55.0,Mecanismo de altura no funciona
2838,1681,22,5,1,2024-01-15,2024-01-15,2024-01-16,146000.0,0.0,1.6,
2839,1578,20,9,1,2024-01-15,2024-01-17,2024-01-19,2011000.0,1356000.0,7.1,
2840,986,20,9,1,2024-01-15,2024-01-17,2024-01-20,265000.0,0.0,6.8,
2841,569,1,4,1,2024-01-15,2024-01-16,2024-01-17,150000.0,0.0,6.1,
2842,1977,10,2,1,2024-01-15,2024-01-17,2024-01-18,246000.0,0.0,2.3,
2843,1332,4,9,2,2024-01-15,2024-01-18,2024-01-25,60000000.0,0.0,157.4,Artefactos de imagen
2844,1546,7,1,2,2024-01-16,2024-01-17,2024-01-30,416000.0,0.0,8.8,Módulo ECG dañado
2845,1983,9,9,1,2024-01-16,2024-01-18,2024-01-19,6089000.0,0.0,2.1,
2846,120,4,12,1,2024-01-16,2024-01-18,2024-01-21,266000.0,0.0,6.4,
2847,198,2,3,1,2024-01-16,2024-01-16,2024-01-17,84000.0,0.0,5.1,
2848,167,9,3,2,2024-01-16,2024-01-17,2024-01-20,8000.0,0.0,65.1,Sensor dañado
2849,1786,24,4,1,2024-01-16,2024-01-18,2024-01-19,41000.0,0.0,2.5,
2850,553,1,1,2,2024-01-17,2024-01-20,2024-01-29,3238000.0,0.0,171.5,Fuga en circuito
2851,328,21,4,1,2024-01-17,2024-01-19,2024-01-21,7000.0,0.0,2.1,
2852,449,3,7,1,2024-01-17,2024-01-17,2024-01-20,589000.0,0.0,7.5,
2853,551,11,7,1,2024-01-17,2024-01-18,2024-01-21,224000.0,0.0,2.8,
2854,1760,17,5,1,2024-01-17,2024-01-18,2024-01-20,296000.0,0.0,5.4,
2855,999,9,5,2,2024-01-17,2024-01-17,2024-01-25,210000.0,0.0,113.7,Alarma de oclusión
2856,296,4,7,2,2024-01-17,2024-01-20,2024-01-29,489000.0,0.0,134.3,Software no reconoce el equipo
2857,1924,9,7,2,2024-01-17,2024-01-17,2024-01-24,5000.0,0.0,146.0,Batería agotada
2858,1418,12,4,2,2024-01-17,2024-01-18,2024-01-29,3657000.0,1196000.0,61.4,Presión inestable
2859,1353,15,10,1,2024-01-17,2024-01-19,2024-01-21,1719000.0,499000.0,1.9,
2860,845,22,5,1,2024-01-17,2024-01-19,2024-01-20,286000.0,0.0,4.4,
2861,676,21,2,1,2024-01-17,2024-01-17,2024-01-20,142000.0,0.0,3.0,
2862,374,15,11,1,2024-01-17,2024-01-17,2024-01-20,1879000.0,0.0,7.7,
2863,19,17,9,2,2024-01-18,2024-01-20,2024-01-23,12791000.0,0.0,30.9,Imagen distorsionada
2864,1637,9,7,2,2024-01-18,2024-01-20,2024-01-30,2407000.0,0.0,37.0,Sensor defectuoso
2865,1679,3,12,2,2024-01-18,2024-01-19,2024-01-29,2910000.0,0.0,183.8,Error de software
2866,1274,12,4,2,2024-01-18,2024-01-18,2024-01-31,397000.0,0.0,48.9,No enciende
2867,579,17,1,1,2024-01-18,2024-01-19,2024-01-22,234000.0,0.0,5.1,
2868,1301,17,8,2,2024-01-18,2024-01-19,2024-01-31,5177000.0,0.0,215.3,Imagen subexpuesta
2869,1274,12,7,2,2024-01-18,2024-01-18,2024-01-29,397000.0,0.0,211.7,SpO₂ no detecta señal
2870,569,1,4,2,2024-01-18,2024-01-20,2024-01-29,180000.0,0.0,171.2,No detecta línea
2871,441,12,7,1,2024-01-18,2024-01-19,2024-01-22,736000.0,0.0,5.3,
2872,1679,3,12,1,2024-01-18,2024-01-20,2024-01-23,1862000.0,0.0,4.8,
2873,1192,21,3,2,2024-01-18,2024-01-18,2024-01-28,149000.0,0.0,112.1,Caudal incorrecto
2874,1979,8,2,1,2024-01-19,2024-01-21,2024-01-23,299000.0,0.0,6.5,
2875,1292,15,10,1,2024-01-19,2024-01-21,2024-01-23,1026000.0,0.0,5.7,
2876,1460,22,5,2,2024-01-19,2024-01-22,2024-01-28,245000.0,0.0,74.2,Software no reconoce el equipo
2877,344,15,11,2,2024-01-19,2024-01-20,2024-02-04,1682000.0,0.0,113.3,Puerta no cierra
2878,427,4,6,1,2024-01-19,2024-01-20,2024-01-22,5000.0,0.0,7.3,
2879,1876,17,7,1,2024-01-19,2024-01-19,2024-01-22,145000.0,33000.0,1.5,
2880,327,1,6,2,2024-01-19,2024-01-22,2024-02-02,3734000.0,0.0,253.4,Problema en válvulas internas
2881,1934,12,7,1,2024-01-19,2024-01-21,2024-01-22,130000.0,0.0,6.5,
2882,1474,13,3,1,2024-01-19,2024-01-19,2024-01-20,27000.0,0.0,3.2,
2883,1710,10,6,2,2024-01-19,2024-01-19,2024-01-31,5870000.0,0.0,53.6,Falla de batería
2884,1349,10,4,1,2024-01-19,2024-01-21,2024-01-24,177000.0,0.0,5.2,
2885,637,9,9,2,2024-01-20,2024-01-21,2024-01-25,60000000.0,0.0,54.5,Falla de detector
2886,20,4,5,2,2024-01-20,2024-01-22,2024-01-30,142000.0,33000.0,86.5,Pantalla dañada
2887,1379,2,1,2,2024-01-21,2024-01-22,2024-01-25,564000.0,0.0,49.9,Pantalla dañada
2888,1968,22,2,2,2024-01-21,2024-01-24,2024-02-06,290000.0,87000.0,18.6,Impresora no imprime
2889,1133,7,7,2,2024-01-21,2024-01-24,2024-02-02,194000.0,0.0,200.4,Error de calibración
2890,1860,11,5,1,2024-01-22,2024-01-22,2024-01-24,39000.0,0.0,6.1,
2891,1254,17,2,1,2024-01-22,2024-01-22,2024-01-24,336000.0,0.0,5.8,
2892,1655,13,4,1,2024-01-22,2024-01-22,2024-01-25,100000.0,0.0,2.2,
2893,1949,4,8,1,2024-01-22,2024-01-24,2024-01-27,2026000.0,0.0,3.2,
2894,1603,10,1,1,2024-01-22,2024-01-23,2024-01-24,215000.0,0.0,7.1,
2895,712,15,10,1,2024-01-22,2024-01-24,2024-01-27,60000.0,0.0,3.4,
2896,1484,4,9,1,2024-01-22,2024-01-22,2024-01-25,2503000.0,0.0,1.6,
2897,1805,22,2,1,2024-01-22,2024-01-24,2024-01-26,236000.0,0.0,4.6,
2898,1491,1,7,2,2024-01-22,2024-01-23,2024-02-04,1485000.0,0.0,142.8,Temperatura inestable
2899,115,7,5,2,2024-01-22,2024-01-24,2024-02-02,0.0,0.0,166.6,Plataforma desnivelada
2900,800,22,12,1,2024-01-22,2024-01-23,2024-01-24,199000.0,0.0,4.7,
2901,259,17,9,2,2024-01-22,2024-01-25,2024-02-03,2707000.0,1035000.0,166.2,Puertos dañados
2902,1151,2,7,1,2024-01-22,2024-01-23,2024-01-25,2017000.0,456000.0,5.6,
2903,69,21,6,1,2024-01-23,2024-01-24,2024-01-27,113000.0,0.0,7.4,
2904,990,22,3,2,2024-01-23,2024-01-24,2024-02-04,3000.0,1000.0,200.3,Error de codificación o control
2905,1253,22,7,1,2024-01-23,2024-01-24,2024-01-26,6000.0,0.0,3.7,
2906,1492,3,4,1,2024-01-23,2024-01-25,2024-01-28,176000.0,0.0,4.7,
2907,1177,22,5,1,2024-01-23,2024-01-23,2024-01-26,193000.0,0.0,2.3,
2908,96,21,4,1,2024-01-23,2024-01-23,2024-01-24,988000.0,0.0,4.3,
2909,1342,24,5,1,2024-01-23,2024-01-23,2024-01-25,145000.0,0.0,1.7,
2910,913,19,11,1,2024-01-23,2024-01-24,2024-01-26,188000.0,0.0,7.0,
2911,1551,12,1,2,2024-01-23,2024-01-23,2024-01-27,184000.0,0.0,61.5,Teclado/pantalla defectuosa
2912,976,18,2,1,2024-01-24,2024-01-24,2024-01-25,24000.0,1000.0,1.5,
2913,1878,6,7,2,2024-01-24,2024-01-27,2024-02-10,184000.0,0.0,78.6,Falla de presión NIBP
2914,1755,15,10,1,2024-01-24,2024-01-24,2024-01-27,33000.0,0.0,5.4,
2915,223,15,10,1,2024-01-24,2024-01-24,2024-01-27,969000.0,0.0,3.1,
2916,438,1,4,1,2024-01-24,2024-01-25,2024-01-27,53000.0,0.0,5.6,
2917,746,3,1,1,2024-01-24,2024-01-25,2024-01-28,295000.0,0.0,5.3,
2918,864,1,9,2,2024-01-24,2024-01-25,2024-02-06,60000000.0,0.0,233.1,Artefactos de imagen
2919,730,20,7,1,2024-01-24,2024-01-25,2024-01-27,69000.0,0.0,2.7,
2920,177,17,2,1,2024-01-24,2024-01-26,2024-01-27,176000.0,0.0,3.8,
2921,754,1,1,1,2024-01-24,2024-01-26,2024-01-29,62000.0,3000.0,3.9,
2922,880,20,3,1,2024-01-24,2024-01-24,2024-01-27,89000.0,0.0,2.6,
2923,324,13,4,1,2024-01-24,2024-01-24,2024-01-27,96000.0,0.0,2.8,
2924,1145,4,1,1,2024-01-25,2024-01-26,2024-01-29,36000.0,0.0,5.2,
2925,1781,19,10,1,2024-01-25,2024-01-27,2024-01-30,50000.0,0.0,3.2,
2926,273,11,4,1,2024-01-25,2024-01-25,2024-01-26,5000.0,0.0,5.3,
2927,1693,6,6,1,2024-01-25,2024-01-25,2024-01-26,19000.0,0.0,4.9,
2928,54,9,12,2,2024-01-25,2024-01-27,2024-01-28,1905000.0,0.0,19.1,Resultados inconsistentes
2929,1319,12,4,2,2024-01-26,2024-01-27,2024-02-09,172000.0,52000.0,227.5,Caudal incorrecto
2930,1613,21,7,1,2024-01-26,2024-01-27,2024-01-29,97000.0,0.0,5.0,
2931,1914,12,2,1,2024-01-26,2024-01-27,2024-01-29,790000.0,215000.0,8.0,
2932,1467,18,10,1,2024-01-26,2024-01-26,2024-01-27,174000.0,42000.0,2.1,
2933,1212,20,5,1,2024-01-26,2024-01-28,2024-01-31,37000.0,0.0,4.9,
2934,1472,19,10,1,2024-01-26,2024-01-27,2024-01-29,1076000.0,0.0,1.7,
2935,658,10,5,2,2024-01-26,2024-01-27,2024-01-30,807000.0,242000.0,43.1,Alarma no funciona
2936,1571,2,7,1,2024-01-26,2024-01-28,2024-01-31,85000.0,0.0,5.2,
2937,1449,2,7,2,2024-01-26,2024-01-26,2024-02-09,2611000.0,0.0,104.8,Alarma de presión
2938,1812,21,6,1,2024-01-26,2024-01-28,2024-01-29,6000.0,0.0,8.0,
2939,1687,7,4,1,2024-01-26,2024-01-26,2024-01-27,241000.0,0.0,3.5,
2940,926,2,7,2,2024-01-27,2024-01-28,2024-02-07,356000.0,0.0,212.1,No registra datos
2941,1364,2,6,2,2024-01-28,2024-01-31,2024-02-03,0.0,0.0,54.6,No carga energía
2942,1573,2,5,2,2024-01-28,2024-01-30,2024-02-03,2828000.0,0.0,49.9,Falla de batería
2943,1918,21,7,1,2024-01-29,2024-01-30,2024-02-01,65000.0,5000.0,6.6,
2944,185,3,5,1,2024-01-29,2024-01-31,2024-02-03,106000.0,0.0,6.3,
2945,1552,12,6,1,2024-01-29,2024-01-30,2024-02-01,177000.0,0.0,7.5,
2946,1439,1,6,1,2024-01-29,2024-01-30,2024-02-02,225000.0,0.0,4.2,
2947,843,24,5,1,2024-01-29,2024-01-31,2024-02-02,93000.0,0.0,6.1,
2948,1236,4,1,1,2024-01-30,2024-01-31,2024-02-02,78000.0,0.0,5.0,
2949,677,9,5,1,2024-01-30,2024-01-30,2024-01-31,71000.0,15000.0,3.2,
2950,1347,2,2,1,2024-01-30,2024-01-31,2024-02-02,37000.0,0.0,6.0,
2951,1127,10,3,1,2024-01-30,2024-02-01,2024-02-04,388000.0,0.0,5.2,
2952,295,1,2,1,2024-01-30,2024-02-01,2024-02-03,267000.0,0.0,1.9,
2953,627,12,3,1,2024-01-30,2024-01-30,2024-02-02,112000.0,36000.0,1.5,
2954,1043,22,1,1,2024-01-30,2024-01-31,2024-02-01,13000.0,1000.0,5.3,
2955,1135,15,11,1,2024-01-30,2024-01-31,2024-02-01,62000.0,0.0,2.3,
2956,1205,10,1,1,2024-01-31,2024-01-31,2024-02-01,528000.0,0.0,2.1,
2957,1371,12,2,1,2024-01-31,2024-02-01,2024-02-04,323000.0,42000.0,2.7,
2958,708,16,6,1,2024-01-31,2024-02-02,2024-02-04,194000.0,0.0,5.4,
2959,1881,3,3,1,2024-01-31,2024-02-02,2024-02-05,22000.0,0.0,3.5,
2960,866,12,6,1,2024-01-31,2024-02-02,2024-02-05,740000.0,0.0,1.2,
2961,1886,17,3,1,2024-01-31,2024-01-31,2024-02-02,195000.0,0.0,6.6,
2962,1358,6,3,1,2024-01-31,2024-01-31,2024-02-01,105000.0,0.0,2.5,
2963,1055,5,2,1,2024-01-31,2024-02-02,2024-02-05,30000.0,0.0,7.6,
2964,485,1,5,1,2024-01-31,2024-01-31,2024-02-02,40000.0,3000.0,5.5,
2965,1743,5,3,1,2024-02-01,2024-02-01,2024-02-03,69000.0,9000.0,2.1,
2966,1507,4,1,2,2024-02-01,2024-02-02,2024-02-10,4027000.0,0.0,118.1,Error de calibración
2967,1824,13,5,1,2024-02-01,2024-02-01,2024-02-04,19000.0,0.0,3.1,
2968,963,7,4,2,2024-02-01,2024-02-01,2024-02-03,390000.0,0.0,21.3,SpO₂ no detecta señal
2969,1710,10,4,1,2024-02-01,2024-02-02,2024-02-04,2506000.0,0.0,5.0,
2970,443,2,1,1,2024-02-01,2024-02-01,2024-02-04,184000.0,14000.0,2.6,
2971,794,3,1,1,2024-02-01,2024-02-02,2024-02-05,229000.0,73000.0,1.4,
2972,1155,24,1,1,2024-02-01,2024-02-03,2024-02-06,27000.0,1000.0,7.6,
2973,914,13,9,1,2024-02-01,2024-02-02,2024-02-05,1298000.0,354000.0,4.4,
2974,1239,2,3,1,2024-02-01,2024-02-01,2024-02-04,172000.0,0.0,3.9,
2975,289,21,3,1,2024-02-01,2024-02-01,2024-02-03,247000.0,68000.0,7.6,
2976,135,15,10,1,2024-02-02,2024-02-02,2024-02-03,1467000.0,0.0,3.9,
2977,1621,6,1,1,2024-02-02,2024-02-02,2024-02-05,297000.0,0.0,7.4,
2978,1262,12,6,1,2024-02-02,2024-02-02,2024-02-05,123000.0,0.0,5.6,
2979,1318,15,11,2,2024-02-02,2024-02-02,2024-02-13,2532000.0,0.0,36.7,No genera presión
2980,938,4,7,1,2024-02-02,2024-02-03,2024-02-06,158000.0,15000.0,8.0,
2981,963,7,7,1,2024-02-02,2024-02-02,2024-02-03,303000.0,0.0,7.5,
2982,686,1,3,2,2024-02-02,2024-02-03,2024-02-05,426000.0,0.0,10.6,Impresora no funciona
2983,862,8,4,2,2024-02-02,2024-02-04,2024-02-09,418000.0,0.0,118.2,Ruedas trabadas
2984,916,12,2,1,2024-02-02,2024-02-04,2024-02-07,1174000.0,0.0,6.4,
2985,1105,1,1,2,2024-02-03,2024-02-06,2024-02-10,205000.0,0.0,81.9,Puerta o clamp dañado
2986,344,15,10,2,2024-02-03,2024-02-04,2024-02-14,1682000.0,0.0,229.8,Bomba de lavado defectuosa
2987,202,3,2,2,2024-02-04,2024-02-06,2024-02-11,6000000.0,1155000.0,58.3,Falla de batería
2988,327,1,5,2,2024-02-04,2024-02-07,2024-02-20,3734000.0,0.0,74.9,Problema en válvulas internas
2989,1529,21,7,1,2024-02-05,2024-02-07,2024-02-08,183000.0,32000.0,3.3,
2990,1770,22,4,1,2024-02-05,2024-02-06,2024-02-08,259000.0,0.0,4.9,
2991,1484,4,9,2,2024-02-05,2024-02-08,2024-02-13,5202000.0,0.0,27.6,Transductor dañado
2992,297,9,9,1,2024-02-05,2024-02-07,2024-02-09,13403000.0,3425000.0,7.6,
2993,41,14,12,2,2024-02-05,2024-02-05,2024-02-14,213000.0,0.0,131.0,Tapa no bloquea
2994,1542,12,2,2,2024-02-05,2024-02-07,2024-02-21,1257000.0,0.0,269.4,Falla de ventilador
2995,1116,1,6,2,2024-02-05,2024-02-08,2024-02-22,4133000.0,0.0,108.5,Alarma de apnea
2996,1230,10,4,1,2024-02-06,2024-02-08,2024-02-09,1875000.0,0.0,2.7,
2997,549,1,3,1,2024-02-06,2024-02-07,2024-02-09,267000.0,42000.0,6.9,
2998,855,18,7,1,2024-02-06,2024-02-07,2024-02-10,81000.0,0.0,5.5,
2999,1215,2,4,1,2024-02-06,2024-02-06,2024-02-08,115000.0,0.0,2.9,
3000,1130,15,10,1,2024-02-06,2024-02-08,2024-02-11,51000.0,0.0,4.2,
3001,1634,15,11,2,2024-02-06,2024-02-08,2024-02-22,2769000.0,416000.0,23.3,Boquillas obstruidas
3002,652,21,3,2,2024-02-06,2024-02-08,2024-02-18,6000.0,0.0,134.8,Error de codificación o control
3003,1287,21,6,1,2024-02-07,2024-02-07,2024-02-08,94000.0,0.0,6.8,
3004,1700,11,1,1,2024-02-07,2024-02-07,2024-02-10,270000.0,119000.0,2.3,
3005,18,7,5,1,2024-02-07,2024-02-09,2024-02-10,121000.0,17000.0,1.1,
3006,977,1,4,1,2024-02-07,2024-02-09,2024-02-11,3548000.0,0.0,4.3,
3007,543,22,12,1,2024-02-07,2024-02-08,2024-02-10,240000.0,0.0,1.3,
3008,27,12,5,1,2024-02-07,2024-02-08,2024-02-10,631000.0,0.0,3.9,
3009,1097,21,4,1,2024-02-07,2024-02-08,2024-02-09,240000.0,27000.0,8.0,
3010,958,4,7,1,2024-02-07,2024-02-09,2024-02-12,1982000.0,0.0,7.7,
3011,1876,4,1,2,2024-02-07,2024-02-08,2024-02-20,268000.0,81000.0,23.0,Módulo ECG dañado
3012,1979,8,7,2,2024-02-07,2024-02-07,2024-02-22,450000.0,0.0,147.7,NIBP no infla
3013,82,6,7,2,2024-02-07,2024-02-08,2024-02-19,31000.0,0.0,213.6,Válvula defectuosa
3014,1086,12,4,1,2024-02-07,2024-02-08,2024-02-09,193000.0,0.0,3.3,
3015,1019,5,7,1,2024-02-07,2024-02-07,2024-02-09,8000.0,0.0,2.2,
3016,351,17,5,1,2024-02-07,2024-02-09,2024-02-12,3840000.0,0.0,4.4,
3017,459,24,4,1,2024-02-07,2024-02-09,2024-02-11,292000.0,25000.0,3.5,
3018,317,17,1,2,2024-02-07,2024-02-07,2024-02-14,476000.0,143000.0,37.8,Pantalla sin imagen
3019,1672,21,1,1,2024-02-07,2024-02-08,2024-02-11,43000.0,0.0,5.4,
3020,1159,17,5,1,2024-02-08,2024-02-09,2024-02-12,120000.0,0.0,7.0,
3021,1010,11,2,1,2024-02-08,2024-02-09,2024-02-10,95000.0,12000.0,7.4,
3022,1508,2,1,1,2024-02-08,2024-02-10,2024-02-12,299000.0,0.0,7.0,
3023,1890,2,5,1,2024-02-08,2024-02-10,2024-02-13,201000.0,11000.0,5.6,
3024,1931,13,4,1,2024-02-08,2024-02-09,2024-02-12,7000.0,0.0,7.4,
3025,1052,10,3,2,2024-02-08,2024-02-10,2024-02-20,1920000.0,303000.0,119.3,Puerta o cúpula dañada
3026,1868,1,5,1,2024-02-08,2024-02-08,2024-02-10,938000.0,0.0,1.2,
3027,763,15,10,1,2024-02-08,2024-02-10,2024-02-12,62000.0,0.0,5.0,
3028,770,15,10,2,2024-02-08,2024-02-09,2024-02-22,2382000.0,0.0,208.1,Boquillas obstruidas
3029,196,3,7,1,2024-02-08,2024-02-08,2024-02-10,40000.0,0.0,4.0,
3030,921,3,1,1,2024-02-08,2024-02-10,2024-02-12,198000.0,0.0,4.4,
3031,451,15,11,1,2024-02-08,2024-02-10,2024-02-11,72000.0,0.0,5.2,
3032,1461,6,6,1,2024-02-08,2024-02-09,2024-02-11,106000.0,0.0,2.3,
3033,337,1,2,1,2024-02-08,2024-02-09,2024-02-10,962000.0,0.0,7.3,
3034,1826,2,3,2,2024-02-08,2024-02-09,2024-02-23,9000.0,0.0,33.1,Batería agotada
3035,366,11,3,1,2024-02-08,2024-02-10,2024-02-11,2063000.0,0.0,3.1,
3036,610,9,6,1,2024-02-09,2024-02-11,2024-02-14,37000.0,0.0,6.2,
3037,1473,4,4,2,2024-02-09,2024-02-09,2024-02-17,87000.0,26000.0,140.8,Óptica sucia
3038,490,1,3,1,2024-02-09,2024-02-10,2024-02-12,180000.0,0.0,5.9,
3039,1985,11,7,1,2024-02-09,2024-02-11,2024-02-13,109000.0,0.0,3.7,
3040,840,12,7,1,2024-02-09,2024-02-11,2024-02-12,474000.0,0.0,2.1,
3041,1039,17,2,1,2024-02-09,2024-02-09,2024-02-10,301000.0,0.0,1.0,
3042,1759,19,11,2,2024-02-09,2024-02-10,2024-02-19,156000.0,0.0,104.2,Contraángulo defectuoso
3043,810,15,10,1,2024-02-09,2024-02-10,2024-02-12,127000.0,0.0,3.7,
3044,391,10,3,2,2024-02-09,2024-02-12,2024-02-23,386000.0,0.0,31.1,Módulo ECG dañado
3045,1144,7,6,1,2024-02-09,2024-02-10,2024-02-11,118000.0,0.0,2.9,
3046,1630,1,4,1,2024-02-09,2024-02-09,2024-02-11,2552000.0,816000.0,3.1,
3047,117,1,7,1,2024-02-09,2024-02-11,2024-02-12,112000.0,0.0,6.0,
3048,1952,7,7,1,2024-02-09,2024-02-11,2024-02-14,1956000.0,0.0,1.9,
3049,1651,6,12,1,2024-02-09,2024-02-11,2024-02-14,147000.0,0.0,6.7,
3050,682,7,4,2,2024-02-10,2024-02-12,2024-02-13,100000.0,0.0,20.1,Teclado/pantalla defectuosa
3051,218,16,12,2,2024-02-10,2024-02-11,2024-02-26,4541000.0,0.0,21.0,Error de software
3052,1276,14,6,2,2024-02-10,2024-02-12,2024-02-27,26000.0,8000.0,287.6,Válvula defectuosa
3053,4,5,4,2,2024-02-10,2024-02-13,2024-02-17,27000.0,0.0,13.9,Pera dañada
3054,1383,7,4,2,2024-02-10,2024-02-11,2024-02-26,363000.0,0.0,143.2,Alarmas defectuosas
3055,1254,17,4,2,2024-02-11,2024-02-14,2024-02-23,487000.0,0.0,106.2,SpO₂ no detecta señal
3056,485,1,1,2,2024-02-11,2024-02-12,2024-02-13,15000.0,4000.0,12.8,Tiempo de medición excesivo
3057,312,17,5,2,2024-02-11,2024-02-14,2024-02-28,392000.0,117000.0,53.7,SpO₂ no detecta señal
3058,980,15,10,2,2024-02-12,2024-02-12,2024-02-22,1616000.0,0.0,68.3,Bomba de lavado defectuosa
3059,1910,17,8,2,2024-02-12,2024-02-14,2024-02-22,4225000.0,0.0,94.4,Puertos dañados
3060,1380,6,1,1,2024-02-12,2024-02-14,2024-02-15,74000.0,0.0,5.3,
3061,578,8,5,2,2024-02-12,2024-02-15,2024-02-26,360000.0,0.0,173.2,Pantalla defectuosa
3062,615,17,6,2,2024-02-12,2024-02-15,2024-02-19,101000.0,0.0,61.8,Plataforma desnivelada
3063,1720,9,4,1,2024-02-12,2024-02-12,2024-02-13,109000.0,10000.0,3.8,
3064,104,4,7,2,2024-02-12,2024-02-14,2024-02-21,247000.0,0.0,41.7,Error de programación
3065,1367,10,7,1,2024-02-12,2024-02-14,2024-02-15,225000.0,0.0,5.5,
3066,1344,13,4,2,2024-02-12,2024-02-12,2024-02-14,88000.0,0.0,38.4,Batería agotada
3067,591,9,7,1,2024-02-12,2024-02-13,2024-02-16,285000.0,0.0,5.4,
3068,250,2,5,2,2024-02-13,2024-02-16,2024-02-28,133000.0,0.0,82.4,Temperatura errática
3069,1024,17,4,1,2024-02-13,2024-02-15,2024-02-16,163000.0,17000.0,2.0,
3070,1181,11,7,1,2024-02-13,2024-02-13,2024-02-16,132000.0,0.0,2.2,
3071,1208,10,3,1,2024-02-13,2024-02-14,2024-02-16,1974000.0,0.0,3.9,
3072,382,10,7,1,2024-02-13,2024-02-13,2024-02-16,190000.0,31000.0,4.8,
3073,1382,15,10,2,2024-02-13,2024-02-16,2024-02-29,133000.0,0.0,134.5,Resistencia dañada
3074,1315,14,12,1,2024-02-13,2024-02-13,2024-02-16,232000.0,0.0,1.4,
3075,1161,1,2,2,2024-02-13,2024-02-15,2024-02-17,120000.0,36000.0,46.2,Pantalla dañada
3076,1710,10,7,2,2024-02-13,2024-02-13,2024-02-24,5870000.0,0.0,179.2,Pantalla sin respuesta
3077,213,17,6,1,2024-02-13,2024-02-14,2024-02-17,244000.0,82000.0,3.7,
3078,1628,22,1,1,2024-02-13,2024-02-15,2024-02-17,43000.0,0.0,2.5,
3079,1467,18,11,2,2024-02-13,2024-02-13,2024-02-24,240000.0,39000.0,34.8,Estructura inestable
3080,1375,22,1,1,2024-02-14,2024-02-16,2024-02-19,109000.0,0.0,3.8,
3081,1082,21,5,2,2024-02-14,2024-02-15,2024-02-21,156000.0,0.0,18.4,Teclado/pantalla defectuosa
3082,173,3,3,2,2024-02-14,2024-02-17,2024-02-20,169000.0,0.0,21.0,Error de calibración
3083,51,20,8,1,2024-02-14,2024-02-16,2024-02-18,1603000.0,0.0,5.8,
3084,1871,3,5,2,2024-02-14,2024-02-17,2024-02-19,168000.0,0.0,20.1,Batería dañada
3085,995,21,3,1,2024-02-14,2024-02-14,2024-02-17,107000.0,14000.0,2.2,
3086,385,7,7,1,2024-02-14,2024-02-14,2024-02-17,104000.0,0.0,6.1,
3087,548,19,10,2,2024-02-14,2024-02-15,2024-02-17,278000.0,55000.0,20.6,Filtro saturado
3088,405,9,3,2,2024-02-14,2024-02-14,2024-02-24,192000.0,32000.0,68.9,Error de calibración
3089,1414,8,9,2,2024-02-14,2024-02-15,2024-02-27,23438000.0,0.0,63.9,Imagen distorsionada
3090,1478,10,7,1,2024-02-14,2024-02-16,2024-02-19,48000.0,0.0,2.9,
3091,371,5,2,1,2024-02-14,2024-02-16,2024-02-18,95000.0,0.0,3.2,
3092,468,12,2,1,2024-02-14,2024-02-15,2024-02-18,140000.0,0.0,6.9,
3093,238,21,3,1,2024-02-14,2024-02-16,2024-02-19,90000.0,0.0,5.4,
3094,1025,10,2,1,2024-02-14,2024-02-14,2024-02-15,96000.0,0.0,1.3,
3095,687,18,6,2,2024-02-15,2024-02-15,2024-02-16,9000.0,0.0,19.5,Lectura errática
3096,752,4,3,1,2024-02-15,2024-02-16,2024-02-17,362000.0,0.0,3.4,
3097,542,16,6,1,2024-02-15,2024-02-15,2024-02-18,191000.0,0.0,6.3,
3098,1080,19,10,2,2024-02-15,2024-02-18,2024-02-19,969000.0,0.0,11.3,Pedal defectuoso
3099,560,1,6,2,2024-02-15,2024-02-15,2024-02-24,840000.0,0.0,133.3,Alarma de temperatura
3100,1668,15,11,1,2024-02-15,2024-02-15,2024-02-18,91000.0,0.0,2.2,
3101,1933,12,3,1,2024-02-15,2024-02-16,2024-02-18,1438000.0,0.0,4.6,
3102,1733,19,11,2,2024-02-15,2024-02-15,2024-02-23,978000.0,293000.0,27.0,Fuga hidráulica/neumática
3103,973,11,7,2,2024-02-15,2024-02-16,2024-02-17,281000.0,0.0,12.6,Pantalla sin imagen
3104,606,18,11,1,2024-02-15,2024-02-16,2024-02-17,106000.0,0.0,3.4,
3105,1175,21,5,1,2024-02-15,2024-02-16,2024-02-18,43000.0,0.0,2.9,
3106,706,21,5,1,2024-02-15,2024-02-16,2024-02-17,44000.0,1000.0,4.2,
3107,270,11,3,1,2024-02-15,2024-02-17,2024-02-19,14000.0,0.0,1.2,
3108,714,1,4,1,2024-02-16,2024-02-18,2024-02-19,101000.0,22000.0,2.4,
3109,1794,8,1,1,2024-02-16,2024-02-18,2024-02-19,130000.0,0.0,4.2,
3110,401,2,5,2,2024-02-16,2024-02-19,2024-03-04,279000.0,0.0,64.8,Botón de paciente defectuoso
3111,306,3,4,1,2024-02-16,2024-02-18,2024-02-20,126000.0,26000.0,5.6,
3112,581,21,7,1,2024-02-16,2024-02-17,2024-02-18,111000.0,0.0,7.9,
3113,1040,4,5,1,2024-02-16,2024-02-17,2024-02-20,140000.0,0.0,2.3,
3114,140,20,9,1,2024-02-16,2024-02-18,2024-02-20,1249000.0,0.0,4.8,
3115,18,7,1,2,2024-02-16,2024-02-17,2024-02-25,0.0,0.0,66.3,Teclado/pantalla defectuosa
3116,218,16,12,2,2024-02-16,2024-02-17,2024-03-03,4541000.0,0.0,157.8,Obstrucción de pipetas
3117,1301,17,8,2,2024-02-16,2024-02-16,2024-02-27,5584000.0,0.0,263.5,Falla de detector
3118,216,12,1,2,2024-02-17,2024-02-17,2024-03-02,6632000.0,0.0,280.8,Alarma de presión
3119,1276,14,6,2,2024-02-17,2024-02-19,2024-03-03,26000.0,8000.0,79.2,Válvula defectuosa
3120,639,16,4,2,2024-02-17,2024-02-18,2024-02-23,27000.0,0.0,115.9,Válvula defectuosa
3121,1268,1,1,2,2024-02-17,2024-02-18,2024-02-22,1459000.0,0.0,30.1,Falla de ventilador
3122,248,17,7,2,2024-02-17,2024-02-19,2024-02-29,196000.0,0.0,15.8,Error de programación
3123,1226,2,7,2,2024-02-18,2024-02-18,2024-02-19,147000.0,0.0,19.1,Falla de presión NIBP
3124,1920,11,6,2,2024-02-18,2024-02-18,2024-02-25,499000.0,0.0,13.8,Impresora no funciona
3125,181,15,10,2,2024-02-18,2024-02-18,2024-02-22,138000.0,0.0,67.1,Cinta o bolsa mal arrastrada
3126,1614,5,6,2,2024-02-18,2024-02-19,2024-02-26,246000.0,0.0,70.2,Error de calibración
3127,915,11,7,1,2024-02-19,2024-02-19,2024-02-20,37000.0,0.0,7.0,
3128,479,21,4,1,2024-02-19,2024-02-21,2024-02-22,376000.0,0.0,5.5,
3129,784,1,2,1,2024-02-19,2024-02-20,2024-02-23,94000.0,0.0,2.1,
3130,1473,4,3,1,2024-02-19,2024-02-19,2024-02-20,138000.0,10000.0,4.1,
3131,1866,7,6,1,2024-02-19,2024-02-20,2024-02-23,765000.0,0.0,5.8,
3132,1637,9,7,2,2024-02-19,2024-02-21,2024-02-22,3186000.0,0.0,13.7,Falla de batería
3133,489,1,3,2,2024-02-19,2024-02-20,2024-02-24,4443000.0,0.0,75.1,Sensor de flujo defectuoso
3134,902,10,5,2,2024-02-19,2024-02-22,2024-03-02,0.0,0.0,79.8,Lecturas erráticas
3135,107,2,3,2,2024-02-19,2024-02-19,2024-02-26,46000.0,0.0,52.1,Celda de carga dañada
3136,1993,11,7,1,2024-02-19,2024-02-19,2024-02-20,80000.0,0.0,3.4,
3137,1232,8,9,1,2024-02-19,2024-02-19,2024-02-20,1287000.0,316000.0,7.0,
3138,1756,10,2,2,2024-02-20,2024-02-20,2024-03-01,480000.0,0.0,130.0,No enciende
3139,1617,15,11,1,2024-02-20,2024-02-22,2024-02-23,1261000.0,134000.0,6.4,
3140,516,7,5,2,2024-02-20,2024-02-21,2024-02-26,142000.0,0.0,29.4,Puerta o clamp dañado
3141,368,2,1,2,2024-02-20,2024-02-22,2024-03-05,1624000.0,0.0,213.2,Fuga en circuito
3142,372,4,1,1,2024-02-20,2024-02-20,2024-02-23,46000.0,0.0,5.4,
3143,696,1,7,1,2024-02-20,2024-02-22,2024-02-23,58000.0,0.0,2.1,
3144,19,17,8,1,2024-02-20,2024-02-20,2024-02-22,4844000.0,0.0,7.4,
3145,348,20,9,2,2024-02-20,2024-02-22,2024-03-08,1684000.0,0.0,128.6,Error de calibración
3146,311,21,6,1,2024-02-20,2024-02-20,2024-02-23,161000.0,0.0,3.7,
3147,1567,18,11,1,2024-02-21,2024-02-21,2024-02-22,78000.0,0.0,2.4,
3148,1574,15,10,1,2024-02-21,2024-02-23,2024-02-25,111000.0,0.0,7.7,
3149,1895,18,6,1,2024-02-21,2024-02-21,2024-02-22,168000.0,0.0,2.0,
3150,1518,8,6,1,2024-02-21,2024-02-23,2024-02-25,258000.0,0.0,4.6,
3151,1837,21,2,1,2024-02-21,2024-02-21,2024-02-22,106000.0,0.0,4.2,
3152,335,10,6,1,2024-02-21,2024-02-23,2024-02-26,707000.0,111000.0,6.8,
3153,1388,6,6,2,2024-02-21,2024-02-23,2024-02-28,10000.0,0.0,59.0,Lectura errática
3154,1738,9,7,1,2024-02-21,2024-02-21,2024-02-23,119000.0,0.0,6.9,
3155,700,7,5,1,2024-02-21,2024-02-21,2024-02-22,1123000.0,0.0,1.2,
3156,1459,11,3,1,2024-02-21,2024-02-21,2024-02-22,937000.0,0.0,6.6,
3157,809,7,6,1,2024-02-21,2024-02-21,2024-02-22,117000.0,18000.0,3.9,
3158,588,2,4,1,2024-02-22,2024-02-24,2024-02-25,712000.0,0.0,2.0,
3159,635,3,5,2,2024-02-22,2024-02-22,2024-02-26,6000.0,0.0,78.2,Batería agotada
3160,127,12,5,1,2024-02-22,2024-02-22,2024-02-24,102000.0,0.0,1.7,
3161,1213,20,7,1,2024-02-22,2024-02-22,2024-02-24,94000.0,4000.0,6.2,
3162,1954,7,5,1,2024-02-22,2024-02-22,2024-02-23,86000.0,0.0,7.4,
3163,1847,10,6,1,2024-02-22,2024-02-24,2024-02-27,137000.0,0.0,1.4,
3164,1770,22,2,2,2024-02-22,2024-02-22,2024-03-03,365000.0,0.0,187.6,Pantalla sin imagen
3165,203,2,2,2,2024-02-22,2024-02-24,2024-03-01,5347000.0,0.0,50.8,Pantalla sin respuesta
3166,1180,7,4,1,2024-02-22,2024-02-22,2024-02-23,69000.0,0.0,6.2,
3167,1464,1,9,1,2024-02-22,2024-02-24,2024-02-25,1438000.0,0.0,5.8,
3168,1241,24,3,1,2024-02-22,2024-02-24,2024-02-25,13000.0,0.0,7.2,
3169,1679,3,12,2,2024-02-22,2024-02-24,2024-02-25,2910000.0,0.0,20.9,Error de reactivos
3170,1505,17,4,1,2024-02-23,2024-02-25,2024-02-26,94000.0,0.0,1.2,
3171,276,3,4,2,2024-02-23,2024-02-25,2024-03-04,307000.0,0.0,181.3,Módulo ECG dañado
3172,1667,18,7,1,2024-02-23,2024-02-23,2024-02-26,122000.0,0.0,5.4,
3173,1650,4,6,1,2024-02-23,2024-02-25,2024-02-27,169000.0,0.0,4.6,
3174,1434,21,1,1,2024-02-23,2024-02-24,2024-02-27,149000.0,0.0,1.9,
3175,695,9,5,2,2024-02-23,2024-02-23,2024-02-29,24000.0,0.0,17.7,Fuga en brazalete
3176,1774,20,9,1,2024-02-23,2024-02-24,2024-02-25,376000.0,0.0,6.1,
3177,139,12,2,1,2024-02-23,2024-02-24,2024-02-26,124000.0,0.0,5.5,
3178,5,7,2,1,2024-02-23,2024-02-24,2024-02-27,249000.0,0.0,3.8,
3179,1509,4,3,1,2024-02-23,2024-02-23,2024-02-26,162000.0,0.0,5.3,
3180,1877,18,10,2,2024-02-24,2024-02-27,2024-03-05,450000.0,0.0,84.8,Velocidad inestable
3181,1878,6,6,2,2024-02-24,2024-02-26,2024-03-08,184000.0,0.0,161.7,SpO₂ sin lectura
3182,498,17,7,2,2024-02-24,2024-02-24,2024-03-03,613000.0,0.0,105.7,SpO₂ no detecta señal
3183,1387,13,8,2,2024-02-24,2024-02-26,2024-03-10,12812000.0,0.0,117.0,Falla de fluoroscopía
3184,1914,12,5,2,2024-02-25,2024-02-28,2024-03-14,1134000.0,340000.0,49.4,No calienta
3185,720,17,4,2,2024-02-25,2024-02-25,2024-02-27,21000.0,0.0,26.6,Lectura incorrecta
3186,1248,12,4,2,2024-02-25,2024-02-26,2024-03-09,358000.0,107000.0,68.7,Sistema hidráulico con fuga
3187,637,9,9,2,2024-02-25,2024-02-28,2024-03-02,60000000.0,0.0,55.2,Sobrecalentamiento del tubo
3188,761,15,11,1,2024-02-26,2024-02-26,2024-02-29,75000.0,11000.0,6.6,
3189,1852,9,12,1,2024-02-26,2024-02-28,2024-03-01,286000.0,0.0,6.6,
3190,904,8,9,2,2024-02-26,2024-02-29,2024-03-03,14758000.0,0.0,65.8,Error de movimiento del arco
3191,52,4,4,1,2024-02-26,2024-02-26,2024-02-28,159000.0,0.0,2.9,
3192,407,17,9,1,2024-02-26,2024-02-28,2024-02-29,876000.0,0.0,1.9,
3193,500,16,7,2,2024-02-26,2024-02-29,2024-03-06,18000.0,0.0,28.4,Manómetro descalibrado
3194,1562,18,11,1,2024-02-26,2024-02-28,2024-02-29,163000.0,0.0,1.5,
3195,1282,16,1,1,2024-02-26,2024-02-26,2024-02-28,150000.0,0.0,5.0,
3196,458,12,7,1,2024-02-26,2024-02-28,2024-03-01,1759000.0,0.0,4.3,
3197,1351,1,8,2,2024-02-27,2024-03-01,2024-03-02,16316000.0,0.0,13.1,Sobrecalentamiento
3198,1548,6,4,1,2024-02-27,2024-02-27,2024-02-29,342000.0,0.0,2.5,
3199,12,1,4,2,2024-02-27,2024-02-28,2024-03-06,1242000.0,224000.0,17.0,Puerta o cúpula dañada
3200,1645,17,5,1,2024-02-27,2024-02-27,2024-03-01,364000.0,101000.0,2.7,
3201,864,1,9,1,2024-02-27,2024-02-29,2024-03-03,32770000.0,0.0,1.1,
3202,1284,9,12,1,2024-02-27,2024-02-28,2024-03-01,1953000.0,0.0,6.9,
3203,1038,7,3,1,2024-02-28,2024-02-29,2024-03-03,237000.0,0.0,2.7,
3204,520,10,7,1,2024-02-28,2024-02-29,2024-03-02,1022000.0,214000.0,6.7,
3205,1057,5,1,1,2024-02-28,2024-03-01,2024-03-04,26000.0,0.0,4.9,
3206,1031,12,1,1,2024-02-28,2024-03-01,2024-03-02,87000.0,0.0,6.3,
3207,1430,12,3,1,2024-02-28,2024-03-01,2024-03-02,207000.0,0.0,3.5,
3208,1013,4,2,2,2024-02-28,2024-02-29,2024-03-13,307000.0,47000.0,124.6,Alarmas defectuosas
3209,1608,11,1,1,2024-02-28,2024-02-28,2024-03-01,78000.0,0.0,6.0,
3210,857,2,5,1,2024-02-28,2024-02-29,2024-03-03,3028000.0,0.0,2.0,
3211,1121,3,3,1,2024-02-28,2024-02-28,2024-03-02,247000.0,71000.0,5.6,
3212,1105,7,4,1,2024-02-28,2024-02-28,2024-03-02,161000.0,0.0,7.4,
3213,461,22,12,1,2024-02-28,2024-02-29,2024-03-02,162000.0,26000.0,4.8,
3214,649,21,7,1,2024-02-29,2024-03-02,2024-03-03,219000.0,0.0,6.6,
3215,975,3,4,1,2024-02-29,2024-03-02,2024-03-04,20000.0,0.0,3.8,
3216,1507,4,6,1,2024-02-29,2024-03-01,2024-03-02,992000.0,0.0,6.4,
3217,622,1,6,1,2024-02-29,2024-03-01,2024-03-02,280000.0,57000.0,5.5,
3218,1899,12,3,1,2024-02-29,2024-02-29,2024-03-02,517000.0,0.0,3.6,
3219,511,12,12,1,2024-02-29,2024-03-02,2024-03-05,94000.0,0.0,6.8,
3220,778,1,2,1,2024-02-29,2024-03-02,2024-03-04,195000.0,0.0,6.6,
3221,208,14,12,1,2024-02-29,2024-03-02,2024-03-03,79000.0,6000.0,4.5,
3222,1195,3,6,1,2024-02-29,2024-02-29,2024-03-02,153000.0,0.0,2.1,
3223,1565,24,7,1,2024-02-29,2024-03-02,2024-03-03,328000.0,37000.0,2.6,
3224,1926,1,7,1,2024-02-29,2024-03-02,2024-03-05,792000.0,413000.0,7.6,
3225,1164,20,9,1,2024-03-01,2024-03-03,2024-03-04,1125000.0,0.0,4.7,
3226,1637,9,3,2,2024-03-01,2024-03-04,2024-03-19,3186000.0,0.0,23.3,Alarma de presión
3227,383,5,2,1,2024-03-01,2024-03-02,2024-03-05,22000.0,0.0,6.3,
3228,1172,7,1,1,2024-03-01,2024-03-02,2024-03-04,4000.0,0.0,1.3,
3229,576,22,7,1,2024-03-01,2024-03-01,2024-03-02,277000.0,0.0,5.2,
3230,1305,9,7,1,2024-03-01,2024-03-01,2024-03-04,144000.0,0.0,3.1,
3231,1122,13,5,1,2024-03-01,2024-03-02,2024-03-05,177000.0,0.0,2.8,
3232,1789,20,9,1,2024-03-01,2024-03-03,2024-03-06,1123000.0,0.0,4.2,
3233,174,3,3,1,2024-03-01,2024-03-01,2024-03-02,186000.0,39000.0,4.8,
3234,851,8,8,2,2024-03-01,2024-03-01,2024-03-05,3894000.0,0.0,44.4,No genera exposición
3235,841,9,9,2,2024-03-02,2024-03-05,2024-03-15,2975000.0,1347000.0,182.1,Imagen con ruido
3236,985,22,5,2,2024-03-02,2024-03-02,2024-03-12,26000.0,0.0,72.6,Pera dañada
3237,1477,10,3,2,2024-03-02,2024-03-04,2024-03-05,350000.0,65000.0,14.6,Colchón dañado
3238,490,1,3,2,2024-03-03,2024-03-06,2024-03-17,205000.0,0.0,189.3,Botón de paciente defectuoso
3239,381,11,7,2,2024-03-03,2024-03-03,2024-03-17,4192000.0,0.0,291.0,Alarma de apnea
3240,1394,6,7,2,2024-03-03,2024-03-06,2024-03-14,455000.0,0.0,61.3,SpO₂ no detecta señal
3241,1484,4,9,2,2024-03-03,2024-03-06,2024-03-16,4064000.0,0.0,77.5,Transductor dañado
3242,249,9,7,2,2024-03-03,2024-03-06,2024-03-16,427000.0,113000.0,230.8,Alarmas defectuosas
3243,1469,13,4,1,2024-03-04,2024-03-06,2024-03-08,13000.0,0.0,4.1,
3244,1310,11,5,1,2024-03-04,2024-03-06,2024-03-07,51000.0,0.0,7.7,
3245,492,11,1,2,2024-03-04,2024-03-05,2024-03-15,201000.0,0.0,207.5,Error de calibración
3246,1096,4,6,1,2024-03-04,2024-03-05,2024-03-07,72000.0,0.0,5.8,
3247,954,12,5,2,2024-03-04,2024-03-05,2024-03-10,169000.0,0.0,72.8,Teclado/pantalla defectuosa
3248,287,4,3,2,2024-03-04,2024-03-07,2024-03-16,140000.0,0.0,215.6,Impresora no imprime
3249,585,2,2,1,2024-03-04,2024-03-06,2024-03-08,8000.0,0.0,7.0,
3250,604,15,11,1,2024-03-05,2024-03-07,2024-03-09,51000.0,0.0,5.4,
3251,39,7,6,1,2024-03-05,2024-03-07,2024-03-08,60000.0,0.0,1.9,
3252,1418,12,5,2,2024-03-05,2024-03-07,2024-03-19,3987000.0,1196000.0,268.6,Batería dañada
3253,719,1,6,2,2024-03-05,2024-03-07,2024-03-11,62000.0,19000.0,65.2,Celda de carga dañada
3254,831,2,2,2,2024-03-05,2024-03-08,2024-03-09,14000.0,0.0,14.7,Lectura incorrecta
3255,114,7,6,2,2024-03-05,2024-03-07,2024-03-11,2332000.0,0.0,56.1,Falla de batería
3256,840,12,4,2,2024-03-05,2024-03-06,2024-03-08,1513000.0,0.0,41.0,Falla de ventilador
3257,874,4,7,1,2024-03-06,2024-03-07,2024-03-08,247000.0,0.0,2.1,
3258,1349,10,5,2,2024-03-06,2024-03-08,2024-03-18,178000.0,0.0,192.4,No detecta línea
3259,208,14,12,2,2024-03-06,2024-03-08,2024-03-21,93000.0,28000.0,40.9,Fuga de agua
3260,674,16,4,1,2024-03-06,2024-03-07,2024-03-10,10000.0,0.0,6.7,
3261,303,20,2,1,2024-03-06,2024-03-08,2024-03-11,265000.0,0.0,4.9,
3262,655,11,1,1,2024-03-06,2024-03-07,2024-03-09,106000.0,0.0,4.0,
3263,1617,15,10,2,2024-03-06,2024-03-09,2024-03-14,1677000.0,503000.0,89.0,No alcanza temperatura
3264,984,11,6,1,2024-03-06,2024-03-06,2024-03-07,130000.0,24000.0,6.9,
3265,491,10,6,1,2024-03-06,2024-03-07,2024-03-08,212000.0,0.0,6.9,
3266,1768,3,5,1,2024-03-07,2024-03-09,2024-03-12,83000.0,0.0,1.1,
3267,1943,3,7,1,2024-03-07,2024-03-09,2024-03-10,4000.0,0.0,5.6,
3268,1556,9,2,1,2024-03-07,2024-03-08,2024-03-10,118000.0,0.0,1.4,
3269,1487,2,2,1,2024-03-07,2024-03-09,2024-03-10,116000.0,0.0,7.3,
3270,381,11,5,2,2024-03-07,2024-03-09,2024-03-23,4188000.0,0.0,62.0,Error de calibración
3271,1488,7,3,2,2024-03-07,2024-03-08,2024-03-12,0.0,0.0,84.7,Falla de presión NIBP
3272,408,12,1,1,2024-03-07,2024-03-07,2024-03-10,1870000.0,0.0,3.9,
3273,1246,12,1,1,2024-03-07,2024-03-09,2024-03-11,429000.0,55000.0,7.6,
3274,1747,7,5,2,2024-03-08,2024-03-08,2024-03-23,9000.0,0.0,262.1,Tiempo de medición excesivo
3275,401,2,5,1,2024-03-08,2024-03-08,2024-03-09,207000.0,0.0,5.2,
3276,370,1,4,1,2024-03-08,2024-03-09,2024-03-10,546000.0,0.0,4.6,
3277,1762,17,2,1,2024-03-08,2024-03-10,2024-03-13,297000.0,0.0,7.7,
3278,1300,24,6,1,2024-03-08,2024-03-09,2024-03-12,171000.0,0.0,3.4,
3279,1247,9,7,1,2024-03-08,2024-03-08,2024-03-11,110000.0,0.0,7.7,
3280,1364,7,4,1,2024-03-08,2024-03-09,2024-03-10,294000.0,67000.0,7.7,
3281,1428,12,3,1,2024-03-08,2024-03-10,2024-03-13,383000.0,0.0,7.1,
3282,1945,1,3,1,2024-03-08,2024-03-08,2024-03-11,129000.0,24000.0,4.1,
3283,482,19,11,1,2024-03-08,2024-03-10,2024-03-11,93000.0,0.0,3.1,
3284,1606,22,2,1,2024-03-08,2024-03-10,2024-03-13,247000.0,65000.0,2.6,
3285,1510,11,3,2,2024-03-09,2024-03-11,2024-03-21,368000.0,110000.0,135.7,NIBP no infla
3286,1805,5,6,2,2024-03-09,2024-03-10,2024-03-24,503000.0,0.0,137.8,SpO₂ no detecta señal
3287,1442,3,1,2,2024-03-09,2024-03-10,2024-03-14,4980000.0,0.0,21.3,Fuga de gases
3288,1003,15,10,2,2024-03-09,2024-03-10,2024-03-18,1439000.0,0.0,183.9,Ciclo incompleto
3289,1148,3,12,2,2024-03-09,2024-03-12,2024-03-13,3271000.0,0.0,19.4,Error de software
3290,808,3,2,2,2024-03-09,2024-03-12,2024-03-18,21000.0,0.0,101.2,Válvula defectuosa
3291,791,7,7,2,2024-03-10,2024-03-12,2024-03-18,278000.0,0.0,115.4,Bloqueo de seguridad dañado
3292,1472,19,10,2,2024-03-10,2024-03-10,2024-03-16,1557000.0,0.0,53.0,Pedal defectuoso
3293,499,6,1,2,2024-03-10,2024-03-12,2024-03-25,287000.0,0.0,259.0,Trazado con ruido
3294,707,21,4,1,2024-03-11,2024-03-12,2024-03-13,346000.0,0.0,2.2,
3295,264,9,6,1,2024-03-11,2024-03-11,2024-03-14,154000.0,0.0,3.9,
3296,1348,16,5,1,2024-03-11,2024-03-11,2024-03-13,272000.0,0.0,7.1,
3297,1988,18,7,2,2024-03-11,2024-03-12,2024-03-14,424000.0,103000.0,45.7,Mecanismo de altura no funciona
3298,1086,12,7,2,2024-03-11,2024-03-12,2024-03-25,250000.0,0.0,106.9,Módulo ECG dañado
3299,673,21,4,1,2024-03-11,2024-03-12,2024-03-13,164000.0,0.0,2.2,
3300,1547,8,3,1,2024-03-11,2024-03-11,2024-03-13,82000.0,0.0,4.6,
3301,1391,4,4,1,2024-03-11,2024-03-12,2024-03-14,80000.0,0.0,3.4,
3302,199,7,7,1,2024-03-11,2024-03-13,2024-03-15,121000.0,0.0,1.0,
3303,110,15,11,1,2024-03-11,2024-03-13,2024-03-15,80000.0,0.0,6.0,
3304,1869,16,7,1,2024-03-11,2024-03-13,2024-03-16,73000.0,0.0,5.1,
3305,61,17,2,1,2024-03-12,2024-03-12,2024-03-13,353000.0,0.0,7.1,
3306,1763,6,12,2,2024-03-12,2024-03-12,2024-03-19,2963000.0,0.0,140.0,Error de software
3307,1762,17,6,2,2024-03-12,2024-03-13,2024-03-17,411000.0,0.0,94.8,Módulo ECG dañado
3308,704,22,3,2,2024-03-12,2024-03-12,2024-03-21,167000.0,0.0,84.2,Electrodos/cables dañados
3309,509,12,2,2,2024-03-12,2024-03-15,2024-03-16,166000.0,0.0,8.8,Caudal incorrecto
3310,1134,1,7,1,2024-03-12,2024-03-13,2024-03-16,82000.0,23000.0,6.5,
3311,1471,4,6,1,2024-03-12,2024-03-13,2024-03-16,32000.0,0.0,4.1,
3312,175,4,7,1,2024-03-12,2024-03-14,2024-03-16,110000.0,0.0,5.7,
3313,818,4,3,1,2024-03-12,2024-03-12,2024-03-13,82000.0,0.0,3.9,
3314,731,9,7,1,2024-03-12,2024-03-14,2024-03-16,61000.0,0.0,4.1,
3315,939,19,6,1,2024-03-13,2024-03-13,2024-03-14,11000.0,0.0,2.3,
3316,226,11,4,1,2024-03-13,2024-03-13,2024-03-16,153000.0,0.0,4.9,
3317,1423,18,6,2,2024-03-13,2024-03-15,2024-03-17,25000.0,0.0,27.1,Fuga en brazalete
3318,222,12,3,1,2024-03-13,2024-03-13,2024-03-14,143000.0,0.0,4.2,
3319,516,7,2,1,2024-03-13,2024-03-13,2024-03-16,137000.0,0.0,7.9,
3320,1894,18,6,1,2024-03-13,2024-03-13,2024-03-15,120000.0,18000.0,6.6,
3321,787,1,1,1,2024-03-13,2024-03-13,2024-03-15,373000.0,80000.0,4.1,
3322,765,2,3,2,2024-03-13,2024-03-13,2024-03-27,1887000.0,0.0,106.9,Problema en válvulas internas
3323,197,6,3,1,2024-03-13,2024-03-13,2024-03-15,172000.0,27000.0,7.7,
3324,1168,2,7,1,2024-03-13,2024-03-14,2024-03-15,280000.0,0.0,2.6,
3325,922,3,3,2,2024-03-13,2024-03-16,2024-03-21,468000.0,0.0,24.4,Barandas sueltas
3326,1366,6,12,1,2024-03-13,2024-03-14,2024-03-16,306000.0,0.0,7.4,
3327,1384,16,1,1,2024-03-14,2024-03-15,2024-03-16,39000.0,0.0,7.4,
3328,1870,4,6,2,2024-03-14,2024-03-17,2024-03-25,260000.0,0.0,132.8,Lecturas erráticas
3329,1503,17,2,2,2024-03-14,2024-03-14,2024-03-18,429000.0,0.0,30.8,SpO₂ no detecta señal
3330,589,7,7,1,2024-03-14,2024-03-14,2024-03-15,236000.0,40000.0,7.6,
3331,1521,1,4,1,2024-03-14,2024-03-16,2024-03-17,132000.0,27000.0,4.2,
3332,850,4,6,1,2024-03-14,2024-03-16,2024-03-19,325000.0,0.0,4.2,
3333,1404,9,4,1,2024-03-14,2024-03-14,2024-03-17,172000.0,0.0,2.1,
3334,789,1,3,2,2024-03-14,2024-03-16,2024-03-27,1354000.0,406000.0,151.1,Temperatura inestable
3335,900,4,12,1,2024-03-14,2024-03-15,2024-03-17,338000.0,0.0,4.0,
3336,1409,12,5,1,2024-03-14,2024-03-14,2024-03-16,48000.0,0.0,4.5,
3337,1048,11,3,1,2024-03-14,2024-03-16,2024-03-18,35000.0,0.0,5.8,
3338,1506,17,3,1,2024-03-14,2024-03-15,2024-03-18,1149000.0,0.0,5.4,
3339,1612,22,4,2,2024-03-14,2024-03-14,2024-03-24,17000.0,0.0,179.1,Válvula defectuosa
3340,1804,18,3,2,2024-03-14,2024-03-14,2024-03-16,12000.0,0.0,12.6,Pera dañada
3341,1803,4,7,2,2024-03-14,2024-03-17,2024-03-31,240000.0,0.0,182.7,SpO₂ no detecta señal
3342,1039,17,6,2,2024-03-14,2024-03-14,2024-03-16,526000.0,0.0,29.0,No carga energía
3343,1873,22,5,1,2024-03-14,2024-03-15,2024-03-16,29000.0,0.0,4.1,
3344,125,1,2,1,2024-03-14,2024-03-14,2024-03-17,876000.0,0.0,4.8,
3345,1256,17,7,2,2024-03-15,2024-03-15,2024-03-24,188000.0,56000.0,116.9,Batería dañada
3346,1355,24,3,1,2024-03-15,2024-03-15,2024-03-17,189000.0,0.0,6.3,
3347,868,1,5,1,2024-03-15,2024-03-17,2024-03-19,49000.0,0.0,1.8,
3348,1617,15,11,2,2024-03-15,2024-03-15,2024-03-16,1677000.0,503000.0,15.5,No genera presión
3349,593,15,10,1,2024-03-15,2024-03-17,2024-03-18,115000.0,0.0,1.5,
3350,1671,19,10,2,2024-03-15,2024-03-15,2024-03-24,1017000.0,0.0,98.1,Lámpara dañada
3351,509,12,4,2,2024-03-15,2024-03-18,2024-04-01,166000.0,0.0,279.2,Teclado/pantalla defectuosa
3352,64,12,2,1,2024-03-15,2024-03-17,2024-03-20,130000.0,0.0,1.6,
3353,291,20,8,1,2024-03-15,2024-03-16,2024-03-19,1388000.0,0.0,1.3,
3354,1115,18,11,1,2024-03-15,2024-03-15,2024-03-16,98000.0,32000.0,4.5,
3355,269,17,8,2,2024-03-15,2024-03-18,2024-04-01,3756000.0,0.0,184.3,Imagen subexpuesta
3356,592,24,2,1,2024-03-15,2024-03-16,2024-03-19,272000.0,0.0,2.1,
3357,1950,4,9,2,2024-03-16,2024-03-16,2024-03-18,5260000.0,0.0,27.9,Transductor dañado
3358,896,17,6,2,2024-03-16,2024-03-18,2024-03-28,0.0,0.0,188.6,Error de calibración
3359,568,1,3,2,2024-03-16,2024-03-19,2024-03-24,227000.0,0.0,41.5,No detecta sensor
3360,1802,5,2,2,2024-03-17,2024-03-18,2024-03-27,513000.0,154000.0,36.2,Sistema hidráulico con fuga
3361,346,2,2,2,2024-03-17,2024-03-17,2024-03-24,522000.0,0.0,153.5,Batería agotada
3362,447,22,5,2,2024-03-17,2024-03-20,2024-03-31,18000.0,0.0,253.7,Lectura incorrecta
3363,1102,3,5,2,2024-03-17,2024-03-17,2024-03-26,272000.0,0.0,82.7,Caudal incorrecto
3364,1523,12,3,2,2024-03-18,2024-03-20,2024-03-27,151000.0,0.0,165.4,Caudal incorrecto
3365,1573,2,7,2,2024-03-18,2024-03-18,2024-04-02,2238000.0,0.0,298.8,Falla de batería
3366,878,9,7,1,2024-03-18,2024-03-19,2024-03-21,122000.0,33000.0,1.2,
3367,1707,2,5,1,2024-03-18,2024-03-19,2024-03-20,36000.0,4000.0,3.4,
3368,1771,9,3,1,2024-03-18,2024-03-18,2024-03-20,528000.0,0.0,7.9,
3369,1748,3,2,1,2024-03-18,2024-03-20,2024-03-23,60000.0,0.0,7.0,
3370,697,2,3,1,2024-03-18,2024-03-20,2024-03-22,129000.0,0.0,4.8,
3371,54,4,12,2,2024-03-18,2024-03-21,2024-03-31,1905000.0,0.0,37.9,Falla de calibración
3372,1625,19,11,2,2024-03-18,2024-03-19,2024-03-24,0.0,0.0,100.7,Torque incorrecto
3373,1329,17,2,1,2024-03-18,2024-03-18,2024-03-19,83000.0,0.0,6.5,
3374,1179,4,7,1,2024-03-19,2024-03-19,2024-03-22,9000.0,0.0,6.5,
3375,1306,3,4,1,2024-03-19,2024-03-21,2024-03-22,395000.0,0.0,3.0,
3376,1838,7,2,1,2024-03-19,2024-03-21,2024-03-22,24000.0,0.0,6.0,
3377,269,17,8,1,2024-03-19,2024-03-21,2024-03-23,1289000.0,0.0,7.5,
3378,1870,4,7,1,2024-03-19,2024-03-21,2024-03-24,208000.0,0.0,3.2,
3379,1777,1,4,1,2024-03-19,2024-03-20,2024-03-22,281000.0,69000.0,1.8,
3380,330,3,5,1,2024-03-19,2024-03-20,2024-03-23,292000.0,38000.0,1.0,
3381,376,17,2,1,2024-03-19,2024-03-21,2024-03-22,379000.0,0.0,2.7,
3382,911,17,4,1,2024-03-20,2024-03-20,2024-03-23,101000.0,0.0,2.4,
3383,1626,3,7,1,2024-03-20,2024-03-20,2024-03-23,65000.0,0.0,3.7,
3384,1800,18,6,1,2024-03-20,2024-03-21,2024-03-23,40000.0,0.0,7.5,
3385,514,2,1,2,2024-03-20,2024-03-22,2024-03-30,403000.0,0.0,110.2,Lecturas erráticas
3386,570,3,3,1,2024-03-20,2024-03-21,2024-03-22,126000.0,21000.0,6.2,
3387,615,17,7,1,2024-03-20,2024-03-21,2024-03-22,84000.0,0.0,4.2,
3388,155,8,1,1,2024-03-20,2024-03-22,2024-03-25,114000.0,0.0,2.1,
3389,474,21,7,1,2024-03-20,2024-03-20,2024-03-21,109000.0,0.0,1.8,
3390,1243,15,11,1,2024-03-20,2024-03-20,2024-03-23,152000.0,21000.0,4.7,
3391,1835,20,9,1,2024-03-20,2024-03-20,2024-03-21,271000.0,0.0,1.1,
3392,947,12,4,1,2024-03-20,2024-03-21,2024-03-22,156000.0,0.0,4.5,
3393,732,11,1,1,2024-03-21,2024-03-23,2024-03-24,499000.0,0.0,7.2,
3394,1604,7,2,2,2024-03-21,2024-03-24,2024-03-30,3380000.0,860000.0,15.8,Alarma de presión
3395,1730,15,11,1,2024-03-21,2024-03-21,2024-03-22,142000.0,0.0,6.0,
3396,860,11,2,1,2024-03-21,2024-03-22,2024-03-23,160000.0,0.0,4.7,
3397,1745,24,2,1,2024-03-21,2024-03-23,2024-03-26,46000.0,0.0,1.1,
3398,1908,10,5,1,2024-03-21,2024-03-21,2024-03-24,354000.0,57000.0,6.6,
3399,126,13,2,1,2024-03-21,2024-03-23,2024-03-26,23000.0,0.0,4.6,
3400,640,16,5,2,2024-03-22,2024-03-25,2024-04-03,5000.0,0.0,121.4,Puerto sucio
3401,167,9,4,1,2024-03-22,2024-03-24,2024-03-27,18000.0,0.0,2.2,
3402,410,12,4,1,2024-03-22,2024-03-23,2024-03-26,811000.0,0.0,3.9,
3403,637,9,8,2,2024-03-22,2024-03-22,2024-03-28,60000000.0,0.0,19.3,Falla de detector
3404,906,22,4,1,2024-03-22,2024-03-24,2024-03-27,6000.0,0.0,2.2,
3405,53,10,2,1,2024-03-22,2024-03-22,2024-03-24,154000.0,0.0,3.9,
3406,1573,3,3,1,2024-03-22,2024-03-24,2024-03-26,617000.0,0.0,5.2,
3407,815,10,5,1,2024-03-22,2024-03-22,2024-03-25,434000.0,0.0,7.9,
3408,344,15,11,2,2024-03-23,2024-03-25,2024-04-02,1682000.0,0.0,122.7,Puerta no cierra
3409,405,9,5,2,2024-03-23,2024-03-24,2024-03-27,192000.0,58000.0,26.0,No detecta línea
3410,407,17,9,2,2024-03-23,2024-03-23,2024-03-29,1442000.0,0.0,69.6,Pantalla defectuosa
3411,1971,4,2,2,2024-03-24,2024-03-27,2024-03-30,160000.0,46000.0,28.5,No detecta línea
3412,550,7,3,2,2024-03-24,2024-03-26,2024-04-07,96000.0,0.0,196.2,Batería agotada
3413,1546,7,5,2,2024-03-24,2024-03-26,2024-04-02,416000.0,0.0,53.7,SpO₂ no detecta señal
3414,65,22,1,2,2024-03-24,2024-03-27,2024-04-11,390000.0,0.0,101.2,Colchón dañado
3415,1733,19,11,1,2024-03-25,2024-03-25,2024-03-27,771000.0,100000.0,1.1,
3416,637,9,8,1,2024-03-25,2024-03-25,2024-03-28,25089000.0,0.0,8.0,
3417,1285,15,11,1,2024-03-25,2024-03-27,2024-03-30,165000.0,31000.0,7.4,
3418,1301,9,8,2,2024-03-25,2024-03-27,2024-03-30,5584000.0,0.0,42.2,Falla de detector
3419,306,3,7,2,2024-03-25,2024-03-28,2024-03-30,152000.0,45000.0,21.0,Puerta o clamp dañado
3420,613,13,2,1,2024-03-25,2024-03-27,2024-03-28,270000.0,0.0,5.6,
3421,1878,6,6,1,2024-03-25,2024-03-25,2024-03-26,120000.0,0.0,3.5,
3422,177,17,5,2,2024-03-25,2024-03-27,2024-03-30,211000.0,0.0,20.1,Alarma de oclusión
3423,1074,2,6,2,2024-03-25,2024-03-26,2024-03-28,202000.0,0.0,19.7,Puerta o clamp dañado
3424,813,2,4,1,2024-03-25,2024-03-26,2024-03-28,124000.0,0.0,7.2,
3425,1867,6,3,1,2024-03-25,2024-03-25,2024-03-28,26000.0,0.0,4.8,
3426,69,21,7,2,2024-03-25,2024-03-25,2024-03-30,173000.0,0.0,44.7,Puerta o clamp dañado
3427,851,8,8,2,2024-03-25,2024-03-28,2024-04-04,5754000.0,0.0,100.1,Falla de detector
3428,1690,17,5,1,2024-03-26,2024-03-26,2024-03-27,125000.0,0.0,7.8,
3429,465,10,7,1,2024-03-26,2024-03-27,2024-03-30,836000.0,198000.0,4.8,
3430,280,9,4,2,2024-03-26,2024-03-26,2024-04-06,182000.0,39000.0,67.6,No detecta línea
3431,262,15,10,1,2024-03-26,2024-03-28,2024-03-29,715000.0,0.0,2.7,
3432,1415,19,5,1,2024-03-26,2024-03-27,2024-03-29,91000.0,4000.0,1.7,
3433,1826,2,3,1,2024-03-26,2024-03-28,2024-03-30,25000.0,0.0,6.5,
3434,411,1,1,1,2024-03-26,2024-03-26,2024-03-28,312000.0,0.0,5.2,
3435,256,10,2,1,2024-03-26,2024-03-26,2024-03-27,78000.0,0.0,6.3,
3436,825,22,4,1,2024-03-26,2024-03-28,2024-03-30,140000.0,64000.0,4.1,
3437,904,8,8,1,2024-03-26,2024-03-26,2024-03-28,4796000.0,0.0,3.8,
3438,1369,12,1,2,2024-03-26,2024-03-26,2024-03-28,156000.0,0.0,13.1,Trazado con ruido
3439,525,22,5,2,2024-03-26,2024-03-27,2024-04-01,168000.0,0.0,34.0,Alarmas inoperativas
3440,1262,12,3,2,2024-03-26,2024-03-29,2024-03-30,115000.0,0.0,19.6,Display defectuoso
3441,6,4,1,1,2024-03-27,2024-03-28,2024-03-31,152000.0,0.0,4.7,
3442,1393,3,6,1,2024-03-27,2024-03-29,2024-03-31,84000.0,0.0,2.6,
3443,298,12,2,1,2024-03-27,2024-03-29,2024-03-30,142000.0,0.0,5.6,
3444,1459,11,7,2,2024-03-27,2024-03-30,2024-04-12,2181000.0,0.0,173.9,Problema en válvulas internas
3445,1644,11,6,2,2024-03-27,2024-03-27,2024-04-04,131000.0,0.0,188.3,Falla de presión NIBP
3446,782,1,1,2,2024-03-27,2024-03-28,2024-04-07,121000.0,0.0,151.2,Teclado/pantalla defectuosa
3447,1676,1,1,2,2024-03-27,2024-03-29,2024-04-01,3106000.0,0.0,21.7,Sensor de flujo defectuoso
3448,1921,21,1,1,2024-03-27,2024-03-29,2024-03-31,384000.0,0.0,3.3,
3449,830,12,5,1,2024-03-27,2024-03-29,2024-04-01,166000.0,67000.0,2.6,
3450,1715,4,6,1,2024-03-28,2024-03-29,2024-03-31,213000.0,0.0,2.9,
3451,692,17,7,1,2024-03-28,2024-03-30,2024-04-01,66000.0,0.0,2.1,
3452,1085,12,7,1,2024-03-28,2024-03-29,2024-03-31,414000.0,0.0,6.1,
3453,1077,4,6,1,2024-03-28,2024-03-29,2024-03-31,313000.0,73000.0,2.6,
3454,656,4,2,1,2024-03-28,2024-03-29,2024-04-01,14000.0,1000.0,5.4,
3455,1856,19,11,2,2024-03-28,2024-03-31,2024-04-03,1286000.0,0.0,71.1,Fuga de agua/aire
3456,1763,6,12,1,2024-03-28,2024-03-28,2024-03-29,2072000.0,0.0,6.3,
3457,1757,21,1,1,2024-03-29,2024-03-31,2024-04-03,198000.0,28000.0,4.4,
3458,1058,17,4,1,2024-03-29,2024-03-29,2024-03-30,1077000.0,0.0,6.8,
3459,1510,11,1,1,2024-03-29,2024-03-29,2024-03-31,192000.0,43000.0,5.7,
3460,788,12,7,1,2024-03-29,2024-03-30,2024-04-02,326000.0,0.0,7.3,
3461,1452,7,2,1,2024-03-29,2024-03-31,2024-04-02,1349000.0,339000.0,5.0,
3462,1312,21,3,1,2024-03-29,2024-03-31,2024-04-03,39000.0,0.0,5.2,
3463,862,8,4,1,2024-03-29,2024-03-29,2024-03-30,244000.0,0.0,1.8,
3464,965,13,8,1,2024-03-29,2024-03-31,2024-04-01,1036000.0,0.0,7.3,
3465,1913,5,1,2,2024-04-01,2024-04-03,2024-04-17,14000.0,0.0,201.8,Lectura incorrecta
3466,1108,3,12,1,2024-04-01,2024-04-01,2024-04-02,399000.0,0.0,7.0,
3467,236,2,5,2,2024-04-01,2024-04-02,2024-04-13,623000.0,141000.0,138.8,Batería agotada
3468,1268,1,4,2,2024-04-01,2024-04-01,2024-04-07,1459000.0,0.0,66.5,Sensor de humedad defectuoso
3469,316,9,4,1,2024-04-01,2024-04-02,2024-04-04,154000.0,0.0,4.3,
3470,1607,9,4,1,2024-04-01,2024-04-02,2024-04-05,30000.0,0.0,6.1,
3471,203,2,3,1,2024-04-01,2024-04-03,2024-04-06,2062000.0,0.0,4.3,
3472,985,22,2,1,2024-04-02,2024-04-03,2024-04-04,61000.0,0.0,5.8,
3473,1104,12,4,1,2024-04-02,2024-04-02,2024-04-03,112000.0,0.0,6.8,
3474,841,4,9,2,2024-04-02,2024-04-05,2024-04-16,3590000.0,1347000.0,227.1,Imagen con ruido
3475,1302,11,1,2,2024-04-02,2024-04-05,2024-04-15,2445000.0,0.0,14.3,Sensor defectuoso
3476,284,15,11,1,2024-04-02,2024-04-02,2024-04-03,141000.0,0.0,6.8,
3477,842,19,10,1,2024-04-03,2024-04-03,2024-04-05,963000.0,0.0,6.3,
3478,501,5,4,1,2024-04-03,2024-04-04,2024-04-07,54000.0,0.0,7.2,
3479,653,6,12,1,2024-04-03,2024-04-05,2024-04-07,1887000.0,0.0,7.2,
3480,1233,3,6,1,2024-04-03,2024-04-03,2024-04-04,167000.0,0.0,7.0,
3481,1679,3,12,2,2024-04-03,2024-04-04,2024-04-16,2910000.0,0.0,69.3,Obstrucción de pipetas
3482,413,5,3,1,2024-04-03,2024-04-04,2024-04-07,8000.0,0.0,6.0,
3483,1227,3,4,2,2024-04-03,2024-04-06,2024-04-08,12000.0,0.0,47.3,Sensor dañado
3484,563,12,7,1,2024-04-03,2024-04-03,2024-04-05,113000.0,0.0,5.8,
3485,1557,4,8,1,2024-04-03,2024-04-05,2024-04-07,5248000.0,0.0,4.0,
3486,726,4,1,1,2024-04-04,2024-04-04,2024-04-06,41000.0,3000.0,4.0,
3487,1116,1,4,1,2024-04-04,2024-04-06,2024-04-09,2033000.0,0.0,7.1,
3488,1148,3,12,1,2024-04-04,2024-04-05,2024-04-06,1696000.0,0.0,3.2,
3489,166,22,6,2,2024-04-04,2024-04-07,2024-04-10,80000.0,0.0,52.6,Pantalla dañada
3490,910,17,2,2,2024-04-04,2024-04-07,2024-04-21,457000.0,114000.0,93.1,Cables de paciente defectuosos
3491,89,12,6,2,2024-04-05,2024-04-08,2024-04-09,178000.0,0.0,22.1,SpO₂ sin lectura
3492,1440,10,1,1,2024-04-05,2024-04-05,2024-04-08,449000.0,0.0,5.0,
3493,1714,21,2,1,2024-04-05,2024-04-05,2024-04-08,123000.0,0.0,4.6,
3494,1569,12,2,1,2024-04-05,2024-04-07,2024-04-09,31000.0,0.0,7.1,
3495,790,3,1,1,2024-04-05,2024-04-06,2024-04-08,2356000.0,0.0,7.0,
3496,617,9,8,2,2024-04-05,2024-04-05,2024-04-09,4684000.0,0.0,50.3,Batería defectuosa
3497,1162,1,7,1,2024-04-05,2024-04-05,2024-04-07,70000.0,0.0,3.1,
3498,134,9,4,1,2024-04-05,2024-04-05,2024-04-06,159000.0,6000.0,3.3,
3499,1102,3,5,2,2024-04-06,2024-04-07,2024-04-08,272000.0,0.0,17.8,Bloqueo de seguridad dañado
3500,112,10,3,2,2024-04-06,2024-04-07,2024-04-18,423000.0,127000.0,159.2,Módulo ECG dañado
3501,1546,7,1,2,2024-04-06,2024-04-07,2024-04-12,416000.0,0.0,37.6,Pantalla sin imagen
3502,509,12,5,2,2024-04-07,2024-04-10,2024-04-22,166000.0,0.0,244.9,Puerta o clamp dañado
3503,1729,4,1,2,2024-04-07,2024-04-10,2024-04-21,402000.0,0.0,29.9,Pantalla sin imagen
3504,49,16,12,2,2024-04-08,2024-04-11,2024-04-13,491000.0,0.0,32.7,Registro de temperatura incorrecto
3505,934,7,5,1,2024-04-08,2024-04-09,2024-04-11,2951000.0,0.0,6.3,
3506,1664,7,7,1,2024-04-08,2024-04-10,2024-04-13,74000.0,0.0,6.1,
3507,449,3,3,2,2024-04-08,2024-04-11,2024-04-26,1914000.0,0.0,252.7,Problema en válvulas internas
3508,686,1,7,1,2024-04-08,2024-04-08,2024-04-09,339000.0,0.0,5.1,
3509,1177,22,7,2,2024-04-08,2024-04-10,2024-04-24,382000.0,0.0,166.4,Alarmas defectuosas
3510,889,17,9,1,2024-04-08,2024-04-09,2024-04-10,535000.0,0.0,1.3,
3511,755,10,4,2,2024-04-08,2024-04-08,2024-04-13,156000.0,0.0,82.3,Batería dañada
3512,144,8,9,1,2024-04-08,2024-04-08,2024-04-10,1195000.0,0.0,7.5,
3513,994,24,4,2,2024-04-08,2024-04-10,2024-04-15,363000.0,93000.0,23.1,NIBP no infla
3514,973,9,2,2,2024-04-09,2024-04-10,2024-04-20,281000.0,0.0,122.8,Alarmas defectuosas
3515,562,3,7,1,2024-04-09,2024-04-09,2024-04-12,371000.0,41000.0,6.1,
3516,630,14,1,1,2024-04-09,2024-04-11,2024-04-14,95000.0,0.0,6.7,
3517,236,2,3,1,2024-04-09,2024-04-10,2024-04-11,335000.0,61000.0,3.2,
3518,1067,1,1,1,2024-04-09,2024-04-11,2024-04-13,82000.0,0.0,2.8,
3519,16,12,1,1,2024-04-09,2024-04-11,2024-04-14,148000.0,0.0,6.4,
3520,1220,2,6,1,2024-04-09,2024-04-09,2024-04-11,38000.0,0.0,2.3,
3521,655,11,1,2,2024-04-09,2024-04-10,2024-04-25,199000.0,0.0,209.0,SpO₂ sin lectura
3522,95,4,3,1,2024-04-09,2024-04-11,2024-04-13,117000.0,0.0,4.8,
3523,1079,12,4,1,2024-04-09,2024-04-11,2024-04-13,164000.0,0.0,7.1,
3524,737,11,3,1,2024-04-09,2024-04-09,2024-04-10,981000.0,0.0,6.7,
3525,1766,9,8,2,2024-04-09,2024-04-09,2024-04-14,15969000.0,0.0,83.3,Sobrecalentamiento
3526,1369,12,3,2,2024-04-09,2024-04-09,2024-04-21,156000.0,0.0,96.3,Impresora no imprime
3527,250,2,7,1,2024-04-09,2024-04-09,2024-04-11,106000.0,0.0,5.9,
3528,948,10,7,1,2024-04-10,2024-04-11,2024-04-12,1568000.0,382000.0,6.0,
3529,1171,11,7,1,2024-04-10,2024-04-11,2024-04-14,110000.0,0.0,5.0,
3530,1978,18,2,2,2024-04-10,2024-04-11,2024-04-17,19000.0,0.0,108.1,Manómetro descalibrado
3531,1631,22,7,1,2024-04-10,2024-04-11,2024-04-13,269000.0,0.0,3.3,
3532,834,12,4,1,2024-04-10,2024-04-10,2024-04-13,19000.0,0.0,3.2,
3533,81,11,3,1,2024-04-10,2024-04-12,2024-04-14,162000.0,0.0,3.1,
3534,1128,12,5,1,2024-04-10,2024-04-10,2024-04-11,139000.0,0.0,6.0,
3535,1907,2,3,2,2024-04-10,2024-04-11,2024-04-14,489000.0,0.0,40.4,Descarga fallida
3536,1182,6,7,1,2024-04-10,2024-04-10,2024-04-13,349000.0,0.0,5.7,
3537,747,15,11,1,2024-04-10,2024-04-12,2024-04-14,63000.0,0.0,7.2,
3538,492,11,3,1,2024-04-10,2024-04-12,2024-04-15,101000.0,0.0,4.8,
3539,1830,11,5,1,2024-04-10,2024-04-12,2024-04-14,398000.0,0.0,2.9,
3540,17,11,5,1,2024-04-10,2024-04-12,2024-04-14,299000.0,0.0,6.9,
3541,1051,10,5,1,2024-04-10,2024-04-11,2024-04-14,1268000.0,0.0,1.0,
3542,541,19,1,2,2024-04-11,2024-04-13,2024-04-21,97000.0,0.0,78.9,Peso incorrecto
3543,1095,15,11,1,2024-04-11,2024-04-13,2024-04-14,59000.0,10000.0,1.7,
3544,1542,12,7,1,2024-04-11,2024-04-13,2024-04-16,561000.0,0.0,1.2,
3545,667,4,7,1,2024-04-11,2024-04-13,2024-04-15,252000.0,0.0,2.4,
3546,1705,10,1,1,2024-04-11,2024-04-12,2024-04-14,131000.0,0.0,2.4,
3547,1730,15,10,2,2024-04-11,2024-04-13,2024-04-25,224000.0,0.0,203.9,No sella correctamente
3548,534,1,2,1,2024-04-11,2024-04-12,2024-04-14,328000.0,65000.0,4.3,
3549,1818,2,3,1,2024-04-12,2024-04-13,2024-04-14,57000.0,0.0,7.5,
3550,735,8,1,1,2024-04-12,2024-04-12,2024-04-13,30000.0,0.0,1.5,
3551,1842,17,6,1,2024-04-12,2024-04-12,2024-04-14,1441000.0,0.0,4.1,
3552,1533,5,6,2,2024-04-12,2024-04-15,2024-04-22,14000.0,4000.0,14.8,Tiempo de medición excesivo
3553,197,6,5,2,2024-04-12,2024-04-14,2024-04-20,386000.0,116000.0,30.2,Mecanismo de altura no funciona
3554,1334,5,12,1,2024-04-12,2024-04-12,2024-04-13,108000.0,0.0,2.1,
3555,743,10,3,2,2024-04-12,2024-04-14,2024-04-27,181000.0,54000.0,226.5,Caudal incorrecto
3556,1590,3,2,2,2024-04-13,2024-04-13,2024-04-23,522000.0,0.0,192.1,Pantalla sin imagen
3557,27,12,1,2,2024-04-13,2024-04-15,2024-04-28,1257000.0,0.0,17.5,Alarma no funciona
3558,1778,2,6,2,2024-04-13,2024-04-13,2024-04-23,11000.0,0.0,107.5,Batería agotada
3559,173,3,7,2,2024-04-13,2024-04-16,2024-04-21,169000.0,0.0,51.8,Caudal incorrecto
3560,1069,12,6,2,2024-04-14,2024-04-14,2024-04-18,5886000.0,0.0,65.8,Error en sensor de oxígeno
3561,1461,6,4,2,2024-04-14,2024-04-16,2024-04-29,161000.0,0.0,269.2,Pantalla dañada
3562,510,24,4,2,2024-04-14,2024-04-17,2024-04-24,415000.0,0.0,34.8,Módulo ECG dañado
3563,1031,12,5,2,2024-04-14,2024-04-16,2024-04-24,117000.0,0.0,46.1,Puerta o clamp dañado
3564,588,2,4,2,2024-04-14,2024-04-17,2024-04-21,2417000.0,0.0,55.6,Alarma de presión
3565,815,10,2,2,2024-04-15,2024-04-17,2024-05-01,682000.0,0.0,289.1,No carga energía
3566,1902,20,5,1,2024-04-15,2024-04-15,2024-04-18,34000.0,2000.0,1.8,
3567,888,6,5,1,2024-04-15,2024-04-16,2024-04-17,26000.0,0.0,2.8,
3568,943,4,1,1,2024-04-15,2024-04-15,2024-04-16,1511000.0,624000.0,1.2,
3569,1656,13,9,1,2024-04-15,2024-04-17,2024-04-20,1038000.0,0.0,3.1,
3570,1519,8,8,1,2024-04-15,2024-04-17,2024-04-18,1173000.0,0.0,4.7,
3571,1516,9,5,1,2024-04-15,2024-04-15,2024-04-18,101000.0,0.0,3.7,
3572,574,1,4,1,2024-04-15,2024-04-16,2024-04-19,392000.0,0.0,2.8,
3573,276,3,4,2,2024-04-15,2024-04-17,2024-04-18,307000.0,0.0,12.2,No enciende
3574,1466,4,5,1,2024-04-15,2024-04-17,2024-04-19,258000.0,42000.0,2.0,
3575,683,1,6,2,2024-04-15,2024-04-16,2024-04-21,26000.0,0.0,22.8,Pera dañada
3576,1064,20,3,2,2024-04-15,2024-04-17,2024-04-26,58000.0,0.0,43.9,Óptica sucia
3577,285,10,1,2,2024-04-15,2024-04-18,2024-05-02,646000.0,0.0,211.9,Batería agotada
3578,32,12,7,1,2024-04-16,2024-04-17,2024-04-18,18000.0,0.0,4.7,
3579,1798,9,6,1,2024-04-16,2024-04-16,2024-04-19,1705000.0,0.0,3.5,
3580,476,9,1,2,2024-04-16,2024-04-17,2024-04-20,2625000.0,0.0,28.3,Error de calibración
3581,144,8,9,2,2024-04-16,2024-04-18,2024-05-03,4017000.0,0.0,125.4,Transductor dañado
3582,832,4,4,2,2024-04-16,2024-04-16,2024-04-21,127000.0,0.0,94.0,Caudal incorrecto
3583,113,11,6,1,2024-04-16,2024-04-17,2024-04-19,31000.0,0.0,7.7,
3584,1245,19,7,2,2024-04-16,2024-04-18,2024-04-27,189000.0,0.0,144.1,Boquilla obstruida
3585,684,21,5,1,2024-04-17,2024-04-19,2024-04-22,1056000.0,415000.0,7.2,
3586,1540,2,4,1,2024-04-17,2024-04-17,2024-04-20,1263000.0,0.0,7.5,
3587,123,8,4,1,2024-04-17,2024-04-18,2024-04-20,149000.0,0.0,8.0,
3588,264,9,5,2,2024-04-17,2024-04-18,2024-05-02,162000.0,0.0,179.1,No detecta línea
3589,1522,24,4,2,2024-04-17,2024-04-18,2024-04-20,371000.0,0.0,14.7,Módulo ECG dañado
3590,1671,19,10,1,2024-04-17,2024-04-19,2024-04-20,594000.0,0.0,7.6,
3591,1797,11,7,1,2024-04-17,2024-04-18,2024-04-19,343000.0,0.0,4.7,
3592,907,5,2,1,2024-04-17,2024-04-18,2024-04-21,44000.0,5000.0,1.6,
3593,1500,9,12,1,2024-04-17,2024-04-17,2024-04-18,191000.0,0.0,1.3,
3594,476,9,2,1,2024-04-17,2024-04-19,2024-04-21,1009000.0,0.0,4.5,
3595,347,7,5,1,2024-04-17,2024-04-18,2024-04-20,35000.0,0.0,2.8,
3596,1629,24,6,1,2024-04-17,2024-04-18,2024-04-21,366000.0,0.0,1.0,
3597,1440,10,7,2,2024-04-17,2024-04-19,2024-04-22,1298000.0,0.0,65.9,Sensor de humedad defectuoso
3598,1413,3,6,2,2024-04-17,2024-04-19,2024-05-01,497000.0,121000.0,103.0,No enciende
3599,508,3,3,1,2024-04-17,2024-04-17,2024-04-20,212000.0,0.0,5.0,
3600,1864,6,3,1,2024-04-18,2024-04-20,2024-04-21,98000.0,31000.0,7.7,
3601,867,10,1,2,2024-04-18,2024-04-19,2024-05-02,131000.0,0.0,172.5,Teclado/pantalla defectuosa
3602,1382,15,10,1,2024-04-18,2024-04-19,2024-04-21,83000.0,0.0,5.4,
3603,119,11,3,1,2024-04-18,2024-04-20,2024-04-23,1658000.0,0.0,4.8,
3604,160,9,1,1,2024-04-18,2024-04-18,2024-04-21,125000.0,0.0,7.5,
3605,740,2,5,1,2024-04-18,2024-04-20,2024-04-21,147000.0,0.0,2.2,
3606,103,1,7,1,2024-04-18,2024-04-20,2024-04-22,530000.0,0.0,1.6,
3607,1402,6,7,2,2024-04-19,2024-04-22,2024-05-01,370000.0,67000.0,128.2,Alarmas defectuosas
3608,1348,16,1,2,2024-04-19,2024-04-19,2024-04-28,422000.0,0.0,204.5,Frenos defectuosos
3609,903,17,7,1,2024-04-19,2024-04-21,2024-04-22,101000.0,0.0,7.9,
3610,1137,11,6,1,2024-04-19,2024-04-21,2024-04-23,83000.0,10000.0,3.1,
3611,1422,2,3,1,2024-04-19,2024-04-20,2024-04-22,213000.0,0.0,5.0,
3612,1311,3,12,1,2024-04-19,2024-04-20,2024-04-22,193000.0,0.0,7.5,
3613,1022,19,11,1,2024-04-19,2024-04-19,2024-04-21,2637000.0,630000.0,4.5,
3614,225,12,1,1,2024-04-19,2024-04-21,2024-04-22,96000.0,13000.0,1.8,
3615,409,10,2,1,2024-04-19,2024-04-19,2024-04-21,220000.0,103000.0,2.6,
3616,487,21,5,2,2024-04-20,2024-04-23,2024-04-24,438000.0,0.0,21.8,Alarmas defectuosas
3617,1978,18,2,2,2024-04-20,2024-04-22,2024-04-23,19000.0,0.0,17.5,Manómetro descalibrado
3618,385,5,2,2,2024-04-20,2024-04-23,2024-05-04,138000.0,0.0,208.2,Alarmas inoperativas
3619,1831,20,9,2,2024-04-21,2024-04-22,2024-05-02,0.0,0.0,129.4,Pantalla dañada
3620,280,9,4,2,2024-04-21,2024-04-22,2024-04-28,182000.0,55000.0,113.4,Teclado/pantalla defectuosa
3621,228,12,2,2,2024-04-22,2024-04-23,2024-05-07,3345000.0,0.0,278.9,Sensor defectuoso
3622,31,22,2,1,2024-04-22,2024-04-24,2024-04-26,17000.0,0.0,7.2,
3623,587,11,6,1,2024-04-22,2024-04-23,2024-04-24,21000.0,0.0,3.1,
3624,1305,9,1,2,2024-04-23,2024-04-26,2024-04-27,173000.0,0.0,17.1,Puerta o clamp dañado
3625,229,12,5,2,2024-04-23,2024-04-23,2024-05-04,1081000.0,0.0,223.0,Falla de ventilador
3626,1898,7,3,1,2024-04-23,2024-04-24,2024-04-27,122000.0,19000.0,4.1,
3627,1318,15,10,1,2024-04-23,2024-04-24,2024-04-25,1574000.0,0.0,7.6,
3628,1665,5,3,1,2024-04-23,2024-04-25,2024-04-26,295000.0,93000.0,2.7,
3629,381,11,5,2,2024-04-23,2024-04-23,2024-05-07,3797000.0,0.0,118.4,Sensor de flujo defectuoso
3630,1683,8,5,1,2024-04-23,2024-04-24,2024-04-27,214000.0,51000.0,2.9,
3631,892,2,2,1,2024-04-24,2024-04-25,2024-04-27,2793000.0,0.0,6.6,
3632,666,3,4,1,2024-04-24,2024-04-25,2024-04-26,266000.0,0.0,2.1,
3633,721,18,6,1,2024-04-24,2024-04-24,2024-04-25,33000.0,0.0,5.9,
3634,1252,22,5,1,2024-04-24,2024-04-24,2024-04-27,25000.0,1000.0,3.8,
3635,1362,15,11,1,2024-04-24,2024-04-26,2024-04-29,113000.0,38000.0,3.7,
3636,1907,12,7,1,2024-04-24,2024-04-25,2024-04-26,336000.0,0.0,4.6,
3637,1825,21,2,1,2024-04-24,2024-04-24,2024-04-26,38000.0,0.0,5.9,
3638,742,10,1,2,2024-04-24,2024-04-27,2024-05-03,25000.0,8000.0,86.3,Válvula defectuosa
3639,831,2,3,2,2024-04-24,2024-04-27,2024-05-06,14000.0,0.0,68.4,Manómetro descalibrado
3640,14,7,6,1,2024-04-25,2024-04-27,2024-04-28,263000.0,27000.0,5.4,
3641,4,5,2,2,2024-04-25,2024-04-26,2024-05-05,27000.0,0.0,193.5,Manómetro descalibrado
3642,163,5,1,1,2024-04-25,2024-04-25,2024-04-27,260000.0,0.0,1.9,
3643,1455,13,7,1,2024-04-25,2024-04-27,2024-04-29,92000.0,0.0,3.8,
3644,247,18,10,1,2024-04-25,2024-04-25,2024-04-26,154000.0,0.0,5.9,
3645,1966,20,8,1,2024-04-25,2024-04-27,2024-04-30,276000.0,0.0,2.1,
3646,152,10,7,1,2024-04-25,2024-04-25,2024-04-26,33000.0,0.0,6.3,
3647,1401,3,7,1,2024-04-25,2024-04-27,2024-04-29,981000.0,0.0,1.1,
3648,751,12,6,1,2024-04-25,2024-04-27,2024-04-29,467000.0,0.0,3.4,
3649,1242,12,2,1,2024-04-25,2024-04-25,2024-04-26,150000.0,23000.0,2.0,
3650,1458,1,1,1,2024-04-26,2024-04-27,2024-04-29,127000.0,0.0,5.9,
3651,780,12,12,2,2024-04-26,2024-04-28,2024-05-03,564000.0,0.0,70.1,Temperatura fuera de rango
3652,359,19,3,1,2024-04-26,2024-04-26,2024-04-29,30000.0,0.0,5.5,
3653,283,11,1,1,2024-04-26,2024-04-28,2024-04-30,148000.0,29000.0,7.3,
3654,446,1,3,1,2024-04-26,2024-04-27,2024-04-28,90000.0,0.0,7.8,
3655,663,1,6,2,2024-04-26,2024-04-29,2024-05-13,0.0,0.0,29.4,Alarma no funciona
3656,1420,5,3,1,2024-04-26,2024-04-26,2024-04-27,131000.0,0.0,7.4,
3657,1332,4,8,1,2024-04-26,2024-04-28,2024-05-01,42471000.0,0.0,5.6,
3658,1607,9,1,2,2024-04-26,2024-04-27,2024-05-06,14000.0,0.0,192.8,Manómetro descalibrado
3659,576,22,7,2,2024-04-26,2024-04-27,2024-05-07,600000.0,0.0,96.6,Lecturas erráticas
3660,798,3,6,1,2024-04-26,2024-04-27,2024-04-29,137000.0,0.0,7.0,
3661,1941,9,7,1,2024-04-26,2024-04-27,2024-04-29,139000.0,0.0,2.8,
3662,495,9,9,2,2024-04-26,2024-04-29,2024-05-06,3869000.0,0.0,60.9,Congelamiento del software
3663,1442,3,7,2,2024-04-27,2024-04-29,2024-05-11,4980000.0,0.0,47.1,Falla en vaporizador
3664,984,11,2,2,2024-04-27,2024-04-30,2024-05-03,132000.0,40000.0,40.1,Batería dañada
3665,1611,10,1,2,2024-04-27,2024-04-28,2024-05-10,393000.0,0.0,247.8,Alarmas defectuosas
3666,1860,11,3,2,2024-04-28,2024-04-29,2024-05-08,14000.0,0.0,80.1,Sensor dañado
3667,1198,4,12,2,2024-04-28,2024-04-28,2024-05-08,570000.0,0.0,102.8,Condensador sucio
3668,1978,18,1,1,2024-04-29,2024-05-01,2024-05-02,35000.0,0.0,2.6,
3669,116,10,4,1,2024-04-29,2024-05-01,2024-05-04,198000.0,0.0,3.5,
3670,650,7,2,1,2024-04-29,2024-04-29,2024-05-01,113000.0,0.0,1.2,
3671,1083,8,5,1,2024-04-29,2024-05-01,2024-05-03,179000.0,0.0,1.8,
3672,279,8,7,1,2024-04-29,2024-04-30,2024-05-01,75000.0,0.0,3.7,
3673,1431,14,7,1,2024-04-29,2024-04-29,2024-04-30,18000.0,0.0,2.8,
3674,1936,1,3,1,2024-04-29,2024-04-30,2024-05-01,2000000.0,588000.0,5.2,
3675,57,5,5,1,2024-04-30,2024-05-01,2024-05-03,25000.0,0.0,7.0,
3676,481,21,1,1,2024-04-30,2024-05-01,2024-05-03,125000.0,0.0,3.2,
3677,1635,2,1,1,2024-04-30,2024-04-30,2024-05-01,49000.0,0.0,1.1,
3678,1047,1,2,1,2024-04-30,2024-04-30,2024-05-03,721000.0,0.0,4.2,
3679,1240,24,6,1,2024-04-30,2024-04-30,2024-05-01,12000.0,0.0,1.8,
3680,484,24,4,1,2024-05-01,2024-05-01,2024-05-02,269000.0,0.0,2.8,
3681,1198,4,12,2,2024-05-01,2024-05-02,2024-05-09,570000.0,0.0,147.6,Puerta no sella
3682,305,5,12,2,2024-05-01,2024-05-04,2024-05-05,249000.0,75000.0,20.4,Condensador sucio
3683,54,9,12,2,2024-05-01,2024-05-03,2024-05-10,1905000.0,0.0,118.1,Problemas de lavado
3684,54,9,12,2,2024-05-01,2024-05-02,2024-05-06,1905000.0,0.0,46.2,Falla de calibración
3685,220,14,3,2,2024-05-01,2024-05-03,2024-05-17,69000.0,0.0,143.1,Celda de carga dañada
3686,369,8,4,1,2024-05-01,2024-05-01,2024-05-03,27000.0,0.0,7.1,
3687,1961,10,7,1,2024-05-01,2024-05-01,2024-05-03,2265000.0,0.0,7.3,
3688,1695,2,1,1,2024-05-01,2024-05-02,2024-05-03,42000.0,0.0,3.6,
3689,830,12,2,2,2024-05-01,2024-05-01,2024-05-16,391000.0,117000.0,59.0,Pantalla dañada
3690,883,15,10,1,2024-05-01,2024-05-02,2024-05-03,138000.0,0.0,1.9,
3691,1914,12,4,1,2024-05-01,2024-05-03,2024-05-05,698000.0,151000.0,4.2,
3692,1029,12,12,1,2024-05-02,2024-05-03,2024-05-04,133000.0,0.0,3.4,
3693,430,22,4,1,2024-05-02,2024-05-02,2024-05-04,10000.0,0.0,4.5,
3694,1687,7,1,1,2024-05-02,2024-05-04,2024-05-05,140000.0,0.0,3.1,
3695,569,1,6,1,2024-05-02,2024-05-02,2024-05-05,164000.0,0.0,4.9,
3696,601,12,7,1,2024-05-02,2024-05-03,2024-05-04,270000.0,88000.0,1.8,
3697,1883,6,5,1,2024-05-02,2024-05-03,2024-05-04,56000.0,0.0,4.8,
3698,544,6,4,1,2024-05-02,2024-05-03,2024-05-06,54000.0,0.0,2.4,
3699,1522,24,4,1,2024-05-02,2024-05-02,2024-05-05,265000.0,0.0,6.4,
3700,263,10,5,1,2024-05-02,2024-05-03,2024-05-06,157000.0,0.0,6.4,
3701,792,12,6,1,2024-05-03,2024-05-04,2024-05-06,35000.0,2000.0,2.3,
3702,551,11,1,1,2024-05-03,2024-05-04,2024-05-07,214000.0,0.0,6.4,
3703,1089,10,4,1,2024-05-03,2024-05-05,2024-05-08,192000.0,0.0,1.4,
3704,1673,4,3,2,2024-05-03,2024-05-05,2024-05-19,3031000.0,0.0,72.6,No enciende
3705,1728,7,3,1,2024-05-03,2024-05-05,2024-05-08,491000.0,0.0,5.8,
3706,704,22,5,2,2024-05-04,2024-05-05,2024-05-20,167000.0,0.0,95.2,Trazado con ruido
3707,526,9,1,2,2024-05-04,2024-05-04,2024-05-10,3244000.0,973000.0,138.5,Problema en válvulas internas
3708,1257,17,7,2,2024-05-04,2024-05-07,2024-05-15,114000.0,0.0,157.9,Puerta o clamp dañado
3709,1021,1,2,2,2024-05-04,2024-05-05,2024-05-07,234000.0,0.0,8.8,Botón de paciente defectuoso
3710,1940,1,3,2,2024-05-04,2024-05-04,2024-05-18,185000.0,36000.0,121.2,Teclado/pantalla defectuosa
3711,73,14,4,2,2024-05-04,2024-05-05,2024-05-10,357000.0,0.0,55.8,Sistema hidráulico con fuga
3712,639,16,5,2,2024-05-05,2024-05-08,2024-05-09,27000.0,0.0,13.7,Lectura incorrecta
3713,1889,4,3,2,2024-05-06,2024-05-09,2024-05-21,6290000.0,2024000.0,151.1,Error en sensor de oxígeno
3714,1938,10,3,1,2024-05-06,2024-05-08,2024-05-10,248000.0,75000.0,3.9,
3715,789,1,3,2,2024-05-06,2024-05-08,2024-05-19,1354000.0,406000.0,202.1,Puerta o cúpula dañada
3716,1918,21,6,1,2024-05-06,2024-05-08,2024-05-09,81000.0,8000.0,3.6,
3717,1630,9,3,2,2024-05-06,2024-05-09,2024-05-17,4311000.0,983000.0,104.5,Pantalla sin respuesta
3718,70,20,6,1,2024-05-06,2024-05-08,2024-05-09,17000.0,1000.0,5.3,
3719,562,3,7,2,2024-05-06,2024-05-07,2024-05-19,480000.0,121000.0,233.8,Alarmas defectuosas
3720,1644,3,6,1,2024-05-06,2024-05-07,2024-05-09,71000.0,0.0,6.5,
3721,1841,1,6,1,2024-05-06,2024-05-06,2024-05-08,359000.0,0.0,4.1,
3722,1571,2,6,1,2024-05-06,2024-05-07,2024-05-09,90000.0,0.0,5.5,
3723,1884,8,2,1,2024-05-06,2024-05-07,2024-05-10,118000.0,0.0,2.3,
3724,978,9,1,2,2024-05-06,2024-05-07,2024-05-08,601000.0,91000.0,10.2,Descarga fallida
3725,1951,21,7,1,2024-05-07,2024-05-07,2024-05-08,248000.0,49000.0,3.7,
3726,1016,11,1,1,2024-05-07,2024-05-09,2024-05-11,153000.0,0.0,5.4,
3727,1070,15,11,1,2024-05-07,2024-05-07,2024-05-10,154000.0,0.0,4.1,
3728,68,1,8,1,2024-05-07,2024-05-08,2024-05-10,1361000.0,0.0,4.9,
3729,1234,17,6,1,2024-05-07,2024-05-09,2024-05-11,8000.0,0.0,3.7,
3730,991,7,4,1,2024-05-08,2024-05-10,2024-05-12,115000.0,29000.0,7.3,
3731,1673,4,6,2,2024-05-08,2024-05-10,2024-05-15,2699000.0,0.0,92.4,Sensor defectuoso
3732,925,22,2,2,2024-05-08,2024-05-10,2024-05-13,101000.0,0.0,9.2,Celda de carga dañada
3733,1289,11,3,1,2024-05-08,2024-05-10,2024-05-11,111000.0,24000.0,6.5,
3734,799,7,2,1,2024-05-08,2024-05-09,2024-05-10,123000.0,0.0,6.3,
3735,1934,3,2,1,2024-05-08,2024-05-08,2024-05-10,211000.0,0.0,1.9,
3736,633,21,6,1,2024-05-08,2024-05-10,2024-05-13,24000.0,0.0,3.7,
3737,1930,15,10,1,2024-05-08,2024-05-10,2024-05-11,79000.0,0.0,2.1,
3738,1033,3,12,1,2024-05-08,2024-05-08,2024-05-11,261000.0,0.0,4.2,
3739,813,2,4,2,2024-05-08,2024-05-09,2024-05-16,295000.0,0.0,112.2,No enciende
3740,784,1,5,2,2024-05-08,2024-05-09,2024-05-10,181000.0,0.0,14.0,Teclado/pantalla defectuosa
3741,1575,21,1,2,2024-05-08,2024-05-11,2024-05-25,13000.0,0.0,184.2,Lectura errática
3742,1739,21,5,2,2024-05-09,2024-05-10,2024-05-14,21000.0,6000.0,41.6,Válvula defectuosa
3743,600,11,6,2,2024-05-09,2024-05-10,2024-05-21,0.0,0.0,145.7,Falla de presión NIBP
3744,1632,1,7,1,2024-05-09,2024-05-11,2024-05-12,124000.0,0.0,3.6,
3745,1552,12,2,1,2024-05-09,2024-05-11,2024-05-14,181000.0,0.0,5.1,
3746,200,10,9,1,2024-05-09,2024-05-10,2024-05-11,1057000.0,649000.0,4.9,
3747,1811,7,2,1,2024-05-09,2024-05-09,2024-05-11,133000.0,0.0,3.4,
3748,99,1,5,2,2024-05-09,2024-05-10,2024-05-12,30000.0,0.0,13.5,Pera dañada
3749,434,2,7,1,2024-05-09,2024-05-10,2024-05-11,145000.0,0.0,3.0,
3750,932,6,3,2,2024-05-09,2024-05-10,2024-05-13,421000.0,0.0,64.5,Pantalla sin imagen
3751,1710,10,2,1,2024-05-09,2024-05-09,2024-05-10,3155000.0,0.0,3.8,
3752,1140,4,7,1,2024-05-09,2024-05-10,2024-05-11,355000.0,0.0,4.6,
3753,354,10,6,1,2024-05-09,2024-05-10,2024-05-12,161000.0,0.0,7.3,
3754,555,2,7,2,2024-05-09,2024-05-12,2024-05-20,65000.0,0.0,103.9,Peso incorrecto
3755,143,6,3,2,2024-05-10,2024-05-12,2024-05-26,208000.0,62000.0,285.8,Alarmas defectuosas
3756,1613,21,6,1,2024-05-10,2024-05-10,2024-05-11,81000.0,0.0,3.5,
3757,1248,12,5,2,2024-05-10,2024-05-10,2024-05-24,358000.0,80000.0,236.9,Barandas sueltas
3758,120,4,12,1,2024-05-10,2024-05-10,2024-05-13,255000.0,0.0,1.6,
3759,545,10,1,2,2024-05-10,2024-05-11,2024-05-25,315000.0,0.0,232.9,Módulo ECG dañado
3760,1474,13,3,1,2024-05-10,2024-05-10,2024-05-12,45000.0,0.0,3.2,
3761,2000,21,7,1,2024-05-10,2024-05-12,2024-05-13,81000.0,0.0,2.8,
3762,1618,3,6,2,2024-05-10,2024-05-13,2024-05-18,254000.0,0.0,87.9,Botón de paciente defectuoso
3763,1372,3,7,2,2024-05-10,2024-05-10,2024-05-21,156000.0,0.0,172.1,Puerta o clamp dañado
3764,1865,12,7,1,2024-05-10,2024-05-12,2024-05-13,307000.0,0.0,7.3,
3765,786,6,4,1,2024-05-10,2024-05-12,2024-05-15,133000.0,11000.0,2.0,
3766,265,6,5,2,2024-05-10,2024-05-12,2024-05-20,19000.0,0.0,159.7,Pera dañada
3767,1432,9,1,2,2024-05-11,2024-05-11,2024-05-16,209000.0,0.0,104.4,Pantalla dañada
3768,1490,12,6,2,2024-05-11,2024-05-12,2024-05-20,3354000.0,1054000.0,44.7,Fuga en circuito
3769,718,19,4,2,2024-05-12,2024-05-14,2024-05-16,61000.0,0.0,31.0,Luz débil
3770,1756,10,2,2,2024-05-12,2024-05-15,2024-05-27,480000.0,0.0,23.7,Alarmas defectuosas
3771,337,1,6,2,2024-05-12,2024-05-15,2024-05-24,3082000.0,0.0,116.6,Falla de pantalla
3772,1738,9,3,2,2024-05-12,2024-05-12,2024-05-16,141000.0,0.0,39.2,Alarma de oclusión
3773,2000,21,4,2,2024-05-12,2024-05-14,2024-05-25,100000.0,0.0,219.3,Teclado/pantalla defectuosa
3774,391,10,7,1,2024-05-13,2024-05-13,2024-05-16,223000.0,0.0,1.4,
3775,1576,1,4,1,2024-05-13,2024-05-15,2024-05-17,121000.0,0.0,7.4,
3776,269,17,9,2,2024-05-13,2024-05-14,2024-05-21,3810000.0,0.0,41.1,Imagen subexpuesta
3777,1224,16,7,1,2024-05-13,2024-05-13,2024-05-14,24000.0,2000.0,5.6,
3778,676,21,5,1,2024-05-13,2024-05-13,2024-05-15,204000.0,0.0,2.7,
3779,1872,3,7,1,2024-05-13,2024-05-14,2024-05-15,266000.0,0.0,7.2,
3780,1503,17,1,2,2024-05-13,2024-05-14,2024-05-21,429000.0,0.0,141.8,Pantalla sin imagen
3781,1289,11,3,2,2024-05-13,2024-05-15,2024-05-20,153000.0,46000.0,74.4,Alarma de oclusión
3782,704,22,6,2,2024-05-13,2024-05-16,2024-05-30,167000.0,0.0,197.2,Pantalla defectuosa
3783,441,12,4,1,2024-05-13,2024-05-14,2024-05-17,480000.0,0.0,5.0,
3784,1823,10,6,1,2024-05-13,2024-05-13,2024-05-16,497000.0,154000.0,3.8,
3785,223,15,11,1,2024-05-13,2024-05-14,2024-05-16,971000.0,0.0,3.7,
3786,439,3,6,1,2024-05-14,2024-05-16,2024-05-17,117000.0,0.0,3.6,
3787,768,9,6,1,2024-05-14,2024-05-15,2024-05-18,103000.0,0.0,1.2,
3788,1870,4,6,2,2024-05-14,2024-05-15,2024-05-22,260000.0,0.0,102.3,Alarmas defectuosas
3789,1814,6,5,2,2024-05-14,2024-05-15,2024-05-28,10000.0,0.0,205.9,Sensor dañado
3790,1956,12,12,1,2024-05-14,2024-05-16,2024-05-18,125000.0,0.0,5.5,
3791,1351,1,8,1,2024-05-14,2024-05-16,2024-05-19,3832000.0,0.0,1.9,
3792,1869,10,4,2,2024-05-14,2024-05-15,2024-05-29,68000.0,0.0,148.9,Sonda defectuosa
3793,827,17,9,1,2024-05-14,2024-05-14,2024-05-15,560000.0,252000.0,1.5,
3794,67,1,9,1,2024-05-14,2024-05-14,2024-05-16,838000.0,0.0,6.9,
3795,376,17,4,2,2024-05-14,2024-05-17,2024-05-30,563000.0,0.0,61.1,Alarmas defectuosas
3796,1279,9,4,1,2024-05-14,2024-05-15,2024-05-17,91000.0,12000.0,7.7,
3797,1760,17,3,1,2024-05-14,2024-05-15,2024-05-17,226000.0,0.0,5.8,
3798,1676,1,6,2,2024-05-14,2024-05-16,2024-05-26,3106000.0,0.0,67.2,Presión inestable
3799,1903,1,3,1,2024-05-15,2024-05-16,2024-05-19,123000.0,0.0,2.6,
3800,994,24,2,2,2024-05-15,2024-05-18,2024-05-28,363000.0,76000.0,142.2,No enciende
3801,1421,2,7,2,2024-05-15,2024-05-16,2024-05-31,337000.0,0.0,119.9,Pantalla sin imagen
3802,165,18,11,1,2024-05-15,2024-05-15,2024-05-16,50000.0,0.0,2.2,
3803,386,21,7,2,2024-05-15,2024-05-17,2024-05-27,196000.0,59000.0,225.8,Teclado/pantalla defectuosa
3804,206,3,5,2,2024-05-15,2024-05-17,2024-05-27,2291000.0,791000.0,40.9,Fuga en circuito
3805,72,6,12,1,2024-05-15,2024-05-15,2024-05-17,2426000.0,688000.0,1.8,
3806,558,5,5,1,2024-05-16,2024-05-18,2024-05-20,251000.0,0.0,6.1,
3807,982,5,5,2,2024-05-16,2024-05-19,2024-05-21,566000.0,0.0,39.0,Alarmas defectuosas
3808,917,3,1,1,2024-05-16,2024-05-17,2024-05-20,237000.0,0.0,5.3,
3809,1323,21,5,2,2024-05-16,2024-05-19,2024-05-31,1679000.0,0.0,161.4,Falla de pantalla
3810,1492,3,3,1,2024-05-16,2024-05-16,2024-05-18,105000.0,0.0,1.7,
3811,1875,8,3,2,2024-05-16,2024-05-16,2024-05-25,187000.0,56000.0,115.0,Temperatura errática
3812,993,10,1,1,2024-05-16,2024-05-18,2024-05-20,904000.0,0.0,5.8,
3813,93,1,7,1,2024-05-16,2024-05-16,2024-05-19,252000.0,0.0,3.2,
3814,177,17,2,1,2024-05-16,2024-05-17,2024-05-18,143000.0,0.0,6.3,
3815,1028,2,3,1,2024-05-16,2024-05-16,2024-05-17,65000.0,0.0,4.7,
3816,1349,10,2,2,2024-05-16,2024-05-18,2024-05-23,178000.0,0.0,86.4,No detecta línea
3817,327,1,2,2,2024-05-16,2024-05-16,2024-05-30,3734000.0,0.0,132.8,Sensor defectuoso
3818,1739,21,1,1,2024-05-17,2024-05-18,2024-05-19,49000.0,2000.0,2.5,
3819,1448,7,3,1,2024-05-17,2024-05-18,2024-05-21,100000.0,0.0,1.5,
3820,1612,22,1,1,2024-05-17,2024-05-19,2024-05-20,41000.0,0.0,2.3,
3821,838,8,7,1,2024-05-17,2024-05-18,2024-05-21,21000.0,0.0,3.5,
3822,961,4,5,2,2024-05-17,2024-05-19,2024-05-30,262000.0,0.0,263.4,Pantalla defectuosa
3823,1074,2,1,1,2024-05-17,2024-05-18,2024-05-20,131000.0,0.0,4.7,
3824,894,15,11,1,2024-05-17,2024-05-19,2024-05-22,1599000.0,494000.0,1.6,
3825,1349,10,2,1,2024-05-17,2024-05-17,2024-05-18,132000.0,0.0,6.9,
3826,1662,14,12,1,2024-05-17,2024-05-18,2024-05-21,313000.0,0.0,7.3,
3827,1505,17,2,2,2024-05-18,2024-05-19,2024-05-28,123000.0,0.0,89.4,Error de calibración
3828,399,4,3,2,2024-05-18,2024-05-20,2024-05-22,185000.0,0.0,11.0,Pantalla dañada
3829,1673,4,6,2,2024-05-18,2024-05-19,2024-05-24,2829000.0,0.0,52.4,Fuga en circuito
3830,1069,12,4,2,2024-05-18,2024-05-20,2024-05-23,5886000.0,0.0,14.3,Falla de batería
3831,1272,14,12,2,2024-05-19,2024-05-19,2024-05-29,234000.0,0.0,63.3,No alcanza RPM
3832,1857,8,7,2,2024-05-19,2024-05-21,2024-06-04,203000.0,0.0,200.9,Batería agotada
3833,1936,1,4,2,2024-05-19,2024-05-22,2024-05-25,3466000.0,988000.0,8.2,Pantalla sin respuesta
3834,1947,11,1,2,2024-05-19,2024-05-19,2024-05-28,2207000.0,0.0,93.1,Problema en válvulas internas
3835,12,1,1,2,2024-05-19,2024-05-21,2024-06-03,1242000.0,233000.0,68.9,Falla de ventilador
3836,1348,12,2,2,2024-05-19,2024-05-19,2024-05-20,422000.0,0.0,10.8,Mecanismo de altura no funciona
3837,1548,6,4,2,2024-05-19,2024-05-21,2024-06-05,500000.0,0.0,75.8,Pantalla sin imagen
3838,1770,10,6,2,2024-05-19,2024-05-21,2024-05-22,365000.0,0.0,8.1,SpO₂ no detecta señal
3839,1785,7,3,1,2024-05-20,2024-05-20,2024-05-22,148000.0,0.0,2.3,
3840,1346,9,5,1,2024-05-20,2024-05-20,2024-05-23,158000.0,0.0,7.8,
3841,24,12,5,1,2024-05-20,2024-05-22,2024-05-23,104000.0,0.0,1.2,
3842,1441,10,1,2,2024-05-20,2024-05-20,2024-05-24,307000.0,0.0,64.9,Impresora no imprime
3843,1698,5,12,2,2024-05-20,2024-05-20,2024-06-03,141000.0,0.0,181.7,Temperatura inestable
3844,1856,19,10,1,2024-05-20,2024-05-22,2024-05-24,1001000.0,0.0,4.0,
3845,572,21,6,1,2024-05-21,2024-05-21,2024-05-24,40000.0,0.0,2.3,
3846,916,12,6,1,2024-05-21,2024-05-22,2024-05-25,1717000.0,0.0,2.4,
3847,845,22,5,1,2024-05-21,2024-05-21,2024-05-24,372000.0,0.0,6.6,
3848,948,10,2,2,2024-05-21,2024-05-22,2024-05-28,3721000.0,908000.0,130.8,Error de calibración
3849,69,21,2,1,2024-05-21,2024-05-23,2024-05-25,148000.0,0.0,1.7,
3850,961,4,1,1,2024-05-21,2024-05-22,2024-05-25,122000.0,0.0,4.5,
3851,249,9,4,1,2024-05-21,2024-05-23,2024-05-26,195000.0,57000.0,3.4,
3852,1102,3,4,1,2024-05-22,2024-05-24,2024-05-27,157000.0,0.0,4.2,
3853,550,7,4,1,2024-05-22,2024-05-24,2024-05-27,128000.0,0.0,7.9,
3854,1543,14,2,1,2024-05-22,2024-05-22,2024-05-23,207000.0,0.0,4.5,
3855,1065,13,3,1,2024-05-22,2024-05-23,2024-05-25,15000.0,0.0,7.5,
3856,1395,9,12,2,2024-05-22,2024-05-22,2024-05-25,420000.0,0.0,8.9,Alarma defectuosa
3857,1739,21,3,2,2024-05-22,2024-05-22,2024-06-05,21000.0,5000.0,168.0,Pera dañada
3858,374,15,10,2,2024-05-22,2024-05-25,2024-05-31,2710000.0,0.0,67.2,No genera presión
3859,529,3,4,1,2024-05-22,2024-05-23,2024-05-24,91000.0,0.0,5.7,
3860,982,5,4,2,2024-05-22,2024-05-24,2024-05-26,566000.0,0.0,42.4,Alarmas defectuosas
3861,1424,2,5,1,2024-05-22,2024-05-24,2024-05-25,206000.0,0.0,1.2,
3862,1782,6,4,2,2024-05-23,2024-05-26,2024-06-09,332000.0,0.0,255.6,Frenos defectuosos
3863,1656,13,9,2,2024-05-23,2024-05-26,2024-06-01,2712000.0,0.0,16.9,Congelamiento del software
3864,1358,6,7,2,2024-05-23,2024-05-23,2024-06-03,110000.0,0.0,137.4,Batería defectuosa
3865,206,3,4,2,2024-05-23,2024-05-26,2024-05-30,2138000.0,791000.0,82.7,Sensor defectuoso
3866,1802,5,4,1,2024-05-23,2024-05-24,2024-05-27,363000.0,82000.0,3.4,
3867,442,11,5,2,2024-05-23,2024-05-23,2024-05-28,330000.0,0.0,109.6,Frenos defectuosos
3868,1134,1,1,2,2024-05-23,2024-05-25,2024-06-05,128000.0,38000.0,177.3,Puerta o clamp dañado
3869,21,11,3,1,2024-05-23,2024-05-24,2024-05-26,240000.0,0.0,6.8,
3870,617,9,9,2,2024-05-23,2024-05-23,2024-06-01,3027000.0,0.0,44.4,Problema de comunicación con estación
3871,682,7,1,1,2024-05-23,2024-05-24,2024-05-26,84000.0,0.0,7.0,
3872,657,4,12,1,2024-05-23,2024-05-23,2024-05-24,138000.0,19000.0,3.3,
3873,1315,14,12,2,2024-05-24,2024-05-24,2024-05-27,341000.0,0.0,14.1,Iluminación defectuosa
3874,378,12,1,1,2024-05-24,2024-05-26,2024-05-29,1683000.0,0.0,2.9,
3875,1964,10,5,1,2024-05-24,2024-05-26,2024-05-28,493000.0,0.0,4.1,
3876,1052,10,3,1,2024-05-24,2024-05-26,2024-05-29,1047000.0,351000.0,6.6,
3877,1681,22,7,1,2024-05-24,2024-05-24,2024-05-27,95000.0,0.0,7.2,
3878,1254,17,4,1,2024-05-24,2024-05-25,2024-05-27,352000.0,0.0,7.7,
3879,631,20,8,1,2024-05-24,2024-05-26,2024-05-29,253000.0,0.0,1.5,
3880,1693,6,7,1,2024-05-24,2024-05-25,2024-05-26,17000.0,0.0,4.5,
3881,867,10,5,2,2024-05-24,2024-05-25,2024-05-30,131000.0,0.0,21.0,Caudal incorrecto
3882,483,7,6,1,2024-05-24,2024-05-24,2024-05-27,110000.0,0.0,1.2,
3883,1804,18,5,1,2024-05-24,2024-05-24,2024-05-26,24000.0,0.0,2.4,
3884,618,6,1,1,2024-05-24,2024-05-26,2024-05-29,200000.0,76000.0,6.6,
3885,1072,18,11,1,2024-05-24,2024-05-24,2024-05-27,124000.0,0.0,7.5,
3886,1118,17,7,2,2024-05-25,2024-05-25,2024-06-06,143000.0,0.0,113.5,SpO₂ sin lectura
3887,889,17,8,2,2024-05-25,2024-05-27,2024-05-28,1929000.0,0.0,20.1,Transductor dañado
3888,200,10,8,2,2024-05-26,2024-05-27,2024-05-31,3174000.0,754000.0,69.4,Falla de teclado o trackball
3889,505,4,4,2,2024-05-26,2024-05-28,2024-06-02,0.0,0.0,37.0,Falla en vaporizador
3890,405,9,2,2,2024-05-26,2024-05-26,2024-06-03,192000.0,58000.0,67.9,Batería dañada
3891,1841,1,1,2,2024-05-26,2024-05-26,2024-06-09,541000.0,0.0,24.2,NIBP no infla
3892,397,7,5,2,2024-05-27,2024-05-29,2024-06-02,196000.0,0.0,28.7,Batería dañada
3893,344,15,11,2,2024-05-27,2024-05-28,2024-05-31,1682000.0,0.0,22.7,Dosificación incorrecta de detergente
3894,355,8,4,2,2024-05-27,2024-05-29,2024-05-31,104000.0,0.0,34.5,Peso incorrecto
3895,472,13,5,1,2024-05-27,2024-05-28,2024-05-29,18000.0,1000.0,4.1,
3896,1226,2,4,1,2024-05-27,2024-05-29,2024-05-31,80000.0,0.0,6.9,
3897,888,6,4,2,2024-05-27,2024-05-30,2024-06-05,9000.0,0.0,142.5,Batería agotada
3898,1139,18,11,1,2024-05-27,2024-05-29,2024-05-30,223000.0,0.0,3.2,
3899,290,5,7,1,2024-05-27,2024-05-27,2024-05-29,129000.0,0.0,4.1,
3900,1700,10,6,2,2024-05-27,2024-05-27,2024-05-31,606000.0,117000.0,61.7,No carga energía
3901,137,15,10,2,2024-05-27,2024-05-27,2024-06-06,182000.0,53000.0,65.1,Rodillos gastados
3902,688,1,4,1,2024-05-27,2024-05-28,2024-05-30,146000.0,0.0,4.4,
3903,867,10,3,1,2024-05-27,2024-05-28,2024-05-29,89000.0,0.0,6.2,
3904,929,17,4,2,2024-05-27,2024-05-28,2024-05-29,170000.0,0.0,11.1,Batería dañada
3905,1327,4,5,1,2024-05-27,2024-05-27,2024-05-29,177000.0,41000.0,6.7,
3906,1372,3,5,1,2024-05-27,2024-05-29,2024-05-31,105000.0,0.0,5.4,
3907,216,12,2,1,2024-05-27,2024-05-28,2024-05-29,3645000.0,0.0,4.7,
3908,1806,2,3,2,2024-05-27,2024-05-27,2024-06-11,162000.0,0.0,18.9,Teclado/pantalla defectuosa
3909,1729,4,4,2,2024-05-28,2024-05-30,2024-06-09,402000.0,0.0,19.1,NIBP no infla
3910,96,21,3,1,2024-05-28,2024-05-30,2024-06-01,675000.0,0.0,6.2,
3911,1257,17,5,1,2024-05-28,2024-05-30,2024-06-02,68000.0,0.0,7.4,
3912,1480,10,6,2,2024-05-28,2024-05-28,2024-05-30,304000.0,0.0,23.9,Bloqueo de seguridad dañado
3913,1011,15,11,1,2024-05-28,2024-05-29,2024-06-01,50000.0,0.0,4.6,
3914,219,2,3,1,2024-05-28,2024-05-29,2024-05-31,228000.0,67000.0,2.1,
3915,594,18,7,1,2024-05-29,2024-05-29,2024-05-31,148000.0,0.0,3.6,
3916,912,5,2,1,2024-05-29,2024-05-30,2024-06-02,34000.0,0.0,1.1,
3917,1324,9,2,1,2024-05-29,2024-05-30,2024-05-31,781000.0,0.0,3.8,
3918,1250,4,2,1,2024-05-29,2024-05-31,2024-06-01,115000.0,0.0,6.9,
3919,468,12,3,1,2024-05-30,2024-06-01,2024-06-03,119000.0,0.0,5.2,
3920,1663,7,7,1,2024-05-30,2024-06-01,2024-06-04,253000.0,0.0,4.7,
3921,1741,15,10,1,2024-05-30,2024-05-31,2024-06-03,89000.0,33000.0,3.6,
3922,581,21,7,1,2024-05-31,2024-05-31,2024-06-03,130000.0,0.0,4.8,
3923,1876,4,3,1,2024-05-31,2024-05-31,2024-06-01,131000.0,14000.0,4.1,
3924,127,12,3,1,2024-05-31,2024-06-02,2024-06-03,145000.0,0.0,1.1,
3925,1376,17,6,1,2024-05-31,2024-06-01,2024-06-04,73000.0,0.0,4.1,
3926,409,2,5,2,2024-06-01,2024-06-03,2024-06-13,526000.0,158000.0,140.5,Pantalla sin imagen
3927,1601,11,3,2,2024-06-01,2024-06-03,2024-06-04,239000.0,0.0,18.4,Puerta o clamp dañado
3928,1951,11,1,2,2024-06-01,2024-06-02,2024-06-09,527000.0,158000.0,152.2,Barandas sueltas
3929,1552,12,3,2,2024-06-02,2024-06-02,2024-06-14,194000.0,0.0,61.3,Puerta o clamp dañado
3930,894,15,10,2,2024-06-02,2024-06-03,2024-06-08,3068000.0,921000.0,17.8,Error de sensores
3931,1186,22,3,1,2024-06-03,2024-06-05,2024-06-08,208000.0,0.0,4.1,
3932,264,9,3,2,2024-06-03,2024-06-03,2024-06-05,162000.0,0.0,39.0,Batería dañada
3933,490,1,7,1,2024-06-03,2024-06-05,2024-06-07,135000.0,0.0,5.0,
3934,374,15,10,2,2024-06-03,2024-06-06,2024-06-13,2710000.0,0.0,99.4,No genera presión
3935,716,15,10,1,2024-06-03,2024-06-04,2024-06-07,98000.0,0.0,7.5,
3936,1960,22,4,1,2024-06-03,2024-06-03,2024-06-06,331000.0,0.0,6.4,
3937,4,5,6,1,2024-06-03,2024-06-04,2024-06-06,65000.0,0.0,3.6,
3938,1885,7,7,2,2024-06-03,2024-06-03,2024-06-09,28000.0,0.0,102.3,Fuga en brazalete
3939,791,7,1,1,2024-06-03,2024-06-04,2024-06-06,210000.0,0.0,5.3,
3940,306,3,6,1,2024-06-03,2024-06-03,2024-06-05,87000.0,23000.0,1.6,
3941,23,17,7,1,2024-06-03,2024-06-04,2024-06-06,1065000.0,0.0,4.5,
3942,1808,24,1,2,2024-06-03,2024-06-05,2024-06-13,118000.0,0.0,61.3,Temperatura errática
3943,1386,1,7,1,2024-06-03,2024-06-05,2024-06-08,10000.0,0.0,1.1,
3944,520,10,4,1,2024-06-03,2024-06-05,2024-06-07,648000.0,202000.0,5.2,
3945,1594,11,6,1,2024-06-03,2024-06-03,2024-06-04,134000.0,0.0,5.6,
3946,1230,10,1,1,2024-06-03,2024-06-03,2024-06-05,3067000.0,0.0,1.6,
3947,441,12,2,2,2024-06-03,2024-06-05,2024-06-12,984000.0,0.0,86.8,Lámpara/resistencia dañada
3948,1058,17,3,2,2024-06-03,2024-06-06,2024-06-20,2483000.0,0.0,48.4,Falla de batería
3949,1645,17,7,1,2024-06-03,2024-06-05,2024-06-08,346000.0,42000.0,4.7,
3950,483,7,1,2,2024-06-03,2024-06-06,2024-06-19,135000.0,0.0,74.5,Batería dañada
3951,1963,12,7,1,2024-06-03,2024-06-04,2024-06-07,233000.0,0.0,3.0,
3952,1189,21,2,1,2024-06-04,2024-06-04,2024-06-06,149000.0,27000.0,7.8,
3953,1418,12,7,2,2024-06-04,2024-06-06,2024-06-13,3987000.0,1196000.0,158.5,Fuga en circuito
3954,934,7,2,2,2024-06-04,2024-06-06,2024-06-17,5707000.0,0.0,263.8,Error en sensor de oxígeno
3955,950,21,4,1,2024-06-04,2024-06-06,2024-06-08,63000.0,0.0,7.1,
3956,1751,9,5,2,2024-06-04,2024-06-07,2024-06-21,3341000.0,0.0,68.1,Error de calibración
3957,96,21,5,2,2024-06-04,2024-06-06,2024-06-07,2281000.0,0.0,17.4,Falla de pantalla
3958,956,7,7,1,2024-06-05,2024-06-05,2024-06-07,129000.0,0.0,1.0,
3959,1970,2,6,2,2024-06-05,2024-06-05,2024-06-06,180000.0,54000.0,11.4,No detecta línea
3960,549,1,6,1,2024-06-05,2024-06-06,2024-06-08,436000.0,31000.0,6.9,
3961,1673,4,2,1,2024-06-05,2024-06-05,2024-06-06,1159000.0,0.0,7.1,
3962,1248,12,1,2,2024-06-05,2024-06-06,2024-06-20,358000.0,107000.0,51.1,Frenos defectuosos
3963,1012,3,4,1,2024-06-06,2024-06-08,2024-06-10,180000.0,0.0,1.3,
3964,543,22,12,1,2024-06-06,2024-06-08,2024-06-10,233000.0,0.0,1.5,
3965,475,9,3,2,2024-06-06,2024-06-06,2024-06-17,220000.0,0.0,28.9,No detecta línea
3966,597,19,10,1,2024-06-06,2024-06-08,2024-06-09,387000.0,0.0,1.7,
3967,1006,13,2,1,2024-06-06,2024-06-07,2024-06-10,62000.0,0.0,5.0,
3968,1315,14,12,1,2024-06-06,2024-06-06,2024-06-09,318000.0,0.0,3.9,
3969,1265,5,3,1,2024-06-06,2024-06-07,2024-06-09,408000.0,0.0,1.9,
3970,1729,4,7,2,2024-06-06,2024-06-08,2024-06-15,402000.0,0.0,112.2,Pantalla sin imagen
3971,101,14,6,1,2024-06-06,2024-06-07,2024-06-08,44000.0,1000.0,2.5,
3972,717,17,4,1,2024-06-06,2024-06-08,2024-06-10,28000.0,1000.0,5.3,
3973,1044,24,4,1,2024-06-06,2024-06-06,2024-06-07,180000.0,0.0,5.1,
3974,670,12,7,2,2024-06-06,2024-06-07,2024-06-08,182000.0,55000.0,15.7,Error de calibración
3975,1276,14,5,1,2024-06-06,2024-06-08,2024-06-09,55000.0,2000.0,6.6,
3976,1363,7,6,2,2024-06-06,2024-06-09,2024-06-16,214000.0,0.0,96.9,Alarma de oclusión
3977,140,20,8,2,2024-06-07,2024-06-10,2024-06-16,0.0,0.0,99.7,Botón de respuesta defectuoso
3978,235,6,3,1,2024-06-07,2024-06-08,2024-06-09,19000.0,1000.0,3.4,
3979,227,17,5,1,2024-06-07,2024-06-09,2024-06-11,47000.0,0.0,7.9,
3980,1890,2,2,1,2024-06-07,2024-06-07,2024-06-08,202000.0,20000.0,4.9,
3981,961,4,1,2,2024-06-07,2024-06-08,2024-06-23,262000.0,0.0,170.8,Electrodos/cables dañados
3982,117,1,7,1,2024-06-07,2024-06-08,2024-06-09,91000.0,0.0,1.5,
3983,1097,21,3,1,2024-06-07,2024-06-07,2024-06-10,194000.0,26000.0,2.1,
3984,1529,21,7,1,2024-06-07,2024-06-08,2024-06-09,156000.0,21000.0,4.4,
3985,114,7,1,1,2024-06-07,2024-06-09,2024-06-11,1117000.0,0.0,3.3,
3986,1263,21,1,2,2024-06-07,2024-06-07,2024-06-17,170000.0,0.0,97.9,Error de calibración
3987,1488,7,5,1,2024-06-07,2024-06-07,2024-06-10,86000.0,0.0,6.1,
3988,1751,9,1,2,2024-06-07,2024-06-07,2024-06-17,3584000.0,0.0,121.4,Problema en válvulas internas
3989,1977,10,6,2,2024-06-07,2024-06-08,2024-06-13,362000.0,0.0,64.7,No enciende
3990,1358,6,1,1,2024-06-07,2024-06-09,2024-06-10,85000.0,0.0,7.6,
3991,1229,17,4,2,2024-06-08,2024-06-09,2024-06-10,394000.0,0.0,14.0,Módulo ECG dañado
3992,871,21,5,2,2024-06-08,2024-06-11,2024-06-13,70000.0,0.0,46.3,Contacto eléctrico defectuoso
3993,751,12,4,2,2024-06-08,2024-06-08,2024-06-15,1506000.0,0.0,31.8,Temperatura inestable
3994,464,9,3,2,2024-06-09,2024-06-10,2024-06-23,6000.0,0.0,174.5,Pantalla defectuosa
3995,1459,11,6,2,2024-06-09,2024-06-10,2024-06-11,1978000.0,0.0,13.4,Alarma de presión
3996,568,1,5,2,2024-06-09,2024-06-10,2024-06-18,227000.0,0.0,139.7,Problema de comunicación con central
3997,1666,9,7,2,2024-06-09,2024-06-09,2024-06-12,1545000.0,0.0,53.9,Alarma de presión
3998,1058,17,2,2,2024-06-09,2024-06-09,2024-06-21,2483000.0,0.0,138.4,Falla de batería
3999,188,20,4,2,2024-06-09,2024-06-10,2024-06-21,9000.0,0.0,54.9,Pantalla defectuosa
4000,435,8,7,2,2024-06-09,2024-06-10,2024-06-17,598000.0,0.0,84.1,SpO₂ no detecta señal
4001,1301,17,8,2,2024-06-10,2024-06-11,2024-06-15,4328000.0,0.0,51.7,Batería defectuosa
4002,1729,4,6,1,2024-06-10,2024-06-10,2024-06-12,182000.0,0.0,3.7,
4003,1301,8,9,2,2024-06-10,2024-06-12,2024-06-18,3872000.0,0.0,59.7,Problema de comunicación con estación
4004,230,9,4,1,2024-06-10,2024-06-10,2024-06-11,268000.0,0.0,1.3,
4005,1272,14,12,2,2024-06-10,2024-06-12,2024-06-17,234000.0,0.0,70.7,Vibración excesiva
4006,1895,18,4,1,2024-06-10,2024-06-12,2024-06-14,263000.0,0.0,6.2,
4007,1573,2,3,2,2024-06-10,2024-06-12,2024-06-24,2828000.0,0.0,133.7,Alarma de presión
4008,1754,8,6,1,2024-06-10,2024-06-10,2024-06-12,25000.0,2000.0,1.7,
4009,617,9,8,2,2024-06-10,2024-06-13,2024-06-28,5028000.0,0.0,130.1,Error de colimador
4010,583,14,12,2,2024-06-10,2024-06-12,2024-06-14,2194000.0,0.0,15.4,Error de reactivos
4011,1387,13,8,2,2024-06-10,2024-06-11,2024-06-22,9391000.0,0.0,48.1,Imagen distorsionada
4012,1582,10,1,1,2024-06-10,2024-06-10,2024-06-11,89000.0,8000.0,4.8,
4013,1982,8,1,2,2024-06-10,2024-06-10,2024-06-22,369000.0,0.0,50.0,Módulo ECG dañado
4014,1150,15,10,1,2024-06-11,2024-06-13,2024-06-15,146000.0,0.0,4.1,
4015,297,9,8,1,2024-06-11,2024-06-13,2024-06-15,12467000.0,8203000.0,3.2,
4016,659,9,1,1,2024-06-11,2024-06-12,2024-06-15,405000.0,0.0,4.4,
4017,1507,4,4,1,2024-06-11,2024-06-11,2024-06-13,1400000.0,0.0,1.8,
4018,1702,22,6,2,2024-06-11,2024-06-11,2024-06-16,560000.0,0.0,81.6,Mecanismo de altura no funciona
4019,475,9,3,1,2024-06-11,2024-06-12,2024-06-15,178000.0,0.0,3.0,
4020,1933,12,1,1,2024-06-11,2024-06-13,2024-06-16,1571000.0,0.0,3.9,
4021,1608,11,5,2,2024-06-11,2024-06-14,2024-06-18,138000.0,0.0,29.6,Error de calibración
4022,293,10,2,1,2024-06-11,2024-06-11,2024-06-12,56000.0,3000.0,2.9,
4023,64,12,6,2,2024-06-11,2024-06-12,2024-06-15,176000.0,0.0,57.6,Caudal incorrecto
4024,564,4,6,1,2024-06-11,2024-06-13,2024-06-16,85000.0,0.0,4.0,
4025,1840,4,2,1,2024-06-11,2024-06-11,2024-06-12,182000.0,0.0,5.4,
4026,1771,9,3,2,2024-06-11,2024-06-13,2024-06-19,738000.0,0.0,68.2,Error de autoprueba
4027,1868,1,3,1,2024-06-12,2024-06-14,2024-06-15,1009000.0,0.0,7.1,
4028,1149,18,11,1,2024-06-12,2024-06-12,2024-06-13,200000.0,21000.0,1.4,
4029,1274,12,7,2,2024-06-12,2024-06-15,2024-06-25,397000.0,0.0,176.7,Lecturas erráticas
4030,761,15,11,1,2024-06-12,2024-06-13,2024-06-16,68000.0,18000.0,1.7,
4031,989,10,6,1,2024-06-12,2024-06-12,2024-06-14,132000.0,0.0,1.8,
4032,1801,3,4,1,2024-06-12,2024-06-14,2024-06-17,458000.0,0.0,7.2,
4033,444,12,6,1,2024-06-12,2024-06-12,2024-06-15,158000.0,0.0,1.7,
4034,759,9,2,1,2024-06-12,2024-06-13,2024-06-16,125000.0,0.0,6.8,
4035,1112,4,2,2,2024-06-12,2024-06-14,2024-06-29,137000.0,0.0,257.3,Pantalla dañada
4036,238,21,7,1,2024-06-12,2024-06-14,2024-06-17,117000.0,0.0,5.9,
4037,1523,12,2,1,2024-06-12,2024-06-12,2024-06-15,151000.0,0.0,4.1,
4038,871,21,7,1,2024-06-12,2024-06-14,2024-06-17,97000.0,0.0,4.1,
4039,456,12,6,2,2024-06-12,2024-06-13,2024-06-19,413000.0,0.0,85.9,No enciende
4040,94,17,1,1,2024-06-13,2024-06-15,2024-06-16,127000.0,0.0,4.1,
4041,202,3,6,1,2024-06-13,2024-06-14,2024-06-16,2200000.0,1102000.0,1.7,
4042,1423,18,5,1,2024-06-13,2024-06-13,2024-06-16,39000.0,0.0,4.6,
4043,1617,15,10,1,2024-06-13,2024-06-15,2024-06-18,736000.0,128000.0,5.9,
4044,932,24,3,2,2024-06-13,2024-06-15,2024-06-20,421000.0,0.0,99.5,Alarmas defectuosas
4045,62,5,1,1,2024-06-13,2024-06-14,2024-06-16,19000.0,0.0,6.2,
4046,1548,6,2,1,2024-06-13,2024-06-14,2024-06-16,341000.0,0.0,2.5,
4047,1013,4,5,1,2024-06-14,2024-06-15,2024-06-16,184000.0,36000.0,7.1,
4048,715,15,10,1,2024-06-14,2024-06-14,2024-06-16,1420000.0,0.0,7.3,
4049,12,1,1,1,2024-06-14,2024-06-16,2024-06-19,672000.0,211000.0,6.5,
4050,689,19,10,1,2024-06-14,2024-06-16,2024-06-18,609000.0,0.0,1.3,
4051,622,1,1,2,2024-06-14,2024-06-14,2024-06-16,520000.0,156000.0,8.7,Barandas sueltas
4052,1571,2,6,2,2024-06-14,2024-06-17,2024-06-18,96000.0,0.0,12.4,Caudal incorrecto
4053,1394,5,3,2,2024-06-14,2024-06-17,2024-07-02,455000.0,0.0,52.5,Módulo ECG dañado
4054,1481,5,12,2,2024-06-14,2024-06-16,2024-06-19,1821000.0,0.0,43.5,Resultados fuera de rango
4055,1668,15,11,1,2024-06-14,2024-06-16,2024-06-19,87000.0,0.0,1.6,
4056,1906,1,5,2,2024-06-15,2024-06-17,2024-06-19,9000.0,0.0,42.1,Sensor dañado
4057,1105,7,3,2,2024-06-15,2024-06-16,2024-06-24,205000.0,0.0,86.3,Teclado/pantalla defectuosa
4058,684,21,2,2,2024-06-15,2024-06-15,2024-06-17,3439000.0,1032000.0,44.5,Fuga en circuito
4059,374,15,11,2,2024-06-15,2024-06-18,2024-07-02,2710000.0,0.0,250.5,No alcanza temperatura
4060,317,17,2,2,2024-06-15,2024-06-17,2024-06-25,476000.0,143000.0,33.0,Alarmas defectuosas
4061,658,10,5,2,2024-06-16,2024-06-16,2024-06-24,807000.0,242000.0,68.6,Sensor de humedad defectuoso
4062,821,11,1,2,2024-06-16,2024-06-17,2024-06-28,726000.0,0.0,171.1,Sensor de piel defectuoso
4063,1542,12,6,2,2024-06-16,2024-06-16,2024-06-17,1257000.0,0.0,23.1,Temperatura inestable
4064,341,12,5,2,2024-06-16,2024-06-19,2024-07-03,144000.0,35000.0,194.1,Puerta o clamp dañado
4065,49,16,12,2,2024-06-16,2024-06-17,2024-06-30,491000.0,0.0,270.7,Alarma defectuosa
4066,844,3,2,1,2024-06-17,2024-06-18,2024-06-20,196000.0,0.0,1.8,
4067,817,18,11,1,2024-06-17,2024-06-19,2024-06-21,350000.0,0.0,5.9,
4068,1987,14,7,1,2024-06-17,2024-06-18,2024-06-21,14000.0,0.0,2.0,
4069,1338,20,9,1,2024-06-17,2024-06-17,2024-06-20,392000.0,0.0,4.2,
4070,153,2,5,1,2024-06-17,2024-06-17,2024-06-20,209000.0,0.0,7.0,
4071,881,18,10,1,2024-06-17,2024-06-18,2024-06-20,170000.0,0.0,5.3,
4072,1505,17,6,2,2024-06-17,2024-06-18,2024-06-21,123000.0,0.0,40.4,Alarma de oclusión
4073,695,9,6,2,2024-06-17,2024-06-20,2024-06-29,24000.0,0.0,11.2,Fuga en brazalete
4074,121,6,12,1,2024-06-17,2024-06-19,2024-06-21,219000.0,0.0,5.1,
4075,1765,20,8,1,2024-06-17,2024-06-19,2024-06-20,607000.0,180000.0,3.9,
4076,840,12,7,1,2024-06-17,2024-06-19,2024-06-20,487000.0,0.0,2.0,
4077,1929,10,9,2,2024-06-17,2024-06-17,2024-06-18,1601000.0,0.0,16.8,Imagen con ruido
4078,770,15,11,2,2024-06-17,2024-06-18,2024-06-24,2382000.0,0.0,137.7,Puerta no cierra
4079,619,21,4,1,2024-06-17,2024-06-19,2024-06-20,164000.0,0.0,4.2,
4080,55,2,4,2,2024-06-17,2024-06-19,2024-07-03,162000.0,0.0,128.2,Error de calibración
4081,1699,11,4,2,2024-06-17,2024-06-20,2024-06-30,144000.0,0.0,124.9,Falla de presión NIBP
4082,1505,17,4,1,2024-06-17,2024-06-19,2024-06-21,100000.0,0.0,7.6,
4083,382,10,5,1,2024-06-17,2024-06-17,2024-06-19,155000.0,33000.0,7.6,
4084,395,9,3,2,2024-06-17,2024-06-17,2024-07-01,462000.0,0.0,46.4,No enciende
4085,1405,21,5,1,2024-06-17,2024-06-17,2024-06-20,140000.0,27000.0,7.3,
4086,1106,9,3,1,2024-06-17,2024-06-19,2024-06-22,16000.0,0.0,1.1,
4087,1434,21,1,1,2024-06-18,2024-06-18,2024-06-20,156000.0,0.0,3.5,
4088,1038,7,4,2,2024-06-18,2024-06-21,2024-06-24,410000.0,0.0,62.9,Módulo ECG dañado
4089,1299,2,5,1,2024-06-18,2024-06-19,2024-06-21,38000.0,0.0,5.3,
4090,1397,14,3,2,2024-06-18,2024-06-21,2024-07-01,372000.0,0.0,167.9,Sistema hidráulico con fuga
4091,495,9,8,1,2024-06-18,2024-06-20,2024-06-23,1492000.0,0.0,7.6,
4092,375,22,7,1,2024-06-18,2024-06-20,2024-06-21,295000.0,90000.0,5.1,
4093,1774,20,8,1,2024-06-18,2024-06-19,2024-06-20,332000.0,0.0,2.8,
4094,280,9,5,1,2024-06-18,2024-06-18,2024-06-19,95000.0,24000.0,2.8,
4095,543,22,12,2,2024-06-18,2024-06-21,2024-07-06,295000.0,0.0,80.7,Vibración excesiva
4096,1783,7,4,2,2024-06-18,2024-06-20,2024-06-25,484000.0,0.0,51.5,Lecturas erráticas
4097,1977,10,2,2,2024-06-18,2024-06-18,2024-07-03,362000.0,0.0,55.7,Pantalla sin imagen
4098,1056,1,6,1,2024-06-18,2024-06-20,2024-06-22,118000.0,0.0,6.0,
4099,771,5,2,1,2024-06-18,2024-06-20,2024-06-23,10000.0,0.0,5.5,
4100,1954,7,5,2,2024-06-18,2024-06-19,2024-06-28,161000.0,0.0,148.8,Error de calibración
4101,1206,22,4,2,2024-06-18,2024-06-18,2024-07-03,13000.0,3000.0,65.0,Sensor dañado
4102,1254,17,5,2,2024-06-18,2024-06-19,2024-06-30,487000.0,0.0,77.8,Pantalla sin imagen
4103,1157,1,5,2,2024-06-18,2024-06-20,2024-06-24,360000.0,0.0,81.2,Módulo ECG dañado
4104,1611,10,6,2,2024-06-19,2024-06-20,2024-07-02,393000.0,0.0,27.9,No enciende
4105,1738,9,2,1,2024-06-19,2024-06-19,2024-06-20,134000.0,0.0,1.5,
4106,1847,10,7,1,2024-06-19,2024-06-20,2024-06-23,159000.0,0.0,6.7,
4107,148,1,1,1,2024-06-19,2024-06-20,2024-06-23,1644000.0,0.0,2.8,
4108,108,15,11,1,2024-06-19,2024-06-20,2024-06-21,1444000.0,0.0,7.4,
4109,1075,1,8,1,2024-06-19,2024-06-20,2024-06-22,1838000.0,342000.0,7.8,
4110,941,22,1,1,2024-06-19,2024-06-19,2024-06-21,60000.0,0.0,1.4,
4111,607,8,6,2,2024-06-19,2024-06-19,2024-06-20,15000.0,0.0,11.2,Fuga en brazalete
4112,619,21,4,2,2024-06-19,2024-06-22,2024-06-30,0.0,0.0,108.6,Puerta o clamp dañado
4113,1039,17,7,1,2024-06-19,2024-06-19,2024-06-22,331000.0,0.0,3.4,
4114,1630,9,3,1,2024-06-19,2024-06-21,2024-06-23,1390000.0,357000.0,4.2,
4115,27,12,4,1,2024-06-19,2024-06-20,2024-06-23,743000.0,0.0,5.1,
4116,1402,6,1,2,2024-06-20,2024-06-21,2024-07-04,370000.0,97000.0,20.1,NIBP no infla
4117,335,10,5,1,2024-06-20,2024-06-22,2024-06-25,875000.0,192000.0,3.9,
4118,71,3,2,1,2024-06-20,2024-06-21,2024-06-23,240000.0,0.0,6.3,
4119,673,21,2,2,2024-06-20,2024-06-20,2024-06-30,165000.0,0.0,159.0,SpO₂ sin lectura
4120,1264,3,7,1,2024-06-20,2024-06-22,2024-06-23,49000.0,0.0,7.5,
4121,184,16,12,1,2024-06-20,2024-06-20,2024-06-21,252000.0,81000.0,3.6,
4122,1676,1,5,1,2024-06-20,2024-06-21,2024-06-24,1612000.0,0.0,8.0,
4123,936,5,3,1,2024-06-20,2024-06-22,2024-06-24,230000.0,0.0,3.9,
4124,753,9,7,1,2024-06-20,2024-06-22,2024-06-24,12000.0,1000.0,1.7,
4125,1544,10,2,1,2024-06-20,2024-06-22,2024-06-23,435000.0,0.0,4.9,
4126,1194,22,1,1,2024-06-20,2024-06-21,2024-06-22,33000.0,0.0,4.3,
4127,37,4,1,1,2024-06-20,2024-06-20,2024-06-22,499000.0,0.0,5.8,
4128,1436,10,8,2,2024-06-21,2024-06-21,2024-06-23,2998000.0,0.0,13.1,Falla de teclado o trackball
4129,337,1,7,1,2024-06-21,2024-06-21,2024-06-23,1097000.0,0.0,3.3,
4130,431,24,6,1,2024-06-21,2024-06-21,2024-06-22,44000.0,0.0,2.2,
4131,513,2,1,1,2024-06-21,2024-06-23,2024-06-25,111000.0,0.0,5.1,
4132,407,17,8,1,2024-06-21,2024-06-21,2024-06-23,676000.0,0.0,5.3,
4133,990,22,6,1,2024-06-21,2024-06-22,2024-06-24,5000.0,0.0,1.9,
4134,327,1,6,1,2024-06-21,2024-06-21,2024-06-22,802000.0,0.0,7.6,
4135,1780,4,12,1,2024-06-21,2024-06-23,2024-06-24,224000.0,0.0,7.4,
4136,321,12,6,1,2024-06-21,2024-06-21,2024-06-23,43000.0,2000.0,4.8,
4137,1017,7,2,2,2024-06-21,2024-06-24,2024-07-05,87000.0,0.0,44.0,Falla de presión NIBP
4138,1674,18,3,1,2024-06-21,2024-06-23,2024-06-26,40000.0,0.0,1.1,
4139,261,16,12,2,2024-06-22,2024-06-25,2024-07-09,386000.0,0.0,163.0,Condensador sucio
4140,1545,24,1,2,2024-06-22,2024-06-22,2024-06-30,26000.0,0.0,170.1,Pera dañada
4141,1283,2,1,2,2024-06-22,2024-06-25,2024-07-01,19000.0,0.0,13.6,Fuga en brazalete
4142,876,2,7,2,2024-06-22,2024-06-22,2024-06-25,401000.0,0.0,8.3,Sistema hidráulico con fuga
4143,114,7,2,2,2024-06-23,2024-06-24,2024-06-28,2332000.0,0.0,12.5,Error de calibración
4144,56,7,6,2,2024-06-23,2024-06-23,2024-06-27,10000.0,0.0,53.8,Batería agotada
4145,372,4,2,2,2024-06-23,2024-06-26,2024-07-09,19000.0,0.0,255.7,Lectura incorrecta
4146,1433,14,1,1,2024-06-24,2024-06-24,2024-06-27,34000.0,0.0,1.2,
4147,663,1,3,2,2024-06-24,2024-06-24,2024-06-25,0.0,0.0,11.1,Sensor de humedad defectuoso
4148,1581,12,5,1,2024-06-24,2024-06-26,2024-06-27,58000.0,0.0,2.9,
4149,1205,10,7,1,2024-06-24,2024-06-25,2024-06-28,472000.0,0.0,6.1,
4150,1165,2,6,1,2024-06-24,2024-06-26,2024-06-28,6000.0,0.0,4.0,
4151,608,10,6,1,2024-06-24,2024-06-26,2024-06-27,939000.0,0.0,6.9,
4152,1574,15,11,1,2024-06-24,2024-06-25,2024-06-27,72000.0,0.0,4.1,
4153,42,9,3,1,2024-06-24,2024-06-25,2024-06-27,128000.0,0.0,2.3,
4154,1939,6,6,1,2024-06-24,2024-06-24,2024-06-26,216000.0,41000.0,2.9,
4155,1903,1,5,2,2024-06-24,2024-06-26,2024-07-10,143000.0,0.0,78.7,Alarma de oclusión
4156,141,11,2,1,2024-06-24,2024-06-26,2024-06-29,89000.0,0.0,5.2,
4157,1318,15,10,2,2024-06-24,2024-06-27,2024-07-11,2532000.0,0.0,253.8,Error de sensores
4158,993,10,5,2,2024-06-24,2024-06-26,2024-06-27,2251000.0,0.0,22.2,Falla de batería
4159,1181,11,5,1,2024-06-24,2024-06-24,2024-06-27,199000.0,0.0,5.9,
4160,641,17,9,1,2024-06-24,2024-06-25,2024-06-26,18307000.0,7682000.0,7.5,
4161,1720,9,2,2,2024-06-24,2024-06-27,2024-07-03,113000.0,34000.0,108.4,Temperatura errática
4162,1583,9,8,1,2024-06-24,2024-06-24,2024-06-27,969000.0,0.0,5.7,
4163,920,4,7,1,2024-06-24,2024-06-25,2024-06-28,146000.0,0.0,3.6,
4164,1284,22,12,2,2024-06-25,2024-06-26,2024-07-03,3403000.0,0.0,55.7,Problemas de lavado
4165,112,10,6,1,2024-06-25,2024-06-26,2024-06-28,266000.0,24000.0,4.7,
4166,980,15,11,1,2024-06-25,2024-06-25,2024-06-28,758000.0,0.0,1.2,
4167,987,13,2,1,2024-06-25,2024-06-25,2024-06-28,357000.0,0.0,6.0,
4168,1750,7,1,1,2024-06-25,2024-06-27,2024-06-29,149000.0,0.0,2.3,
4169,1676,12,6,2,2024-06-25,2024-06-28,2024-07-09,3106000.0,0.0,149.1,Batería dañada
4170,596,21,4,1,2024-06-25,2024-06-25,2024-06-26,205000.0,0.0,3.2,
4171,298,12,7,2,2024-06-25,2024-06-25,2024-06-30,345000.0,0.0,112.1,SpO₂ no detecta señal
4172,250,2,3,2,2024-06-26,2024-06-29,2024-07-05,133000.0,0.0,78.3,Alarmas inoperativas
4173,1551,12,1,1,2024-06-26,2024-06-28,2024-07-01,133000.0,0.0,3.3,
4174,208,14,12,1,2024-06-26,2024-06-26,2024-06-28,70000.0,14000.0,6.1,
4175,641,17,8,2,2024-06-26,2024-06-26,2024-06-29,48364000.0,16117000.0,32.2,Error de software
4176,1499,6,5,1,2024-06-26,2024-06-26,2024-06-28,66000.0,0.0,4.9,
4177,1469,13,5,1,2024-06-26,2024-06-26,2024-06-28,12000.0,0.0,6.6,
4178,49,16,12,2,2024-06-26,2024-06-29,2024-07-06,491000.0,0.0,139.6,Condensador sucio
4179,750,1,3,1,2024-06-26,2024-06-26,2024-06-28,42000.0,0.0,3.2,
4180,1700,11,4,1,2024-06-27,2024-06-28,2024-06-29,430000.0,105000.0,4.1,
4181,995,21,5,1,2024-06-27,2024-06-27,2024-06-28,136000.0,29000.0,6.6,
4182,137,15,11,1,2024-06-27,2024-06-27,2024-06-29,191000.0,21000.0,1.6,
4183,797,14,1,1,2024-06-27,2024-06-27,2024-06-28,41000.0,0.0,5.3,
4184,1330,2,4,2,2024-06-27,2024-06-28,2024-07-02,588000.0,176000.0,67.9,Ruedas trabadas
4185,704,22,7,1,2024-06-27,2024-06-27,2024-06-30,122000.0,0.0,5.1,
4186,251,10,4,1,2024-06-27,2024-06-28,2024-06-29,229000.0,0.0,1.8,
4187,1367,10,3,1,2024-06-27,2024-06-27,2024-06-28,314000.0,0.0,6.7,
4188,1246,12,2,2,2024-06-27,2024-06-27,2024-07-04,576000.0,173000.0,117.5,Pantalla sin imagen
4189,677,9,1,1,2024-06-27,2024-06-27,2024-06-28,109000.0,23000.0,2.3,
4190,1531,4,4,2,2024-06-27,2024-06-28,2024-07-05,297000.0,0.0,109.5,Caudal incorrecto
4191,864,1,9,1,2024-06-28,2024-06-29,2024-06-30,21752000.0,0.0,4.5,
4192,612,20,8,1,2024-06-28,2024-06-28,2024-07-01,378000.0,0.0,2.3,
4193,300,3,5,1,2024-06-28,2024-06-28,2024-06-29,70000.0,0.0,5.7,
4194,1589,12,5,1,2024-06-28,2024-06-30,2024-07-02,427000.0,0.0,7.8,
4195,1054,5,4,2,2024-06-28,2024-06-29,2024-07-03,12000.0,3000.0,43.3,Sensor dañado
4196,276,3,7,1,2024-06-28,2024-06-30,2024-07-03,181000.0,0.0,2.0,
4197,1641,1,3,2,2024-06-28,2024-06-28,2024-07-02,2066000.0,0.0,19.1,Alarma de presión
4198,1949,4,9,2,2024-06-28,2024-06-28,2024-07-07,4582000.0,0.0,70.3,Transductor dañado
4199,1866,7,7,1,2024-06-28,2024-06-29,2024-06-30,472000.0,0.0,1.2,
4200,977,1,1,1,2024-06-28,2024-06-29,2024-07-01,3901000.0,0.0,7.2,
4201,443,2,7,1,2024-07-01,2024-07-02,2024-07-03,185000.0,18000.0,4.3,
4202,142,7,3,1,2024-07-01,2024-07-01,2024-07-04,77000.0,12000.0,3.3,
4203,391,10,7,2,2024-07-01,2024-07-01,2024-07-16,386000.0,0.0,255.2,NIBP no infla
4204,1583,4,8,2,2024-07-01,2024-07-03,2024-07-18,2841000.0,0.0,120.6,Puertos dañados
4205,435,8,4,2,2024-07-01,2024-07-02,2024-07-08,598000.0,0.0,15.4,Módulo ECG dañado
4206,1244,6,3,1,2024-07-01,2024-07-02,2024-07-03,21000.0,1000.0,3.5,
4207,351,17,7,2,2024-07-01,2024-07-02,2024-07-15,6413000.0,0.0,176.9,Falla de batería
4208,1833,9,4,1,2024-07-01,2024-07-03,2024-07-06,7000.0,0.0,2.0,
4209,1375,22,2,2,2024-07-01,2024-07-04,2024-07-08,116000.0,0.0,52.3,SpO₂ sin lectura
4210,806,5,7,1,2024-07-01,2024-07-03,2024-07-04,103000.0,0.0,5.6,
4211,1533,5,6,1,2024-07-01,2024-07-03,2024-07-04,23000.0,2000.0,1.6,
4212,374,15,10,2,2024-07-01,2024-07-01,2024-07-13,2710000.0,0.0,21.0,Error de sensores
4213,1269,3,7,1,2024-07-01,2024-07-01,2024-07-02,436000.0,0.0,2.3,
4214,38,11,1,2,2024-07-02,2024-07-03,2024-07-04,448000.0,0.0,18.2,SpO₂ no detecta señal
4215,1690,17,3,1,2024-07-02,2024-07-04,2024-07-06,131000.0,0.0,5.2,
4216,1530,10,5,1,2024-07-02,2024-07-02,2024-07-04,612000.0,0.0,3.6,
4217,1031,12,1,1,2024-07-02,2024-07-02,2024-07-05,108000.0,0.0,4.2,
4218,1131,20,2,1,2024-07-02,2024-07-02,2024-07-04,90000.0,6000.0,7.3,
4219,1978,18,4,2,2024-07-02,2024-07-05,2024-07-18,19000.0,0.0,172.5,Fuga en brazalete
4220,99,1,7,2,2024-07-02,2024-07-05,2024-07-19,30000.0,0.0,38.7,Lectura incorrecta
4221,1832,11,1,2,2024-07-03,2024-07-03,2024-07-18,11000.0,0.0,22.0,Lectura incorrecta
4222,524,17,9,1,2024-07-03,2024-07-03,2024-07-04,1337000.0,266000.0,4.5,
4223,260,11,5,1,2024-07-03,2024-07-04,2024-07-07,1140000.0,272000.0,5.7,
4224,397,10,5,2,2024-07-03,2024-07-04,2024-07-12,196000.0,0.0,79.2,Puerta o clamp dañado
4225,1304,16,12,2,2024-07-03,2024-07-06,2024-07-16,435000.0,0.0,98.8,Alarma defectuosa
4226,930,17,3,1,2024-07-04,2024-07-05,2024-07-08,162000.0,0.0,2.6,
4227,1908,10,4,1,2024-07-04,2024-07-06,2024-07-08,290000.0,90000.0,4.3,
4228,1814,6,4,1,2024-07-04,2024-07-06,2024-07-08,18000.0,0.0,3.5,
4229,328,21,1,1,2024-07-04,2024-07-06,2024-07-07,8000.0,0.0,4.0,
4230,49,16,12,1,2024-07-04,2024-07-04,2024-07-05,200000.0,0.0,5.2,
4231,1497,16,3,2,2024-07-04,2024-07-05,2024-07-20,21000.0,6000.0,217.7,Fuga en brazalete
4232,803,12,2,2,2024-07-04,2024-07-07,2024-07-19,5000.0,0.0,172.9,Batería agotada
4233,1690,17,5,2,2024-07-05,2024-07-07,2024-07-14,138000.0,0.0,17.1,Falla de presión NIBP
4234,688,1,4,2,2024-07-05,2024-07-07,2024-07-17,169000.0,0.0,87.6,No detecta línea
4235,34,18,10,1,2024-07-05,2024-07-05,2024-07-07,260000.0,37000.0,1.4,
4236,940,22,7,2,2024-07-05,2024-07-07,2024-07-20,435000.0,0.0,227.0,Módulo ECG dañado
4237,1042,10,2,1,2024-07-05,2024-07-07,2024-07-10,1307000.0,0.0,2.2,
4238,675,3,4,2,2024-07-05,2024-07-06,2024-07-17,14000.0,0.0,43.9,Pantalla defectuosa
4239,632,24,6,1,2024-07-05,2024-07-05,2024-07-07,195000.0,65000.0,6.6,
4240,1155,24,7,1,2024-07-05,2024-07-06,2024-07-07,22000.0,2000.0,5.3,
4241,627,12,4,1,2024-07-05,2024-07-05,2024-07-06,94000.0,27000.0,2.2,
4242,1713,9,1,1,2024-07-05,2024-07-06,2024-07-07,48000.0,0.0,3.6,
4243,1760,17,4,2,2024-07-07,2024-07-07,2024-07-20,462000.0,0.0,71.7,Pantalla sin imagen
4244,1022,19,11,2,2024-07-07,2024-07-07,2024-07-13,6722000.0,2016000.0,68.6,Problema de software
4245,790,3,3,2,2024-07-07,2024-07-10,2024-07-25,5355000.0,0.0,268.9,Alarma de presión
4246,1746,20,3,2,2024-07-07,2024-07-07,2024-07-15,530000.0,0.0,99.0,Ruedas trabadas
4247,1783,7,6,2,2024-07-07,2024-07-09,2024-07-21,484000.0,0.0,78.7,SpO₂ no detecta señal
4248,1751,9,2,1,2024-07-08,2024-07-09,2024-07-11,1645000.0,0.0,5.8,
4249,648,6,12,2,2024-07-08,2024-07-10,2024-07-20,283000.0,0.0,63.6,Enfoque trabado
4250,1280,21,7,1,2024-07-08,2024-07-10,2024-07-13,149000.0,0.0,7.0,
4251,1304,16,12,2,2024-07-08,2024-07-09,2024-07-16,435000.0,0.0,85.7,Condensador sucio
4252,1369,12,6,2,2024-07-08,2024-07-09,2024-07-16,156000.0,0.0,12.2,Error de calibración
4253,1037,9,5,1,2024-07-08,2024-07-09,2024-07-11,1265000.0,255000.0,6.4,
4254,1145,4,6,1,2024-07-08,2024-07-10,2024-07-13,37000.0,0.0,1.3,
4255,884,9,5,1,2024-07-09,2024-07-10,2024-07-12,362000.0,0.0,3.0,
4256,1918,21,7,2,2024-07-09,2024-07-09,2024-07-15,77000.0,23000.0,14.4,Display defectuoso
4257,926,2,6,1,2024-07-09,2024-07-10,2024-07-13,223000.0,0.0,3.7,
4258,818,4,5,1,2024-07-09,2024-07-11,2024-07-12,57000.0,0.0,6.9,
4259,485,1,4,1,2024-07-09,2024-07-11,2024-07-13,26000.0,2000.0,6.5,
4260,214,9,8,2,2024-07-09,2024-07-09,2024-07-22,2668000.0,0.0,247.5,Pantalla defectuosa
4261,449,3,2,1,2024-07-10,2024-07-12,2024-07-14,811000.0,0.0,4.5,
4262,754,1,1,1,2024-07-10,2024-07-11,2024-07-13,48000.0,4000.0,6.0,
4263,1514,15,11,1,2024-07-10,2024-07-10,2024-07-12,122000.0,10000.0,5.7,
4264,316,9,1,1,2024-07-10,2024-07-11,2024-07-12,167000.0,0.0,1.5,
4265,33,2,5,1,2024-07-10,2024-07-11,2024-07-14,40000.0,0.0,6.7,
4266,1198,4,12,2,2024-07-10,2024-07-13,2024-07-14,570000.0,0.0,8.2,Alarma defectuosa
4267,437,7,2,2,2024-07-10,2024-07-11,2024-07-14,152000.0,0.0,60.5,Caudal incorrecto
4268,1805,5,6,1,2024-07-10,2024-07-12,2024-07-15,328000.0,0.0,7.2,
4269,892,10,2,2,2024-07-10,2024-07-11,2024-07-12,6931000.0,0.0,20.9,Pantalla sin respuesta
4270,153,2,3,2,2024-07-10,2024-07-10,2024-07-15,521000.0,0.0,28.7,Lecturas erráticas
4271,9,10,2,1,2024-07-11,2024-07-12,2024-07-13,690000.0,0.0,2.7,
4272,1680,15,11,2,2024-07-11,2024-07-14,2024-07-26,191000.0,56000.0,111.2,Ruedas dañadas
4273,85,4,8,1,2024-07-11,2024-07-13,2024-07-14,20942000.0,10530000.0,5.0,
4274,1364,2,5,1,2024-07-11,2024-07-11,2024-07-14,234000.0,56000.0,1.6,
4275,918,11,4,2,2024-07-11,2024-07-12,2024-07-13,12000.0,0.0,11.3,Pantalla defectuosa
4276,114,7,3,2,2024-07-11,2024-07-12,2024-07-23,1937000.0,0.0,222.1,Falla de pantalla
4277,1983,9,8,1,2024-07-11,2024-07-13,2024-07-14,5105000.0,0.0,6.2,
4278,1937,1,2,1,2024-07-11,2024-07-12,2024-07-13,251000.0,0.0,6.8,
4279,1484,13,8,1,2024-07-11,2024-07-11,2024-07-12,1458000.0,0.0,3.8,
4280,519,9,7,2,2024-07-11,2024-07-13,2024-07-27,255000.0,0.0,213.2,Bloqueo de seguridad dañado
4281,981,20,1,1,2024-07-11,2024-07-13,2024-07-15,235000.0,0.0,6.0,
4282,1053,2,2,2,2024-07-12,2024-07-14,2024-07-15,301000.0,0.0,22.8,SpO₂ no detecta señal
4283,1304,16,12,1,2024-07-12,2024-07-14,2024-07-16,303000.0,0.0,6.9,
4284,1789,20,9,1,2024-07-12,2024-07-14,2024-07-17,1211000.0,0.0,3.7,
4285,845,22,4,2,2024-07-12,2024-07-14,2024-07-21,477000.0,0.0,76.0,No enciende
4286,234,9,1,1,2024-07-12,2024-07-13,2024-07-15,173000.0,0.0,4.5,
4287,370,1,1,1,2024-07-12,2024-07-12,2024-07-13,1094000.0,0.0,6.5,
4288,273,11,4,1,2024-07-12,2024-07-12,2024-07-13,5000.0,0.0,4.2,
4289,1955,7,5,1,2024-07-12,2024-07-14,2024-07-17,81000.0,0.0,6.0,
4290,732,11,1,1,2024-07-12,2024-07-13,2024-07-15,320000.0,0.0,1.5,
4291,1135,15,10,1,2024-07-12,2024-07-14,2024-07-15,56000.0,0.0,6.7,
4292,1077,4,3,1,2024-07-12,2024-07-12,2024-07-15,339000.0,110000.0,2.1,
4293,386,21,1,1,2024-07-12,2024-07-14,2024-07-15,188000.0,27000.0,2.4,
4294,1933,12,6,2,2024-07-13,2024-07-13,2024-07-16,2993000.0,0.0,51.1,Problema en válvulas internas
4295,96,21,2,2,2024-07-14,2024-07-15,2024-07-17,2281000.0,0.0,13.5,Fuga en circuito
4296,1436,10,8,2,2024-07-14,2024-07-14,2024-07-15,2101000.0,0.0,18.3,Pantalla defectuosa
4297,458,12,2,2,2024-07-14,2024-07-17,2024-07-19,3614000.0,0.0,24.2,Problema en válvulas internas
4298,588,2,1,2,2024-07-14,2024-07-15,2024-07-22,3469000.0,0.0,39.4,Error de calibración
4299,407,17,9,2,2024-07-14,2024-07-15,2024-07-29,2389000.0,0.0,112.8,Pantalla defectuosa
4300,233,10,5,1,2024-07-15,2024-07-17,2024-07-18,74000.0,0.0,1.3,
4301,566,3,4,1,2024-07-15,2024-07-17,2024-07-20,26000.0,0.0,3.0,
4302,1374,16,12,1,2024-07-15,2024-07-15,2024-07-17,134000.0,31000.0,2.9,
4303,1452,7,4,1,2024-07-15,2024-07-15,2024-07-17,977000.0,625000.0,3.1,
4304,374,15,11,1,2024-07-15,2024-07-16,2024-07-19,1140000.0,0.0,4.2,
4305,1909,21,2,1,2024-07-15,2024-07-15,2024-07-17,61000.0,0.0,3.2,
4306,1751,9,1,2,2024-07-15,2024-07-15,2024-07-23,3584000.0,0.0,30.0,Problema en válvulas internas
4307,1207,18,11,1,2024-07-15,2024-07-16,2024-07-19,57000.0,0.0,4.2,
4308,1755,15,11,1,2024-07-15,2024-07-17,2024-07-19,61000.0,0.0,7.9,
4309,1239,1,6,2,2024-07-15,2024-07-18,2024-07-20,190000.0,0.0,21.3,Alarmas inoperativas
4310,593,15,10,1,2024-07-15,2024-07-15,2024-07-17,122000.0,0.0,2.2,
4311,1576,1,1,2,2024-07-15,2024-07-17,2024-07-31,168000.0,0.0,33.0,Caudal incorrecto
4312,641,10,8,2,2024-07-15,2024-07-16,2024-07-19,38680000.0,16117000.0,9.6,Error de gantry
4313,65,22,6,1,2024-07-15,2024-07-17,2024-07-19,287000.0,0.0,4.3,
4314,553,1,7,1,2024-07-16,2024-07-16,2024-07-18,1679000.0,0.0,2.2,
4315,835,11,6,1,2024-07-16,2024-07-16,2024-07-17,63000.0,16000.0,7.4,
4316,1387,13,9,2,2024-07-16,2024-07-19,2024-07-24,11073000.0,0.0,116.1,Falla de fluoroscopía
4317,465,10,4,1,2024-07-16,2024-07-16,2024-07-17,806000.0,165000.0,2.3,
4318,1038,7,2,1,2024-07-16,2024-07-17,2024-07-18,176000.0,0.0,4.6,
4319,1151,2,2,1,2024-07-16,2024-07-17,2024-07-20,2099000.0,521000.0,2.0,
4320,145,18,10,1,2024-07-16,2024-07-17,2024-07-18,91000.0,0.0,1.7,
4321,1850,12,5,1,2024-07-16,2024-07-17,2024-07-18,25000.0,2000.0,1.4,
4322,580,13,7,1,2024-07-16,2024-07-18,2024-07-21,6000.0,0.0,3.0,
4323,835,11,7,2,2024-07-17,2024-07-20,2024-07-29,95000.0,28000.0,104.6,Caudal incorrecto
4324,741,9,3,2,2024-07-17,2024-07-17,2024-07-18,309000.0,0.0,9.7,Sistema hidráulico con fuga
4325,325,17,4,1,2024-07-17,2024-07-17,2024-07-19,142000.0,0.0,1.3,
4326,1860,11,6,1,2024-07-17,2024-07-17,2024-07-19,27000.0,0.0,3.8,
4327,1534,14,7,1,2024-07-17,2024-07-19,2024-07-22,322000.0,0.0,6.5,
4328,1809,11,6,1,2024-07-17,2024-07-17,2024-07-18,140000.0,0.0,7.4,
4329,1143,15,11,1,2024-07-17,2024-07-18,2024-07-21,1347000.0,492000.0,4.2,
4330,175,4,6,1,2024-07-17,2024-07-19,2024-07-20,82000.0,0.0,5.9,
4331,262,15,10,1,2024-07-17,2024-07-17,2024-07-20,922000.0,0.0,1.5,
4332,1565,24,4,2,2024-07-17,2024-07-19,2024-07-29,449000.0,135000.0,187.6,SpO₂ no detecta señal
4333,683,1,5,2,2024-07-17,2024-07-19,2024-07-26,26000.0,0.0,101.4,Manómetro descalibrado
4334,1613,21,3,2,2024-07-17,2024-07-20,2024-08-02,78000.0,0.0,161.5,Óptica sucia
4335,1771,9,1,1,2024-07-18,2024-07-20,2024-07-23,306000.0,0.0,6.7,
4336,169,8,2,1,2024-07-18,2024-07-19,2024-07-21,258000.0,21000.0,5.7,
4337,1400,1,4,1,2024-07-18,2024-07-19,2024-07-20,233000.0,0.0,5.2,
4338,1439,1,2,1,2024-07-18,2024-07-19,2024-07-21,247000.0,0.0,6.5,
4339,1506,17,1,1,2024-07-18,2024-07-19,2024-07-21,971000.0,0.0,1.4,
4340,1779,15,10,1,2024-07-18,2024-07-20,2024-07-23,87000.0,0.0,5.3,
4341,1798,9,2,2,2024-07-18,2024-07-21,2024-07-26,3528000.0,0.0,38.3,Fuga en circuito
4342,198,2,6,1,2024-07-18,2024-07-20,2024-07-23,88000.0,0.0,6.3,
4343,503,3,12,1,2024-07-18,2024-07-19,2024-07-20,166000.0,0.0,2.1,
4344,1239,2,5,1,2024-07-18,2024-07-19,2024-07-21,166000.0,0.0,4.4,
4345,609,10,7,2,2024-07-19,2024-07-20,2024-08-01,29000.0,0.0,244.7,Pera dañada
4346,20,4,2,2,2024-07-19,2024-07-19,2024-07-30,142000.0,42000.0,241.8,Falla de presión NIBP
4347,599,1,5,1,2024-07-19,2024-07-19,2024-07-21,142000.0,0.0,1.5,
4348,1236,4,5,1,2024-07-19,2024-07-20,2024-07-23,81000.0,0.0,1.4,
4349,1578,20,9,1,2024-07-19,2024-07-19,2024-07-22,3308000.0,1425000.0,2.8,
4350,1053,2,7,1,2024-07-19,2024-07-20,2024-07-23,193000.0,0.0,5.1,
4351,411,1,1,1,2024-07-19,2024-07-20,2024-07-22,380000.0,0.0,7.3,
4352,1200,4,2,1,2024-07-19,2024-07-20,2024-07-22,256000.0,0.0,4.3,
4353,1957,6,1,2,2024-07-19,2024-07-19,2024-07-20,308000.0,0.0,23.5,Módulo ECG dañado
4354,927,3,3,1,2024-07-19,2024-07-21,2024-07-23,81000.0,0.0,1.9,
4355,1189,21,6,2,2024-07-20,2024-07-23,2024-07-30,184000.0,55000.0,164.5,Teclado/pantalla defectuosa
4356,1288,17,6,2,2024-07-20,2024-07-21,2024-07-27,62000.0,0.0,47.4,Lente sucio o rayado
4357,416,11,7,2,2024-07-20,2024-07-23,2024-08-02,185000.0,29000.0,123.9,Error de calibración
4358,1318,15,10,2,2024-07-20,2024-07-20,2024-07-22,2532000.0,0.0,23.4,Error de sensores
4359,763,15,10,2,2024-07-21,2024-07-22,2024-08-06,174000.0,0.0,38.1,Bandejas deformadas
4360,1037,9,6,2,2024-07-21,2024-07-23,2024-08-05,3411000.0,1023000.0,63.5,Alarma de presión
4361,752,4,2,2,2024-07-21,2024-07-22,2024-07-23,542000.0,0.0,10.4,No carga energía
4362,1123,1,3,2,2024-07-21,2024-07-24,2024-07-28,21000.0,0.0,84.4,Manómetro descalibrado
4363,1959,12,5,2,2024-07-21,2024-07-24,2024-07-31,602000.0,0.0,89.0,Frenos defectuosos
4364,1714,21,7,2,2024-07-21,2024-07-22,2024-07-31,128000.0,0.0,170.0,Alarma de oclusión
4365,943,4,5,2,2024-07-22,2024-07-24,2024-07-29,3662000.0,1099000.0,107.9,Alarma de presión
4366,581,21,6,2,2024-07-22,2024-07-23,2024-07-31,178000.0,0.0,13.3,Caudal incorrecto
4367,1174,14,5,2,2024-07-22,2024-07-22,2024-07-24,16000.0,0.0,20.2,Batería agotada
4368,1679,3,12,2,2024-07-22,2024-07-23,2024-08-03,2910000.0,0.0,177.3,Obstrucción de pipetas
4369,677,9,1,2,2024-07-22,2024-07-22,2024-07-23,116000.0,35000.0,20.6,SpO₂ sin lectura
4370,860,11,4,2,2024-07-22,2024-07-24,2024-07-31,168000.0,0.0,116.7,Alarma de oclusión
4371,976,18,6,1,2024-07-22,2024-07-23,2024-07-25,29000.0,1000.0,1.2,
4372,1059,7,4,1,2024-07-22,2024-07-23,2024-07-26,1494000.0,0.0,1.6,
4373,1193,1,3,1,2024-07-23,2024-07-24,2024-07-26,82000.0,0.0,3.1,
4374,538,19,11,1,2024-07-23,2024-07-23,2024-07-26,3577000.0,1238000.0,6.0,
4375,1042,10,1,2,2024-07-23,2024-07-23,2024-08-01,3318000.0,0.0,35.6,Presión inestable
4376,1517,14,5,1,2024-07-23,2024-07-23,2024-07-25,37000.0,0.0,2.4,
4377,1134,1,2,1,2024-07-23,2024-07-25,2024-07-28,64000.0,19000.0,7.0,
4378,1278,17,5,1,2024-07-23,2024-07-23,2024-07-24,92000.0,0.0,7.9,
4379,870,20,5,1,2024-07-23,2024-07-24,2024-07-26,136000.0,0.0,2.0,
4380,466,7,2,1,2024-07-23,2024-07-24,2024-07-25,403000.0,0.0,6.4,
4381,1490,12,1,1,2024-07-23,2024-07-24,2024-07-25,1301000.0,696000.0,2.1,
4382,894,15,10,2,2024-07-23,2024-07-24,2024-08-03,3068000.0,773000.0,27.3,Error de sensores
4383,1947,11,6,1,2024-07-23,2024-07-25,2024-07-28,681000.0,0.0,7.2,
4384,1670,17,2,1,2024-07-24,2024-07-24,2024-07-27,136000.0,0.0,7.1,
4385,588,2,4,2,2024-07-24,2024-07-27,2024-08-11,3469000.0,0.0,107.8,Problema en válvulas internas
4386,97,10,1,1,2024-07-24,2024-07-26,2024-07-29,100000.0,0.0,1.0,
4387,445,24,7,1,2024-07-24,2024-07-26,2024-07-28,90000.0,0.0,1.1,
4388,868,1,2,2,2024-07-24,2024-07-27,2024-08-03,21000.0,0.0,69.4,Manómetro descalibrado
4389,298,12,2,1,2024-07-24,2024-07-25,2024-07-28,263000.0,0.0,4.7,
4390,650,7,3,2,2024-07-24,2024-07-25,2024-08-09,148000.0,0.0,145.2,Error de calibración
4391,1706,4,12,1,2024-07-24,2024-07-25,2024-07-27,94000.0,9000.0,3.8,
4392,340,18,11,1,2024-07-24,2024-07-26,2024-07-29,75000.0,0.0,2.1,
4393,1563,3,7,1,2024-07-25,2024-07-27,2024-07-28,172000.0,28000.0,4.2,
4394,1550,21,4,1,2024-07-25,2024-07-26,2024-07-29,29000.0,0.0,5.5,
4395,904,8,9,1,2024-07-25,2024-07-25,2024-07-28,6152000.0,0.0,2.3,
4396,1556,9,1,1,2024-07-25,2024-07-25,2024-07-26,144000.0,0.0,5.1,
4397,1177,22,1,1,2024-07-25,2024-07-27,2024-07-30,273000.0,0.0,1.8,
4398,1285,15,11,1,2024-07-25,2024-07-26,2024-07-27,134000.0,11000.0,2.0,
4399,649,21,1,1,2024-07-25,2024-07-25,2024-07-26,182000.0,0.0,5.9,
4400,1954,7,7,2,2024-07-25,2024-07-25,2024-07-27,161000.0,0.0,36.0,Batería dañada
4401,1979,8,2,1,2024-07-26,2024-07-27,2024-07-28,201000.0,0.0,2.3,
4402,378,12,5,2,2024-07-26,2024-07-28,2024-08-03,3689000.0,0.0,63.7,Falla de batería
4403,578,8,2,1,2024-07-26,2024-07-27,2024-07-28,259000.0,0.0,2.6,
4404,1342,24,6,1,2024-07-26,2024-07-27,2024-07-30,131000.0,0.0,6.8,
4405,1505,17,2,2,2024-07-26,2024-07-29,2024-08-12,123000.0,0.0,21.6,Alarma de oclusión
4406,293,18,5,2,2024-07-26,2024-07-28,2024-07-29,28000.0,8000.0,11.3,Lectura incorrecta
4407,1731,5,3,2,2024-07-26,2024-07-27,2024-07-28,226000.0,0.0,18.8,Lecturas erráticas
4408,261,22,12,2,2024-07-26,2024-07-28,2024-08-05,386000.0,0.0,112.9,Falla de compresor
4409,1277,17,4,2,2024-07-27,2024-07-29,2024-07-30,170000.0,0.0,8.0,No detecta línea
4410,1136,1,5,2,2024-07-28,2024-07-28,2024-07-30,0.0,0.0,20.0,Pantalla defectuosa
4411,1042,10,5,2,2024-07-28,2024-07-28,2024-08-07,3294000.0,0.0,139.3,Fuga en circuito
4412,1153,12,4,2,2024-07-28,2024-07-31,2024-08-02,333000.0,75000.0,12.8,Pantalla sin imagen
4413,866,12,7,1,2024-07-29,2024-07-31,2024-08-02,549000.0,0.0,6.0,
4414,1882,17,5,1,2024-07-29,2024-07-29,2024-08-01,242000.0,0.0,7.0,
4415,1878,6,1,1,2024-07-29,2024-07-30,2024-07-31,98000.0,0.0,3.8,
4416,64,12,7,1,2024-07-30,2024-07-31,2024-08-01,165000.0,0.0,3.7,
4417,1428,12,5,1,2024-07-30,2024-07-31,2024-08-01,554000.0,0.0,5.1,
4418,1584,2,5,1,2024-07-30,2024-07-30,2024-07-31,2037000.0,0.0,3.6,
4419,1242,12,5,1,2024-07-31,2024-07-31,2024-08-03,126000.0,27000.0,5.0,
4420,213,17,2,1,2024-07-31,2024-08-01,2024-08-04,345000.0,38000.0,2.5,
4421,1024,17,5,1,2024-07-31,2024-08-01,2024-08-02,107000.0,21000.0,7.5,
4422,794,3,7,1,2024-07-31,2024-08-01,2024-08-02,276000.0,78000.0,6.0,
4423,361,6,2,1,2024-07-31,2024-08-01,2024-08-02,9000.0,1000.0,3.1,
4424,1734,15,10,1,2024-08-01,2024-08-03,2024-08-04,55000.0,0.0,3.3,
4425,1770,22,4,2,2024-08-01,2024-08-03,2024-08-07,365000.0,0.0,88.8,No enciende
4426,1783,7,1,2,2024-08-01,2024-08-04,2024-08-07,484000.0,0.0,60.7,NIBP no infla
4427,1205,10,2,2,2024-08-01,2024-08-02,2024-08-12,949000.0,0.0,143.6,Alarma no funciona
4428,1159,17,4,1,2024-08-01,2024-08-02,2024-08-05,97000.0,0.0,3.7,
4429,1320,10,4,1,2024-08-01,2024-08-03,2024-08-04,220000.0,0.0,2.7,
4430,193,8,2,2,2024-08-01,2024-08-04,2024-08-17,2000.0,0.0,190.2,Pantalla defectuosa
4431,1037,9,6,2,2024-08-01,2024-08-03,2024-08-15,3411000.0,594000.0,45.4,Alarma de presión
4432,1526,13,5,1,2024-08-01,2024-08-03,2024-08-05,422000.0,0.0,3.6,
4433,14,7,2,1,2024-08-02,2024-08-02,2024-08-03,350000.0,82000.0,2.5,
4434,218,16,12,2,2024-08-02,2024-08-02,2024-08-04,4541000.0,0.0,47.6,Falla de calibración
4435,1808,17,7,1,2024-08-02,2024-08-02,2024-08-04,89000.0,0.0,1.5,
4436,1390,15,11,1,2024-08-02,2024-08-03,2024-08-06,107000.0,0.0,3.2,
4437,1628,22,7,1,2024-08-02,2024-08-02,2024-08-03,38000.0,0.0,6.9,
4438,1442,3,5,2,2024-08-02,2024-08-05,2024-08-19,4980000.0,0.0,281.2,Pantalla sin respuesta
4439,1418,12,3,2,2024-08-02,2024-08-04,2024-08-17,3987000.0,857000.0,119.7,Alarma de apnea
4440,1726,17,5,1,2024-08-02,2024-08-04,2024-08-06,48000.0,0.0,4.4,
4441,1519,8,9,1,2024-08-02,2024-08-02,2024-08-05,1921000.0,0.0,2.5,
4442,1548,6,3,2,2024-08-02,2024-08-03,2024-08-07,500000.0,0.0,80.7,SpO₂ no detecta señal
4443,1407,14,12,1,2024-08-02,2024-08-03,2024-08-04,320000.0,29000.0,5.9,
4444,1503,17,7,2,2024-08-03,2024-08-05,2024-08-06,429000.0,0.0,21.1,Módulo ECG dañado
4445,1841,1,7,2,2024-08-03,2024-08-06,2024-08-07,541000.0,0.0,14.7,NIBP no infla
4446,1448,7,2,2,2024-08-03,2024-08-06,2024-08-15,56000.0,0.0,173.6,Batería dañada
4447,278,15,11,2,2024-08-03,2024-08-03,2024-08-14,1711000.0,0.0,81.5,Ciclo incompleto
4448,238,21,4,2,2024-08-03,2024-08-03,2024-08-05,126000.0,0.0,38.4,Teclado/pantalla defectuosa
4449,368,2,1,2,2024-08-03,2024-08-03,2024-08-10,1281000.0,0.0,15.1,Sensor defectuoso
4450,1731,5,3,2,2024-08-04,2024-08-05,2024-08-10,226000.0,0.0,110.5,SpO₂ no detecta señal
4451,1143,15,11,2,2024-08-04,2024-08-05,2024-08-19,2820000.0,846000.0,30.5,No genera presión
4452,399,4,7,2,2024-08-04,2024-08-05,2024-08-09,185000.0,0.0,39.6,Alarmas inoperativas
4453,1113,7,5,1,2024-08-05,2024-08-06,2024-08-09,142000.0,0.0,3.6,
4454,1518,8,1,1,2024-08-05,2024-08-05,2024-08-08,291000.0,0.0,2.4,
4455,1152,8,1,1,2024-08-05,2024-08-05,2024-08-07,25000.0,0.0,4.8,
4456,414,18,10,1,2024-08-05,2024-08-05,2024-08-07,111000.0,11000.0,5.4,
4457,142,7,2,2,2024-08-05,2024-08-06,2024-08-09,128000.0,38000.0,58.2,Teclado/pantalla defectuosa
4458,1090,11,5,2,2024-08-05,2024-08-05,2024-08-13,188000.0,0.0,49.6,Error de calibración
4459,160,9,6,1,2024-08-05,2024-08-07,2024-08-10,142000.0,0.0,3.1,
4460,408,12,1,2,2024-08-05,2024-08-06,2024-08-19,3590000.0,0.0,24.4,Alarma de apnea
4461,1630,9,7,2,2024-08-05,2024-08-08,2024-08-18,4258000.0,1378000.0,213.5,Fuga de gases
4462,1167,18,11,1,2024-08-05,2024-08-07,2024-08-08,128000.0,0.0,6.4,
4463,262,15,11,2,2024-08-05,2024-08-08,2024-08-14,1651000.0,0.0,72.8,No genera presión
4464,986,20,8,1,2024-08-05,2024-08-06,2024-08-08,382000.0,0.0,7.3,
4465,390,8,4,2,2024-08-06,2024-08-08,2024-08-09,13000.0,2000.0,12.2,Lectura incorrecta
4466,1557,4,8,1,2024-08-06,2024-08-07,2024-08-08,3760000.0,0.0,7.7,
4467,969,18,11,2,2024-08-06,2024-08-07,2024-08-15,542000.0,0.0,174.3,Motor falla
4468,1907,12,2,1,2024-08-06,2024-08-08,2024-08-10,273000.0,0.0,2.0,
4469,1023,18,10,1,2024-08-06,2024-08-07,2024-08-10,119000.0,0.0,5.0,
4470,784,1,3,1,2024-08-06,2024-08-07,2024-08-08,118000.0,0.0,4.4,
4471,1597,2,3,1,2024-08-06,2024-08-07,2024-08-08,35000.0,2000.0,4.1,
4472,1993,11,7,1,2024-08-07,2024-08-09,2024-08-11,88000.0,0.0,6.8,
4473,1121,3,4,1,2024-08-07,2024-08-07,2024-08-10,278000.0,67000.0,3.0,
4474,140,20,9,1,2024-08-07,2024-08-08,2024-08-10,733000.0,0.0,8.0,
4475,639,16,2,2,2024-08-07,2024-08-07,2024-08-12,27000.0,0.0,39.3,Lectura incorrecta
4476,714,1,4,1,2024-08-07,2024-08-08,2024-08-11,107000.0,20000.0,5.5,
4477,1176,17,7,1,2024-08-07,2024-08-09,2024-08-12,131000.0,0.0,3.6,
4478,1899,12,2,2,2024-08-07,2024-08-09,2024-08-20,1362000.0,0.0,204.0,Falla de ventilador
4479,1630,2,3,2,2024-08-08,2024-08-08,2024-08-15,4592000.0,1378000.0,86.4,Alarma de presión
4480,1593,20,9,1,2024-08-08,2024-08-10,2024-08-11,567000.0,0.0,2.3,
4481,1729,4,4,2,2024-08-08,2024-08-08,2024-08-09,402000.0,0.0,19.5,SpO₂ no detecta señal
4482,763,15,10,1,2024-08-08,2024-08-08,2024-08-11,69000.0,0.0,3.9,
4483,327,10,7,2,2024-08-08,2024-08-08,2024-08-21,3734000.0,0.0,251.7,Problema en válvulas internas
4484,1664,7,5,1,2024-08-08,2024-08-09,2024-08-11,82000.0,0.0,7.9,
4485,891,16,2,1,2024-08-08,2024-08-08,2024-08-09,46000.0,1000.0,5.5,
4486,295,1,4,1,2024-08-08,2024-08-10,2024-08-13,189000.0,0.0,4.2,
4487,161,19,11,2,2024-08-08,2024-08-11,2024-08-25,94000.0,28000.0,134.8,Fuga de aire
4488,622,1,5,1,2024-08-08,2024-08-08,2024-08-10,367000.0,79000.0,6.1,
4489,1938,10,4,1,2024-08-08,2024-08-09,2024-08-12,285000.0,74000.0,2.7,
4490,1944,7,1,1,2024-08-08,2024-08-08,2024-08-11,33000.0,0.0,4.6,
4491,738,11,7,2,2024-08-08,2024-08-08,2024-08-12,200000.0,0.0,12.0,Error de calibración
4492,588,2,1,2,2024-08-08,2024-08-11,2024-08-21,3469000.0,0.0,15.7,Error de calibración
4493,395,9,5,1,2024-08-08,2024-08-10,2024-08-11,352000.0,0.0,2.5,
4494,1112,4,4,1,2024-08-08,2024-08-08,2024-08-10,114000.0,0.0,5.3,
4495,1482,2,6,1,2024-08-08,2024-08-08,2024-08-10,43000.0,6000.0,7.7,
4496,1430,12,2,1,2024-08-08,2024-08-08,2024-08-10,226000.0,0.0,6.6,
4497,1695,16,2,1,2024-08-09,2024-08-09,2024-08-11,39000.0,0.0,4.6,
4498,1945,1,4,2,2024-08-09,2024-08-10,2024-08-18,155000.0,47000.0,122.2,Caudal incorrecto
4499,982,5,4,2,2024-08-09,2024-08-10,2024-08-15,566000.0,0.0,80.2,Alarmas defectuosas
4500,782,1,4,2,2024-08-09,2024-08-09,2024-08-22,121000.0,0.0,174.5,Error de calibración
4501,1208,10,3,1,2024-08-09,2024-08-09,2024-08-10,1696000.0,0.0,3.6,
4502,937,6,12,1,2024-08-09,2024-08-10,2024-08-12,121000.0,0.0,6.8,
4503,948,11,6,2,2024-08-09,2024-08-10,2024-08-14,2939000.0,841000.0,8.7,Falla de batería
4504,1553,5,1,2,2024-08-09,2024-08-09,2024-08-10,321000.0,0.0,21.0,NIBP no infla
4505,311,21,2,1,2024-08-09,2024-08-09,2024-08-12,161000.0,0.0,4.7,
4506,163,5,4,1,2024-08-09,2024-08-10,2024-08-11,333000.0,0.0,6.7,
4507,1188,7,2,1,2024-08-09,2024-08-09,2024-08-12,171000.0,0.0,2.4,
4508,270,11,3,1,2024-08-09,2024-08-09,2024-08-12,16000.0,0.0,6.1,
4509,892,10,1,1,2024-08-09,2024-08-11,2024-08-12,3443000.0,0.0,6.8,
4510,95,4,6,1,2024-08-09,2024-08-09,2024-08-12,136000.0,0.0,5.8,
4511,1394,6,6,2,2024-08-10,2024-08-10,2024-08-11,455000.0,0.0,20.3,NIBP no infla
4512,366,11,6,2,2024-08-10,2024-08-12,2024-08-22,4103000.0,0.0,195.0,Alarma de apnea
4513,1462,2,3,2,2024-08-11,2024-08-11,2024-08-25,468000.0,0.0,271.2,SpO₂ no detecta señal
4514,489,1,6,2,2024-08-11,2024-08-12,2024-08-27,4443000.0,0.0,53.0,Presión inestable
4515,1630,9,1,2,2024-08-11,2024-08-14,2024-08-24,4592000.0,1378000.0,172.1,Pantalla sin respuesta
4516,1656,13,8,2,2024-08-11,2024-08-11,2024-08-21,3969000.0,0.0,198.3,Falla de teclado o trackball
4517,668,16,6,2,2024-08-11,2024-08-12,2024-08-26,17000.0,5000.0,123.7,Manómetro descalibrado
4518,755,10,2,2,2024-08-11,2024-08-12,2024-08-19,156000.0,0.0,114.8,Teclado/pantalla defectuosa
4519,1118,17,4,2,2024-08-11,2024-08-12,2024-08-23,143000.0,0.0,222.7,Alarmas inoperativas
4520,1197,14,7,1,2024-08-12,2024-08-14,2024-08-17,17000.0,0.0,5.7,
4521,1458,1,7,1,2024-08-12,2024-08-12,2024-08-13,83000.0,0.0,5.2,
4522,215,10,1,1,2024-08-12,2024-08-13,2024-08-14,206000.0,0.0,2.0,
4523,1535,19,6,1,2024-08-12,2024-08-13,2024-08-16,10000.0,0.0,4.8,
4524,492,11,5,1,2024-08-12,2024-08-13,2024-08-15,191000.0,0.0,2.0,
4525,1195,3,4,1,2024-08-12,2024-08-13,2024-08-14,178000.0,0.0,7.9,
4526,476,9,6,1,2024-08-12,2024-08-12,2024-08-13,1590000.0,0.0,1.4,
4527,1886,17,5,2,2024-08-12,2024-08-13,2024-08-22,348000.0,0.0,199.4,Lecturas erráticas
4528,1757,21,7,2,2024-08-12,2024-08-12,2024-08-25,217000.0,65000.0,239.3,Error de calibración
4529,46,11,1,2,2024-08-12,2024-08-12,2024-08-17,474000.0,142000.0,95.1,Barandas sueltas
4530,1414,8,8,1,2024-08-12,2024-08-12,2024-08-14,6888000.0,0.0,1.8,
4531,1161,1,2,2,2024-08-12,2024-08-15,2024-08-22,120000.0,32000.0,53.0,Falla de presión NIBP
4532,1391,4,6,2,2024-08-12,2024-08-15,2024-08-17,93000.0,0.0,31.3,Pantalla dañada
4533,1807,2,3,1,2024-08-12,2024-08-14,2024-08-17,196000.0,0.0,3.2,
4534,451,15,10,1,2024-08-12,2024-08-14,2024-08-17,91000.0,0.0,1.8,
4535,747,15,10,1,2024-08-12,2024-08-14,2024-08-15,110000.0,0.0,1.0,
4536,1641,1,5,2,2024-08-13,2024-08-15,2024-08-20,2066000.0,0.0,53.7,Error de calibración
4537,62,5,4,2,2024-08-13,2024-08-14,2024-08-21,7000.0,0.0,133.4,Lectura errática
4538,496,10,5,2,2024-08-13,2024-08-13,2024-08-21,545000.0,0.0,81.6,Mecanismo de altura no funciona
4539,1291,17,2,1,2024-08-13,2024-08-15,2024-08-16,187000.0,0.0,2.3,
4540,236,2,2,1,2024-08-13,2024-08-14,2024-08-17,449000.0,49000.0,4.9,
4541,809,7,4,1,2024-08-13,2024-08-15,2024-08-18,90000.0,11000.0,4.1,
4542,1530,10,7,2,2024-08-13,2024-08-15,2024-08-16,816000.0,0.0,16.6,Pantalla dañada
4543,1504,9,1,2,2024-08-14,2024-08-16,2024-08-22,21000.0,0.0,117.5,Óptica sucia
4544,1371,12,6,1,2024-08-14,2024-08-15,2024-08-17,255000.0,42000.0,6.1,
4545,1302,11,5,1,2024-08-14,2024-08-14,2024-08-16,946000.0,0.0,4.6,
4546,824,6,5,1,2024-08-14,2024-08-15,2024-08-16,63000.0,0.0,1.0,
4547,289,21,6,1,2024-08-14,2024-08-15,2024-08-17,237000.0,33000.0,5.5,
4548,804,1,9,1,2024-08-14,2024-08-15,2024-08-17,1836000.0,0.0,6.1,
4549,1937,1,3,2,2024-08-14,2024-08-16,2024-08-17,363000.0,0.0,18.1,Trazado con ruido
4550,1667,18,3,1,2024-08-14,2024-08-14,2024-08-17,121000.0,0.0,2.9,
4551,1170,21,1,1,2024-08-14,2024-08-15,2024-08-17,70000.0,12000.0,8.0,
4552,1569,12,2,1,2024-08-15,2024-08-16,2024-08-18,29000.0,0.0,1.6,
4553,408,12,6,2,2024-08-15,2024-08-16,2024-08-26,3853000.0,0.0,227.7,Presión inestable
4554,1086,12,2,1,2024-08-15,2024-08-16,2024-08-19,152000.0,0.0,6.7,
4555,604,15,11,1,2024-08-15,2024-08-17,2024-08-20,62000.0,0.0,4.5,
4556,911,17,3,2,2024-08-15,2024-08-17,2024-08-24,180000.0,0.0,130.2,Puerta o clamp dañado
4557,393,11,1,1,2024-08-15,2024-08-17,2024-08-20,86000.0,0.0,5.4,
4558,605,6,2,1,2024-08-15,2024-08-17,2024-08-18,5000.0,0.0,4.2,
4559,1770,22,4,1,2024-08-15,2024-08-16,2024-08-18,244000.0,0.0,7.2,
4560,1649,24,7,1,2024-08-15,2024-08-17,2024-08-19,12000.0,0.0,3.3,
4561,1287,21,7,1,2024-08-15,2024-08-17,2024-08-19,141000.0,0.0,3.3,
4562,1083,8,5,1,2024-08-15,2024-08-15,2024-08-16,199000.0,0.0,7.0,
4563,1827,24,5,2,2024-08-15,2024-08-16,2024-08-17,437000.0,0.0,15.0,Impresora no imprime
4564,1363,7,1,2,2024-08-15,2024-08-18,2024-08-31,214000.0,0.0,128.1,Puerta o clamp dañado
4565,702,18,11,1,2024-08-16,2024-08-17,2024-08-18,227000.0,0.0,3.3,
4566,1862,15,10,1,2024-08-16,2024-08-18,2024-08-20,80000.0,0.0,4.2,
4567,1898,2,6,1,2024-08-16,2024-08-16,2024-08-18,116000.0,17000.0,7.2,
4568,1906,1,5,1,2024-08-16,2024-08-18,2024-08-19,16000.0,0.0,6.5,
4569,889,17,8,2,2024-08-16,2024-08-18,2024-08-27,1546000.0,0.0,78.5,Transductor dañado
4570,1798,9,5,1,2024-08-16,2024-08-16,2024-08-19,941000.0,0.0,1.9,
4571,1180,7,6,1,2024-08-16,2024-08-17,2024-08-18,80000.0,0.0,7.9,
4572,1373,22,7,1,2024-08-16,2024-08-17,2024-08-20,23000.0,0.0,4.9,
4573,1057,5,2,1,2024-08-16,2024-08-18,2024-08-19,37000.0,0.0,1.0,
4574,1096,4,5,1,2024-08-16,2024-08-18,2024-08-21,104000.0,0.0,1.6,
4575,1046,13,2,1,2024-08-16,2024-08-18,2024-08-19,9000.0,0.0,2.7,
4576,1095,15,10,1,2024-08-16,2024-08-17,2024-08-20,63000.0,10000.0,6.7,
4577,916,1,6,2,2024-08-17,2024-08-20,2024-09-01,3508000.0,0.0,159.2,Presión inestable
4578,1873,22,4,2,2024-08-17,2024-08-17,2024-08-31,17000.0,0.0,275.8,Batería agotada
4579,1420,5,3,2,2024-08-18,2024-08-21,2024-08-27,305000.0,0.0,14.0,NIBP no infla
4580,238,21,1,2,2024-08-18,2024-08-19,2024-09-03,126000.0,0.0,283.9,Teclado/pantalla defectuosa
4581,487,21,7,2,2024-08-18,2024-08-21,2024-09-04,438000.0,0.0,269.0,No enciende
4582,1055,5,1,1,2024-08-19,2024-08-21,2024-08-22,44000.0,0.0,4.1,
4583,1421,2,6,2,2024-08-19,2024-08-20,2024-09-03,337000.0,0.0,148.4,NIBP no infla
4584,355,8,3,1,2024-08-19,2024-08-19,2024-08-21,151000.0,0.0,5.1,
4585,1369,12,3,2,2024-08-19,2024-08-22,2024-09-02,156000.0,0.0,14.9,Error de calibración
4586,766,22,6,1,2024-08-19,2024-08-19,2024-08-22,227000.0,68000.0,6.7,
4587,1025,10,7,1,2024-08-19,2024-08-21,2024-08-24,68000.0,0.0,6.2,
4588,1926,1,4,1,2024-08-19,2024-08-19,2024-08-21,1563000.0,379000.0,2.7,
4589,662,6,7,2,2024-08-19,2024-08-19,2024-08-21,117000.0,0.0,14.9,Batería defectuosa
4590,1341,19,10,1,2024-08-19,2024-08-21,2024-08-22,897000.0,0.0,7.4,
4591,536,3,4,1,2024-08-20,2024-08-21,2024-08-22,5000.0,0.0,3.7,
4592,751,12,7,1,2024-08-20,2024-08-20,2024-08-23,644000.0,0.0,3.0,
4593,1363,7,1,2,2024-08-20,2024-08-22,2024-08-23,214000.0,0.0,11.2,Teclado/pantalla defectuosa
4594,1822,22,3,1,2024-08-20,2024-08-20,2024-08-22,130000.0,0.0,2.6,
4595,859,4,3,1,2024-08-20,2024-08-21,2024-08-23,28000.0,0.0,4.3,
4596,774,18,11,2,2024-08-20,2024-08-22,2024-09-03,111000.0,0.0,229.9,Cables/electrodos dañados
4597,635,3,7,1,2024-08-20,2024-08-21,2024-08-24,14000.0,0.0,2.4,
4598,959,7,1,1,2024-08-21,2024-08-22,2024-08-25,109000.0,28000.0,2.3,
4599,1954,7,6,1,2024-08-21,2024-08-23,2024-08-26,104000.0,0.0,1.8,
4600,123,8,3,1,2024-08-21,2024-08-23,2024-08-26,273000.0,0.0,3.0,
4601,1631,22,7,2,2024-08-21,2024-08-24,2024-09-02,446000.0,0.0,100.6,No enciende
4602,965,13,9,1,2024-08-21,2024-08-23,2024-08-24,1709000.0,0.0,5.3,
4603,1460,22,4,1,2024-08-21,2024-08-23,2024-08-25,138000.0,0.0,6.6,
4604,955,16,12,1,2024-08-21,2024-08-22,2024-08-25,192000.0,0.0,2.3,
4605,275,11,5,2,2024-08-21,2024-08-23,2024-09-01,346000.0,0.0,206.0,Lectura inestable
4606,385,5,3,1,2024-08-21,2024-08-22,2024-08-24,94000.0,0.0,6.1,
4607,19,17,9,1,2024-08-22,2024-08-23,2024-08-24,3761000.0,0.0,4.9,
4608,709,8,6,1,2024-08-22,2024-08-22,2024-08-23,32000.0,4000.0,3.1,
4609,1889,12,7,2,2024-08-22,2024-08-24,2024-08-25,6144000.0,2024000.0,9.0,Falla en vaporizador
4610,1698,5,12,1,2024-08-22,2024-08-22,2024-08-24,156000.0,0.0,1.7,
4611,1359,5,7,1,2024-08-22,2024-08-24,2024-08-27,149000.0,0.0,3.3,
4612,1128,12,7,1,2024-08-22,2024-08-24,2024-08-25,124000.0,0.0,3.0,
4613,1461,6,4,1,2024-08-22,2024-08-24,2024-08-25,131000.0,0.0,5.6,
4614,103,1,6,1,2024-08-22,2024-08-22,2024-08-23,381000.0,0.0,1.0,
4615,1961,10,4,1,2024-08-23,2024-08-25,2024-08-26,1553000.0,0.0,3.5,
4616,509,12,2,1,2024-08-23,2024-08-23,2024-08-24,97000.0,0.0,6.0,
4617,1262,12,7,1,2024-08-23,2024-08-25,2024-08-27,109000.0,0.0,6.8,
4618,1268,1,4,2,2024-08-23,2024-08-24,2024-09-04,1365000.0,0.0,10.8,Falla de ventilador
4619,1270,4,5,1,2024-08-23,2024-08-25,2024-08-28,78000.0,0.0,6.3,
4620,277,2,6,1,2024-08-23,2024-08-25,2024-08-28,113000.0,14000.0,5.2,
4621,1040,11,1,1,2024-08-23,2024-08-25,2024-08-28,145000.0,0.0,5.7,
4622,1919,6,3,1,2024-08-23,2024-08-23,2024-08-24,115000.0,0.0,5.6,
4623,1992,2,5,2,2024-08-23,2024-08-23,2024-08-27,144000.0,0.0,45.0,Falla de presión NIBP
4624,1509,4,3,1,2024-08-23,2024-08-25,2024-08-26,163000.0,0.0,7.3,
4625,124,12,3,1,2024-08-23,2024-08-25,2024-08-27,60000.0,0.0,5.0,
4626,908,16,4,1,2024-08-23,2024-08-25,2024-08-26,50000.0,0.0,2.1,
4627,1724,4,5,2,2024-08-24,2024-08-27,2024-08-30,300000.0,0.0,29.4,Error de calibración
4628,1099,20,5,2,2024-08-24,2024-08-25,2024-08-29,4000.0,0.0,93.0,Tiras no reconocidas
4629,227,17,5,2,2024-08-24,2024-08-27,2024-09-02,20000.0,0.0,52.4,Pera dañada
4630,1679,3,12,2,2024-08-25,2024-08-26,2024-08-30,2910000.0,0.0,9.6,Problemas de lavado
4631,1873,22,2,2,2024-08-25,2024-08-25,2024-08-30,17000.0,0.0,50.9,Tiempo de medición excesivo
4632,965,13,8,2,2024-08-25,2024-08-28,2024-09-03,3360000.0,0.0,123.8,Pantalla defectuosa
4633,1188,3,6,2,2024-08-25,2024-08-27,2024-09-09,259000.0,0.0,17.6,Módulo ECG dañado
4634,269,17,9,2,2024-08-25,2024-08-26,2024-08-31,4258000.0,0.0,81.5,Error de colimador
4635,1621,6,4,1,2024-08-26,2024-08-28,2024-08-31,400000.0,0.0,3.8,
4636,1757,21,6,1,2024-08-26,2024-08-27,2024-08-30,175000.0,40000.0,4.6,
4637,1292,15,11,2,2024-08-26,2024-08-28,2024-09-07,1896000.0,0.0,150.9,Error de sensores
4638,1205,10,6,2,2024-08-26,2024-08-27,2024-08-30,1008000.0,0.0,44.5,Puerta o cúpula dañada
4639,890,12,3,2,2024-08-26,2024-08-26,2024-09-02,64000.0,0.0,39.7,Error de frecuencia
4640,740,2,3,1,2024-08-26,2024-08-28,2024-08-31,105000.0,0.0,6.5,
4641,1215,2,3,1,2024-08-26,2024-08-26,2024-08-27,105000.0,0.0,7.7,
4642,377,13,4,1,2024-08-26,2024-08-28,2024-08-31,139000.0,0.0,3.0,
4643,1852,12,12,1,2024-08-26,2024-08-27,2024-08-30,272000.0,0.0,3.0,
4644,1503,17,2,1,2024-08-26,2024-08-28,2024-08-30,218000.0,0.0,2.4,
4645,1047,1,2,1,2024-08-26,2024-08-28,2024-08-29,393000.0,0.0,4.2,
4646,535,12,12,1,2024-08-26,2024-08-27,2024-08-29,75000.0,0.0,6.7,
4647,272,2,7,2,2024-08-26,2024-08-28,2024-09-04,327000.0,0.0,106.9,SpO₂ no detecta señal
4648,1808,17,7,2,2024-08-27,2024-08-30,2024-09-13,118000.0,0.0,54.1,Batería defectuosa
4649,1836,7,7,1,2024-08-27,2024-08-28,2024-08-29,117000.0,0.0,2.4,
4650,864,1,9,2,2024-08-27,2024-08-29,2024-09-09,60000000.0,0.0,65.1,Fallas de bobina
4651,687,18,3,2,2024-08-27,2024-08-28,2024-09-09,9000.0,0.0,182.2,Tiempo de medición excesivo
4652,1393,21,1,1,2024-08-27,2024-08-28,2024-08-30,90000.0,0.0,6.9,
4653,1839,22,4,1,2024-08-27,2024-08-27,2024-08-30,285000.0,0.0,5.3,
4654,398,6,2,2,2024-08-27,2024-08-28,2024-09-01,0.0,0.0,50.7,Lectura errática
4655,1665,5,1,1,2024-08-27,2024-08-29,2024-08-31,426000.0,70000.0,1.7,
4656,1837,21,1,1,2024-08-27,2024-08-29,2024-08-30,78000.0,0.0,3.1,
4657,1977,10,6,2,2024-08-27,2024-08-30,2024-09-13,362000.0,0.0,68.0,Lecturas erráticas
4658,478,11,7,2,2024-08-28,2024-08-31,2024-09-12,463000.0,0.0,246.3,Lecturas erráticas
4659,476,9,4,2,2024-08-28,2024-08-30,2024-09-01,3314000.0,0.0,24.3,Alarma de presión
4660,1878,6,5,2,2024-08-28,2024-08-28,2024-09-11,184000.0,0.0,135.6,Alarmas inoperativas
4661,371,5,3,1,2024-08-28,2024-08-29,2024-08-31,110000.0,0.0,5.9,
4662,1422,2,3,1,2024-08-28,2024-08-29,2024-08-31,222000.0,0.0,7.1,
4663,220,14,3,1,2024-08-29,2024-08-29,2024-09-01,67000.0,0.0,4.3,
4664,1553,5,5,1,2024-08-30,2024-08-30,2024-08-31,251000.0,0.0,6.5,
4665,1921,21,4,1,2024-08-30,2024-08-31,2024-09-02,398000.0,0.0,4.0,
4666,1415,19,7,1,2024-08-30,2024-08-31,2024-09-01,85000.0,9000.0,4.9,
4667,1945,1,7,1,2024-08-30,2024-08-31,2024-09-01,153000.0,17000.0,2.8,
4668,376,17,1,1,2024-08-30,2024-09-01,2024-09-03,400000.0,0.0,4.0,
4669,621,6,4,1,2024-08-30,2024-08-30,2024-09-01,196000.0,40000.0,2.4,
4670,838,8,7,2,2024-09-01,2024-09-02,2024-09-07,11000.0,0.0,92.1,Pera dañada
4671,1565,24,4,1,2024-09-02,2024-09-04,2024-09-05,217000.0,63000.0,6.9,
4672,1754,8,2,2,2024-09-02,2024-09-05,2024-09-15,0.0,0.0,105.8,Lectura errática
4673,226,11,4,1,2024-09-02,2024-09-03,2024-09-04,220000.0,0.0,4.6,
4674,122,12,7,1,2024-09-02,2024-09-04,2024-09-05,110000.0,0.0,4.2,
4675,1346,9,4,2,2024-09-02,2024-09-02,2024-09-04,313000.0,0.0,34.6,Palas/electrodos defectuosos
4676,1211,2,5,2,2024-09-02,2024-09-03,2024-09-16,149000.0,0.0,147.3,Temperatura errática
4677,1,4,6,1,2024-09-02,2024-09-04,2024-09-05,55000.0,0.0,7.5,
4678,547,9,5,1,2024-09-03,2024-09-04,2024-09-07,117000.0,0.0,6.2,
4679,217,5,2,2,2024-09-03,2024-09-04,2024-09-05,122000.0,0.0,21.2,Temperatura errática
4680,883,15,11,2,2024-09-03,2024-09-05,2024-09-17,159000.0,0.0,44.5,Rodillos gastados
4681,254,18,1,1,2024-09-03,2024-09-03,2024-09-05,131000.0,0.0,1.6,
4682,1436,10,9,2,2024-09-03,2024-09-03,2024-09-08,2469000.0,0.0,44.8,Imagen con ruido
4683,796,12,5,2,2024-09-03,2024-09-05,2024-09-16,12000.0,0.0,88.9,Lectura errática
4684,1474,13,1,1,2024-09-03,2024-09-05,2024-09-08,39000.0,0.0,5.0,
4685,1235,5,1,1,2024-09-03,2024-09-03,2024-09-04,20000.0,0.0,4.9,
4686,1714,21,4,1,2024-09-03,2024-09-04,2024-09-07,117000.0,0.0,5.6,
4687,1371,12,2,2,2024-09-03,2024-09-03,2024-09-17,0.0,0.0,260.6,Alarmas defectuosas
4688,177,17,5,1,2024-09-04,2024-09-05,2024-09-07,152000.0,0.0,6.3,
4689,1569,12,2,2,2024-09-04,2024-09-06,2024-09-19,13000.0,0.0,297.2,Lectura incorrecta
4690,939,19,3,1,2024-09-04,2024-09-05,2024-09-08,11000.0,0.0,3.7,
4691,1226,2,4,2,2024-09-04,2024-09-05,2024-09-13,147000.0,0.0,40.6,SpO₂ sin lectura
4692,1950,4,8,2,2024-09-04,2024-09-05,2024-09-17,4763000.0,0.0,217.5,Transductor dañado
4693,1573,2,7,2,2024-09-04,2024-09-05,2024-09-20,2828000.0,0.0,187.3,Fuga en circuito
4694,1715,11,5,1,2024-09-04,2024-09-04,2024-09-06,211000.0,0.0,1.7,
4695,1105,7,4,1,2024-09-04,2024-09-06,2024-09-09,172000.0,0.0,2.1,
4696,39,7,7,1,2024-09-04,2024-09-06,2024-09-09,66000.0,0.0,6.3,
4697,1876,4,5,1,2024-09-05,2024-09-07,2024-09-09,111000.0,51000.0,6.7,
4698,1938,10,3,2,2024-09-05,2024-09-05,2024-09-20,399000.0,120000.0,54.7,Alarmas defectuosas
4699,1849,22,4,1,2024-09-05,2024-09-05,2024-09-08,24000.0,2000.0,6.2,
4700,35,12,6,2,2024-09-05,2024-09-06,2024-09-07,1004000.0,0.0,22.1,Falla de ventilador
4701,1499,6,4,2,2024-09-06,2024-09-06,2024-09-08,118000.0,0.0,20.4,SpO₂ sin lectura
4702,1366,6,12,1,2024-09-06,2024-09-07,2024-09-09,393000.0,0.0,3.2,
4703,441,12,2,1,2024-09-06,2024-09-07,2024-09-09,664000.0,0.0,6.9,
4704,483,7,3,1,2024-09-06,2024-09-07,2024-09-09,115000.0,0.0,1.2,
4705,1710,10,1,1,2024-09-06,2024-09-08,2024-09-09,2793000.0,0.0,1.8,
4706,1401,3,3,2,2024-09-06,2024-09-07,2024-09-16,3091000.0,0.0,60.9,Error de calibración
4707,1396,18,10,1,2024-09-06,2024-09-07,2024-09-08,130000.0,19000.0,1.2,
4708,1312,21,2,1,2024-09-06,2024-09-07,2024-09-08,35000.0,0.0,5.3,
4709,346,2,3,1,2024-09-06,2024-09-07,2024-09-10,302000.0,0.0,5.7,
4710,1404,21,1,1,2024-09-06,2024-09-08,2024-09-09,176000.0,0.0,2.8,
4711,957,6,12,1,2024-09-06,2024-09-08,2024-09-09,293000.0,0.0,3.5,
4712,1230,10,7,2,2024-09-07,2024-09-10,2024-09-19,5224000.0,0.0,188.3,Pantalla sin respuesta
4713,740,2,6,2,2024-09-07,2024-09-09,2024-09-18,148000.0,0.0,108.7,Puerta o clamp dañado
4714,1865,12,5,2,2024-09-07,2024-09-10,2024-09-19,387000.0,0.0,190.4,NIBP no infla
4715,312,17,2,2,2024-09-08,2024-09-08,2024-09-22,392000.0,63000.0,156.7,SpO₂ no detecta señal
4716,1279,9,7,1,2024-09-09,2024-09-10,2024-09-12,83000.0,16000.0,6.8,
4717,1763,6,12,2,2024-09-09,2024-09-09,2024-09-21,2963000.0,0.0,112.7,Problemas de lavado
4718,916,12,6,1,2024-09-09,2024-09-10,2024-09-11,1797000.0,0.0,5.5,
4719,701,5,12,1,2024-09-09,2024-09-11,2024-09-13,147000.0,0.0,7.3,
4720,1401,3,7,2,2024-09-09,2024-09-10,2024-09-23,3637000.0,0.0,232.1,Falla de pantalla
4721,1212,20,5,2,2024-09-09,2024-09-12,2024-09-20,17000.0,0.0,11.6,Lectura incorrecta
4722,1108,6,12,1,2024-09-09,2024-09-09,2024-09-10,488000.0,0.0,1.5,
4723,1869,16,7,2,2024-09-09,2024-09-11,2024-09-17,68000.0,0.0,15.9,No detecta latido
4724,1787,22,3,1,2024-09-10,2024-09-12,2024-09-15,185000.0,0.0,6.6,
4725,1856,19,10,1,2024-09-10,2024-09-11,2024-09-12,796000.0,0.0,2.4,
4726,1614,5,2,1,2024-09-10,2024-09-10,2024-09-12,142000.0,0.0,5.8,
4727,1510,11,4,1,2024-09-10,2024-09-10,2024-09-12,268000.0,55000.0,3.7,
4728,1257,17,4,1,2024-09-10,2024-09-12,2024-09-13,65000.0,0.0,5.1,
4729,223,15,10,1,2024-09-10,2024-09-10,2024-09-12,650000.0,0.0,1.0,
4730,1247,9,7,1,2024-09-10,2024-09-11,2024-09-13,67000.0,0.0,7.0,
4731,1115,18,10,1,2024-09-10,2024-09-12,2024-09-15,109000.0,15000.0,7.6,
4732,688,10,3,1,2024-09-10,2024-09-11,2024-09-13,86000.0,0.0,3.5,
4733,218,16,12,2,2024-09-11,2024-09-13,2024-09-24,4541000.0,0.0,122.8,Error de reactivos
4734,677,9,6,2,2024-09-11,2024-09-11,2024-09-20,116000.0,25000.0,110.4,SpO₂ sin lectura
4735,900,4,12,2,2024-09-11,2024-09-11,2024-09-12,566000.0,0.0,12.7,Alarma defectuosa
4736,69,21,3,1,2024-09-11,2024-09-13,2024-09-16,123000.0,0.0,1.6,
4737,50,5,2,2,2024-09-11,2024-09-12,2024-09-16,364000.0,0.0,38.0,No enciende
4738,662,22,7,2,2024-09-11,2024-09-12,2024-09-18,117000.0,0.0,57.5,SpO₂ sin lectura
4739,1594,11,4,1,2024-09-11,2024-09-13,2024-09-14,197000.0,0.0,6.3,
4740,442,11,1,1,2024-09-11,2024-09-13,2024-09-14,244000.0,0.0,4.4,
4741,1925,17,9,1,2024-09-11,2024-09-11,2024-09-13,1322000.0,0.0,6.0,
4742,885,19,10,1,2024-09-11,2024-09-13,2024-09-16,79000.0,0.0,7.5,
4743,1924,9,6,1,2024-09-11,2024-09-11,2024-09-13,12000.0,0.0,4.2,
4744,1914,12,6,1,2024-09-11,2024-09-12,2024-09-14,547000.0,216000.0,7.2,
4745,1246,12,2,1,2024-09-11,2024-09-13,2024-09-16,410000.0,89000.0,5.1,
4746,830,12,4,1,2024-09-11,2024-09-12,2024-09-13,236000.0,72000.0,6.3,
4747,1003,15,11,1,2024-09-11,2024-09-13,2024-09-14,747000.0,0.0,4.1,
4748,534,1,1,2,2024-09-12,2024-09-12,2024-09-19,477000.0,143000.0,43.6,Pantalla sin imagen
4749,844,3,1,2,2024-09-12,2024-09-13,2024-09-25,283000.0,0.0,243.9,Caudal incorrecto
4750,209,2,7,1,2024-09-12,2024-09-13,2024-09-14,76000.0,0.0,1.7,
4751,561,5,4,1,2024-09-12,2024-09-14,2024-09-16,233000.0,0.0,2.0,
4752,1306,3,4,1,2024-09-12,2024-09-14,2024-09-15,453000.0,0.0,6.0,
4753,570,3,7,1,2024-09-12,2024-09-14,2024-09-16,99000.0,23000.0,4.2,
4754,1575,21,5,1,2024-09-12,2024-09-13,2024-09-15,36000.0,0.0,7.7,
4755,50,5,3,1,2024-09-12,2024-09-12,2024-09-13,263000.0,0.0,4.5,
4756,617,9,8,2,2024-09-12,2024-09-13,2024-09-21,5028000.0,0.0,35.7,Batería defectuosa
4757,1521,1,7,1,2024-09-12,2024-09-14,2024-09-16,117000.0,13000.0,2.4,
4758,317,17,7,2,2024-09-13,2024-09-16,2024-09-27,476000.0,143000.0,181.2,Alarmas defectuosas
4759,1606,22,6,1,2024-09-13,2024-09-15,2024-09-18,174000.0,37000.0,4.6,
4760,1412,16,1,1,2024-09-13,2024-09-13,2024-09-16,42000.0,0.0,7.9,
4761,1760,17,5,1,2024-09-13,2024-09-13,2024-09-14,337000.0,0.0,1.9,
4762,1028,2,1,2,2024-09-13,2024-09-15,2024-09-28,100000.0,0.0,296.6,Puerta o clamp dañado
4763,947,12,4,1,2024-09-13,2024-09-13,2024-09-16,179000.0,0.0,6.5,
4764,1917,7,4,2,2024-09-14,2024-09-14,2024-09-20,291000.0,77000.0,80.6,Caudal incorrecto
4765,682,7,1,2,2024-09-14,2024-09-14,2024-09-23,100000.0,0.0,69.1,Batería dañada
4766,586,11,1,2,2024-09-14,2024-09-15,2024-09-24,14000.0,0.0,203.4,Batería agotada
4767,1372,3,3,2,2024-09-14,2024-09-15,2024-09-24,156000.0,0.0,98.5,Puerta o clamp dañado
4768,56,7,7,2,2024-09-14,2024-09-17,2024-09-23,10000.0,0.0,44.8,Tiempo de medición excesivo
4769,1430,12,6,2,2024-09-15,2024-09-16,2024-09-26,295000.0,0.0,25.7,Alarmas defectuosas
4770,143,6,3,2,2024-09-15,2024-09-17,2024-09-28,208000.0,44000.0,146.6,NIBP no infla
4771,545,10,5,2,2024-09-15,2024-09-16,2024-09-18,315000.0,0.0,40.3,Alarmas defectuosas
4772,1604,7,2,2,2024-09-16,2024-09-17,2024-09-22,3380000.0,1014000.0,82.4,Pantalla sin respuesta
4773,19,17,9,2,2024-09-16,2024-09-18,2024-09-23,11736000.0,0.0,14.3,Error de movimiento del arco
4774,1975,1,2,2,2024-09-16,2024-09-16,2024-10-01,31000.0,0.0,10.0,Plataforma desnivelada
4775,994,24,1,1,2024-09-16,2024-09-16,2024-09-19,148000.0,54000.0,5.7,
4776,380,12,4,1,2024-09-16,2024-09-18,2024-09-19,26000.0,0.0,5.7,
4777,1693,6,2,1,2024-09-16,2024-09-18,2024-09-21,26000.0,0.0,7.5,
4778,1768,3,1,1,2024-09-16,2024-09-17,2024-09-20,138000.0,0.0,3.2,
4779,1372,3,2,1,2024-09-16,2024-09-16,2024-09-17,90000.0,0.0,2.5,
4780,1918,21,4,1,2024-09-17,2024-09-18,2024-09-20,67000.0,7000.0,6.4,
4781,1091,16,7,1,2024-09-17,2024-09-18,2024-09-19,102000.0,0.0,1.5,
4782,1930,15,10,1,2024-09-17,2024-09-18,2024-09-20,48000.0,0.0,4.9,
4783,146,24,4,1,2024-09-17,2024-09-17,2024-09-20,5000.0,0.0,1.9,
4784,673,21,2,1,2024-09-17,2024-09-19,2024-09-22,135000.0,0.0,3.4,
4785,6,4,2,1,2024-09-17,2024-09-19,2024-09-21,88000.0,0.0,7.9,
4786,1509,4,4,2,2024-09-17,2024-09-19,2024-09-25,260000.0,0.0,106.9,Error de programación
4787,1687,7,2,1,2024-09-17,2024-09-17,2024-09-20,168000.0,0.0,1.0,
4788,551,11,5,1,2024-09-17,2024-09-17,2024-09-19,242000.0,0.0,4.0,
4789,1421,2,7,1,2024-09-17,2024-09-18,2024-09-20,221000.0,0.0,6.2,
4790,962,8,3,2,2024-09-17,2024-09-20,2024-10-04,5000.0,0.0,160.3,Lecturas erróneas
4791,1256,17,3,1,2024-09-17,2024-09-17,2024-09-18,158000.0,20000.0,6.4,
4792,1552,12,7,1,2024-09-17,2024-09-17,2024-09-20,182000.0,0.0,5.4,
4793,692,17,7,1,2024-09-17,2024-09-18,2024-09-21,113000.0,0.0,4.2,
4794,110,15,10,1,2024-09-17,2024-09-19,2024-09-20,84000.0,0.0,1.8,
4795,1711,18,3,1,2024-09-18,2024-09-18,2024-09-21,51000.0,0.0,4.1,
4796,1790,2,1,1,2024-09-18,2024-09-18,2024-09-19,249000.0,0.0,2.1,
4797,1720,9,7,2,2024-09-18,2024-09-20,2024-09-24,113000.0,34000.0,62.3,Pantalla dañada
4798,45,12,12,1,2024-09-18,2024-09-19,2024-09-21,285000.0,0.0,6.8,
4799,1395,9,12,2,2024-09-18,2024-09-19,2024-09-21,420000.0,0.0,22.0,Falla de compresor
4800,125,1,7,1,2024-09-18,2024-09-20,2024-09-22,1026000.0,0.0,5.6,
4801,539,9,3,2,2024-09-18,2024-09-20,2024-09-23,698000.0,0.0,32.3,Batería agotada
4802,655,11,7,1,2024-09-18,2024-09-18,2024-09-19,160000.0,0.0,5.7,
4803,399,4,7,2,2024-09-19,2024-09-19,2024-10-04,185000.0,0.0,105.2,Falla de presión NIBP
4804,938,4,3,1,2024-09-19,2024-09-20,2024-09-23,156000.0,32000.0,3.3,
4805,296,4,4,1,2024-09-19,2024-09-19,2024-09-21,416000.0,0.0,3.8,
4806,801,24,7,1,2024-09-19,2024-09-20,2024-09-23,232000.0,0.0,5.0,
4807,620,2,3,2,2024-09-19,2024-09-22,2024-09-23,362000.0,0.0,13.8,Impresora no imprime
4808,1118,17,1,1,2024-09-19,2024-09-19,2024-09-22,75000.0,0.0,2.1,
4809,863,3,12,1,2024-09-19,2024-09-19,2024-09-22,90000.0,0.0,4.5,
4810,1397,14,2,1,2024-09-19,2024-09-21,2024-09-24,156000.0,0.0,3.7,
4811,666,3,5,2,2024-09-19,2024-09-19,2024-09-23,510000.0,0.0,27.0,No enciende
4812,1805,5,7,2,2024-09-20,2024-09-23,2024-09-26,503000.0,0.0,56.9,Pantalla sin imagen
4813,674,16,3,1,2024-09-20,2024-09-21,2024-09-22,11000.0,0.0,5.9,
4814,788,12,5,1,2024-09-20,2024-09-21,2024-09-23,292000.0,0.0,3.2,
4815,1011,15,10,2,2024-09-20,2024-09-23,2024-10-06,172000.0,0.0,115.5,Iluminación defectuosa
4816,1762,17,6,1,2024-09-20,2024-09-21,2024-09-24,171000.0,0.0,4.7,
4817,1206,22,2,1,2024-09-20,2024-09-20,2024-09-23,32000.0,1000.0,7.5,
4818,768,9,3,1,2024-09-20,2024-09-20,2024-09-21,136000.0,0.0,5.4,
4819,229,12,2,2,2024-09-20,2024-09-21,2024-10-01,1081000.0,0.0,47.9,Sensor de humedad defectuoso
4820,1875,8,3,2,2024-09-20,2024-09-20,2024-10-01,187000.0,56000.0,22.6,Falla de presión NIBP
4821,284,15,10,1,2024-09-20,2024-09-21,2024-09-22,102000.0,0.0,1.7,
4822,569,1,2,1,2024-09-20,2024-09-20,2024-09-21,124000.0,0.0,7.8,
4823,1391,4,1,1,2024-09-20,2024-09-21,2024-09-23,92000.0,0.0,4.5,
4824,888,6,7,2,2024-09-20,2024-09-21,2024-09-23,9000.0,0.0,35.3,Tiempo de medición excesivo
4825,564,4,5,2,2024-09-21,2024-09-22,2024-09-28,88000.0,0.0,118.1,Peso incorrecto
4826,1842,17,1,2,2024-09-21,2024-09-21,2024-09-28,3840000.0,0.0,118.9,Fuga en circuito
4827,1029,12,12,2,2024-09-21,2024-09-23,2024-09-28,250000.0,0.0,107.8,Tapa no bloquea
4828,527,9,7,2,2024-09-21,2024-09-22,2024-10-04,65000.0,0.0,190.4,Luz débil
4829,1236,4,3,2,2024-09-21,2024-09-21,2024-09-26,118000.0,0.0,95.8,Caudal incorrecto
4830,1982,8,3,2,2024-09-22,2024-09-22,2024-09-30,369000.0,0.0,108.7,Lecturas erráticas
4831,857,2,5,2,2024-09-22,2024-09-23,2024-10-08,6379000.0,0.0,167.5,Problema en ventilador integrado
4832,1899,12,6,2,2024-09-22,2024-09-23,2024-09-28,1362000.0,0.0,10.9,Puerta o cúpula dañada
4833,206,12,2,2,2024-09-22,2024-09-24,2024-10-02,2636000.0,701000.0,188.5,Fuga en circuito
4834,511,9,12,1,2024-09-23,2024-09-24,2024-09-27,79000.0,0.0,3.2,
4835,98,6,12,2,2024-09-23,2024-09-26,2024-10-04,202000.0,60000.0,79.9,Tapa no bloquea
4836,1349,10,6,1,2024-09-23,2024-09-24,2024-09-26,135000.0,0.0,7.7,
4837,272,2,5,2,2024-09-23,2024-09-25,2024-09-27,327000.0,0.0,15.5,No enciende
4838,216,12,5,1,2024-09-23,2024-09-24,2024-09-25,3431000.0,0.0,4.0,
4839,722,7,4,1,2024-09-23,2024-09-25,2024-09-28,135000.0,0.0,3.2,
4840,1785,7,4,1,2024-09-23,2024-09-25,2024-09-26,113000.0,0.0,1.2,
4841,438,1,7,1,2024-09-23,2024-09-25,2024-09-27,93000.0,0.0,7.1,
4842,1468,4,2,2,2024-09-23,2024-09-23,2024-10-08,204000.0,0.0,125.7,Batería dañada
4843,1326,21,6,2,2024-09-23,2024-09-25,2024-10-06,379000.0,59000.0,11.7,Barandas sueltas
4844,1826,2,3,1,2024-09-23,2024-09-24,2024-09-27,15000.0,0.0,4.7,
4845,1870,4,7,1,2024-09-23,2024-09-25,2024-09-27,158000.0,0.0,1.7,
4846,900,4,12,1,2024-09-23,2024-09-23,2024-09-24,294000.0,0.0,7.1,
4847,30,18,5,1,2024-09-23,2024-09-24,2024-09-26,29000.0,1000.0,6.3,
4848,1254,17,6,1,2024-09-24,2024-09-24,2024-09-26,247000.0,0.0,1.7,
4849,1992,2,3,2,2024-09-24,2024-09-24,2024-10-07,144000.0,0.0,87.3,Alarmas inoperativas
4850,1613,21,3,1,2024-09-24,2024-09-24,2024-09-26,103000.0,0.0,1.6,
4851,1867,6,4,1,2024-09-24,2024-09-26,2024-09-29,26000.0,0.0,3.1,
4852,176,8,5,2,2024-09-24,2024-09-27,2024-10-01,367000.0,0.0,26.0,Pantalla defectuosa
4853,1409,12,2,1,2024-09-24,2024-09-25,2024-09-27,35000.0,0.0,7.4,
4854,1492,3,6,1,2024-09-24,2024-09-24,2024-09-26,174000.0,0.0,5.4,
4855,1851,1,2,2,2024-09-24,2024-09-26,2024-10-10,994000.0,0.0,289.6,Falla de control
4856,707,21,5,1,2024-09-24,2024-09-24,2024-09-25,430000.0,0.0,3.1,
4857,330,3,7,1,2024-09-24,2024-09-25,2024-09-27,198000.0,66000.0,6.5,
4858,1116,1,4,1,2024-09-24,2024-09-24,2024-09-27,1773000.0,0.0,1.3,
4859,1595,9,8,1,2024-09-24,2024-09-24,2024-09-25,1172000.0,0.0,6.6,
4860,439,21,1,1,2024-09-24,2024-09-25,2024-09-26,138000.0,0.0,5.3,
4861,136,21,1,2,2024-09-25,2024-09-27,2024-09-30,268000.0,0.0,58.1,Pantalla sin imagen
4862,850,4,4,1,2024-09-25,2024-09-27,2024-09-28,474000.0,0.0,3.3,
4863,901,16,12,2,2024-09-25,2024-09-27,2024-10-05,103000.0,0.0,124.1,Tapa no bloquea
4864,537,6,1,1,2024-09-25,2024-09-25,2024-09-28,61000.0,8000.0,5.4,
4865,1885,7,5,1,2024-09-25,2024-09-26,2024-09-28,52000.0,0.0,6.9,
4866,1523,12,3,2,2024-09-25,2024-09-27,2024-09-29,151000.0,0.0,17.5,Error de calibración
4867,1538,18,11,2,2024-09-25,2024-09-25,2024-09-27,284000.0,0.0,39.6,Canales inoperativos
4868,393,11,7,2,2024-09-26,2024-09-28,2024-10-12,59000.0,0.0,180.3,Celda de carga dañada
4869,316,9,3,2,2024-09-26,2024-09-27,2024-10-05,277000.0,0.0,68.9,Batería agotada
4870,1652,9,12,1,2024-09-26,2024-09-28,2024-10-01,316000.0,0.0,5.4,
4871,1571,2,1,1,2024-09-26,2024-09-26,2024-09-27,95000.0,0.0,6.1,
4872,374,15,10,2,2024-09-26,2024-09-27,2024-10-01,2710000.0,0.0,76.8,No alcanza temperatura
4873,558,5,1,1,2024-09-26,2024-09-26,2024-09-27,207000.0,0.0,2.6,
4874,109,22,4,2,2024-09-26,2024-09-28,2024-10-09,395000.0,0.0,206.5,Batería dañada
4875,697,2,3,1,2024-09-26,2024-09-28,2024-09-30,161000.0,0.0,4.6,
4876,1573,2,2,1,2024-09-26,2024-09-27,2024-09-29,1196000.0,0.0,4.1,
4877,368,2,2,2,2024-09-27,2024-09-28,2024-10-13,1624000.0,0.0,152.8,No enciende
4878,945,16,5,2,2024-09-27,2024-09-29,2024-10-07,497000.0,0.0,106.6,Mecanismo de altura no funciona
4879,1753,18,11,1,2024-09-27,2024-09-29,2024-09-30,105000.0,0.0,4.7,
4880,845,22,3,1,2024-09-27,2024-09-28,2024-09-30,214000.0,0.0,1.2,
4881,1449,2,3,2,2024-09-27,2024-09-29,2024-10-09,2411000.0,0.0,92.2,Falla de pantalla
4882,676,21,7,1,2024-09-27,2024-09-28,2024-09-29,188000.0,0.0,4.4,
4883,1929,10,9,1,2024-09-27,2024-09-29,2024-10-01,447000.0,0.0,4.9,
4884,786,6,5,1,2024-09-27,2024-09-28,2024-09-29,80000.0,12000.0,1.8,
4885,953,6,12,1,2024-09-27,2024-09-29,2024-09-30,138000.0,0.0,7.7,
4886,282,19,7,1,2024-09-27,2024-09-27,2024-09-30,54000.0,0.0,7.9,
4887,491,10,5,1,2024-09-27,2024-09-27,2024-09-29,338000.0,0.0,4.1,
4888,1418,12,2,2,2024-09-27,2024-09-30,2024-10-10,3987000.0,1196000.0,194.1,Presión inestable
4889,473,3,2,1,2024-09-27,2024-09-27,2024-09-28,42000.0,0.0,1.8,
4890,1622,18,5,1,2024-09-27,2024-09-29,2024-10-01,143000.0,0.0,5.0,
4891,308,14,2,1,2024-09-27,2024-09-27,2024-09-29,62000.0,0.0,2.1,
4892,19,17,9,2,2024-09-27,2024-09-29,2024-10-12,12126000.0,0.0,226.3,Detector defectuoso
4893,354,10,7,1,2024-09-27,2024-09-27,2024-09-29,98000.0,0.0,2.4,
4894,19,17,8,2,2024-09-28,2024-09-28,2024-10-01,12234000.0,0.0,33.4,Detector defectuoso
4895,1516,9,1,2,2024-09-28,2024-10-01,2024-10-11,143000.0,0.0,189.5,Caudal incorrecto
4896,1592,18,10,1,2024-09-30,2024-10-02,2024-10-03,156000.0,0.0,5.9,
4897,1395,9,12,1,2024-09-30,2024-10-01,2024-10-03,179000.0,0.0,5.9,
4898,53,10,3,1,2024-09-30,2024-10-02,2024-10-04,170000.0,0.0,2.9,
4899,413,5,3,1,2024-09-30,2024-09-30,2024-10-01,7000.0,0.0,2.1,
4900,288,10,2,1,2024-09-30,2024-09-30,2024-10-02,263000.0,0.0,3.3,
4901,297,9,9,1,2024-09-30,2024-10-01,2024-10-02,19418000.0,11370000.0,5.4,
4902,815,10,5,1,2024-09-30,2024-09-30,2024-10-03,523000.0,0.0,5.6,
4903,1768,3,5,2,2024-10-01,2024-10-04,2024-10-05,140000.0,0.0,19.1,Caudal incorrecto
4904,1440,10,6,1,2024-10-01,2024-10-03,2024-10-04,441000.0,0.0,2.0,
4905,687,18,2,1,2024-10-01,2024-10-01,2024-10-03,25000.0,0.0,6.5,
4906,977,1,2,1,2024-10-01,2024-10-03,2024-10-06,3819000.0,0.0,1.9,
4907,647,7,4,1,2024-10-01,2024-10-01,2024-10-03,82000.0,0.0,1.9,
4908,27,12,6,1,2024-10-01,2024-10-02,2024-10-03,449000.0,0.0,7.7,
4909,72,6,12,1,2024-10-01,2024-10-01,2024-10-02,1469000.0,201000.0,3.7,
4910,1748,3,3,1,2024-10-02,2024-10-03,2024-10-04,49000.0,0.0,2.1,
4911,984,11,5,1,2024-10-02,2024-10-04,2024-10-07,92000.0,20000.0,4.8,
4912,272,2,7,2,2024-10-02,2024-10-03,2024-10-17,327000.0,0.0,44.9,Módulo ECG dañado
4913,408,12,2,1,2024-10-02,2024-10-04,2024-10-05,1985000.0,0.0,2.9,
4914,1318,15,11,1,2024-10-02,2024-10-04,2024-10-05,1155000.0,0.0,3.6,
4915,1332,4,8,2,2024-10-02,2024-10-05,2024-10-07,60000000.0,0.0,36.7,Falla de comunicación
4916,1626,17,5,2,2024-10-02,2024-10-03,2024-10-11,118000.0,0.0,130.5,Alarma de oclusión
4917,883,15,11,2,2024-10-02,2024-10-05,2024-10-12,159000.0,0.0,115.7,Temperatura inestable
4918,1128,12,4,2,2024-10-02,2024-10-02,2024-10-03,241000.0,0.0,9.3,Puerta o clamp dañado
4919,541,19,3,1,2024-10-03,2024-10-04,2024-10-07,105000.0,0.0,2.7,
4920,1459,4,5,2,2024-10-03,2024-10-06,2024-10-18,2181000.0,0.0,205.0,Sensor defectuoso
4921,1499,2,5,2,2024-10-03,2024-10-06,2024-10-15,118000.0,0.0,156.5,Temperatura errática
4922,992,14,12,1,2024-10-03,2024-10-05,2024-10-08,64000.0,0.0,6.7,
4923,449,3,4,2,2024-10-03,2024-10-03,2024-10-05,1914000.0,0.0,33.1,Falla de pantalla
4924,1595,9,8,2,2024-10-03,2024-10-06,2024-10-07,1984000.0,0.0,19.5,Puertos dañados
4925,1382,15,10,1,2024-10-03,2024-10-03,2024-10-05,144000.0,0.0,6.2,
4926,765,2,3,2,2024-10-03,2024-10-06,2024-10-17,1887000.0,0.0,80.9,Alarma de presión
4927,1890,2,3,1,2024-10-04,2024-10-05,2024-10-08,113000.0,25000.0,2.8,
4928,1933,12,3,1,2024-10-04,2024-10-06,2024-10-07,1518000.0,0.0,6.8,
4929,1783,7,7,1,2024-10-04,2024-10-04,2024-10-06,308000.0,0.0,7.7,
4930,1097,21,2,1,2024-10-04,2024-10-04,2024-10-06,182000.0,74000.0,7.6,
4931,650,7,3,2,2024-10-04,2024-10-07,2024-10-13,148000.0,0.0,10.8,Caudal incorrecto
4932,1949,4,9,2,2024-10-04,2024-10-05,2024-10-12,4582000.0,0.0,21.9,Puertos dañados
4933,1681,22,7,1,2024-10-04,2024-10-05,2024-10-08,77000.0,0.0,3.9,
4934,264,10,7,1,2024-10-04,2024-10-06,2024-10-07,106000.0,0.0,1.4,
4935,637,9,9,1,2024-10-04,2024-10-06,2024-10-08,19689000.0,0.0,1.2,
4936,776,21,1,1,2024-10-04,2024-10-04,2024-10-05,8000.0,0.0,4.1,
4937,262,15,10,2,2024-10-04,2024-10-06,2024-10-20,1651000.0,0.0,113.6,Falla de resistencia
4938,781,17,4,1,2024-10-04,2024-10-05,2024-10-08,173000.0,0.0,1.4,
4939,1656,13,9,1,2024-10-04,2024-10-06,2024-10-09,1620000.0,0.0,5.9,
4940,482,19,10,1,2024-10-04,2024-10-05,2024-10-06,54000.0,0.0,7.2,
4941,1617,15,10,2,2024-10-05,2024-10-07,2024-10-18,1677000.0,503000.0,252.7,Puerta no sella
4942,1177,22,1,2,2024-10-05,2024-10-05,2024-10-17,382000.0,0.0,185.9,Pantalla sin imagen
4943,959,7,5,2,2024-10-06,2024-10-08,2024-10-20,189000.0,40000.0,73.0,Error de calibración
4944,1857,8,3,1,2024-10-07,2024-10-07,2024-10-10,133000.0,0.0,5.5,
4945,684,21,7,1,2024-10-07,2024-10-07,2024-10-09,837000.0,567000.0,1.9,
4946,588,2,4,1,2024-10-07,2024-10-09,2024-10-12,768000.0,0.0,6.0,
4947,1603,10,1,2,2024-10-07,2024-10-08,2024-10-15,369000.0,0.0,22.0,No enciende
4948,1319,12,5,1,2024-10-07,2024-10-07,2024-10-09,103000.0,32000.0,5.2,
4949,237,12,5,1,2024-10-07,2024-10-08,2024-10-10,160000.0,0.0,7.1,
4950,564,4,5,2,2024-10-07,2024-10-10,2024-10-23,88000.0,0.0,245.3,Batería agotada
4951,774,18,10,2,2024-10-07,2024-10-09,2024-10-10,111000.0,0.0,12.8,No entrega corriente
4952,1431,8,6,1,2024-10-08,2024-10-10,2024-10-13,22000.0,0.0,4.3,
4953,289,21,4,2,2024-10-08,2024-10-08,2024-10-15,389000.0,114000.0,132.6,Trazado con ruido
4954,1978,18,3,1,2024-10-08,2024-10-10,2024-10-13,44000.0,0.0,3.7,
4955,1469,13,1,1,2024-10-08,2024-10-08,2024-10-11,13000.0,0.0,3.6,
4956,306,3,5,1,2024-10-08,2024-10-09,2024-10-12,98000.0,13000.0,2.4,
4957,700,7,2,1,2024-10-08,2024-10-08,2024-10-11,637000.0,0.0,7.8,
4958,623,7,7,1,2024-10-08,2024-10-08,2024-10-11,65000.0,6000.0,5.3,
4959,1868,1,2,1,2024-10-08,2024-10-10,2024-10-11,1218000.0,0.0,6.6,
4960,1315,14,12,1,2024-10-08,2024-10-08,2024-10-11,274000.0,0.0,2.3,
4961,1238,9,1,1,2024-10-09,2024-10-10,2024-10-12,1404000.0,0.0,6.4,
4962,1717,5,3,2,2024-10-09,2024-10-12,2024-10-17,178000.0,0.0,73.4,Temperatura errática
4963,979,15,10,1,2024-10-09,2024-10-09,2024-10-11,74000.0,0.0,6.8,
4964,985,22,6,1,2024-10-09,2024-10-11,2024-10-12,45000.0,0.0,3.0,
4965,208,14,12,1,2024-10-09,2024-10-11,2024-10-14,93000.0,8000.0,2.6,
4966,1362,15,11,1,2024-10-09,2024-10-09,2024-10-10,101000.0,25000.0,3.7,
4967,864,1,9,2,2024-10-09,2024-10-11,2024-10-25,60000000.0,0.0,224.3,Error de software
4968,1895,19,5,1,2024-10-09,2024-10-11,2024-10-13,218000.0,0.0,7.9,
4969,1163,3,3,1,2024-10-09,2024-10-11,2024-10-14,152000.0,0.0,6.8,
4970,1237,17,9,2,2024-10-09,2024-10-11,2024-10-20,3287000.0,0.0,171.8,Imagen con ruido
4971,1891,14,1,1,2024-10-09,2024-10-10,2024-10-11,28000.0,0.0,7.0,
4972,587,11,7,2,2024-10-10,2024-10-11,2024-10-24,8000.0,0.0,223.3,Batería agotada
4973,1230,10,2,1,2024-10-10,2024-10-11,2024-10-13,2553000.0,0.0,5.1,
4974,1653,7,5,1,2024-10-10,2024-10-11,2024-10-14,8000.0,0.0,1.8,
4975,900,4,12,2,2024-10-10,2024-10-13,2024-10-26,566000.0,0.0,41.1,Falla de compresor
4976,335,10,1,1,2024-10-10,2024-10-11,2024-10-13,668000.0,130000.0,2.0,
4977,1638,22,5,2,2024-10-10,2024-10-10,2024-10-17,13000.0,0.0,15.2,Batería agotada
4978,1251,18,2,1,2024-10-10,2024-10-12,2024-10-15,12000.0,0.0,4.8,
4979,1936,1,3,1,2024-10-10,2024-10-10,2024-10-11,1198000.0,282000.0,4.6,
4980,1806,2,1,2,2024-10-10,2024-10-12,2024-10-15,162000.0,0.0,22.1,Batería dañada
4981,980,15,11,2,2024-10-11,2024-10-11,2024-10-17,1616000.0,0.0,77.3,Bomba de lavado defectuosa
4982,312,17,4,2,2024-10-11,2024-10-12,2024-10-24,392000.0,100000.0,197.5,Pantalla sin imagen
4983,681,19,3,1,2024-10-11,2024-10-11,2024-10-13,42000.0,0.0,7.2,
4984,1952,21,5,1,2024-10-11,2024-10-12,2024-10-15,2493000.0,0.0,6.1,
4985,407,10,8,1,2024-10-11,2024-10-11,2024-10-14,1027000.0,0.0,4.5,
4986,1958,11,7,2,2024-10-11,2024-10-14,2024-10-28,25000.0,0.0,76.8,Lectura incorrecta
4987,1871,3,7,2,2024-10-12,2024-10-12,2024-10-24,168000.0,0.0,278.2,Caudal incorrecto
4988,1052,10,5,2,2024-10-12,2024-10-14,2024-10-20,1920000.0,506000.0,80.4,Puerta o cúpula dañada
4989,382,10,5,1,2024-10-14,2024-10-16,2024-10-17,150000.0,25000.0,3.9,
4990,995,21,7,1,2024-10-14,2024-10-15,2024-10-17,192000.0,14000.0,6.9,
4991,481,21,6,1,2024-10-14,2024-10-16,2024-10-19,127000.0,0.0,6.5,
4992,1523,12,5,1,2024-10-14,2024-10-14,2024-10-17,93000.0,0.0,5.4,
4993,1630,9,3,1,2024-10-14,2024-10-15,2024-10-16,1952000.0,319000.0,7.0,
4994,1738,9,2,1,2024-10-14,2024-10-15,2024-10-16,74000.0,0.0,4.1,
4995,53,10,5,2,2024-10-14,2024-10-16,2024-10-31,181000.0,0.0,282.3,Error de calibración
4996,1205,10,5,1,2024-10-14,2024-10-16,2024-10-17,488000.0,0.0,2.9,
4997,1728,7,4,2,2024-10-14,2024-10-15,2024-10-23,634000.0,0.0,155.7,Descarga fallida
4998,337,1,1,1,2024-10-14,2024-10-14,2024-10-15,1348000.0,0.0,2.6,
4999,1996,24,3,1,2024-10-14,2024-10-16,2024-10-18,3000.0,1000.0,2.2,
5000,108,15,11,1,2024-10-14,2024-10-16,2024-10-17,1417000.0,0.0,4.7,
5001,6,4,5,2,2024-10-14,2024-10-15,2024-10-22,163000.0,0.0,71.0,Teclado/pantalla defectuosa
5002,31,22,6,1,2024-10-14,2024-10-14,2024-10-15,13000.0,0.0,4.1,
5003,1453,3,5,1,2024-10-14,2024-10-16,2024-10-18,48000.0,0.0,7.4,
5004,1104,12,1,1,2024-10-14,2024-10-14,2024-10-15,75000.0,0.0,4.5,
5005,1574,15,10,1,2024-10-15,2024-10-15,2024-10-17,130000.0,0.0,6.3,
5006,320,4,7,1,2024-10-15,2024-10-15,2024-10-16,76000.0,0.0,5.0,
5007,283,11,1,1,2024-10-15,2024-10-15,2024-10-17,156000.0,15000.0,7.8,
5008,54,6,12,1,2024-10-15,2024-10-15,2024-10-16,1116000.0,0.0,1.3,
5009,831,2,6,1,2024-10-15,2024-10-16,2024-10-18,31000.0,0.0,2.6,
5010,1847,10,7,1,2024-10-15,2024-10-15,2024-10-18,111000.0,0.0,2.8,
5011,1631,8,7,1,2024-10-15,2024-10-16,2024-10-17,247000.0,0.0,7.5,
5012,1702,22,1,1,2024-10-15,2024-10-15,2024-10-16,288000.0,0.0,3.7,
5013,677,9,7,2,2024-10-15,2024-10-18,2024-10-22,116000.0,35000.0,80.8,Falla de presión NIBP
5014,1209,19,10,1,2024-10-15,2024-10-16,2024-10-17,206000.0,0.0,5.4,
5015,137,15,11,2,2024-10-15,2024-10-17,2024-10-25,182000.0,55000.0,179.6,Cinta o bolsa mal arrastrada
5016,1676,1,5,1,2024-10-15,2024-10-17,2024-10-19,1768000.0,0.0,4.4,
5017,1669,2,2,2,2024-10-15,2024-10-17,2024-10-25,121000.0,0.0,123.1,No detecta línea
5018,549,1,7,1,2024-10-15,2024-10-15,2024-10-16,390000.0,69000.0,5.0,
5019,1358,6,1,1,2024-10-15,2024-10-15,2024-10-16,58000.0,0.0,7.9,
5020,934,7,6,1,2024-10-15,2024-10-16,2024-10-18,2942000.0,0.0,2.8,
5021,1979,22,4,2,2024-10-16,2024-10-19,2024-10-25,450000.0,0.0,74.6,SpO₂ no detecta señal
5022,181,15,10,2,2024-10-16,2024-10-19,2024-11-01,138000.0,0.0,177.2,Resistencia dañada
5023,1220,2,2,1,2024-10-16,2024-10-18,2024-10-21,39000.0,0.0,5.4,
5024,581,21,1,1,2024-10-16,2024-10-18,2024-10-21,133000.0,0.0,2.5,
5025,428,1,3,1,2024-10-16,2024-10-16,2024-10-19,320000.0,0.0,3.4,
5026,1140,4,7,2,2024-10-16,2024-10-19,2024-10-31,495000.0,0.0,233.6,SpO₂ no detecta señal
5027,790,3,6,1,2024-10-16,2024-10-17,2024-10-19,2187000.0,0.0,3.7,
5028,98,6,12,1,2024-10-16,2024-10-17,2024-10-19,131000.0,29000.0,4.0,
5029,1452,7,5,2,2024-10-16,2024-10-16,2024-10-17,3842000.0,1266000.0,11.3,Falla de pantalla
5030,630,14,6,1,2024-10-17,2024-10-17,2024-10-20,98000.0,0.0,5.2,
5031,1162,1,5,1,2024-10-17,2024-10-18,2024-10-20,98000.0,0.0,5.7,
5032,1454,4,6,1,2024-10-17,2024-10-18,2024-10-20,100000.0,0.0,3.8,
5033,617,9,8,1,2024-10-17,2024-10-19,2024-10-22,1558000.0,0.0,1.8,
5034,138,11,7,2,2024-10-17,2024-10-20,2024-10-26,196000.0,0.0,14.9,No detecta línea
5035,246,13,4,2,2024-10-17,2024-10-19,2024-10-20,10000.0,0.0,11.6,Batería agotada
5036,1774,20,8,1,2024-10-17,2024-10-19,2024-10-22,482000.0,0.0,6.1,
5037,761,15,10,1,2024-10-17,2024-10-19,2024-10-21,41000.0,18000.0,3.5,
5038,1080,19,10,1,2024-10-17,2024-10-17,2024-10-20,391000.0,0.0,5.0,
5039,558,5,1,2,2024-10-17,2024-10-18,2024-10-25,400000.0,0.0,79.3,NIBP no infla
5040,864,1,9,1,2024-10-17,2024-10-17,2024-10-19,28546000.0,0.0,7.7,
5041,443,2,1,1,2024-10-17,2024-10-18,2024-10-21,159000.0,25000.0,4.6,
5042,1507,4,6,1,2024-10-17,2024-10-18,2024-10-21,1646000.0,0.0,3.9,
5043,439,21,6,2,2024-10-17,2024-10-20,2024-10-22,150000.0,0.0,25.0,Teclado/pantalla defectuosa
5044,1566,11,3,1,2024-10-17,2024-10-18,2024-10-20,397000.0,0.0,7.5,
5045,1039,17,7,1,2024-10-17,2024-10-17,2024-10-19,238000.0,0.0,5.6,
5046,127,12,1,1,2024-10-18,2024-10-18,2024-10-20,95000.0,0.0,4.1,
5047,1079,12,7,1,2024-10-18,2024-10-18,2024-10-21,228000.0,0.0,6.4,
5048,17,11,1,1,2024-10-18,2024-10-19,2024-10-22,167000.0,0.0,3.5,
5049,827,17,8,2,2024-10-18,2024-10-18,2024-10-27,1081000.0,482000.0,100.0,Congelamiento del software
5050,858,10,3,2,2024-10-18,2024-10-19,2024-10-31,283000.0,0.0,102.0,Lecturas erráticas
5051,948,10,7,1,2024-10-18,2024-10-20,2024-10-23,1478000.0,690000.0,2.4,
5052,738,11,2,1,2024-10-18,2024-10-20,2024-10-21,134000.0,0.0,6.2,
5053,737,11,4,1,2024-10-18,2024-10-18,2024-10-20,523000.0,0.0,2.5,
5054,1668,15,11,1,2024-10-18,2024-10-19,2024-10-21,57000.0,0.0,6.6,
5055,506,5,4,2,2024-10-18,2024-10-19,2024-10-25,297000.0,0.0,92.6,SpO₂ no detecta señal
5056,1710,10,7,2,2024-10-18,2024-10-18,2024-10-27,5870000.0,0.0,159.6,Error en sensor de oxígeno
5057,752,4,1,1,2024-10-18,2024-10-18,2024-10-20,327000.0,0.0,4.9,
5058,627,12,3,2,2024-10-19,2024-10-19,2024-10-24,185000.0,56000.0,67.3,Botón de paciente defectuoso
5059,1297,9,1,2,2024-10-19,2024-10-21,2024-11-03,3128000.0,0.0,165.5,Falla de pantalla
5060,1406,15,11,2,2024-10-19,2024-10-22,2024-10-24,3337000.0,0.0,18.9,Fuga de vapor
5061,1814,6,6,2,2024-10-19,2024-10-20,2024-10-27,10000.0,0.0,116.7,Batería agotada
5062,765,2,6,2,2024-10-20,2024-10-22,2024-11-05,1887000.0,0.0,239.6,Sensor defectuoso
5063,1645,17,6,1,2024-10-21,2024-10-23,2024-10-24,356000.0,126000.0,5.3,
5064,1010,11,6,2,2024-10-21,2024-10-21,2024-10-27,128000.0,38000.0,119.8,Alarmas inoperativas
5065,1367,17,1,1,2024-10-21,2024-10-23,2024-10-26,208000.0,0.0,2.0,
5066,37,4,5,1,2024-10-21,2024-10-22,2024-10-24,537000.0,0.0,3.4,
5067,329,11,6,1,2024-10-21,2024-10-22,2024-10-25,46000.0,0.0,5.1,
5068,1570,21,6,1,2024-10-21,2024-10-23,2024-10-25,104000.0,0.0,4.0,
5069,217,5,7,2,2024-10-21,2024-10-21,2024-10-24,122000.0,0.0,57.6,Temperatura errática
5070,1648,5,3,1,2024-10-21,2024-10-21,2024-10-23,305000.0,55000.0,2.0,
5071,1842,17,1,1,2024-10-21,2024-10-22,2024-10-24,1712000.0,0.0,2.1,
5072,1067,1,4,1,2024-10-21,2024-10-22,2024-10-25,76000.0,0.0,1.9,
5073,1505,17,1,1,2024-10-21,2024-10-22,2024-10-25,83000.0,0.0,2.8,
5074,1902,20,5,1,2024-10-22,2024-10-22,2024-10-23,31000.0,1000.0,4.2,
5075,1529,21,4,1,2024-10-22,2024-10-22,2024-10-23,141000.0,43000.0,6.7,
5076,943,4,3,1,2024-10-22,2024-10-24,2024-10-25,904000.0,282000.0,7.2,
5077,10,2,5,1,2024-10-22,2024-10-24,2024-10-25,77000.0,0.0,6.9,
5078,1401,3,5,1,2024-10-22,2024-10-22,2024-10-25,1523000.0,0.0,1.3,
5079,682,7,6,2,2024-10-22,2024-10-23,2024-10-29,100000.0,0.0,125.0,Caudal incorrecto
5080,913,19,11,2,2024-10-23,2024-10-23,2024-10-31,225000.0,0.0,62.4,Motor no arranca
5081,903,17,5,1,2024-10-23,2024-10-25,2024-10-27,103000.0,0.0,1.5,
5082,650,7,3,1,2024-10-23,2024-10-25,2024-10-26,91000.0,0.0,1.0,
5083,1434,21,4,1,2024-10-23,2024-10-23,2024-10-26,170000.0,0.0,3.8,
5084,225,12,5,1,2024-10-23,2024-10-25,2024-10-26,71000.0,8000.0,4.3,
5085,444,12,6,2,2024-10-23,2024-10-24,2024-11-08,178000.0,0.0,53.0,Alarma de oclusión
5086,872,13,3,1,2024-10-23,2024-10-24,2024-10-27,167000.0,0.0,7.7,
5087,1617,15,10,1,2024-10-23,2024-10-23,2024-10-26,998000.0,274000.0,7.7,
5088,1588,10,2,1,2024-10-23,2024-10-23,2024-10-25,40000.0,0.0,3.9,
5089,809,7,1,2,2024-10-24,2024-10-27,2024-10-28,120000.0,19000.0,20.2,Alarmas inoperativas
5090,840,12,4,1,2024-10-24,2024-10-24,2024-10-26,804000.0,0.0,1.3,
5091,1598,14,4,1,2024-10-24,2024-10-26,2024-10-28,106000.0,0.0,7.4,
5092,1540,2,6,1,2024-10-24,2024-10-25,2024-10-26,911000.0,0.0,2.8,
5093,1773,2,6,2,2024-10-24,2024-10-27,2024-11-08,122000.0,0.0,88.6,Teclado/pantalla defectuosa
5094,509,12,6,2,2024-10-24,2024-10-27,2024-11-09,166000.0,0.0,132.4,Batería dañada
5095,1321,18,10,2,2024-10-24,2024-10-26,2024-11-04,525000.0,0.0,133.2,Banda desalineada
5096,1922,1,3,1,2024-10-24,2024-10-25,2024-10-26,286000.0,0.0,3.3,
5097,889,17,8,1,2024-10-24,2024-10-26,2024-10-27,531000.0,0.0,4.1,
5098,562,3,3,1,2024-10-24,2024-10-26,2024-10-28,196000.0,43000.0,5.9,
5099,1950,4,8,2,2024-10-24,2024-10-27,2024-11-08,5260000.0,0.0,49.8,Pantalla defectuosa
5100,534,1,7,1,2024-10-24,2024-10-24,2024-10-27,202000.0,51000.0,7.7,
5101,374,15,10,2,2024-10-25,2024-10-28,2024-10-31,2710000.0,0.0,30.4,Fuga de vapor
5102,1217,1,1,1,2024-10-25,2024-10-25,2024-10-26,102000.0,0.0,1.7,
5103,119,11,7,1,2024-10-25,2024-10-25,2024-10-27,1592000.0,0.0,1.8,
5104,453,17,4,1,2024-10-25,2024-10-27,2024-10-29,23000.0,0.0,4.9,
5105,1616,17,6,1,2024-10-25,2024-10-26,2024-10-29,226000.0,0.0,1.3,
5106,468,12,2,1,2024-10-25,2024-10-26,2024-10-29,101000.0,0.0,4.9,
5107,1058,17,2,2,2024-10-25,2024-10-28,2024-10-30,2483000.0,0.0,38.8,Problema en válvulas internas
5108,734,4,9,1,2024-10-25,2024-10-27,2024-10-30,302000.0,0.0,5.1,
5109,144,8,9,1,2024-10-25,2024-10-25,2024-10-26,874000.0,0.0,5.0,
5110,1611,10,5,1,2024-10-25,2024-10-27,2024-10-29,180000.0,0.0,5.5,
5111,519,9,6,2,2024-10-26,2024-10-26,2024-10-31,255000.0,0.0,104.7,Alarma de oclusión
5112,1624,20,3,2,2024-10-26,2024-10-28,2024-11-02,19000.0,0.0,15.1,Válvula defectuosa
5113,553,1,6,2,2024-10-26,2024-10-26,2024-11-07,3238000.0,0.0,281.6,Sensor de flujo defectuoso
5114,118,12,12,2,2024-10-27,2024-10-27,2024-11-10,286000.0,0.0,47.7,Tapa no bloquea
5115,864,1,9,2,2024-10-27,2024-10-30,2024-11-01,60000000.0,0.0,18.5,Problemas de gradientes
5116,1162,1,5,2,2024-10-27,2024-10-28,2024-11-08,133000.0,0.0,257.4,Alarma de oclusión
5117,378,12,3,2,2024-10-27,2024-10-30,2024-11-01,3528000.0,0.0,25.2,Falla de batería
5118,827,17,9,2,2024-10-27,2024-10-27,2024-11-05,1153000.0,376000.0,122.5,Falla de teclado o trackball
5119,1542,12,4,1,2024-10-28,2024-10-30,2024-10-31,876000.0,0.0,1.9,
5120,267,3,6,1,2024-10-28,2024-10-29,2024-10-30,6000.0,0.0,5.0,
5121,1181,11,1,1,2024-10-28,2024-10-30,2024-11-01,173000.0,0.0,3.8,
5122,255,4,6,2,2024-10-28,2024-10-31,2024-11-01,104000.0,0.0,11.5,Falla de presión NIBP
5123,1214,3,4,1,2024-10-28,2024-10-30,2024-10-31,218000.0,0.0,2.6,
5124,351,17,1,1,2024-10-28,2024-10-29,2024-10-31,3697000.0,0.0,6.9,
5125,563,12,1,1,2024-10-28,2024-10-30,2024-10-31,143000.0,0.0,5.5,
5126,1001,11,5,1,2024-10-28,2024-10-29,2024-10-31,1074000.0,255000.0,5.9,
5127,1705,10,6,1,2024-10-28,2024-10-29,2024-11-01,88000.0,0.0,7.8,
5128,601,12,7,1,2024-10-28,2024-10-30,2024-11-01,392000.0,62000.0,3.8,
5129,372,4,1,2,2024-10-28,2024-10-30,2024-11-08,19000.0,0.0,178.0,Lectura incorrecta
5130,515,5,7,1,2024-10-28,2024-10-29,2024-10-30,58000.0,10000.0,2.9,
5131,1332,4,8,1,2024-10-28,2024-10-30,2024-11-01,31539000.0,0.0,3.7,
5132,1000,7,6,1,2024-10-29,2024-10-29,2024-11-01,107000.0,19000.0,5.6,
5133,1052,10,1,1,2024-10-29,2024-10-30,2024-11-02,1115000.0,348000.0,7.5,
5134,1500,9,12,1,2024-10-29,2024-10-31,2024-11-01,197000.0,0.0,4.9,
5135,1548,22,5,1,2024-10-29,2024-10-30,2024-11-01,275000.0,0.0,5.0,
5136,1560,21,1,1,2024-10-29,2024-10-31,2024-11-01,303000.0,42000.0,1.3,
5137,305,5,12,1,2024-10-29,2024-10-31,2024-11-02,184000.0,32000.0,1.4,
5138,1420,5,1,1,2024-10-30,2024-10-30,2024-11-01,209000.0,0.0,2.2,
5139,1360,7,4,1,2024-10-30,2024-10-30,2024-11-01,257000.0,45000.0,3.5,
5140,1912,2,5,1,2024-10-30,2024-10-30,2024-11-01,283000.0,0.0,1.2,
5141,1832,11,1,1,2024-10-30,2024-11-01,2024-11-04,17000.0,0.0,2.7,
5142,1829,3,3,1,2024-10-31,2024-11-01,2024-11-04,45000.0,2000.0,1.1,
5143,827,17,9,1,2024-10-31,2024-10-31,2024-11-01,483000.0,224000.0,5.0,
5144,764,17,1,1,2024-10-31,2024-10-31,2024-11-02,251000.0,0.0,5.6,
5145,1963,12,7,1,2024-10-31,2024-11-02,2024-11-05,409000.0,0.0,2.6,
5146,1700,11,6,1,2024-10-31,2024-10-31,2024-11-01,460000.0,89000.0,7.5,
5147,1506,17,7,1,2024-10-31,2024-11-01,2024-11-04,1375000.0,0.0,5.0,
5148,818,4,2,1,2024-10-31,2024-10-31,2024-11-02,55000.0,0.0,6.5,
5149,1102,3,5,1,2024-10-31,2024-11-02,2024-11-03,225000.0,0.0,6.3,
5150,959,12,5,2,2024-11-01,2024-11-01,2024-11-03,189000.0,46000.0,31.2,No detecta línea
5151,508,3,4,1,2024-11-01,2024-11-02,2024-11-03,200000.0,0.0,4.6,
5152,1403,16,5,1,2024-11-01,2024-11-02,2024-11-03,17000.0,0.0,7.5,
5153,1803,4,7,2,2024-11-01,2024-11-01,2024-11-09,240000.0,0.0,136.6,Módulo ECG dañado
5154,410,12,3,1,2024-11-01,2024-11-01,2024-11-02,766000.0,0.0,7.0,
5155,161,19,10,2,2024-11-01,2024-11-02,2024-11-16,94000.0,24000.0,52.9,Filtro saturado
5156,67,1,8,1,2024-11-01,2024-11-02,2024-11-04,768000.0,0.0,1.3,
5157,466,7,4,2,2024-11-01,2024-11-03,2024-11-09,514000.0,0.0,21.1,Descarga fallida
5158,1079,12,3,2,2024-11-01,2024-11-03,2024-11-17,376000.0,0.0,128.3,No enciende
5159,1426,22,5,2,2024-11-01,2024-11-01,2024-11-10,16000.0,0.0,22.6,Fuga en brazalete
5160,543,22,12,1,2024-11-01,2024-11-02,2024-11-05,198000.0,0.0,5.5,
5161,1491,1,3,1,2024-11-01,2024-11-01,2024-11-03,909000.0,0.0,5.9,
5162,686,1,4,1,2024-11-01,2024-11-02,2024-11-05,219000.0,0.0,4.8,
5163,1509,9,6,2,2024-11-01,2024-11-03,2024-11-08,260000.0,0.0,78.4,Botón de paciente defectuoso
5164,135,15,10,2,2024-11-02,2024-11-04,2024-11-19,2274000.0,0.0,59.2,No calienta agua
5165,616,4,6,2,2024-11-02,2024-11-03,2024-11-17,552000.0,0.0,213.1,Lecturas erráticas
5166,337,1,6,2,2024-11-03,2024-11-06,2024-11-19,3082000.0,0.0,210.6,Falla de batería
5167,1988,18,2,2,2024-11-03,2024-11-04,2024-11-08,424000.0,116000.0,28.3,Sistema hidráulico con fuga
5168,588,2,4,2,2024-11-03,2024-11-03,2024-11-11,3264000.0,0.0,106.5,Falla de batería
5169,802,3,7,1,2024-11-04,2024-11-06,2024-11-09,29000.0,0.0,4.6,
5170,1426,22,6,1,2024-11-04,2024-11-05,2024-11-07,32000.0,0.0,3.9,
5171,1459,11,7,2,2024-11-04,2024-11-07,2024-11-19,2181000.0,0.0,244.9,Problema en válvulas internas
5172,1232,9,8,2,2024-11-04,2024-11-07,2024-11-16,3131000.0,1187000.0,140.8,Imagen subexpuesta
5173,1884,8,5,1,2024-11-04,2024-11-04,2024-11-07,162000.0,0.0,2.4,
5174,114,7,3,2,2024-11-04,2024-11-06,2024-11-12,2303000.0,0.0,72.8,Falla de batería
5175,1068,12,4,2,2024-11-04,2024-11-04,2024-11-14,194000.0,0.0,215.9,Teclado/pantalla defectuosa
5176,262,15,11,1,2024-11-05,2024-11-07,2024-11-08,965000.0,0.0,6.2,
5177,1285,15,10,1,2024-11-05,2024-11-05,2024-11-07,174000.0,29000.0,3.5,
5178,41,14,12,1,2024-11-05,2024-11-07,2024-11-09,212000.0,0.0,2.7,
5179,1771,9,3,1,2024-11-05,2024-11-05,2024-11-07,460000.0,0.0,2.8,
5180,1351,1,9,1,2024-11-05,2024-11-05,2024-11-06,6477000.0,0.0,1.3,
5181,1428,12,7,1,2024-11-05,2024-11-05,2024-11-06,602000.0,0.0,3.9,
5182,50,5,2,2,2024-11-05,2024-11-05,2024-11-06,364000.0,0.0,10.6,SpO₂ no detecta señal
5183,799,7,2,1,2024-11-05,2024-11-07,2024-11-08,120000.0,0.0,7.0,
5184,646,17,2,1,2024-11-06,2024-11-07,2024-11-09,131000.0,0.0,5.5,
5185,370,1,5,1,2024-11-06,2024-11-08,2024-11-10,866000.0,0.0,7.7,
5186,378,12,6,1,2024-11-06,2024-11-07,2024-11-09,904000.0,0.0,2.1,
5187,959,7,2,2,2024-11-06,2024-11-08,2024-11-11,189000.0,57000.0,10.6,Alarma de oclusión
5188,196,3,2,2,2024-11-06,2024-11-09,2024-11-12,20000.0,0.0,57.7,Lectura incorrecta
5189,1877,18,10,2,2024-11-06,2024-11-08,2024-11-22,450000.0,0.0,68.2,Banda desalineada
5190,1452,7,1,1,2024-11-06,2024-11-08,2024-11-11,1512000.0,579000.0,5.9,
5191,755,10,6,2,2024-11-06,2024-11-08,2024-11-12,156000.0,0.0,63.4,Teclado/pantalla defectuosa
5192,1640,2,7,1,2024-11-06,2024-11-08,2024-11-09,31000.0,0.0,3.2,
5193,132,16,2,1,2024-11-07,2024-11-09,2024-11-10,48000.0,0.0,3.0,
5194,1218,9,6,1,2024-11-07,2024-11-08,2024-11-09,101000.0,0.0,1.4,
5195,116,10,3,1,2024-11-07,2024-11-07,2024-11-09,188000.0,0.0,2.4,
5196,1612,22,7,2,2024-11-07,2024-11-08,2024-11-17,17000.0,0.0,24.8,Lectura incorrecta
5197,1226,2,1,1,2024-11-07,2024-11-07,2024-11-10,139000.0,0.0,5.3,
5198,899,3,6,1,2024-11-07,2024-11-08,2024-11-11,303000.0,0.0,6.2,
5199,465,12,7,1,2024-11-07,2024-11-07,2024-11-08,755000.0,179000.0,6.2,
5200,1028,2,6,1,2024-11-07,2024-11-09,2024-11-11,52000.0,0.0,4.0,
5201,228,12,4,2,2024-11-07,2024-11-10,2024-11-15,3345000.0,0.0,88.4,Falla de batería
5202,1968,22,1,1,2024-11-07,2024-11-09,2024-11-10,221000.0,44000.0,3.7,
5203,17,11,5,2,2024-11-07,2024-11-10,2024-11-17,402000.0,0.0,162.3,Error de autoprueba
5204,792,12,6,1,2024-11-07,2024-11-08,2024-11-09,29000.0,3000.0,5.9,
5205,1017,7,7,2,2024-11-07,2024-11-07,2024-11-11,87000.0,0.0,41.9,Batería defectuosa
5206,1690,17,7,1,2024-11-07,2024-11-09,2024-11-10,102000.0,0.0,5.7,
5207,594,12,3,1,2024-11-07,2024-11-07,2024-11-09,89000.0,0.0,4.9,
5208,337,1,1,2,2024-11-07,2024-11-08,2024-11-18,3082000.0,0.0,88.7,No enciende
5209,1662,14,12,1,2024-11-07,2024-11-08,2024-11-09,200000.0,0.0,2.2,
5210,1058,17,3,1,2024-11-07,2024-11-09,2024-11-10,1137000.0,0.0,4.6,
5211,1324,9,3,1,2024-11-07,2024-11-07,2024-11-10,495000.0,0.0,5.3,
5212,23,17,4,1,2024-11-08,2024-11-09,2024-11-12,695000.0,0.0,4.9,
5213,835,11,6,1,2024-11-08,2024-11-08,2024-11-11,79000.0,11000.0,3.2,
5214,1305,9,7,2,2024-11-08,2024-11-11,2024-11-12,173000.0,0.0,16.0,Puerta o clamp dañado
5215,1908,10,1,1,2024-11-08,2024-11-09,2024-11-12,343000.0,29000.0,8.0,
5216,1304,16,12,2,2024-11-08,2024-11-11,2024-11-12,435000.0,0.0,8.3,Registro de temperatura incorrecto
5217,28,1,7,1,2024-11-08,2024-11-09,2024-11-10,41000.0,0.0,4.3,
5218,1947,11,2,1,2024-11-08,2024-11-08,2024-11-09,1443000.0,0.0,4.2,
5219,1844,21,4,1,2024-11-08,2024-11-09,2024-11-12,73000.0,0.0,6.5,
5220,478,11,4,1,2024-11-08,2024-11-09,2024-11-12,369000.0,0.0,2.5,
5221,1521,1,2,2,2024-11-08,2024-11-11,2024-11-26,147000.0,44000.0,60.3,Temperatura errática
5222,68,1,9,1,2024-11-08,2024-11-08,2024-11-09,1458000.0,0.0,3.3,
5223,593,15,11,1,2024-11-08,2024-11-09,2024-11-10,112000.0,0.0,3.0,
5224,1763,6,12,2,2024-11-10,2024-11-13,2024-11-26,2963000.0,0.0,61.3,Problemas de lavado
5225,154,10,5,2,2024-11-10,2024-11-12,2024-11-20,5865000.0,0.0,113.6,Falla en vaporizador
5226,276,3,3,2,2024-11-10,2024-11-13,2024-11-18,307000.0,0.0,43.5,No enciende
5227,1577,17,2,1,2024-11-11,2024-11-12,2024-11-13,35000.0,0.0,3.1,
5228,991,7,4,1,2024-11-11,2024-11-11,2024-11-12,121000.0,29000.0,1.0,
5229,496,10,5,1,2024-11-11,2024-11-13,2024-11-16,359000.0,0.0,1.6,
5230,795,10,2,1,2024-11-11,2024-11-12,2024-11-14,301000.0,0.0,4.7,
5231,1865,12,3,2,2024-11-11,2024-11-13,2024-11-15,387000.0,0.0,12.2,No enciende
5232,1279,9,2,2,2024-11-11,2024-11-11,2024-11-24,106000.0,32000.0,11.7,Batería dañada
5233,181,15,11,2,2024-11-11,2024-11-13,2024-11-20,138000.0,0.0,163.5,No sella correctamente
5234,1424,2,6,1,2024-11-12,2024-11-14,2024-11-15,130000.0,0.0,7.6,
5235,475,9,3,2,2024-11-12,2024-11-12,2024-11-20,220000.0,0.0,119.0,Caudal incorrecto
5236,354,10,6,2,2024-11-12,2024-11-15,2024-11-23,176000.0,0.0,182.4,SpO₂ sin lectura
5237,1077,4,4,1,2024-11-12,2024-11-13,2024-11-15,480000.0,41000.0,2.2,
5238,860,11,3,1,2024-11-12,2024-11-14,2024-11-17,143000.0,0.0,2.5,
5239,316,9,1,1,2024-11-12,2024-11-14,2024-11-16,225000.0,0.0,5.8,
5240,1876,4,1,2,2024-11-12,2024-11-15,2024-11-28,268000.0,81000.0,155.3,Pantalla sin imagen
5241,724,10,1,1,2024-11-12,2024-11-12,2024-11-15,29000.0,0.0,7.6,
5242,85,4,8,2,2024-11-13,2024-11-14,2024-11-22,45508000.0,14406000.0,136.5,Artefactos de imagen
5243,64,12,4,1,2024-11-13,2024-11-15,2024-11-17,153000.0,0.0,2.2,
5244,516,7,5,1,2024-11-13,2024-11-15,2024-11-18,109000.0,0.0,4.6,
5245,1995,12,1,1,2024-11-13,2024-11-13,2024-11-15,223000.0,0.0,5.5,
5246,1791,4,2,1,2024-11-13,2024-11-13,2024-11-15,148000.0,0.0,7.5,
5247,1346,9,3,1,2024-11-13,2024-11-15,2024-11-18,171000.0,0.0,5.0,
5248,1033,3,12,1,2024-11-13,2024-11-13,2024-11-15,150000.0,0.0,4.3,
5249,904,8,8,1,2024-11-13,2024-11-14,2024-11-16,4108000.0,0.0,6.8,
5250,161,19,11,2,2024-11-13,2024-11-15,2024-11-23,94000.0,27000.0,121.1,Ruido excesivo
5251,592,24,3,2,2024-11-13,2024-11-16,2024-11-25,535000.0,0.0,17.1,Mecanismo de altura no funciona
5252,1956,12,12,1,2024-11-13,2024-11-14,2024-11-17,101000.0,0.0,7.1,
5253,701,5,12,2,2024-11-13,2024-11-15,2024-11-21,278000.0,0.0,21.2,Tapa no bloquea
5254,175,4,1,1,2024-11-13,2024-11-14,2024-11-15,98000.0,0.0,7.8,
5255,1364,2,7,1,2024-11-13,2024-11-14,2024-11-16,427000.0,74000.0,2.7,
5256,1140,4,5,1,2024-11-14,2024-11-15,2024-11-16,371000.0,0.0,1.7,
5257,356,15,10,2,2024-11-14,2024-11-15,2024-11-16,1264000.0,0.0,9.4,Bomba de lavado defectuosa
5258,994,24,2,2,2024-11-14,2024-11-17,2024-12-02,363000.0,109000.0,216.9,Lecturas erráticas
5259,1663,7,2,1,2024-11-14,2024-11-16,2024-11-19,167000.0,0.0,1.8,
5260,1522,24,7,1,2024-11-14,2024-11-14,2024-11-17,280000.0,0.0,2.2,
5261,1764,3,3,2,2024-11-14,2024-11-15,2024-11-29,240000.0,0.0,88.9,Sensor de flujo sucio
5262,1741,15,10,1,2024-11-14,2024-11-15,2024-11-18,56000.0,21000.0,2.7,
5263,141,4,1,2,2024-11-14,2024-11-15,2024-11-29,132000.0,0.0,117.5,Puerta o clamp dañado
5264,1728,7,1,1,2024-11-14,2024-11-15,2024-11-17,365000.0,0.0,5.4,
5265,633,21,2,1,2024-11-14,2024-11-16,2024-11-17,30000.0,0.0,6.5,
5266,129,4,7,1,2024-11-14,2024-11-16,2024-11-19,6000.0,0.0,6.8,
5267,867,10,3,1,2024-11-14,2024-11-14,2024-11-17,74000.0,0.0,3.5,
5268,298,12,3,1,2024-11-14,2024-11-16,2024-11-18,160000.0,0.0,2.7,
5269,412,11,1,1,2024-11-14,2024-11-15,2024-11-18,27000.0,0.0,3.5,
5270,1029,12,12,1,2024-11-15,2024-11-17,2024-11-18,221000.0,0.0,4.7,
5271,1031,12,7,1,2024-11-15,2024-11-17,2024-11-19,89000.0,0.0,5.9,
5272,527,9,6,2,2024-11-15,2024-11-17,2024-11-20,65000.0,0.0,22.0,Lente sucio o rayado
5273,229,12,4,1,2024-11-15,2024-11-17,2024-11-18,719000.0,0.0,7.7,
5274,1016,11,2,1,2024-11-15,2024-11-16,2024-11-19,119000.0,0.0,1.3,
5275,649,21,1,1,2024-11-15,2024-11-16,2024-11-17,188000.0,0.0,5.3,
5276,737,11,5,2,2024-11-15,2024-11-16,2024-11-25,1591000.0,0.0,197.6,Falla de ventilador
5277,1504,9,1,1,2024-11-15,2024-11-16,2024-11-17,24000.0,0.0,7.5,
5278,965,13,8,2,2024-11-15,2024-11-17,2024-11-26,4139000.0,0.0,85.0,Congelamiento del software
5279,459,24,2,2,2024-11-17,2024-11-20,2024-11-23,438000.0,101000.0,58.7,Barandas sueltas
5280,1717,5,4,2,2024-11-17,2024-11-18,2024-12-02,178000.0,0.0,81.1,Batería defectuosa
5281,1708,12,4,2,2024-11-17,2024-11-17,2024-11-18,391000.0,117000.0,12.4,Colchón dañado
5282,1455,13,7,2,2024-11-17,2024-11-17,2024-11-25,68000.0,0.0,133.4,Peso incorrecto
5283,1925,17,9,2,2024-11-17,2024-11-18,2024-11-19,1892000.0,0.0,23.5,Puertos dañados
5284,770,15,10,2,2024-11-17,2024-11-18,2024-11-23,2382000.0,0.0,111.6,Boquillas obstruidas
5285,1626,3,1,1,2024-11-18,2024-11-19,2024-11-20,63000.0,0.0,6.3,
5286,239,10,7,2,2024-11-18,2024-11-19,2024-11-21,277000.0,0.0,42.6,Lecturas erráticas
5287,1463,8,5,1,2024-11-18,2024-11-19,2024-11-22,201000.0,0.0,2.6,
5288,1476,5,4,1,2024-11-18,2024-11-18,2024-11-19,104000.0,0.0,7.6,
5289,993,10,4,2,2024-11-18,2024-11-21,2024-11-25,1866000.0,0.0,93.9,Falla de batería
5290,1011,15,10,1,2024-11-18,2024-11-20,2024-11-21,38000.0,0.0,3.8,
5291,1533,5,4,2,2024-11-18,2024-11-20,2024-11-25,14000.0,4000.0,54.0,Pantalla defectuosa
5292,1543,14,5,1,2024-11-18,2024-11-19,2024-11-21,180000.0,0.0,7.1,
5293,21,11,5,1,2024-11-19,2024-11-20,2024-11-23,166000.0,0.0,3.3,
5294,1327,4,1,1,2024-11-19,2024-11-19,2024-11-22,109000.0,34000.0,4.9,
5295,1811,7,4,1,2024-11-19,2024-11-21,2024-11-22,113000.0,0.0,5.2,
5296,401,2,5,1,2024-11-19,2024-11-21,2024-11-23,161000.0,0.0,3.9,
5297,1679,3,12,2,2024-11-19,2024-11-20,2024-11-21,2910000.0,0.0,10.8,Obstrucción de pipetas
5298,338,15,11,1,2024-11-19,2024-11-19,2024-11-21,99000.0,0.0,7.3,
5299,1904,19,10,2,2024-11-19,2024-11-19,2024-11-24,0.0,0.0,58.9,Tapiz dañado
5300,533,3,4,1,2024-11-19,2024-11-21,2024-11-23,161000.0,0.0,5.9,
5301,1573,2,5,2,2024-11-19,2024-11-20,2024-12-02,1859000.0,0.0,40.4,Falla de batería
5302,1325,20,8,1,2024-11-19,2024-11-19,2024-11-22,1721000.0,0.0,5.9,
5303,1322,22,6,1,2024-11-20,2024-11-20,2024-11-21,23000.0,0.0,4.0,
5304,1330,2,7,1,2024-11-20,2024-11-21,2024-11-22,256000.0,52000.0,1.4,
5305,1076,24,1,1,2024-11-20,2024-11-22,2024-11-24,6000.0,0.0,6.4,
5306,1590,3,2,2,2024-11-20,2024-11-20,2024-11-23,522000.0,0.0,23.6,Alarmas defectuosas
5307,1859,12,5,2,2024-11-20,2024-11-22,2024-11-28,1179000.0,0.0,137.5,Alarma no funciona
5308,1134,1,3,1,2024-11-20,2024-11-20,2024-11-21,101000.0,14000.0,2.0,
5309,1491,1,5,2,2024-11-20,2024-11-22,2024-11-25,1485000.0,0.0,21.1,Sensor de humedad defectuoso
5310,1073,16,6,1,2024-11-20,2024-11-22,2024-11-25,6000.0,0.0,6.0,
5311,1308,5,7,1,2024-11-20,2024-11-21,2024-11-24,11000.0,1000.0,6.4,
5312,1247,9,1,2,2024-11-20,2024-11-23,2024-11-27,121000.0,0.0,90.1,Alarma de oclusión
5313,1556,9,1,1,2024-11-20,2024-11-21,2024-11-24,161000.0,0.0,6.9,
5314,1951,11,2,1,2024-11-20,2024-11-20,2024-11-23,331000.0,99000.0,3.3,
5315,1407,14,12,1,2024-11-21,2024-11-22,2024-11-23,312000.0,19000.0,1.6,
5316,1059,7,4,2,2024-11-21,2024-11-22,2024-12-05,3650000.0,0.0,113.3,Sensor defectuoso
5317,1074,2,4,1,2024-11-21,2024-11-23,2024-11-24,122000.0,0.0,6.9,
5318,657,4,12,1,2024-11-21,2024-11-23,2024-11-24,91000.0,13000.0,3.5,
5319,411,1,5,1,2024-11-21,2024-11-22,2024-11-25,677000.0,0.0,3.8,
5320,1632,1,2,1,2024-11-22,2024-11-22,2024-11-23,162000.0,0.0,6.8,
5321,688,1,2,2,2024-11-22,2024-11-22,2024-11-24,169000.0,0.0,39.1,Batería dañada
5322,973,9,4,2,2024-11-22,2024-11-22,2024-11-24,281000.0,0.0,11.8,Alarmas defectuosas
5323,1576,1,5,1,2024-11-22,2024-11-24,2024-11-27,128000.0,0.0,5.9,
5324,1481,5,12,2,2024-11-22,2024-11-23,2024-12-01,1821000.0,0.0,15.7,Resultados fuera de rango
5325,813,2,7,1,2024-11-22,2024-11-24,2024-11-25,210000.0,0.0,5.8,
5326,369,8,6,1,2024-11-22,2024-11-22,2024-11-24,44000.0,0.0,6.0,
5327,1494,10,3,1,2024-11-22,2024-11-24,2024-11-27,149000.0,22000.0,7.1,
5328,71,3,6,2,2024-11-22,2024-11-23,2024-12-02,354000.0,0.0,187.4,SpO₂ no detecta señal
5329,1481,5,12,1,2024-11-22,2024-11-23,2024-11-26,1030000.0,0.0,4.1,
5330,253,11,5,2,2024-11-23,2024-11-25,2024-12-09,296000.0,0.0,231.4,Pantalla defectuosa
5331,814,15,11,2,2024-11-23,2024-11-23,2024-11-30,2560000.0,0.0,90.8,Dosificación incorrecta de detergente
5332,1698,5,12,2,2024-11-23,2024-11-23,2024-11-25,141000.0,0.0,17.2,Display no funciona
5333,1310,11,5,2,2024-11-24,2024-11-27,2024-11-28,80000.0,0.0,14.4,Temperatura errática
5334,8,24,7,2,2024-11-25,2024-11-26,2024-11-30,69000.0,0.0,10.4,Óptica sucia
5335,1169,5,3,1,2024-11-25,2024-11-26,2024-11-28,11000.0,0.0,2.8,
5336,703,9,7,1,2024-11-25,2024-11-26,2024-11-29,7000.0,0.0,5.7,
5337,514,2,1,1,2024-11-25,2024-11-27,2024-11-29,182000.0,0.0,1.8,
5338,1448,7,6,1,2024-11-25,2024-11-27,2024-11-29,106000.0,0.0,6.9,
5339,1789,20,9,1,2024-11-25,2024-11-27,2024-11-29,1032000.0,0.0,3.8,
5340,1363,7,4,2,2024-11-25,2024-11-27,2024-12-07,214000.0,0.0,66.6,Puerta o clamp dañado
5341,452,5,6,1,2024-11-26,2024-11-28,2024-11-29,275000.0,64000.0,3.6,
5342,1289,11,2,1,2024-11-26,2024-11-28,2024-11-29,139000.0,12000.0,7.0,
5343,1487,21,3,2,2024-11-26,2024-11-26,2024-12-09,135000.0,0.0,148.7,Falla de presión NIBP
5344,131,9,7,1,2024-11-26,2024-11-28,2024-12-01,58000.0,6000.0,4.6,
5345,1663,7,6,2,2024-11-26,2024-11-28,2024-12-10,366000.0,0.0,12.8,No enciende
5346,945,16,3,1,2024-11-26,2024-11-26,2024-11-28,323000.0,0.0,2.2,
5347,1132,16,5,1,2024-11-26,2024-11-27,2024-11-28,21000.0,0.0,7.7,
5348,918,11,5,1,2024-11-26,2024-11-28,2024-11-30,30000.0,0.0,6.8,
5349,1258,18,10,2,2024-11-26,2024-11-26,2024-12-05,275000.0,0.0,78.1,Ruido mecánico
5350,200,10,8,1,2024-11-26,2024-11-27,2024-11-28,1377000.0,351000.0,3.1,
5351,1475,7,7,1,2024-11-26,2024-11-28,2024-11-30,118000.0,0.0,1.2,
5352,333,4,3,1,2024-11-26,2024-11-28,2024-11-29,60000.0,0.0,5.0,
5353,75,6,3,1,2024-11-26,2024-11-28,2024-12-01,87000.0,6000.0,1.1,
5354,1964,10,5,1,2024-11-27,2024-11-27,2024-11-28,916000.0,0.0,3.4,
5355,1376,17,4,2,2024-11-27,2024-11-30,2024-12-11,103000.0,0.0,241.2,Error de calibración
5356,1852,12,12,2,2024-11-27,2024-11-28,2024-12-12,390000.0,0.0,257.5,Registro de temperatura incorrecto
5357,683,1,2,1,2024-11-27,2024-11-28,2024-12-01,62000.0,0.0,3.3,
5358,564,4,3,2,2024-11-27,2024-11-30,2024-12-10,88000.0,0.0,138.0,Peso incorrecto
5359,1228,11,3,1,2024-11-27,2024-11-28,2024-12-01,139000.0,0.0,5.9,
5360,1512,6,1,1,2024-11-27,2024-11-28,2024-12-01,10000.0,0.0,1.2,
5361,865,11,6,1,2024-11-27,2024-11-28,2024-11-29,27000.0,0.0,1.5,
5362,1020,17,2,1,2024-11-27,2024-11-28,2024-11-29,32000.0,3000.0,3.1,
5363,365,17,1,1,2024-11-28,2024-11-29,2024-11-30,221000.0,0.0,1.4,
5364,1361,11,7,1,2024-11-28,2024-11-30,2024-12-01,497000.0,0.0,2.6,
5365,1840,4,3,2,2024-11-28,2024-12-01,2024-12-02,347000.0,0.0,19.8,Ruedas trabadas
5366,732,11,4,1,2024-11-28,2024-11-28,2024-12-01,371000.0,0.0,6.2,
5367,890,12,2,1,2024-11-28,2024-11-29,2024-11-30,54000.0,0.0,3.4,
5368,993,10,2,1,2024-11-28,2024-11-28,2024-11-29,925000.0,0.0,2.0,
5369,851,8,8,1,2024-11-28,2024-11-30,2024-12-02,1682000.0,0.0,2.5,
5370,1865,12,1,1,2024-11-28,2024-11-29,2024-12-02,276000.0,0.0,4.6,
5371,917,11,4,1,2024-11-28,2024-11-30,2024-12-01,360000.0,0.0,2.8,
5372,1485,15,11,1,2024-11-29,2024-12-01,2024-12-02,106000.0,0.0,7.8,
5373,691,15,10,1,2024-11-29,2024-12-01,2024-12-03,72000.0,38000.0,6.5,
5374,184,16,12,1,2024-11-29,2024-11-29,2024-12-01,234000.0,81000.0,3.0,
5375,1101,15,11,1,2024-11-29,2024-11-29,2024-11-30,77000.0,24000.0,4.6,
5376,1128,12,4,2,2024-12-01,2024-12-04,2024-12-19,241000.0,0.0,229.1,Error de calibración
5377,1913,5,7,2,2024-12-01,2024-12-02,2024-12-08,14000.0,0.0,55.6,Manómetro descalibrado
5378,744,18,10,2,2024-12-01,2024-12-03,2024-12-12,158000.0,47000.0,67.1,Intensidad inestable
5379,42,9,5,1,2024-12-02,2024-12-04,2024-12-06,97000.0,0.0,4.3,
5380,1750,7,5,1,2024-12-02,2024-12-03,2024-12-05,144000.0,0.0,6.8,
5381,717,17,1,1,2024-12-02,2024-12-04,2024-12-07,28000.0,1000.0,5.0,
5382,961,4,3,1,2024-12-02,2024-12-03,2024-12-06,178000.0,0.0,4.7,
5383,1685,22,1,1,2024-12-02,2024-12-02,2024-12-04,73000.0,0.0,1.6,
5384,492,11,3,1,2024-12-02,2024-12-03,2024-12-05,185000.0,0.0,5.4,
5385,1038,7,1,1,2024-12-02,2024-12-04,2024-12-06,229000.0,0.0,1.6,
5386,1878,6,4,1,2024-12-02,2024-12-03,2024-12-06,95000.0,0.0,6.3,
5387,1595,9,8,2,2024-12-02,2024-12-03,2024-12-04,2703000.0,0.0,19.3,Falla de teclado o trackball
5388,1632,1,7,2,2024-12-02,2024-12-02,2024-12-08,187000.0,0.0,78.0,Caudal incorrecto
5389,1673,4,5,1,2024-12-03,2024-12-05,2024-12-07,835000.0,0.0,3.8,
5390,1052,10,5,2,2024-12-03,2024-12-03,2024-12-16,1920000.0,433000.0,264.8,Alarma no funciona
5391,247,18,11,2,2024-12-03,2024-12-05,2024-12-07,250000.0,0.0,40.6,Batería defectuosa
5392,14,7,2,1,2024-12-03,2024-12-05,2024-12-08,389000.0,83000.0,3.7,
5393,741,11,5,2,2024-12-03,2024-12-04,2024-12-15,309000.0,0.0,149.1,Ruedas trabadas
5394,762,11,7,2,2024-12-03,2024-12-04,2024-12-10,0.0,0.0,56.0,Cabezal flojo
5395,330,3,7,2,2024-12-03,2024-12-06,2024-12-10,343000.0,103000.0,34.5,Cables de paciente defectuosos
5396,1153,12,5,2,2024-12-03,2024-12-03,2024-12-12,333000.0,97000.0,48.0,SpO₂ no detecta señal
5397,149,14,3,1,2024-12-03,2024-12-05,2024-12-06,38000.0,0.0,4.6,
5398,249,9,3,1,2024-12-03,2024-12-03,2024-12-05,302000.0,84000.0,7.2,
5399,1498,10,5,1,2024-12-04,2024-12-05,2024-12-08,106000.0,0.0,5.4,
5400,965,13,8,1,2024-12-04,2024-12-04,2024-12-05,1255000.0,0.0,7.3,
5401,137,15,10,1,2024-12-04,2024-12-04,2024-12-07,213000.0,27000.0,7.6,
5402,475,9,5,1,2024-12-04,2024-12-04,2024-12-07,147000.0,0.0,4.9,
5403,262,15,11,2,2024-12-04,2024-12-07,2024-12-21,1651000.0,0.0,250.6,Error de sensores
5404,441,12,5,2,2024-12-04,2024-12-06,2024-12-08,984000.0,0.0,38.5,Alarma de temperatura
5405,321,12,3,1,2024-12-04,2024-12-04,2024-12-07,23000.0,3000.0,3.7,
5406,276,22,1,1,2024-12-04,2024-12-06,2024-12-08,163000.0,0.0,2.5,
5407,1449,2,6,2,2024-12-04,2024-12-05,2024-12-08,2987000.0,0.0,31.6,Error de calibración
5408,1056,1,4,1,2024-12-05,2024-12-05,2024-12-06,124000.0,0.0,3.4,
5409,1785,7,7,2,2024-12-05,2024-12-07,2024-12-20,158000.0,0.0,19.2,No detecta línea
5410,1519,8,9,1,2024-12-05,2024-12-05,2024-12-07,1897000.0,0.0,2.6,
5411,608,10,4,1,2024-12-05,2024-12-06,2024-12-07,1071000.0,0.0,5.3,
5412,1757,21,6,1,2024-12-05,2024-12-05,2024-12-08,188000.0,11000.0,6.5,
5413,231,3,6,1,2024-12-05,2024-12-07,2024-12-08,30000.0,2000.0,1.3,
5414,260,11,6,1,2024-12-05,2024-12-05,2024-12-08,605000.0,273000.0,1.1,
5415,317,17,4,2,2024-12-05,2024-12-07,2024-12-08,476000.0,94000.0,13.7,Alarmas defectuosas
5416,925,22,2,1,2024-12-05,2024-12-05,2024-12-07,93000.0,0.0,5.8,
5417,1058,17,5,2,2024-12-05,2024-12-05,2024-12-09,1798000.0,0.0,87.4,Sensor defectuoso
5418,1938,10,5,1,2024-12-05,2024-12-07,2024-12-10,203000.0,44000.0,3.1,
5419,391,10,1,2,2024-12-05,2024-12-05,2024-12-14,386000.0,0.0,56.3,SpO₂ no detecta señal
5420,1703,14,7,1,2024-12-05,2024-12-06,2024-12-09,39000.0,0.0,2.2,
5421,1626,3,6,2,2024-12-05,2024-12-08,2024-12-12,118000.0,0.0,16.8,Error de calibración
5422,1808,17,2,2,2024-12-05,2024-12-05,2024-12-12,118000.0,0.0,95.5,Pantalla dañada
5423,888,6,3,1,2024-12-06,2024-12-07,2024-12-10,19000.0,0.0,6.9,
5424,476,9,4,1,2024-12-06,2024-12-07,2024-12-09,1128000.0,0.0,5.2,
5425,1470,5,12,2,2024-12-06,2024-12-08,2024-12-19,224000.0,0.0,195.1,Ruido anormal
5426,1708,12,5,1,2024-12-06,2024-12-08,2024-12-09,203000.0,51000.0,5.6,
5427,1081,10,7,1,2024-12-06,2024-12-07,2024-12-09,499000.0,0.0,6.8,
5428,950,21,1,1,2024-12-06,2024-12-08,2024-12-09,73000.0,0.0,2.5,
5429,400,20,7,1,2024-12-06,2024-12-07,2024-12-10,9000.0,0.0,7.7,
5430,1907,12,6,1,2024-12-06,2024-12-08,2024-12-09,335000.0,0.0,1.4,
5431,1703,14,3,2,2024-12-07,2024-12-10,2024-12-18,21000.0,0.0,51.3,Pera dañada
5432,710,15,10,2,2024-12-07,2024-12-09,2024-12-16,205000.0,0.0,143.0,Rodillos gastados
5433,1624,20,4,2,2024-12-07,2024-12-09,2024-12-12,19000.0,0.0,54.4,Lectura incorrecta
5434,1947,11,2,2,2024-12-07,2024-12-09,2024-12-18,2931000.0,0.0,215.0,No enciende
5435,12,1,3,2,2024-12-08,2024-12-10,2024-12-21,1242000.0,372000.0,144.1,Puerta o cúpula dañada
5436,1842,17,1,2,2024-12-09,2024-12-09,2024-12-20,4129000.0,0.0,91.7,Falla de pantalla
5437,849,2,5,1,2024-12-09,2024-12-09,2024-12-11,118000.0,0.0,1.5,
5438,158,8,2,1,2024-12-09,2024-12-09,2024-12-10,77000.0,0.0,5.1,
5439,1313,10,4,1,2024-12-09,2024-12-10,2024-12-11,24000.0,0.0,1.7,
5440,95,4,7,1,2024-12-09,2024-12-11,2024-12-13,98000.0,0.0,4.7,
5441,1754,8,7,1,2024-12-09,2024-12-11,2024-12-13,24000.0,2000.0,5.6,
5442,1025,10,4,2,2024-12-09,2024-12-11,2024-12-25,115000.0,0.0,26.5,Batería dañada
5443,1284,9,12,2,2024-12-09,2024-12-12,2024-12-25,3403000.0,0.0,270.7,Problemas de lavado
5444,339,15,10,1,2024-12-09,2024-12-09,2024-12-11,84000.0,0.0,3.7,
5445,973,9,1,1,2024-12-09,2024-12-10,2024-12-11,119000.0,0.0,3.8,
5446,389,18,3,1,2024-12-09,2024-12-09,2024-12-12,8000.0,0.0,2.1,
5447,1607,17,1,1,2024-12-09,2024-12-09,2024-12-10,23000.0,0.0,6.2,
5448,1939,1,3,1,2024-12-10,2024-12-10,2024-12-13,166000.0,47000.0,7.1,
5449,993,10,7,2,2024-12-10,2024-12-12,2024-12-17,2786000.0,0.0,53.5,No enciende
5450,1320,10,3,1,2024-12-10,2024-12-11,2024-12-13,267000.0,0.0,3.7,
5451,1150,15,10,1,2024-12-10,2024-12-10,2024-12-11,221000.0,0.0,6.5,
5452,1695,11,1,1,2024-12-10,2024-12-10,2024-12-12,37000.0,0.0,4.5,
5453,1630,9,6,2,2024-12-10,2024-12-12,2024-12-19,4592000.0,1327000.0,34.1,Error en sensor de oxígeno
5454,740,2,2,1,2024-12-10,2024-12-12,2024-12-14,75000.0,0.0,1.8,
5455,31,22,6,2,2024-12-10,2024-12-13,2024-12-18,8000.0,0.0,38.6,Manómetro descalibrado
5456,269,17,8,2,2024-12-10,2024-12-10,2024-12-14,3024000.0,0.0,67.9,No genera exposición
5457,19,17,9,2,2024-12-10,2024-12-11,2024-12-25,7834000.0,0.0,56.3,Detector defectuoso
5458,188,20,5,2,2024-12-10,2024-12-12,2024-12-15,9000.0,0.0,60.5,Batería agotada
5459,871,21,6,1,2024-12-11,2024-12-12,2024-12-15,122000.0,0.0,5.0,
5460,1423,18,6,1,2024-12-11,2024-12-12,2024-12-15,53000.0,0.0,5.8,
5461,823,14,1,1,2024-12-11,2024-12-12,2024-12-14,245000.0,67000.0,1.9,
5462,1102,3,3,2,2024-12-11,2024-12-12,2024-12-17,272000.0,0.0,107.7,Bloqueo de seguridad dañado
5463,1729,4,7,2,2024-12-11,2024-12-12,2024-12-19,402000.0,0.0,126.4,Alarmas defectuosas
5464,314,22,6,1,2024-12-11,2024-12-11,2024-12-12,14000.0,0.0,6.4,
5465,72,6,12,2,2024-12-11,2024-12-12,2024-12-21,3616000.0,668000.0,150.6,Obstrucción de pipetas
5466,1475,7,2,2,2024-12-11,2024-12-11,2024-12-23,235000.0,0.0,272.9,Alarma no funciona
5467,564,4,7,1,2024-12-11,2024-12-13,2024-12-14,106000.0,0.0,3.5,
5468,1009,8,1,2,2024-12-11,2024-12-12,2024-12-20,157000.0,0.0,52.7,Pantalla dañada
5469,444,12,4,2,2024-12-11,2024-12-13,2024-12-27,178000.0,0.0,21.3,Error de calibración
5470,619,1,3,1,2024-12-12,2024-12-13,2024-12-14,141000.0,0.0,1.5,
5471,1919,6,1,1,2024-12-12,2024-12-13,2024-12-14,99000.0,0.0,3.7,
5472,588,2,4,2,2024-12-12,2024-12-13,2024-12-22,2137000.0,0.0,101.2,Falla de pantalla
5473,300,3,6,1,2024-12-12,2024-12-13,2024-12-16,68000.0,0.0,4.1,
5474,1664,7,7,1,2024-12-12,2024-12-13,2024-12-14,113000.0,0.0,4.1,
5475,951,10,2,1,2024-12-12,2024-12-12,2024-12-13,42000.0,0.0,6.9,
5476,22,4,2,1,2024-12-12,2024-12-12,2024-12-14,10000.0,0.0,3.7,
5477,1128,21,5,1,2024-12-12,2024-12-14,2024-12-15,207000.0,0.0,7.4,
5478,230,9,5,1,2024-12-13,2024-12-14,2024-12-17,290000.0,0.0,1.1,
5479,1458,1,4,1,2024-12-13,2024-12-15,2024-12-17,117000.0,0.0,2.7,
5480,983,8,5,1,2024-12-13,2024-12-14,2024-12-15,34000.0,3000.0,2.8,
5481,1402,6,6,1,2024-12-13,2024-12-15,2024-12-17,246000.0,32000.0,3.6,
5482,751,12,7,1,2024-12-13,2024-12-15,2024-12-17,920000.0,0.0,1.4,
5483,425,3,2,1,2024-12-13,2024-12-15,2024-12-18,231000.0,0.0,7.8,
5484,1406,15,11,2,2024-12-13,2024-12-13,2024-12-18,3337000.0,0.0,98.0,Falla de resistencia
5485,747,15,11,1,2024-12-13,2024-12-13,2024-12-15,104000.0,0.0,2.8,
5486,1382,15,11,2,2024-12-13,2024-12-14,2024-12-28,133000.0,0.0,54.8,No sella correctamente
5487,202,3,2,1,2024-12-13,2024-12-15,2024-12-18,2483000.0,497000.0,3.9,
5488,1081,10,3,2,2024-12-14,2024-12-14,2024-12-25,1214000.0,0.0,161.9,Sensor de humedad defectuoso
5489,1424,2,5,2,2024-12-14,2024-12-17,2024-12-28,221000.0,0.0,78.0,Caudal incorrecto
5490,1116,1,7,2,2024-12-15,2024-12-15,2024-12-25,4133000.0,0.0,228.0,Sensor de flujo defectuoso
5491,478,11,3,2,2024-12-15,2024-12-17,2024-12-22,463000.0,0.0,23.0,SpO₂ no detecta señal
5492,961,4,7,2,2024-12-15,2024-12-18,2024-12-21,262000.0,0.0,33.9,Error de calibración
5493,1623,14,12,1,2024-12-16,2024-12-17,2024-12-19,206000.0,0.0,5.1,
5494,1269,3,3,1,2024-12-16,2024-12-17,2024-12-20,377000.0,0.0,4.6,
5495,1800,18,4,2,2024-12-16,2024-12-17,2024-12-19,23000.0,0.0,18.4,Fuga en brazalete
5496,1961,10,2,1,2024-12-16,2024-12-18,2024-12-21,1646000.0,0.0,5.1,
5497,281,2,1,1,2024-12-16,2024-12-18,2024-12-19,21000.0,1000.0,7.3,
5498,1674,18,6,1,2024-12-16,2024-12-16,2024-12-18,26000.0,0.0,6.3,
5499,1393,3,7,1,2024-12-16,2024-12-17,2024-12-18,72000.0,0.0,6.8,
5500,941,1,1,1,2024-12-16,2024-12-17,2024-12-20,61000.0,0.0,2.8,
5501,244,6,5,2,2024-12-16,2024-12-17,2024-12-19,484000.0,0.0,10.9,Mecanismo de altura no funciona
5502,803,12,5,1,2024-12-16,2024-12-16,2024-12-17,8000.0,0.0,4.6,
5503,921,3,5,2,2024-12-16,2024-12-19,2024-12-28,493000.0,0.0,59.1,No enciende
5504,956,7,4,1,2024-12-16,2024-12-18,2024-12-19,84000.0,0.0,6.4,
5505,1871,9,6,2,2024-12-16,2024-12-18,2024-12-26,168000.0,0.0,65.4,No detecta línea
5506,13,5,3,1,2024-12-17,2024-12-17,2024-12-19,69000.0,0.0,6.6,
5507,1265,5,7,1,2024-12-17,2024-12-18,2024-12-21,415000.0,0.0,5.7,
5508,49,16,12,1,2024-12-17,2024-12-19,2024-12-22,198000.0,0.0,5.8,
5509,1119,8,9,2,2024-12-17,2024-12-17,2024-12-20,3889000.0,1167000.0,52.1,Pantalla defectuosa
5510,1210,20,4,2,2024-12-17,2024-12-17,2024-12-27,10000.0,3000.0,79.0,Válvula defectuosa
5511,236,2,1,1,2024-12-17,2024-12-18,2024-12-21,333000.0,37000.0,7.6,
5512,1189,21,1,1,2024-12-17,2024-12-18,2024-12-20,107000.0,18000.0,1.2,
5513,1095,15,10,1,2024-12-17,2024-12-18,2024-12-21,83000.0,21000.0,4.1,
5514,280,9,5,1,2024-12-18,2024-12-20,2024-12-23,156000.0,34000.0,5.4,
5515,141,4,1,1,2024-12-18,2024-12-19,2024-12-20,76000.0,0.0,5.0,
5516,854,17,4,2,2024-12-18,2024-12-21,2025-01-04,484000.0,0.0,222.4,Pantalla dañada
5517,1603,10,2,2,2024-12-18,2024-12-20,2024-12-24,369000.0,0.0,79.7,SpO₂ no detecta señal
5518,257,19,3,1,2024-12-18,2024-12-19,2024-12-20,20000.0,0.0,2.2,
5519,1028,2,1,2,2024-12-18,2024-12-20,2024-12-26,100000.0,0.0,54.5,Batería dañada
5520,153,2,1,1,2024-12-18,2024-12-19,2024-12-21,256000.0,0.0,3.2,
5521,769,18,1,1,2024-12-18,2024-12-20,2024-12-23,73000.0,0.0,1.8,
5522,716,15,11,1,2024-12-18,2024-12-19,2024-12-22,133000.0,0.0,7.1,
5523,516,7,3,2,2024-12-18,2024-12-19,2024-12-21,142000.0,0.0,47.4,Teclado/pantalla defectuosa
5524,163,5,2,1,2024-12-18,2024-12-20,2024-12-23,286000.0,0.0,6.6,
5525,759,9,4,1,2024-12-18,2024-12-20,2024-12-23,156000.0,0.0,6.6,
5526,1296,7,2,1,2024-12-18,2024-12-19,2024-12-22,23000.0,0.0,4.5,
5527,927,3,7,2,2024-12-18,2024-12-18,2024-12-26,155000.0,0.0,129.3,Error de calibración
5528,1637,9,1,1,2024-12-18,2024-12-20,2024-12-23,1199000.0,0.0,4.9,
5529,1342,24,2,2,2024-12-18,2024-12-20,2024-12-28,149000.0,0.0,119.1,SpO₂ sin lectura
5530,1184,7,7,1,2024-12-18,2024-12-20,2024-12-23,47000.0,2000.0,6.3,
5531,1803,4,1,1,2024-12-19,2024-12-21,2024-12-22,133000.0,0.0,5.9,
5532,495,9,8,1,2024-12-19,2024-12-21,2024-12-24,1566000.0,0.0,2.9,
5533,1691,1,3,1,2024-12-19,2024-12-21,2024-12-23,20000.0,0.0,7.6,
5534,1422,2,7,1,2024-12-19,2024-12-19,2024-12-20,246000.0,0.0,2.6,
5535,380,12,5,2,2024-12-19,2024-12-20,2024-12-29,11000.0,0.0,168.1,Pantalla defectuosa
5536,735,8,1,1,2024-12-19,2024-12-21,2024-12-24,22000.0,0.0,3.9,
5537,996,17,4,1,2024-12-19,2024-12-19,2024-12-22,108000.0,0.0,4.9,
5538,1044,24,5,1,2024-12-19,2024-12-21,2024-12-23,115000.0,0.0,2.5,
5539,1798,9,1,1,2024-12-19,2024-12-20,2024-12-23,1426000.0,0.0,3.8,
5540,1597,2,2,2,2024-12-19,2024-12-21,2025-01-02,24000.0,4000.0,96.2,Display defectuoso
5541,1830,11,6,1,2024-12-19,2024-12-20,2024-12-23,598000.0,0.0,7.2,
5542,1149,18,10,1,2024-12-19,2024-12-20,2024-12-22,127000.0,11000.0,3.2,
5543,211,24,1,1,2024-12-20,2024-12-22,2024-12-24,257000.0,0.0,4.5,
5544,1948,7,1,2,2024-12-20,2024-12-23,2025-01-06,183000.0,0.0,168.6,Teclado/pantalla defectuosa
5545,800,22,12,2,2024-12-20,2024-12-23,2024-12-25,239000.0,0.0,29.0,Platina desalineada
5546,1455,13,6,1,2024-12-20,2024-12-21,2024-12-24,90000.0,0.0,2.4,
5547,280,9,4,2,2024-12-20,2024-12-22,2024-12-24,182000.0,55000.0,24.1,Caudal incorrecto
5548,509,12,5,2,2024-12-20,2024-12-20,2024-12-23,166000.0,0.0,39.9,Alarma de oclusión
5549,1799,1,5,1,2024-12-20,2024-12-22,2024-12-23,424000.0,0.0,2.5,
5550,1140,4,1,2,2024-12-20,2024-12-23,2025-01-02,495000.0,0.0,91.2,Pantalla sin imagen
5551,19,17,9,2,2024-12-20,2024-12-23,2024-12-30,8076000.0,0.0,112.8,Pedal dañado
5552,220,14,5,2,2024-12-20,2024-12-23,2025-01-04,69000.0,0.0,17.4,Celda de carga dañada
5553,1570,21,5,2,2024-12-20,2024-12-22,2024-12-24,188000.0,0.0,27.9,Batería agotada
5554,1925,17,9,2,2024-12-20,2024-12-20,2024-12-26,2308000.0,0.0,30.5,Falla de teclado o trackball
5555,1732,18,11,1,2024-12-20,2024-12-21,2024-12-23,335000.0,0.0,1.6,
5556,1637,7,6,2,2024-12-21,2024-12-24,2025-01-06,2929000.0,0.0,87.5,Sensor defectuoso
5557,200,10,9,2,2024-12-21,2024-12-21,2024-12-24,3439000.0,831000.0,31.6,Puertos dañados
5558,1686,13,2,2,2024-12-22,2024-12-22,2024-12-24,92000.0,0.0,43.4,Pantalla dañada
5559,1521,1,3,2,2024-12-22,2024-12-23,2025-01-04,147000.0,35000.0,270.6,Temperatura errática
5560,579,17,4,2,2024-12-23,2024-12-25,2024-12-31,478000.0,0.0,30.5,Error de autoprueba
5561,1405,21,1,1,2024-12-23,2024-12-24,2024-12-27,114000.0,27000.0,5.2,
5562,1165,2,1,1,2024-12-23,2024-12-24,2024-12-25,4000.0,0.0,3.4,
5563,659,9,7,1,2024-12-23,2024-12-23,2024-12-25,391000.0,0.0,7.9,
5564,1676,1,6,2,2024-12-23,2024-12-24,2024-12-25,3106000.0,0.0,19.1,Fuga en circuito
5565,1075,13,8,1,2024-12-23,2024-12-24,2024-12-25,1697000.0,753000.0,6.6,
5566,1442,3,4,2,2024-12-23,2024-12-26,2024-12-30,4491000.0,0.0,90.9,Error en sensor de oxígeno
5567,246,20,5,1,2024-12-23,2024-12-24,2024-12-25,21000.0,0.0,7.2,
5568,828,12,4,1,2024-12-23,2024-12-23,2024-12-26,126000.0,55000.0,7.7,
5569,1656,13,9,2,2024-12-23,2024-12-26,2024-12-27,3969000.0,0.0,19.3,Pantalla defectuosa
5570,148,1,1,1,2024-12-23,2024-12-24,2024-12-27,905000.0,0.0,5.7,
5571,327,1,6,1,2024-12-23,2024-12-25,2024-12-26,818000.0,0.0,7.7,
5572,489,1,3,2,2024-12-23,2024-12-23,2025-01-04,4122000.0,0.0,125.4,Fuga en circuito
5573,1083,8,3,1,2024-12-23,2024-12-23,2024-12-25,286000.0,0.0,1.2,
5574,317,17,6,2,2024-12-23,2024-12-25,2024-12-28,476000.0,143000.0,60.6,NIBP no infla
5575,912,5,3,1,2024-12-24,2024-12-24,2024-12-25,39000.0,0.0,1.5,
5576,616,4,1,1,2024-12-24,2024-12-25,2024-12-28,297000.0,0.0,4.6,
5577,71,3,1,1,2024-12-24,2024-12-24,2024-12-25,235000.0,0.0,5.9,
5578,1882,17,7,2,2024-12-24,2024-12-27,2025-01-02,424000.0,0.0,68.6,Pantalla sin imagen
5579,1125,21,7,1,2024-12-24,2024-12-24,2024-12-26,27000.0,0.0,1.3,
5580,1714,21,5,1,2024-12-24,2024-12-25,2024-12-28,113000.0,0.0,4.4,
5581,224,18,11,1,2024-12-24,2024-12-25,2024-12-27,85000.0,0.0,7.3,
5582,1293,18,10,1,2024-12-24,2024-12-26,2024-12-28,156000.0,0.0,7.5,
5583,892,10,2,1,2024-12-24,2024-12-25,2024-12-26,3222000.0,0.0,4.4,
5584,1898,2,3,1,2024-12-24,2024-12-26,2024-12-27,135000.0,14000.0,3.3,
5585,704,22,5,1,2024-12-24,2024-12-25,2024-12-26,123000.0,0.0,1.6,
5586,861,19,10,1,2024-12-25,2024-12-26,2024-12-28,569000.0,0.0,3.8,
5587,1981,18,11,1,2024-12-25,2024-12-26,2024-12-27,50000.0,0.0,4.3,
5588,1589,21,5,1,2024-12-25,2024-12-26,2024-12-28,411000.0,0.0,3.1,
5589,904,8,8,2,2024-12-25,2024-12-28,2024-12-30,17385000.0,0.0,14.9,Pedal dañado
5590,597,19,10,1,2024-12-25,2024-12-25,2024-12-28,497000.0,0.0,7.8,
5591,998,6,12,1,2024-12-25,2024-12-27,2024-12-30,477000.0,0.0,7.5,
5592,1583,13,8,1,2024-12-25,2024-12-26,2024-12-28,1128000.0,0.0,3.2,
5593,936,5,1,1,2024-12-25,2024-12-27,2024-12-28,347000.0,0.0,1.7,
5594,228,12,3,2,2024-12-25,2024-12-26,2024-12-27,3265000.0,0.0,18.6,Falla de pantalla
5595,899,3,6,2,2024-12-26,2024-12-27,2025-01-03,604000.0,0.0,128.2,Pantalla sin imagen
5596,530,1,5,1,2024-12-26,2024-12-28,2024-12-31,106000.0,0.0,4.0,
5597,159,16,5,1,2024-12-26,2024-12-26,2024-12-29,125000.0,0.0,3.8,
5598,444,12,2,1,2024-12-26,2024-12-28,2024-12-31,93000.0,0.0,7.1,
5599,1807,2,4,1,2024-12-26,2024-12-26,2024-12-28,119000.0,0.0,7.3,
5600,417,14,12,1,2024-12-26,2024-12-28,2024-12-30,143000.0,0.0,5.2,
5601,529,3,5,2,2024-12-26,2024-12-27,2024-12-29,113000.0,0.0,31.4,Alarmas inoperativas
5602,636,11,1,1,2024-12-26,2024-12-26,2024-12-28,32000.0,3000.0,5.0,
5603,1946,4,4,2,2024-12-26,2024-12-29,2024-12-30,9000.0,0.0,22.9,Batería agotada
5604,1249,17,1,1,2024-12-26,2024-12-27,2024-12-30,252000.0,0.0,3.9,
5605,1006,18,1,2,2024-12-26,2024-12-27,2025-01-11,26000.0,0.0,265.0,Fuga en brazalete
5606,123,8,2,1,2024-12-26,2024-12-26,2024-12-28,267000.0,0.0,5.6,
5607,628,2,6,1,2024-12-26,2024-12-26,2024-12-27,47000.0,0.0,4.0,
5608,980,15,11,1,2024-12-26,2024-12-28,2024-12-29,1183000.0,0.0,2.4,
5609,819,7,6,1,2024-12-27,2024-12-27,2024-12-28,209000.0,26000.0,5.6,
5610,804,1,9,1,2024-12-27,2024-12-29,2024-12-30,2458000.0,0.0,3.8,
5611,914,13,9,1,2024-12-27,2024-12-27,2024-12-28,925000.0,521000.0,1.7,
5612,1242,12,1,1,2024-12-27,2024-12-28,2024-12-31,129000.0,34000.0,7.2,
5613,299,21,6,1,2024-12-27,2024-12-28,2024-12-30,113000.0,0.0,7.9,
5614,1390,15,10,1,2024-12-27,2024-12-29,2025-01-01,89000.0,0.0,6.0,
5615,559,20,4,1,2024-12-27,2024-12-29,2024-12-31,17000.0,0.0,7.5,
5616,1665,5,7,1,2024-12-27,2024-12-29,2024-12-31,370000.0,113000.0,2.8,
5617,1047,1,7,1,2024-12-27,2024-12-28,2024-12-31,781000.0,0.0,6.0,
5618,844,3,4,1,2024-12-27,2024-12-29,2024-12-31,276000.0,0.0,4.8,
5619,1054,5,4,1,2024-12-27,2024-12-27,2024-12-29,24000.0,2000.0,2.1,
5620,791,7,3,1,2024-12-27,2024-12-28,2024-12-31,209000.0,0.0,5.2,
5621,1929,10,9,2,2024-12-27,2024-12-28,2025-01-10,1510000.0,0.0,122.8,Imagen con ruido
5622,356,15,11,2,2024-12-28,2024-12-29,2025-01-06,1264000.0,0.0,37.3,Bomba de lavado defectuosa
5623,1770,22,1,2,2024-12-28,2024-12-30,2024-12-31,365000.0,0.0,18.6,Alarmas defectuosas
5624,127,12,4,2,2024-12-28,2024-12-30,2025-01-12,182000.0,0.0,70.0,Alarmas inoperativas
5625,1546,7,1,2,2024-12-28,2024-12-30,2025-01-13,416000.0,0.0,20.0,NIBP no infla
5626,1551,12,6,1,2024-12-30,2024-12-30,2024-12-31,174000.0,0.0,5.2,
5627,1987,14,7,1,2024-12-30,2024-12-31,2025-01-02,10000.0,0.0,5.0,
5628,8,7,7,1,2024-12-30,2024-12-30,2025-01-02,132000.0,0.0,4.4,
5629,205,2,3,1,2024-12-31,2024-12-31,2025-01-02,38000.0,2000.0,7.9,
5630,596,1,6,1,2024-12-31,2025-01-02,2025-01-03,192000.0,0.0,2.5,
5631,12,10,2,1,2025-01-01,2025-01-02,2025-01-04,460000.0,152000.0,6.0,
5632,1177,22,6,1,2025-01-01,2025-01-01,2025-01-03,255000.0,0.0,5.7,
5633,1988,18,4,1,2025-01-01,2025-01-01,2025-01-02,293000.0,37000.0,2.3,
5634,1250,4,3,1,2025-01-01,2025-01-03,2025-01-06,127000.0,0.0,4.9,
5635,574,1,1,1,2025-01-01,2025-01-02,2025-01-03,276000.0,0.0,2.7,
5636,1363,7,4,2,2025-01-01,2025-01-03,2025-01-18,214000.0,0.0,189.4,Batería dañada
5637,705,17,1,1,2025-01-01,2025-01-01,2025-01-04,60000.0,11000.0,5.7,
5638,374,15,11,1,2025-01-01,2025-01-02,2025-01-04,1250000.0,0.0,4.9,
5639,103,1,1,1,2025-01-01,2025-01-02,2025-01-03,693000.0,0.0,2.0,
5640,356,15,11,1,2025-01-02,2025-01-03,2025-01-05,607000.0,0.0,1.4,
5641,1793,17,5,2,2025-01-02,2025-01-03,2025-01-09,164000.0,0.0,15.4,Puerta o clamp dañado
5642,1594,11,5,1,2025-01-02,2025-01-03,2025-01-05,192000.0,0.0,5.3,
5643,920,4,4,1,2025-01-02,2025-01-02,2025-01-04,152000.0,0.0,2.6,
5644,800,22,12,1,2025-01-02,2025-01-03,2025-01-04,167000.0,0.0,1.2,
5645,884,9,1,1,2025-01-02,2025-01-03,2025-01-05,337000.0,0.0,2.8,
5646,354,10,3,1,2025-01-02,2025-01-04,2025-01-07,164000.0,0.0,2.7,
5647,1129,16,2,1,2025-01-02,2025-01-04,2025-01-05,19000.0,1000.0,5.5,
5648,1389,12,6,2,2025-01-02,2025-01-04,2025-01-05,4000.0,0.0,20.3,Tiempo de medición excesivo
5649,1876,4,7,1,2025-01-03,2025-01-05,2025-01-08,172000.0,26000.0,7.4,
5650,1613,21,2,1,2025-01-03,2025-01-04,2025-01-05,133000.0,0.0,1.3,
5651,749,11,7,1,2025-01-03,2025-01-05,2025-01-06,36000.0,0.0,7.8,
5652,1389,10,6,2,2025-01-03,2025-01-04,2025-01-12,4000.0,0.0,95.4,Batería agotada
5653,560,11,1,1,2025-01-03,2025-01-03,2025-01-06,374000.0,0.0,7.9,
5654,1689,4,3,1,2025-01-03,2025-01-04,2025-01-06,167000.0,0.0,4.3,
5655,1977,11,5,2,2025-01-03,2025-01-03,2025-01-11,362000.0,0.0,72.9,Módulo ECG dañado
5656,1089,10,2,2,2025-01-03,2025-01-03,2025-01-09,312000.0,0.0,75.2,Error de calibración
5657,62,5,3,2,2025-01-03,2025-01-05,2025-01-07,7000.0,0.0,46.6,Tiempo de medición excesivo
5658,1737,21,1,2,2025-01-03,2025-01-03,2025-01-06,1765000.0,0.0,43.8,Alarma de presión
5659,768,9,5,2,2025-01-04,2025-01-07,2025-01-12,174000.0,0.0,95.3,Puerta o clamp dañado
5660,882,9,5,2,2025-01-04,2025-01-06,2025-01-09,5000.0,0.0,19.3,Tiras no reconocidas
5661,378,12,1,2,2025-01-04,2025-01-07,2025-01-20,3689000.0,0.0,44.0,Falla de pantalla
5662,1472,19,11,2,2025-01-05,2025-01-08,2025-01-15,1557000.0,0.0,164.8,Succión deficiente
5663,1405,21,4,2,2025-01-05,2025-01-05,2025-01-12,166000.0,34000.0,162.7,Pantalla dañada
5664,339,15,10,2,2025-01-05,2025-01-08,2025-01-09,87000.0,0.0,20.9,Resistencia dañada
5665,26,9,12,1,2025-01-06,2025-01-08,2025-01-09,366000.0,135000.0,1.1,
5666,1569,12,4,1,2025-01-06,2025-01-07,2025-01-08,32000.0,0.0,5.7,
5667,599,1,6,1,2025-01-06,2025-01-06,2025-01-08,90000.0,0.0,5.7,
5668,913,19,11,1,2025-01-06,2025-01-06,2025-01-09,124000.0,0.0,6.4,
5669,1227,3,2,1,2025-01-06,2025-01-07,2025-01-09,35000.0,0.0,3.2,
5670,1625,19,10,1,2025-01-06,2025-01-08,2025-01-10,91000.0,0.0,5.3,
5671,1483,18,10,2,2025-01-06,2025-01-07,2025-01-09,173000.0,52000.0,10.2,Tapiz dañado
5672,1341,19,10,2,2025-01-06,2025-01-06,2025-01-11,1274000.0,0.0,71.5,Succión deficiente
5673,1488,7,1,1,2025-01-06,2025-01-07,2025-01-09,81000.0,0.0,3.1,
5674,1710,10,6,1,2025-01-06,2025-01-07,2025-01-09,2691000.0,0.0,2.5,
5675,632,24,1,1,2025-01-06,2025-01-08,2025-01-10,274000.0,41000.0,3.5,
5676,938,4,5,1,2025-01-06,2025-01-07,2025-01-09,127000.0,35000.0,7.0,
5677,1882,17,3,1,2025-01-06,2025-01-06,2025-01-07,332000.0,0.0,1.0,
5678,1183,18,10,2,2025-01-07,2025-01-10,2025-01-14,461000.0,138000.0,89.2,Ruido mecánico
5679,1008,15,11,1,2025-01-07,2025-01-07,2025-01-09,489000.0,0.0,5.4,
5680,278,15,10,1,2025-01-07,2025-01-09,2025-01-12,880000.0,0.0,2.8,
5681,328,21,3,1,2025-01-07,2025-01-08,2025-01-11,11000.0,0.0,2.9,
5682,485,1,7,1,2025-01-07,2025-01-09,2025-01-11,31000.0,2000.0,3.4,
5683,438,1,6,1,2025-01-07,2025-01-08,2025-01-09,57000.0,0.0,2.0,
5684,986,20,9,1,2025-01-07,2025-01-08,2025-01-11,325000.0,0.0,7.9,
5685,273,11,6,1,2025-01-07,2025-01-09,2025-01-11,4000.0,0.0,6.6,
5686,1655,13,3,1,2025-01-07,2025-01-09,2025-01-12,94000.0,0.0,7.8,
5687,1042,10,3,1,2025-01-07,2025-01-08,2025-01-10,1650000.0,0.0,4.2,
5688,147,11,1,2,2025-01-07,2025-01-09,2025-01-12,0.0,0.0,60.2,SpO₂ no detecta señal
5689,1254,17,6,1,2025-01-08,2025-01-08,2025-01-10,355000.0,0.0,3.0,
5690,1755,15,10,1,2025-01-08,2025-01-09,2025-01-12,45000.0,0.0,5.6,
5691,987,13,1,2,2025-01-08,2025-01-08,2025-01-12,474000.0,0.0,78.1,Barandas sueltas
5692,926,2,4,1,2025-01-08,2025-01-09,2025-01-12,209000.0,0.0,1.8,
5693,135,15,10,2,2025-01-08,2025-01-10,2025-01-22,2274000.0,0.0,20.2,Bomba de lavado defectuosa
5694,1461,3,5,2,2025-01-08,2025-01-10,2025-01-16,161000.0,0.0,92.1,Temperatura errática
5695,1584,2,3,1,2025-01-08,2025-01-09,2025-01-10,3159000.0,0.0,5.7,
5696,19,17,9,2,2025-01-08,2025-01-08,2025-01-22,8779000.0,0.0,194.1,Pedal dañado
5697,1923,17,2,1,2025-01-08,2025-01-09,2025-01-11,95000.0,0.0,7.7,
5698,845,22,4,1,2025-01-09,2025-01-11,2025-01-14,256000.0,0.0,6.1,
5699,441,12,7,1,2025-01-09,2025-01-09,2025-01-11,598000.0,0.0,3.7,
5700,1571,2,2,1,2025-01-09,2025-01-09,2025-01-11,83000.0,0.0,6.1,
5701,1058,17,5,2,2025-01-09,2025-01-10,2025-01-11,1803000.0,0.0,9.8,Falla de batería
5702,1472,19,10,1,2025-01-09,2025-01-11,2025-01-14,1003000.0,0.0,5.0,
5703,980,15,11,2,2025-01-09,2025-01-09,2025-01-13,1616000.0,0.0,87.4,Puerta no cierra
5704,1280,21,2,1,2025-01-09,2025-01-09,2025-01-11,128000.0,0.0,2.6,
5705,1937,1,1,1,2025-01-09,2025-01-09,2025-01-12,203000.0,0.0,7.1,
5706,1525,2,3,1,2025-01-09,2025-01-09,2025-01-10,174000.0,0.0,2.7,
5707,198,2,5,1,2025-01-09,2025-01-10,2025-01-12,143000.0,0.0,3.4,
5708,1747,7,6,1,2025-01-09,2025-01-10,2025-01-11,25000.0,0.0,5.9,
5709,1039,7,4,2,2025-01-09,2025-01-12,2025-01-24,526000.0,0.0,205.8,Descarga fallida
5710,901,16,12,1,2025-01-10,2025-01-12,2025-01-15,94000.0,0.0,1.1,
5711,122,12,4,1,2025-01-10,2025-01-12,2025-01-15,151000.0,0.0,7.8,
5712,1078,18,11,2,2025-01-10,2025-01-13,2025-01-16,93000.0,0.0,56.2,Estructura inestable
5713,1679,3,12,1,2025-01-10,2025-01-11,2025-01-12,1300000.0,0.0,5.9,
5714,1637,9,4,2,2025-01-11,2025-01-12,2025-01-15,1981000.0,0.0,26.6,Problema en válvulas internas
5715,407,17,8,2,2025-01-11,2025-01-13,2025-01-16,1623000.0,0.0,37.0,Transductor dañado
5716,635,3,5,2,2025-01-11,2025-01-12,2025-01-27,6000.0,0.0,267.9,Pantalla defectuosa
5717,830,12,2,2,2025-01-11,2025-01-13,2025-01-20,391000.0,117000.0,52.1,Palas/electrodos defectuosos
5718,1084,17,3,2,2025-01-11,2025-01-14,2025-01-16,466000.0,0.0,23.8,Mecanismo de altura no funciona
5719,191,10,6,2,2025-01-12,2025-01-14,2025-01-15,357000.0,0.0,17.5,NIBP no infla
5720,1353,15,11,2,2025-01-12,2025-01-14,2025-01-20,2514000.0,571000.0,131.7,Dosificación incorrecta de detergente
5721,1738,9,1,2,2025-01-13,2025-01-14,2025-01-24,141000.0,0.0,61.9,No detecta línea
5722,503,3,12,1,2025-01-13,2025-01-14,2025-01-15,223000.0,0.0,2.1,
5723,1353,15,10,1,2025-01-13,2025-01-13,2025-01-14,1320000.0,295000.0,5.0,
5724,1903,1,3,1,2025-01-13,2025-01-15,2025-01-16,137000.0,0.0,1.9,
5725,1316,19,11,2,2025-01-13,2025-01-16,2025-01-26,624000.0,0.0,157.8,No sube/baja
5726,1239,2,2,1,2025-01-13,2025-01-15,2025-01-16,177000.0,0.0,6.3,
5727,1490,12,1,1,2025-01-13,2025-01-14,2025-01-15,1543000.0,399000.0,1.4,
5728,1905,22,12,1,2025-01-13,2025-01-13,2025-01-15,55000.0,12000.0,3.9,
5729,1687,7,6,2,2025-01-13,2025-01-16,2025-01-31,277000.0,0.0,207.6,Botón de paciente defectuoso
5730,9,10,6,1,2025-01-13,2025-01-13,2025-01-16,697000.0,0.0,7.1,
5731,1292,15,10,2,2025-01-13,2025-01-13,2025-01-26,1896000.0,0.0,35.8,Fuga de vapor
5732,1750,7,3,2,2025-01-14,2025-01-17,2025-01-19,158000.0,0.0,24.4,Error de calibración
5733,754,1,1,1,2025-01-14,2025-01-16,2025-01-18,46000.0,5000.0,5.7,
5734,1372,3,5,1,2025-01-14,2025-01-14,2025-01-16,114000.0,0.0,6.7,
5735,757,10,6,1,2025-01-14,2025-01-14,2025-01-16,77000.0,0.0,7.6,
5736,639,16,2,2,2025-01-14,2025-01-17,2025-01-20,27000.0,0.0,55.6,Válvula defectuosa
5737,386,21,5,1,2025-01-14,2025-01-15,2025-01-18,179000.0,23000.0,6.0,
5738,1881,3,6,1,2025-01-14,2025-01-15,2025-01-17,24000.0,0.0,7.4,
5739,779,14,4,1,2025-01-14,2025-01-16,2025-01-17,56000.0,0.0,1.5,
5740,1193,1,2,1,2025-01-14,2025-01-14,2025-01-17,68000.0,0.0,5.5,
5741,1805,5,5,1,2025-01-15,2025-01-17,2025-01-19,215000.0,0.0,1.1,
5742,1127,10,7,1,2025-01-15,2025-01-17,2025-01-19,359000.0,0.0,1.3,
5743,1155,7,3,1,2025-01-15,2025-01-15,2025-01-17,26000.0,1000.0,6.3,
5744,1399,9,12,2,2025-01-15,2025-01-17,2025-01-30,571000.0,0.0,214.9,Condensador sucio
5745,948,10,1,2,2025-01-15,2025-01-16,2025-01-24,3387000.0,1184000.0,20.5,Falla de pantalla
5746,1043,22,7,1,2025-01-15,2025-01-17,2025-01-19,11000.0,1000.0,7.2,
5747,1605,3,12,1,2025-01-15,2025-01-16,2025-01-18,537000.0,0.0,1.6,
5748,1292,15,11,1,2025-01-15,2025-01-17,2025-01-18,1457000.0,0.0,7.4,
5749,1821,18,3,1,2025-01-15,2025-01-16,2025-01-19,15000.0,0.0,6.6,
5750,180,5,5,1,2025-01-16,2025-01-16,2025-01-18,57000.0,0.0,7.4,
5751,1687,7,7,1,2025-01-16,2025-01-16,2025-01-18,273000.0,0.0,7.5,
5752,643,20,6,1,2025-01-16,2025-01-17,2025-01-20,28000.0,0.0,1.5,
5753,1438,7,4,2,2025-01-16,2025-01-17,2025-01-30,215000.0,0.0,82.5,Caudal incorrecto
5754,678,3,6,1,2025-01-16,2025-01-18,2025-01-21,31000.0,3000.0,4.3,
5755,1349,10,3,1,2025-01-16,2025-01-18,2025-01-21,100000.0,0.0,6.8,
5756,1530,10,2,1,2025-01-16,2025-01-16,2025-01-18,355000.0,0.0,5.4,
5757,935,7,5,1,2025-01-16,2025-01-17,2025-01-20,678000.0,55000.0,5.6,
5758,336,22,2,1,2025-01-16,2025-01-16,2025-01-18,26000.0,0.0,4.6,
5759,1347,8,2,1,2025-01-16,2025-01-16,2025-01-17,38000.0,0.0,7.7,
5760,1578,20,8,1,2025-01-16,2025-01-18,2025-01-19,1903000.0,1257000.0,3.1,
5761,1899,12,4,2,2025-01-16,2025-01-18,2025-01-31,1362000.0,0.0,232.4,Temperatura inestable
5762,1681,22,2,2,2025-01-16,2025-01-16,2025-01-30,186000.0,0.0,200.5,SpO₂ no detecta señal
5763,214,9,8,2,2025-01-16,2025-01-16,2025-01-20,3104000.0,0.0,13.6,Congelamiento del software
5764,1342,24,3,1,2025-01-16,2025-01-18,2025-01-19,132000.0,0.0,1.8,
5765,739,1,3,1,2025-01-16,2025-01-18,2025-01-21,59000.0,0.0,3.7,
5766,1743,5,7,1,2025-01-16,2025-01-18,2025-01-20,78000.0,8000.0,5.8,
5767,1914,12,6,2,2025-01-16,2025-01-17,2025-01-21,1134000.0,294000.0,54.5,Lámpara/resistencia dañada
5768,1856,19,11,1,2025-01-16,2025-01-17,2025-01-20,630000.0,0.0,1.4,
5769,1426,22,6,2,2025-01-17,2025-01-17,2025-01-30,16000.0,0.0,175.2,Lectura incorrecta
5770,1721,12,3,1,2025-01-17,2025-01-18,2025-01-19,263000.0,97000.0,1.4,
5771,1053,2,1,1,2025-01-17,2025-01-19,2025-01-21,165000.0,0.0,1.3,
5772,427,4,4,1,2025-01-17,2025-01-18,2025-01-21,7000.0,0.0,2.1,
5773,378,12,3,2,2025-01-17,2025-01-17,2025-01-20,3689000.0,0.0,27.6,Error de calibración
5774,1919,6,1,2,2025-01-17,2025-01-20,2025-02-02,127000.0,0.0,73.1,Alarmas inoperativas
5775,1934,17,4,1,2025-01-17,2025-01-17,2025-01-18,140000.0,0.0,7.7,
5776,1253,22,3,2,2025-01-17,2025-01-20,2025-02-02,4000.0,0.0,56.8,Lecturas erróneas
5777,894,15,11,1,2025-01-17,2025-01-19,2025-01-20,1366000.0,406000.0,4.5,
5778,982,5,7,2,2025-01-18,2025-01-20,2025-01-24,566000.0,0.0,59.1,Alarmas defectuosas
5779,1899,12,4,2,2025-01-18,2025-01-19,2025-01-30,1362000.0,0.0,225.7,Alarma no funciona
5780,914,13,8,2,2025-01-18,2025-01-21,2025-01-30,2623000.0,877000.0,33.3,Pantalla defectuosa
5781,1333,8,8,2,2025-01-18,2025-01-19,2025-01-29,0.0,0.0,195.6,Falla de detector
5782,864,1,8,2,2025-01-19,2025-01-21,2025-01-31,60000000.0,0.0,88.4,Fallas de bobina
5783,478,11,3,2,2025-01-19,2025-01-21,2025-02-01,463000.0,0.0,14.4,Pantalla sin imagen
5784,1998,14,2,2,2025-01-19,2025-01-21,2025-01-28,341000.0,0.0,90.1,Pantalla dañada
5785,487,21,4,2,2025-01-19,2025-01-21,2025-01-28,438000.0,0.0,69.2,Lecturas erráticas
5786,786,6,4,1,2025-01-20,2025-01-22,2025-01-23,95000.0,36000.0,5.6,
5787,1346,9,6,2,2025-01-20,2025-01-21,2025-01-29,313000.0,0.0,64.6,Error de autoprueba
5788,1484,4,9,1,2025-01-20,2025-01-21,2025-01-22,1283000.0,0.0,2.8,
5789,1812,21,7,1,2025-01-20,2025-01-22,2025-01-23,9000.0,0.0,7.6,
5790,120,4,12,1,2025-01-20,2025-01-22,2025-01-24,260000.0,0.0,3.9,
5791,524,17,8,1,2025-01-20,2025-01-21,2025-01-23,1148000.0,730000.0,1.2,
5792,96,21,4,1,2025-01-20,2025-01-22,2025-01-25,1064000.0,0.0,7.2,
5793,346,2,6,1,2025-01-20,2025-01-21,2025-01-22,404000.0,0.0,7.7,
5794,1552,12,5,1,2025-01-20,2025-01-22,2025-01-24,123000.0,0.0,5.7,
5795,699,17,2,1,2025-01-20,2025-01-22,2025-01-24,8000.0,0.0,5.4,
5796,1154,5,7,1,2025-01-21,2025-01-22,2025-01-23,6000.0,0.0,3.4,
5797,516,7,5,2,2025-01-21,2025-01-23,2025-02-07,142000.0,0.0,297.0,Puerta o clamp dañado
5798,1135,15,11,1,2025-01-21,2025-01-23,2025-01-25,47000.0,0.0,5.9,
5799,228,12,6,1,2025-01-21,2025-01-23,2025-01-24,1404000.0,0.0,4.6,
5800,1151,2,6,1,2025-01-21,2025-01-23,2025-01-25,1709000.0,694000.0,2.8,
5801,921,3,3,2,2025-01-21,2025-01-24,2025-01-28,493000.0,0.0,28.0,Pantalla sin imagen
5802,1236,4,2,1,2025-01-21,2025-01-22,2025-01-24,78000.0,0.0,1.3,
5803,768,9,5,1,2025-01-21,2025-01-23,2025-01-24,122000.0,0.0,3.2,
5804,324,13,7,1,2025-01-21,2025-01-22,2025-01-23,105000.0,0.0,4.4,
5805,904,8,8,2,2025-01-21,2025-01-23,2025-01-26,17385000.0,0.0,56.8,Error de movimiento del arco
5806,627,12,7,1,2025-01-21,2025-01-21,2025-01-22,181000.0,14000.0,1.5,
5807,440,2,5,1,2025-01-21,2025-01-21,2025-01-24,48000.0,0.0,5.0,
5808,1693,6,7,1,2025-01-21,2025-01-21,2025-01-23,25000.0,0.0,1.7,
5809,1979,8,1,1,2025-01-22,2025-01-24,2025-01-27,197000.0,0.0,8.0,
5810,1212,20,5,1,2025-01-22,2025-01-23,2025-01-24,40000.0,0.0,5.3,
5811,1860,11,3,1,2025-01-22,2025-01-22,2025-01-25,41000.0,0.0,1.3,
5812,216,12,2,1,2025-01-22,2025-01-24,2025-01-26,3791000.0,0.0,2.2,
5813,928,1,8,2,2025-01-22,2025-01-23,2025-01-29,1848000.0,0.0,48.5,Falla de teclado o trackball
5814,1174,14,2,1,2025-01-22,2025-01-22,2025-01-25,31000.0,0.0,4.0,
5815,1942,4,2,2,2025-01-22,2025-01-23,2025-01-31,366000.0,0.0,169.7,Lecturas erráticas
5816,1603,10,5,1,2025-01-22,2025-01-23,2025-01-26,164000.0,0.0,1.4,
5817,276,3,4,2,2025-01-22,2025-01-22,2025-01-27,307000.0,0.0,87.0,SpO₂ no detecta señal
5818,1634,15,10,2,2025-01-22,2025-01-24,2025-01-30,2769000.0,445000.0,62.2,Dosificación incorrecta de detergente
5819,72,16,12,1,2025-01-22,2025-01-22,2025-01-25,1819000.0,559000.0,3.1,
5820,795,10,5,2,2025-01-23,2025-01-24,2025-01-26,313000.0,0.0,23.0,Botón de paciente defectuoso
5821,1145,4,7,1,2025-01-23,2025-01-25,2025-01-26,28000.0,0.0,6.9,
5822,66,4,8,2,2025-01-23,2025-01-24,2025-02-07,3029000.0,0.0,111.4,Pantalla defectuosa
5823,976,18,4,1,2025-01-23,2025-01-25,2025-01-27,30000.0,1000.0,6.2,
5824,283,11,6,2,2025-01-23,2025-01-23,2025-02-07,156000.0,40000.0,247.1,Alarma de oclusión
5825,1781,19,11,1,2025-01-23,2025-01-25,2025-01-26,48000.0,0.0,6.7,
5826,1751,9,7,1,2025-01-23,2025-01-24,2025-01-26,767000.0,0.0,1.7,
5827,1021,1,3,2,2025-01-23,2025-01-25,2025-02-03,234000.0,0.0,191.9,Bloqueo de seguridad dañado
5828,1301,17,9,2,2025-01-23,2025-01-25,2025-02-07,5584000.0,0.0,37.5,Imagen subexpuesta
5829,666,3,3,2,2025-01-23,2025-01-25,2025-01-27,510000.0,0.0,25.6,Alarmas defectuosas
5830,100,24,5,1,2025-01-23,2025-01-24,2025-01-27,79000.0,0.0,3.1,
5831,927,3,2,1,2025-01-24,2025-01-26,2025-01-27,142000.0,0.0,5.3,
5832,523,10,1,1,2025-01-24,2025-01-24,2025-01-25,9000.0,0.0,2.1,
5833,406,10,7,1,2025-01-24,2025-01-25,2025-01-26,78000.0,0.0,6.9,
5834,558,5,6,1,2025-01-24,2025-01-26,2025-01-27,202000.0,0.0,5.3,
5835,1010,11,1,2,2025-01-24,2025-01-27,2025-02-02,128000.0,35000.0,122.2,Temperatura errática
5836,466,7,6,1,2025-01-24,2025-01-26,2025-01-28,352000.0,0.0,3.9,
5837,866,12,4,1,2025-01-24,2025-01-26,2025-01-27,594000.0,0.0,6.4,
5838,1511,20,9,1,2025-01-24,2025-01-26,2025-01-28,539000.0,0.0,1.7,
5839,1279,9,2,1,2025-01-24,2025-01-26,2025-01-27,77000.0,11000.0,3.2,
5840,1914,12,6,1,2025-01-24,2025-01-24,2025-01-26,759000.0,137000.0,5.5,
5841,1003,15,10,2,2025-01-25,2025-01-27,2025-02-01,1439000.0,0.0,64.9,Fuga de vapor
5842,108,15,10,2,2025-01-25,2025-01-26,2025-02-01,2578000.0,0.0,13.5,Ciclo incompleto
5843,1196,4,5,2,2025-01-25,2025-01-28,2025-02-07,166000.0,0.0,144.9,Batería defectuosa
5844,173,3,5,2,2025-01-26,2025-01-29,2025-02-01,169000.0,0.0,33.5,Puerta o clamp dañado
5845,1571,2,4,2,2025-01-26,2025-01-26,2025-01-29,96000.0,0.0,58.0,Teclado/pantalla defectuosa
5846,145,18,11,2,2025-01-26,2025-01-27,2025-02-11,204000.0,0.0,102.2,Tapiz dañado
5847,1564,1,6,1,2025-01-27,2025-01-28,2025-01-30,35000.0,0.0,4.3,
5848,223,15,10,2,2025-01-27,2025-01-29,2025-02-07,1496000.0,0.0,13.6,Dosificación incorrecta de detergente
5849,847,12,3,1,2025-01-27,2025-01-29,2025-01-30,5000.0,0.0,5.7,
5850,1467,18,11,1,2025-01-27,2025-01-28,2025-01-29,164000.0,45000.0,3.3,
5851,1699,11,4,2,2025-01-27,2025-01-30,2025-02-03,144000.0,0.0,68.1,Falla de presión NIBP
5852,449,3,4,1,2025-01-27,2025-01-28,2025-01-29,896000.0,0.0,5.9,
5853,1930,15,10,1,2025-01-27,2025-01-28,2025-01-30,51000.0,0.0,2.4,
5854,1374,16,12,1,2025-01-27,2025-01-28,2025-01-31,165000.0,28000.0,5.1,
5855,1679,3,12,2,2025-01-27,2025-01-27,2025-01-31,2910000.0,0.0,65.4,Falla de calibración
5856,746,3,3,1,2025-01-27,2025-01-29,2025-01-30,333000.0,0.0,1.3,
5857,714,1,6,2,2025-01-28,2025-01-31,2025-02-13,153000.0,46000.0,34.5,Batería dañada
5858,1455,13,7,2,2025-01-28,2025-01-28,2025-01-30,68000.0,0.0,13.1,Celda de carga dañada
5859,1563,3,3,1,2025-01-28,2025-01-28,2025-01-30,174000.0,33000.0,6.0,
5860,1354,18,7,1,2025-01-28,2025-01-28,2025-01-31,234000.0,0.0,1.3,
5861,1206,22,4,2,2025-01-28,2025-01-28,2025-02-07,13000.0,4000.0,75.4,Lectura errática
5862,1257,17,4,1,2025-01-28,2025-01-30,2025-02-01,91000.0,0.0,3.6,
5863,921,3,2,2,2025-01-28,2025-01-29,2025-02-13,493000.0,0.0,24.6,Módulo ECG dañado
5864,1291,17,3,1,2025-01-29,2025-01-31,2025-02-03,147000.0,0.0,6.7,
5865,763,15,10,1,2025-01-29,2025-01-31,2025-02-01,73000.0,0.0,6.0,
5866,1949,4,9,1,2025-01-29,2025-01-29,2025-02-01,1847000.0,0.0,6.4,
5867,185,8,7,1,2025-01-29,2025-01-29,2025-02-01,143000.0,0.0,3.7,
5868,727,2,5,1,2025-01-29,2025-01-30,2025-02-02,62000.0,0.0,7.2,
5869,1740,3,1,1,2025-01-29,2025-01-30,2025-02-01,290000.0,0.0,1.6,
5870,1779,15,10,1,2025-01-29,2025-01-30,2025-02-01,121000.0,0.0,7.0,
5871,1977,10,4,1,2025-01-30,2025-01-31,2025-02-02,172000.0,0.0,5.7,
5872,1309,16,7,1,2025-01-30,2025-01-31,2025-02-02,25000.0,0.0,4.1,
5873,578,8,6,1,2025-01-30,2025-01-30,2025-01-31,169000.0,0.0,6.7,
5874,712,15,11,1,2025-01-30,2025-02-01,2025-02-04,49000.0,0.0,6.4,
5875,85,4,9,1,2025-01-30,2025-02-01,2025-02-03,17964000.0,4334000.0,1.9,
5876,843,24,5,1,2025-01-30,2025-01-30,2025-02-02,98000.0,0.0,6.1,
5877,1096,4,7,1,2025-01-30,2025-01-31,2025-02-02,82000.0,0.0,7.0,
5878,1159,17,3,1,2025-01-30,2025-01-30,2025-02-02,113000.0,0.0,3.6,
5879,688,1,3,1,2025-01-30,2025-02-01,2025-02-02,129000.0,0.0,5.1,
5880,569,1,6,1,2025-01-30,2025-02-01,2025-02-03,160000.0,0.0,3.9,
5881,1595,9,9,1,2025-01-30,2025-02-01,2025-02-02,1077000.0,0.0,6.7,
5882,752,4,1,1,2025-01-31,2025-01-31,2025-02-02,409000.0,0.0,3.9,
5883,1367,10,4,1,2025-01-31,2025-02-02,2025-02-03,167000.0,0.0,2.5,
5884,371,5,7,1,2025-01-31,2025-01-31,2025-02-01,77000.0,0.0,7.5,
5885,1567,18,11,1,2025-01-31,2025-02-02,2025-02-04,48000.0,0.0,6.2,
5886,177,17,6,1,2025-01-31,2025-01-31,2025-02-01,193000.0,0.0,4.8,
5887,1284,9,12,1,2025-01-31,2025-02-01,2025-02-03,1873000.0,0.0,8.0,
5888,1055,5,3,1,2025-01-31,2025-02-01,2025-02-03,38000.0,0.0,4.7,
5889,85,4,8,2,2025-02-01,2025-02-04,2025-02-05,46412000.0,15289000.0,13.1,Falla de detector
5890,1872,3,2,2,2025-02-01,2025-02-01,2025-02-04,303000.0,0.0,35.0,Alarma de oclusión
5891,892,10,6,2,2025-02-02,2025-02-03,2025-02-09,6931000.0,0.0,32.7,Falla en vaporizador
5892,1593,20,9,1,2025-02-03,2025-02-04,2025-02-05,606000.0,0.0,1.3,
5893,213,17,5,1,2025-02-03,2025-02-03,2025-02-06,439000.0,106000.0,1.7,
5894,139,12,4,1,2025-02-03,2025-02-04,2025-02-05,208000.0,0.0,2.4,
5895,259,17,8,2,2025-02-03,2025-02-03,2025-02-10,2493000.0,1035000.0,105.8,Puertos dañados
5896,836,11,5,1,2025-02-03,2025-02-03,2025-02-05,1008000.0,259000.0,6.5,
5897,1676,1,5,1,2025-02-03,2025-02-03,2025-02-05,1405000.0,0.0,6.4,
5898,1371,12,7,1,2025-02-03,2025-02-03,2025-02-04,197000.0,32000.0,2.6,
5899,382,10,2,1,2025-02-03,2025-02-05,2025-02-07,146000.0,30000.0,1.3,
5900,1809,11,6,1,2025-02-03,2025-02-03,2025-02-04,116000.0,0.0,7.4,
5901,1288,17,1,1,2025-02-03,2025-02-03,2025-02-05,65000.0,0.0,2.6,
5902,1439,20,2,1,2025-02-03,2025-02-05,2025-02-07,280000.0,0.0,3.7,
5903,857,2,1,1,2025-02-04,2025-02-05,2025-02-06,3694000.0,0.0,8.0,
5904,1215,2,7,1,2025-02-04,2025-02-05,2025-02-07,118000.0,0.0,3.5,
5905,1044,24,3,2,2025-02-04,2025-02-04,2025-02-18,0.0,0.0,41.3,Electrodos/cables dañados
5906,588,2,6,1,2025-02-04,2025-02-05,2025-02-06,1354000.0,0.0,1.3,
5907,346,2,6,2,2025-02-04,2025-02-04,2025-02-16,522000.0,0.0,87.0,Pantalla dañada
5908,1529,21,7,1,2025-02-04,2025-02-06,2025-02-08,113000.0,39000.0,6.6,
5909,1332,4,8,2,2025-02-05,2025-02-05,2025-02-20,60000000.0,0.0,144.8,Error de criogenia
5910,1574,15,10,1,2025-02-05,2025-02-07,2025-02-10,97000.0,0.0,3.0,
5911,1195,3,4,1,2025-02-05,2025-02-07,2025-02-09,165000.0,0.0,5.7,
5912,1434,21,7,1,2025-02-05,2025-02-06,2025-02-08,131000.0,0.0,2.0,
5913,1672,21,2,1,2025-02-05,2025-02-06,2025-02-08,44000.0,0.0,1.6,
5914,1868,1,1,1,2025-02-05,2025-02-05,2025-02-06,1589000.0,0.0,3.2,
5915,1213,20,2,1,2025-02-05,2025-02-05,2025-02-07,80000.0,4000.0,1.8,
5916,295,1,1,1,2025-02-05,2025-02-05,2025-02-07,232000.0,0.0,6.0,
5917,372,4,5,1,2025-02-06,2025-02-07,2025-02-10,45000.0,0.0,2.0,
5918,1024,17,6,2,2025-02-06,2025-02-06,2025-02-12,180000.0,54000.0,90.9,Pantalla dañada
5919,606,18,10,1,2025-02-06,2025-02-06,2025-02-09,107000.0,0.0,1.3,
5920,1931,13,5,1,2025-02-06,2025-02-07,2025-02-09,6000.0,0.0,4.8,
5921,581,21,6,1,2025-02-06,2025-02-08,2025-02-09,133000.0,0.0,3.7,
5922,1854,11,3,1,2025-02-06,2025-02-06,2025-02-09,109000.0,0.0,5.4,
5923,451,15,10,1,2025-02-06,2025-02-07,2025-02-08,58000.0,0.0,1.8,
5924,912,5,4,2,2025-02-06,2025-02-09,2025-02-19,21000.0,0.0,26.6,Pera dañada
5925,1852,12,12,1,2025-02-06,2025-02-07,2025-02-08,293000.0,0.0,4.5,
5926,1847,10,1,1,2025-02-06,2025-02-06,2025-02-09,138000.0,0.0,5.0,
5927,208,14,12,1,2025-02-07,2025-02-07,2025-02-08,92000.0,11000.0,1.7,
5928,520,10,4,1,2025-02-07,2025-02-09,2025-02-10,688000.0,116000.0,3.8,
5929,95,4,7,2,2025-02-07,2025-02-08,2025-02-19,141000.0,0.0,223.0,SpO₂ sin lectura
5930,297,9,8,1,2025-02-07,2025-02-07,2025-02-09,17752000.0,8649000.0,6.7,
5931,51,20,8,1,2025-02-07,2025-02-07,2025-02-08,2042000.0,0.0,2.5,
5932,543,22,12,1,2025-02-07,2025-02-07,2025-02-08,249000.0,0.0,7.7,
5933,1437,24,6,2,2025-02-07,2025-02-07,2025-02-14,14000.0,0.0,11.6,Lectura incorrecta
5934,303,20,3,1,2025-02-07,2025-02-09,2025-02-12,443000.0,0.0,4.5,
5935,1890,2,4,1,2025-02-07,2025-02-08,2025-02-10,185000.0,19000.0,3.1,
5936,499,6,5,2,2025-02-07,2025-02-09,2025-02-20,287000.0,0.0,93.8,Trazado con ruido
5937,1929,10,9,2,2025-02-07,2025-02-10,2025-02-11,1601000.0,0.0,21.4,Transductor dañado
5938,1232,8,9,1,2025-02-07,2025-02-07,2025-02-10,1527000.0,907000.0,6.1,
5939,916,12,4,2,2025-02-07,2025-02-07,2025-02-20,3508000.0,0.0,37.4,Alarma de apnea
5940,1645,17,2,1,2025-02-07,2025-02-09,2025-02-11,528000.0,51000.0,3.9,
5941,1729,4,5,2,2025-02-08,2025-02-08,2025-02-19,402000.0,0.0,145.5,NIBP no infla
5942,1053,2,6,2,2025-02-08,2025-02-11,2025-02-25,301000.0,0.0,145.1,Pantalla sin imagen
5943,1974,11,5,2,2025-02-08,2025-02-11,2025-02-20,4601000.0,1380000.0,191.9,Error en sensor de oxígeno
5944,1751,9,2,2,2025-02-08,2025-02-11,2025-02-21,2511000.0,0.0,194.8,Falla de pantalla
5945,351,11,1,2,2025-02-09,2025-02-10,2025-02-21,6413000.0,0.0,165.5,Error en sensor de oxígeno
5946,596,1,4,2,2025-02-09,2025-02-12,2025-02-21,218000.0,0.0,32.0,Puerta o clamp dañado
5947,1862,15,10,1,2025-02-10,2025-02-12,2025-02-14,70000.0,0.0,5.5,
5948,1523,12,7,1,2025-02-10,2025-02-10,2025-02-12,103000.0,0.0,2.6,
5949,1836,7,3,1,2025-02-10,2025-02-11,2025-02-12,104000.0,0.0,7.1,
5950,864,1,9,1,2025-02-10,2025-02-11,2025-02-12,35661000.0,0.0,6.6,
5951,306,3,2,2,2025-02-10,2025-02-13,2025-02-18,152000.0,45000.0,78.1,Batería dañada
5952,1526,13,7,1,2025-02-10,2025-02-10,2025-02-11,398000.0,0.0,1.6,
5953,490,2,3,1,2025-02-10,2025-02-12,2025-02-15,184000.0,0.0,7.1,
5954,1509,4,2,1,2025-02-10,2025-02-11,2025-02-14,241000.0,0.0,7.0,
5955,1064,20,7,2,2025-02-10,2025-02-12,2025-02-24,58000.0,0.0,277.3,Óptica sucia
5956,289,21,1,1,2025-02-10,2025-02-12,2025-02-14,220000.0,75000.0,5.2,
5957,1952,9,3,1,2025-02-10,2025-02-10,2025-02-13,1687000.0,0.0,4.6,
5958,1508,2,5,1,2025-02-11,2025-02-12,2025-02-13,240000.0,0.0,5.4,
5959,1097,21,5,1,2025-02-11,2025-02-11,2025-02-12,221000.0,59000.0,5.6,
5960,1505,17,1,1,2025-02-11,2025-02-12,2025-02-14,90000.0,0.0,3.8,
5961,1469,13,4,1,2025-02-11,2025-02-12,2025-02-13,18000.0,0.0,4.5,
5962,383,5,3,1,2025-02-11,2025-02-11,2025-02-14,15000.0,0.0,4.5,
5963,1548,6,3,1,2025-02-11,2025-02-11,2025-02-12,266000.0,0.0,5.2,
5964,1667,18,4,1,2025-02-11,2025-02-13,2025-02-16,147000.0,0.0,5.1,
5965,1144,7,4,1,2025-02-11,2025-02-12,2025-02-13,180000.0,0.0,4.8,
5966,206,3,2,2,2025-02-11,2025-02-14,2025-02-23,2636000.0,791000.0,88.1,Falla de batería
5967,140,20,9,1,2025-02-11,2025-02-11,2025-02-13,1289000.0,0.0,4.8,
5968,1341,19,10,2,2025-02-11,2025-02-12,2025-02-23,1274000.0,0.0,100.7,Mangueras deterioradas
5969,174,3,5,1,2025-02-11,2025-02-11,2025-02-13,125000.0,21000.0,4.9,
5970,1794,8,4,1,2025-02-11,2025-02-13,2025-02-16,146000.0,0.0,5.2,
5971,1148,3,12,2,2025-02-11,2025-02-12,2025-02-13,3271000.0,0.0,15.6,Error de software
5972,994,24,5,2,2025-02-12,2025-02-15,2025-02-19,363000.0,109000.0,71.6,SpO₂ no detecta señal
5973,1886,17,7,1,2025-02-12,2025-02-14,2025-02-17,222000.0,0.0,7.0,
5974,995,21,1,1,2025-02-12,2025-02-12,2025-02-13,175000.0,27000.0,2.9,
5975,1130,15,10,1,2025-02-12,2025-02-12,2025-02-14,80000.0,0.0,7.7,
5976,915,11,7,1,2025-02-12,2025-02-14,2025-02-16,35000.0,0.0,5.1,
5977,1651,6,12,1,2025-02-12,2025-02-14,2025-02-16,101000.0,0.0,7.6,
5978,1737,21,5,2,2025-02-12,2025-02-12,2025-02-26,2092000.0,0.0,157.0,Falla de pantalla
5979,662,6,4,2,2025-02-12,2025-02-14,2025-02-16,117000.0,0.0,22.3,Pantalla dañada
5980,1895,18,3,1,2025-02-13,2025-02-15,2025-02-18,150000.0,0.0,4.5,
5981,576,22,7,1,2025-02-13,2025-02-15,2025-02-16,377000.0,0.0,8.0,
5982,1198,4,12,2,2025-02-13,2025-02-16,2025-02-19,570000.0,0.0,8.9,Alarma defectuosa
5983,1266,15,10,1,2025-02-13,2025-02-15,2025-02-17,91000.0,0.0,1.1,
5984,784,1,6,1,2025-02-13,2025-02-15,2025-02-18,163000.0,0.0,6.7,
5985,443,2,4,2,2025-02-13,2025-02-16,2025-02-28,185000.0,56000.0,74.0,Error de calibración
5986,1459,11,7,1,2025-02-13,2025-02-15,2025-02-16,1049000.0,0.0,6.4,
5987,232,10,6,2,2025-02-13,2025-02-16,2025-02-27,111000.0,0.0,114.6,Pantalla dañada
5988,1059,7,5,2,2025-02-13,2025-02-15,2025-03-02,3366000.0,0.0,168.8,Falla de batería
5989,591,9,7,1,2025-02-13,2025-02-14,2025-02-17,198000.0,0.0,6.6,
5990,124,12,7,1,2025-02-13,2025-02-15,2025-02-18,75000.0,0.0,1.0,
5991,1430,12,6,1,2025-02-13,2025-02-15,2025-02-18,149000.0,0.0,4.4,
5992,270,18,3,1,2025-02-13,2025-02-13,2025-02-15,18000.0,0.0,7.9,
5993,1330,2,1,2,2025-02-13,2025-02-14,2025-02-28,588000.0,176000.0,171.1,Barandas sueltas
5994,778,1,5,1,2025-02-13,2025-02-14,2025-02-15,133000.0,0.0,6.7,
5995,1837,21,1,1,2025-02-13,2025-02-14,2025-02-15,108000.0,0.0,2.0,
5996,385,5,3,1,2025-02-13,2025-02-13,2025-02-15,110000.0,0.0,7.6,
5997,27,12,1,1,2025-02-13,2025-02-15,2025-02-17,713000.0,0.0,7.0,
5998,810,15,10,1,2025-02-13,2025-02-15,2025-02-16,135000.0,0.0,1.4,
5999,1700,11,7,1,2025-02-14,2025-02-15,2025-02-17,366000.0,53000.0,5.1,
6000,325,17,4,2,2025-02-14,2025-02-15,2025-02-16,287000.0,0.0,9.2,Módulo ECG dañado
6001,443,2,4,1,2025-02-14,2025-02-14,2025-02-16,98000.0,13000.0,6.5,
6002,610,9,3,1,2025-02-14,2025-02-15,2025-02-16,28000.0,0.0,7.3,
6003,761,15,11,1,2025-02-14,2025-02-15,2025-02-18,48000.0,9000.0,4.8,
6004,1774,20,8,1,2025-02-14,2025-02-15,2025-02-18,291000.0,0.0,2.3,
6005,1985,11,4,1,2025-02-14,2025-02-14,2025-02-17,83000.0,0.0,2.6,
6006,1954,7,1,1,2025-02-14,2025-02-14,2025-02-16,112000.0,0.0,3.9,
6007,958,4,2,1,2025-02-14,2025-02-16,2025-02-17,2793000.0,0.0,4.0,
6008,124,12,3,2,2025-02-15,2025-02-18,2025-02-22,31000.0,0.0,78.7,Válvula defectuosa
6009,511,9,12,2,2025-02-15,2025-02-17,2025-03-04,79000.0,0.0,56.0,Resistencia dañada
6010,1878,7,4,2,2025-02-15,2025-02-16,2025-02-27,184000.0,0.0,220.1,Falla de presión NIBP
6011,67,1,8,2,2025-02-16,2025-02-19,2025-02-28,1541000.0,0.0,151.6,Falla de teclado o trackball
6012,432,20,8,2,2025-02-16,2025-02-18,2025-02-22,337000.0,90000.0,36.6,Error de calibración
6013,700,7,3,1,2025-02-17,2025-02-17,2025-02-20,984000.0,0.0,5.4,
6014,1057,5,3,1,2025-02-17,2025-02-19,2025-02-22,34000.0,0.0,2.5,
6015,975,3,4,1,2025-02-17,2025-02-17,2025-02-18,13000.0,0.0,6.7,
6016,37,4,5,1,2025-02-17,2025-02-19,2025-02-20,446000.0,0.0,4.3,
6017,292,4,1,2,2025-02-17,2025-02-17,2025-03-02,13000.0,4000.0,131.8,Fuga en brazalete
6018,577,4,1,2,2025-02-17,2025-02-19,2025-02-21,110000.0,0.0,21.6,Puerta o clamp dañado
6019,1315,14,12,1,2025-02-17,2025-02-18,2025-02-19,240000.0,0.0,2.8,
6020,542,16,3,1,2025-02-17,2025-02-19,2025-02-20,277000.0,0.0,1.2,
6021,1472,19,10,2,2025-02-17,2025-02-18,2025-02-21,1557000.0,0.0,9.9,Pedal defectuoso
6022,1933,12,7,1,2025-02-17,2025-02-17,2025-02-20,953000.0,0.0,2.6,
6023,1816,3,1,2,2025-02-17,2025-02-18,2025-03-01,304000.0,91000.0,173.6,Alarma no funciona
6024,1113,2,5,1,2025-02-17,2025-02-18,2025-02-21,140000.0,0.0,1.8,
6025,706,21,7,1,2025-02-17,2025-02-18,2025-02-19,38000.0,3000.0,5.5,
6026,458,12,6,1,2025-02-17,2025-02-18,2025-02-19,1523000.0,0.0,6.9,
6027,519,9,1,2,2025-02-18,2025-02-18,2025-03-05,255000.0,0.0,272.6,Bloqueo de seguridad dañado
6028,366,11,3,1,2025-02-18,2025-02-20,2025-02-23,2426000.0,0.0,1.6,
6029,238,21,1,1,2025-02-18,2025-02-20,2025-02-23,117000.0,0.0,1.6,
6030,622,1,3,1,2025-02-18,2025-02-19,2025-02-22,367000.0,78000.0,7.3,
6031,1278,17,3,2,2025-02-18,2025-02-18,2025-02-28,149000.0,0.0,148.4,Caudal incorrecto
6032,677,9,4,1,2025-02-18,2025-02-18,2025-02-19,90000.0,21000.0,2.3,
6033,402,2,4,1,2025-02-18,2025-02-19,2025-02-22,158000.0,28000.0,1.5,
6034,840,12,6,1,2025-02-18,2025-02-19,2025-02-21,634000.0,0.0,3.1,
6035,1283,2,7,1,2025-02-18,2025-02-20,2025-02-23,37000.0,0.0,5.8,
6036,407,17,8,1,2025-02-18,2025-02-20,2025-02-23,681000.0,0.0,3.8,
6037,963,7,4,1,2025-02-19,2025-02-19,2025-02-22,287000.0,0.0,4.6,
6038,1010,6,4,1,2025-02-19,2025-02-21,2025-02-23,99000.0,8000.0,2.4,
6039,1025,10,4,1,2025-02-19,2025-02-19,2025-02-21,84000.0,0.0,3.8,
6040,604,15,10,1,2025-02-19,2025-02-20,2025-02-23,85000.0,0.0,1.0,
6041,309,5,7,2,2025-02-19,2025-02-22,2025-02-24,142000.0,0.0,40.3,Batería defectuosa
6042,1896,3,1,2,2025-02-19,2025-02-19,2025-02-27,298000.0,0.0,148.4,Palas/electrodos defectuosos
6043,1175,21,3,1,2025-02-19,2025-02-21,2025-02-24,51000.0,0.0,2.9,
6044,288,10,7,2,2025-02-19,2025-02-20,2025-03-05,366000.0,0.0,281.6,Baja intensidad lumínica
6045,335,10,3,1,2025-02-19,2025-02-21,2025-02-22,922000.0,154000.0,4.2,
6046,1621,6,4,2,2025-02-19,2025-02-21,2025-03-05,552000.0,0.0,20.0,Pantalla sin imagen
6047,1506,17,1,2,2025-02-19,2025-02-22,2025-03-08,2276000.0,0.0,214.2,No enciende
6048,1230,10,4,1,2025-02-19,2025-02-19,2025-02-22,1704000.0,0.0,4.6,
6049,1032,17,1,1,2025-02-19,2025-02-21,2025-02-22,15000.0,0.0,3.3,
6050,108,15,10,1,2025-02-19,2025-02-20,2025-02-21,1746000.0,0.0,4.3,
6051,1040,11,2,1,2025-02-19,2025-02-19,2025-02-20,116000.0,0.0,3.7,
6052,662,6,6,2,2025-02-19,2025-02-19,2025-03-04,117000.0,0.0,286.0,Falla de presión NIBP
6053,230,5,2,2,2025-02-19,2025-02-20,2025-03-06,514000.0,0.0,260.5,No enciende
6054,1507,4,1,1,2025-02-19,2025-02-19,2025-02-20,1017000.0,0.0,7.0,
6055,1697,7,3,1,2025-02-19,2025-02-19,2025-02-21,21000.0,0.0,5.6,
6056,238,21,1,2,2025-02-19,2025-02-21,2025-03-08,126000.0,0.0,97.8,Alarma de oclusión
6057,1012,3,4,1,2025-02-19,2025-02-20,2025-02-21,183000.0,0.0,4.1,
6058,1738,9,5,1,2025-02-20,2025-02-22,2025-02-24,110000.0,0.0,3.8,
6059,306,3,7,1,2025-02-20,2025-02-22,2025-02-25,77000.0,11000.0,5.5,
6060,1156,1,1,2,2025-02-20,2025-02-22,2025-03-06,72000.0,0.0,274.3,Batería dañada
6061,864,1,8,2,2025-02-20,2025-02-23,2025-03-08,60000000.0,0.0,286.2,Problemas de gradientes
6062,277,2,7,1,2025-02-20,2025-02-21,2025-02-24,126000.0,11000.0,6.5,
6063,117,1,6,1,2025-02-20,2025-02-21,2025-02-24,83000.0,0.0,3.2,
6064,337,1,4,1,2025-02-20,2025-02-20,2025-02-21,1210000.0,0.0,7.7,
6065,809,7,5,1,2025-02-20,2025-02-22,2025-02-24,119000.0,13000.0,1.5,
6066,722,7,4,2,2025-02-20,2025-02-20,2025-03-05,156000.0,0.0,47.7,Caudal incorrecto
6067,708,16,1,1,2025-02-20,2025-02-21,2025-02-22,222000.0,0.0,6.1,
6068,1565,24,2,1,2025-02-20,2025-02-21,2025-02-22,236000.0,53000.0,5.4,
6069,874,4,7,1,2025-02-21,2025-02-22,2025-02-25,141000.0,0.0,5.0,
6070,1573,2,4,2,2025-02-21,2025-02-23,2025-03-09,2828000.0,0.0,163.4,Error de calibración
6071,1274,12,4,2,2025-02-21,2025-02-21,2025-02-25,397000.0,0.0,34.5,Pantalla sin imagen
6072,1342,24,7,2,2025-02-21,2025-02-24,2025-03-05,149000.0,0.0,97.2,Temperatura errática
6073,1118,17,4,2,2025-02-21,2025-02-23,2025-03-10,143000.0,0.0,157.2,Batería defectuosa
6074,864,1,9,2,2025-02-21,2025-02-23,2025-03-07,60000000.0,0.0,168.2,Falla de comunicación
6075,108,15,11,2,2025-02-21,2025-02-24,2025-02-27,2578000.0,0.0,9.2,No genera presión
6076,1024,17,6,1,2025-02-21,2025-02-22,2025-02-23,104000.0,35000.0,3.0,
6077,18,7,1,1,2025-02-21,2025-02-22,2025-02-24,141000.0,30000.0,6.6,
6078,459,24,2,1,2025-02-21,2025-02-21,2025-02-24,250000.0,33000.0,2.0,
6079,1218,9,5,2,2025-02-22,2025-02-23,2025-02-25,138000.0,0.0,29.6,Pantalla dañada
6080,530,1,1,2,2025-02-22,2025-02-24,2025-03-07,124000.0,0.0,105.7,No detecta línea
6081,19,17,8,2,2025-02-22,2025-02-24,2025-03-01,10628000.0,0.0,57.6,Imagen distorsionada
6082,910,17,1,2,2025-02-22,2025-02-25,2025-03-08,457000.0,137000.0,12.1,Cables de paciente defectuosos
6083,947,12,6,2,2025-02-22,2025-02-22,2025-02-25,233000.0,0.0,16.1,Caudal incorrecto
6084,1947,11,4,2,2025-02-23,2025-02-26,2025-03-06,1889000.0,0.0,78.5,Falla de pantalla
6085,1542,12,1,2,2025-02-23,2025-02-26,2025-03-10,1257000.0,0.0,223.1,Alarma no funciona
6086,1860,11,6,2,2025-02-23,2025-02-23,2025-03-07,14000.0,0.0,8.2,Pantalla defectuosa
6087,438,1,5,2,2025-02-23,2025-02-26,2025-03-13,98000.0,0.0,70.1,Temperatura errática
6088,479,21,4,1,2025-02-24,2025-02-24,2025-02-25,367000.0,0.0,2.1,
6089,196,3,6,1,2025-02-24,2025-02-26,2025-02-28,41000.0,0.0,7.0,
6090,1628,22,1,1,2025-02-24,2025-02-25,2025-02-26,40000.0,0.0,2.1,
6091,1039,17,2,1,2025-02-24,2025-02-24,2025-02-25,371000.0,0.0,6.7,
6092,1824,13,6,1,2025-02-24,2025-02-25,2025-02-26,30000.0,0.0,6.0,
6093,1562,18,11,1,2025-02-24,2025-02-24,2025-02-26,203000.0,0.0,3.3,
6094,1720,9,7,1,2025-02-25,2025-02-27,2025-03-02,77000.0,6000.0,7.9,
6095,111,24,7,2,2025-02-25,2025-02-27,2025-03-05,22000.0,3000.0,55.6,Lectura incorrecta
6096,1383,7,4,2,2025-02-25,2025-02-28,2025-03-09,363000.0,0.0,105.5,NIBP no infla
6097,549,1,7,1,2025-02-25,2025-02-25,2025-02-28,436000.0,94000.0,2.0,
6098,964,14,2,1,2025-02-25,2025-02-27,2025-02-28,42000.0,0.0,5.6,
6099,1121,3,6,1,2025-02-25,2025-02-27,2025-02-28,242000.0,20000.0,4.4,
6100,1671,19,10,2,2025-02-25,2025-02-26,2025-03-09,1017000.0,0.0,168.1,Pieza de mano sin presión
6101,28,1,7,2,2025-02-26,2025-02-27,2025-03-05,15000.0,0.0,82.4,Pantalla defectuosa
6102,921,3,1,1,2025-02-26,2025-02-27,2025-02-28,293000.0,0.0,2.1,
6103,1866,7,6,1,2025-02-26,2025-02-26,2025-03-01,433000.0,0.0,2.7,
6104,1380,6,3,1,2025-02-26,2025-02-27,2025-02-28,61000.0,0.0,3.3,
6105,830,2,3,2,2025-02-26,2025-02-28,2025-03-05,391000.0,117000.0,54.7,Error de autoprueba
6106,509,12,6,1,2025-02-26,2025-02-28,2025-03-03,162000.0,0.0,3.4,
6107,1678,11,5,2,2025-02-26,2025-02-26,2025-03-04,553000.0,0.0,112.2,Auriculares defectuosos
6108,1143,15,11,2,2025-02-26,2025-02-26,2025-03-05,2820000.0,788000.0,162.7,Puerta no sella
6109,223,15,11,2,2025-02-26,2025-03-01,2025-03-13,1496000.0,0.0,11.0,Dosificación incorrecta de detergente
6110,1461,6,1,1,2025-02-27,2025-03-01,2025-03-02,90000.0,0.0,4.7,
6111,1506,17,6,1,2025-02-27,2025-02-28,2025-03-03,1494000.0,0.0,6.6,
6112,1770,22,3,1,2025-02-27,2025-03-01,2025-03-03,224000.0,0.0,4.2,
6113,731,9,4,1,2025-02-27,2025-02-28,2025-03-01,76000.0,0.0,4.1,
6114,1492,3,7,2,2025-02-27,2025-03-01,2025-03-07,208000.0,0.0,112.0,Batería dañada
6115,1375,22,6,1,2025-02-27,2025-03-01,2025-03-04,73000.0,0.0,2.0,
6116,1668,15,10,1,2025-02-27,2025-02-28,2025-03-01,64000.0,0.0,5.5,
6117,199,7,1,1,2025-02-27,2025-02-27,2025-03-02,158000.0,0.0,3.1,
6118,1758,11,5,2,2025-02-27,2025-03-01,2025-03-16,183000.0,0.0,54.3,Puerta o clamp dañado
6119,765,2,3,2,2025-02-27,2025-03-02,2025-03-08,1689000.0,0.0,12.6,Alarma de presión
6120,891,16,2,1,2025-02-28,2025-03-01,2025-03-02,34000.0,3000.0,6.3,
6121,1058,17,1,2,2025-02-28,2025-03-01,2025-03-02,1903000.0,0.0,15.4,Falla de batería
6122,862,8,7,1,2025-02-28,2025-03-02,2025-03-05,278000.0,0.0,4.3,
6123,1287,21,7,1,2025-02-28,2025-03-02,2025-03-04,90000.0,0.0,1.3,
6124,351,11,4,1,2025-02-28,2025-02-28,2025-03-01,2326000.0,0.0,5.0,
6125,1086,12,6,1,2025-02-28,2025-03-01,2025-03-03,119000.0,0.0,3.0,
6126,655,11,6,1,2025-02-28,2025-03-02,2025-03-03,100000.0,0.0,5.4,
6127,794,3,7,1,2025-02-28,2025-03-02,2025-03-03,288000.0,75000.0,1.2,
6128,1059,7,6,1,2025-02-28,2025-02-28,2025-03-03,1224000.0,0.0,1.6,
6129,1452,7,7,1,2025-02-28,2025-03-01,2025-03-02,1339000.0,840000.0,7.2,
6130,264,9,6,1,2025-02-28,2025-03-01,2025-03-02,131000.0,0.0,5.1,
6131,1302,11,1,2,2025-02-28,2025-02-28,2025-03-03,3092000.0,0.0,29.9,Error de calibración
6132,1730,15,10,1,2025-02-28,2025-02-28,2025-03-02,228000.0,0.0,7.0,
6133,1835,20,9,1,2025-02-28,2025-02-28,2025-03-02,361000.0,0.0,5.1,
6134,1617,15,10,1,2025-02-28,2025-02-28,2025-03-01,1232000.0,257000.0,4.3,
6135,1734,15,11,1,2025-02-28,2025-02-28,2025-03-01,56000.0,0.0,2.9,
6136,203,2,4,1,2025-02-28,2025-02-28,2025-03-01,1705000.0,0.0,4.6,
6137,61,17,6,2,2025-03-01,2025-03-02,2025-03-04,499000.0,0.0,35.4,Barandas sueltas
6138,327,1,2,2,2025-03-01,2025-03-04,2025-03-05,3734000.0,0.0,11.9,Sensor defectuoso
6139,407,17,9,2,2025-03-01,2025-03-01,2025-03-12,2389000.0,0.0,229.8,Imagen con ruido
6140,409,10,7,2,2025-03-01,2025-03-02,2025-03-04,526000.0,158000.0,36.9,No enciende
6141,312,17,2,2,2025-03-01,2025-03-01,2025-03-07,392000.0,117000.0,61.8,Alarmas defectuosas
6142,438,1,3,2,2025-03-02,2025-03-05,2025-03-12,98000.0,0.0,85.8,Temperatura errática
6143,1364,2,4,1,2025-03-03,2025-03-05,2025-03-07,221000.0,54000.0,6.6,
6144,1241,24,5,1,2025-03-03,2025-03-05,2025-03-06,19000.0,0.0,3.7,
6145,1994,22,6,1,2025-03-03,2025-03-04,2025-03-07,157000.0,0.0,4.6,
6146,1404,9,5,1,2025-03-03,2025-03-05,2025-03-06,198000.0,0.0,3.8,
6147,1096,4,5,2,2025-03-03,2025-03-04,2025-03-08,123000.0,0.0,17.3,Puerta o clamp dañado
6148,435,8,3,2,2025-03-03,2025-03-06,2025-03-15,598000.0,0.0,198.0,Lecturas erráticas
6149,804,1,8,2,2025-03-03,2025-03-06,2025-03-12,4509000.0,0.0,103.3,Puertos dañados
6150,1134,1,3,1,2025-03-04,2025-03-05,2025-03-07,106000.0,25000.0,6.4,
6151,1319,12,1,2,2025-03-04,2025-03-06,2025-03-13,172000.0,52000.0,34.7,Alarma de oclusión
6152,1031,12,5,1,2025-03-04,2025-03-05,2025-03-06,73000.0,0.0,5.5,
6153,1768,3,4,1,2025-03-04,2025-03-05,2025-03-08,136000.0,0.0,7.7,
6154,110,15,10,1,2025-03-04,2025-03-06,2025-03-08,92000.0,0.0,4.3,
6155,1208,10,5,1,2025-03-04,2025-03-05,2025-03-07,2576000.0,0.0,1.1,
6156,1414,8,9,2,2025-03-04,2025-03-05,2025-03-14,15751000.0,0.0,125.7,Pedal dañado
6157,491,10,2,1,2025-03-04,2025-03-04,2025-03-06,317000.0,0.0,2.7,
6158,1164,20,9,1,2025-03-04,2025-03-04,2025-03-07,1097000.0,0.0,7.7,
6159,1650,4,5,1,2025-03-04,2025-03-06,2025-03-08,138000.0,0.0,4.1,
6160,418,24,7,2,2025-03-04,2025-03-06,2025-03-13,395000.0,0.0,9.9,Software no reconoce el equipo
6161,637,9,9,1,2025-03-05,2025-03-07,2025-03-10,17911000.0,0.0,7.5,
6162,1876,4,7,2,2025-03-05,2025-03-06,2025-03-15,268000.0,81000.0,73.3,NIBP no infla
6163,878,9,3,1,2025-03-05,2025-03-06,2025-03-08,190000.0,36000.0,4.8,
6164,167,9,4,1,2025-03-05,2025-03-07,2025-03-09,23000.0,0.0,1.8,
6165,1732,18,10,2,2025-03-05,2025-03-05,2025-03-16,280000.0,0.0,142.6,Canales inoperativos
6166,1929,10,8,1,2025-03-05,2025-03-06,2025-03-09,621000.0,0.0,4.4,
6167,1247,9,4,2,2025-03-05,2025-03-06,2025-03-21,121000.0,0.0,283.7,Teclado/pantalla defectuosa
6168,1947,11,3,2,2025-03-05,2025-03-07,2025-03-17,2931000.0,0.0,128.8,Alarma de presión
6169,1282,16,7,1,2025-03-05,2025-03-06,2025-03-09,161000.0,0.0,7.7,
6170,1409,12,4,1,2025-03-05,2025-03-05,2025-03-06,58000.0,0.0,7.8,
6171,511,9,12,1,2025-03-05,2025-03-05,2025-03-07,87000.0,0.0,6.0,
6172,766,22,4,1,2025-03-05,2025-03-06,2025-03-07,195000.0,79000.0,5.1,
6173,825,20,5,1,2025-03-06,2025-03-08,2025-03-10,215000.0,27000.0,4.4,
6174,1947,2,6,1,2025-03-06,2025-03-07,2025-03-09,1092000.0,0.0,7.5,
6175,1256,17,7,1,2025-03-06,2025-03-07,2025-03-10,158000.0,26000.0,7.1,
6176,1285,15,11,1,2025-03-06,2025-03-08,2025-03-09,182000.0,25000.0,1.3,
6177,1510,11,5,1,2025-03-06,2025-03-07,2025-03-10,188000.0,45000.0,6.6,
6178,561,5,7,2,2025-03-06,2025-03-06,2025-03-20,407000.0,0.0,235.9,Colchón dañado
6179,262,15,10,1,2025-03-06,2025-03-07,2025-03-09,1084000.0,0.0,5.5,
6180,886,22,1,2,2025-03-06,2025-03-09,2025-03-24,329000.0,0.0,179.4,No enciende
6181,6,4,5,1,2025-03-06,2025-03-08,2025-03-10,157000.0,0.0,3.4,
6182,197,6,1,1,2025-03-06,2025-03-07,2025-03-09,200000.0,75000.0,4.9,
6183,125,1,3,1,2025-03-06,2025-03-08,2025-03-10,1053000.0,0.0,7.1,
6184,127,12,5,1,2025-03-06,2025-03-08,2025-03-10,92000.0,0.0,1.2,
6185,1126,6,5,2,2025-03-07,2025-03-07,2025-03-11,310000.0,0.0,32.4,NIBP no infla
6186,1838,3,3,1,2025-03-07,2025-03-08,2025-03-11,27000.0,0.0,3.4,
6187,376,17,4,1,2025-03-07,2025-03-07,2025-03-08,229000.0,0.0,2.1,
6188,906,22,7,1,2025-03-07,2025-03-09,2025-03-12,9000.0,0.0,2.9,
6189,1468,4,6,2,2025-03-07,2025-03-08,2025-03-10,204000.0,0.0,30.9,Puerta o clamp dañado
6190,1870,4,6,1,2025-03-07,2025-03-09,2025-03-12,191000.0,0.0,3.4,
6191,1258,18,10,2,2025-03-08,2025-03-11,2025-03-19,275000.0,0.0,73.2,Ruido mecánico
6192,1933,12,2,2,2025-03-09,2025-03-10,2025-03-19,3882000.0,0.0,163.2,Problema en válvulas internas
6193,162,12,2,2,2025-03-09,2025-03-10,2025-03-18,0.0,0.0,9.1,Caudal incorrecto
6194,408,12,7,1,2025-03-10,2025-03-10,2025-03-12,2156000.0,0.0,4.4,
6195,316,9,5,1,2025-03-10,2025-03-12,2025-03-14,173000.0,0.0,6.0,
6196,925,22,3,2,2025-03-10,2025-03-12,2025-03-21,101000.0,0.0,84.5,Batería agotada
6197,849,2,5,2,2025-03-10,2025-03-10,2025-03-14,160000.0,0.0,43.8,Pantalla dañada
6198,1310,11,4,1,2025-03-10,2025-03-12,2025-03-14,69000.0,0.0,6.7,
6199,570,3,2,1,2025-03-10,2025-03-10,2025-03-11,124000.0,25000.0,4.9,
6200,1821,18,4,2,2025-03-10,2025-03-10,2025-03-12,6000.0,0.0,15.1,Pantalla defectuosa
6201,1221,18,6,1,2025-03-10,2025-03-12,2025-03-15,38000.0,0.0,1.8,
6202,1247,9,4,1,2025-03-10,2025-03-11,2025-03-13,67000.0,0.0,6.6,
6203,79,24,5,2,2025-03-10,2025-03-13,2025-03-22,145000.0,0.0,161.6,Batería defectuosa
6204,226,11,2,1,2025-03-10,2025-03-11,2025-03-14,132000.0,0.0,6.9,
6205,53,10,4,1,2025-03-10,2025-03-10,2025-03-11,116000.0,0.0,2.7,
6206,482,19,11,1,2025-03-10,2025-03-11,2025-03-13,84000.0,0.0,3.4,
6207,155,8,1,1,2025-03-10,2025-03-12,2025-03-13,110000.0,0.0,2.3,
6208,28,1,7,2,2025-03-10,2025-03-10,2025-03-14,15000.0,0.0,95.3,Sensor dañado
6209,1116,1,3,1,2025-03-10,2025-03-11,2025-03-14,1357000.0,0.0,6.0,
6210,838,8,3,2,2025-03-11,2025-03-14,2025-03-18,11000.0,0.0,46.6,Válvula defectuosa
6211,1179,4,5,1,2025-03-11,2025-03-11,2025-03-12,8000.0,0.0,2.7,
6212,1921,21,6,1,2025-03-11,2025-03-12,2025-03-15,349000.0,0.0,3.1,
6213,50,5,6,1,2025-03-11,2025-03-11,2025-03-13,169000.0,0.0,1.4,
6214,777,1,5,1,2025-03-11,2025-03-12,2025-03-13,120000.0,0.0,1.5,
6215,818,4,5,1,2025-03-11,2025-03-12,2025-03-14,86000.0,0.0,3.1,
6216,1329,13,6,1,2025-03-11,2025-03-11,2025-03-14,89000.0,0.0,1.2,
6217,1368,5,7,1,2025-03-11,2025-03-11,2025-03-12,108000.0,0.0,7.2,
6218,516,7,6,2,2025-03-11,2025-03-13,2025-03-15,142000.0,0.0,35.6,Puerta o clamp dañado
6219,692,17,7,1,2025-03-12,2025-03-14,2025-03-17,86000.0,0.0,1.4,
6220,1038,7,1,1,2025-03-12,2025-03-12,2025-03-15,183000.0,0.0,6.2,
6221,1936,1,7,2,2025-03-12,2025-03-15,2025-03-16,3466000.0,1040000.0,23.8,Falla en vaporizador
6222,928,1,8,1,2025-03-12,2025-03-13,2025-03-15,508000.0,0.0,3.1,
6223,813,2,4,1,2025-03-12,2025-03-14,2025-03-17,222000.0,0.0,6.2,
6224,64,12,1,1,2025-03-12,2025-03-12,2025-03-15,175000.0,0.0,5.5,
6225,850,4,2,1,2025-03-12,2025-03-12,2025-03-15,389000.0,0.0,6.1,
6226,1168,2,6,1,2025-03-12,2025-03-13,2025-03-15,228000.0,0.0,4.2,
6227,474,21,7,1,2025-03-12,2025-03-14,2025-03-17,130000.0,0.0,6.7,
6228,1246,12,6,1,2025-03-12,2025-03-13,2025-03-16,261000.0,98000.0,1.9,
6229,384,10,3,2,2025-03-12,2025-03-14,2025-03-25,108000.0,0.0,209.4,Puerta o clamp dañado
6230,461,12,12,1,2025-03-12,2025-03-13,2025-03-15,305000.0,63000.0,1.2,
6231,1888,21,5,2,2025-03-12,2025-03-12,2025-03-27,0.0,0.0,87.3,Frenos defectuosos
6232,1010,11,5,2,2025-03-12,2025-03-14,2025-03-15,128000.0,38000.0,17.8,Temperatura errática
6233,1777,1,4,1,2025-03-13,2025-03-13,2025-03-14,273000.0,70000.0,5.5,
6234,1878,6,1,1,2025-03-13,2025-03-15,2025-03-17,155000.0,0.0,7.0,
6235,1925,17,9,1,2025-03-13,2025-03-14,2025-03-17,973000.0,0.0,3.0,
6236,1869,24,2,1,2025-03-13,2025-03-15,2025-03-16,62000.0,0.0,5.5,
6237,1470,5,12,2,2025-03-13,2025-03-15,2025-03-29,224000.0,0.0,155.8,Error de motor
6238,39,7,2,1,2025-03-13,2025-03-13,2025-03-16,49000.0,0.0,1.9,
6239,1933,12,5,2,2025-03-13,2025-03-15,2025-03-27,3882000.0,0.0,185.3,Falla de batería
6240,1243,15,10,1,2025-03-13,2025-03-13,2025-03-16,192000.0,21000.0,6.8,
6241,1118,17,5,1,2025-03-13,2025-03-13,2025-03-16,88000.0,0.0,7.0,
6242,1521,1,4,1,2025-03-14,2025-03-16,2025-03-17,74000.0,15000.0,6.8,
6243,1471,4,2,1,2025-03-14,2025-03-16,2025-03-18,40000.0,0.0,2.6,
6244,823,14,6,2,2025-03-14,2025-03-15,2025-03-20,504000.0,112000.0,95.8,Ruedas trabadas
6245,175,4,5,1,2025-03-14,2025-03-15,2025-03-16,106000.0,0.0,7.5,
6246,1938,10,7,2,2025-03-14,2025-03-16,2025-03-19,399000.0,64000.0,13.5,NIBP no infla
6247,1415,9,4,1,2025-03-14,2025-03-15,2025-03-17,112000.0,6000.0,6.1,
6248,1268,1,2,2,2025-03-14,2025-03-15,2025-03-25,1459000.0,0.0,13.2,Alarma no funciona
6249,1407,14,12,1,2025-03-14,2025-03-15,2025-03-16,233000.0,50000.0,4.3,
6250,533,3,2,1,2025-03-14,2025-03-16,2025-03-17,173000.0,0.0,1.6,
6251,1908,10,4,1,2025-03-14,2025-03-14,2025-03-16,210000.0,70000.0,5.8,
6252,615,17,5,1,2025-03-14,2025-03-16,2025-03-17,149000.0,0.0,2.6,
6253,1945,1,5,1,2025-03-14,2025-03-16,2025-03-17,98000.0,8000.0,1.9,
6254,411,1,1,1,2025-03-14,2025-03-14,2025-03-17,639000.0,0.0,6.0,
6255,1707,2,7,1,2025-03-14,2025-03-14,2025-03-17,37000.0,3000.0,7.6,
6256,1556,9,5,1,2025-03-14,2025-03-15,2025-03-17,191000.0,0.0,4.5,
6257,370,1,5,1,2025-03-14,2025-03-15,2025-03-17,758000.0,0.0,1.3,
6258,958,4,4,2,2025-03-14,2025-03-14,2025-03-17,6284000.0,0.0,27.4,Fuga de gases
6259,697,7,1,1,2025-03-14,2025-03-15,2025-03-17,90000.0,0.0,3.1,
6260,278,15,11,2,2025-03-14,2025-03-16,2025-03-20,1711000.0,0.0,64.2,Fuga de vapor
6261,1745,24,7,1,2025-03-14,2025-03-16,2025-03-19,47000.0,0.0,1.3,
6262,589,7,7,2,2025-03-15,2025-03-16,2025-03-23,532000.0,160000.0,97.8,No carga energía
6263,348,20,8,2,2025-03-15,2025-03-16,2025-03-22,1684000.0,0.0,29.7,Pantalla/proyector con falla
6264,1254,17,5,2,2025-03-15,2025-03-15,2025-03-23,487000.0,0.0,183.6,SpO₂ no detecta señal
6265,1531,4,7,2,2025-03-16,2025-03-16,2025-03-27,297000.0,0.0,204.0,Error de programación
6266,181,15,11,2,2025-03-16,2025-03-16,2025-03-23,138000.0,0.0,111.4,No sella correctamente
6267,1426,22,4,2,2025-03-16,2025-03-17,2025-03-30,16000.0,0.0,135.1,Pera dañada
6268,1826,2,7,2,2025-03-16,2025-03-18,2025-03-24,9000.0,0.0,105.8,Pantalla defectuosa
6269,1793,17,7,2,2025-03-16,2025-03-16,2025-03-28,164000.0,0.0,214.5,Caudal incorrecto
6270,1325,20,8,1,2025-03-17,2025-03-17,2025-03-18,2446000.0,0.0,6.3,
6271,1124,12,1,1,2025-03-17,2025-03-17,2025-03-18,105000.0,0.0,7.0,
6272,1604,7,1,2,2025-03-17,2025-03-19,2025-03-29,3205000.0,1014000.0,99.6,Falla de batería
6273,291,20,8,1,2025-03-17,2025-03-18,2025-03-21,1428000.0,0.0,4.7,
6274,1984,20,9,1,2025-03-17,2025-03-18,2025-03-19,697000.0,0.0,3.3,
6275,1800,18,7,1,2025-03-17,2025-03-18,2025-03-20,56000.0,0.0,5.0,
6276,971,9,4,1,2025-03-17,2025-03-17,2025-03-18,158000.0,0.0,1.9,
6277,401,2,3,1,2025-03-17,2025-03-17,2025-03-20,242000.0,0.0,2.9,
6278,1348,16,6,1,2025-03-17,2025-03-17,2025-03-19,180000.0,0.0,7.4,
6279,516,7,4,1,2025-03-17,2025-03-17,2025-03-20,90000.0,0.0,2.7,
6280,1748,3,6,1,2025-03-17,2025-03-18,2025-03-21,48000.0,0.0,3.8,
6281,1428,12,5,1,2025-03-18,2025-03-18,2025-03-20,492000.0,0.0,6.2,
6282,501,5,6,1,2025-03-18,2025-03-19,2025-03-20,65000.0,0.0,3.5,
6283,1737,21,7,2,2025-03-18,2025-03-19,2025-03-31,1753000.0,0.0,83.5,Fuga en circuito
6284,296,4,1,1,2025-03-18,2025-03-20,2025-03-23,423000.0,0.0,5.5,
6285,1884,8,2,2,2025-03-18,2025-03-20,2025-03-24,194000.0,0.0,72.9,Falla de presión NIBP
6286,939,8,6,1,2025-03-18,2025-03-18,2025-03-20,7000.0,0.0,4.3,
6287,613,13,5,1,2025-03-18,2025-03-18,2025-03-20,324000.0,0.0,3.4,
6288,35,12,7,2,2025-03-18,2025-03-20,2025-04-01,1004000.0,0.0,185.8,Puerta o cúpula dañada
6289,820,14,3,1,2025-03-19,2025-03-20,2025-03-22,61000.0,0.0,3.5,
6290,1547,8,1,1,2025-03-19,2025-03-20,2025-03-21,61000.0,0.0,6.0,
6291,330,3,4,1,2025-03-19,2025-03-19,2025-03-21,272000.0,43000.0,6.0,
6292,1733,19,11,1,2025-03-19,2025-03-20,2025-03-22,495000.0,121000.0,2.6,
6293,1909,21,6,1,2025-03-19,2025-03-19,2025-03-22,42000.0,0.0,3.3,
6294,1295,11,4,1,2025-03-19,2025-03-21,2025-03-23,133000.0,0.0,4.8,
6295,722,10,5,1,2025-03-19,2025-03-20,2025-03-22,103000.0,0.0,2.8,
6296,873,6,5,1,2025-03-19,2025-03-20,2025-03-23,25000.0,0.0,5.0,
6297,788,12,5,1,2025-03-19,2025-03-19,2025-03-20,198000.0,0.0,5.1,
6298,1965,18,6,1,2025-03-19,2025-03-21,2025-03-22,34000.0,0.0,8.0,
6299,35,11,2,2,2025-03-19,2025-03-21,2025-04-03,1004000.0,0.0,219.3,Falla de ventilador
6300,529,3,7,2,2025-03-20,2025-03-22,2025-04-04,113000.0,0.0,55.9,Alarmas inoperativas
6301,1305,9,7,1,2025-03-20,2025-03-22,2025-03-25,154000.0,0.0,3.2,
6302,1663,7,1,2,2025-03-20,2025-03-23,2025-04-04,366000.0,0.0,182.5,Alarmas defectuosas
6303,222,12,7,1,2025-03-20,2025-03-22,2025-03-23,198000.0,0.0,2.0,
6304,1312,21,3,1,2025-03-20,2025-03-22,2025-03-25,33000.0,0.0,7.1,
6305,787,1,7,1,2025-03-20,2025-03-21,2025-03-24,345000.0,47000.0,2.9,
6306,387,7,1,1,2025-03-20,2025-03-20,2025-03-21,3000.0,0.0,1.2,
6307,1771,9,6,1,2025-03-20,2025-03-20,2025-03-22,425000.0,0.0,4.0,
6308,1763,6,12,1,2025-03-20,2025-03-20,2025-03-22,1586000.0,0.0,3.9,
6309,1044,24,3,2,2025-03-21,2025-03-24,2025-03-27,0.0,0.0,10.2,Electrodos/cables dañados
6310,1826,2,4,1,2025-03-21,2025-03-23,2025-03-26,25000.0,0.0,5.0,
6311,1727,14,6,1,2025-03-21,2025-03-22,2025-03-25,32000.0,0.0,6.8,
6312,243,11,3,1,2025-03-21,2025-03-22,2025-03-25,610000.0,0.0,2.3,
6313,288,10,2,1,2025-03-21,2025-03-22,2025-03-24,343000.0,0.0,7.6,
6314,1762,17,3,1,2025-03-21,2025-03-22,2025-03-23,172000.0,0.0,7.9,
6315,465,10,6,1,2025-03-21,2025-03-23,2025-03-25,674000.0,172000.0,6.3,
6316,947,12,5,1,2025-03-21,2025-03-22,2025-03-23,130000.0,0.0,6.0,
6317,249,9,6,2,2025-03-21,2025-03-24,2025-03-30,427000.0,128000.0,71.6,SpO₂ no detecta señal
6318,126,13,1,1,2025-03-21,2025-03-21,2025-03-22,26000.0,0.0,6.0,
6319,732,11,3,2,2025-03-21,2025-03-23,2025-04-05,753000.0,0.0,156.0,Lámpara/resistencia dañada
6320,1366,6,12,1,2025-03-21,2025-03-22,2025-03-24,257000.0,0.0,7.0,
6321,1736,18,2,2,2025-03-22,2025-03-22,2025-03-30,16000.0,0.0,74.0,Fuga en brazalete
6322,1723,3,12,2,2025-03-22,2025-03-24,2025-04-08,1628000.0,0.0,159.5,Error de calibración
6323,623,7,3,2,2025-03-23,2025-03-23,2025-04-06,46000.0,14000.0,227.6,Lente sucio o rayado
6324,1459,11,6,2,2025-03-23,2025-03-25,2025-03-29,2181000.0,0.0,47.0,Falla de batería
6325,1167,18,11,2,2025-03-23,2025-03-26,2025-04-07,167000.0,0.0,41.3,Sistema de altura no funciona
6326,1641,1,3,2,2025-03-23,2025-03-24,2025-04-05,1886000.0,0.0,284.2,Falla de batería
6327,1956,12,12,2,2025-03-23,2025-03-24,2025-03-27,223000.0,0.0,9.2,Puerta no sella
6328,1894,18,1,1,2025-03-24,2025-03-25,2025-03-27,111000.0,8000.0,6.0,
6329,1867,6,7,1,2025-03-24,2025-03-24,2025-03-26,25000.0,0.0,4.2,
6330,1626,3,6,1,2025-03-24,2025-03-24,2025-03-27,116000.0,0.0,6.2,
6331,1085,12,7,1,2025-03-24,2025-03-26,2025-03-29,356000.0,0.0,4.6,
6332,593,15,10,1,2025-03-24,2025-03-25,2025-03-26,71000.0,0.0,3.5,
6333,585,2,6,1,2025-03-24,2025-03-25,2025-03-26,8000.0,0.0,5.8,
6334,256,10,6,1,2025-03-24,2025-03-25,2025-03-27,147000.0,0.0,6.3,
6335,815,10,6,1,2025-03-24,2025-03-26,2025-03-27,380000.0,0.0,5.5,
6336,1899,12,5,1,2025-03-24,2025-03-26,2025-03-28,676000.0,0.0,3.5,
6337,688,1,2,2,2025-03-24,2025-03-25,2025-04-07,169000.0,0.0,239.6,Caudal incorrecto
6338,298,12,1,1,2025-03-24,2025-03-24,2025-03-27,244000.0,0.0,2.0,
6339,283,11,2,2,2025-03-25,2025-03-25,2025-04-07,156000.0,41000.0,112.7,Puerta o clamp dañado
6340,868,1,4,1,2025-03-25,2025-03-27,2025-03-28,34000.0,0.0,5.0,
6341,1003,15,11,2,2025-03-25,2025-03-25,2025-04-05,1439000.0,0.0,234.0,Fuga de vapor
6342,612,20,8,2,2025-03-25,2025-03-25,2025-04-02,619000.0,0.0,70.2,Pantalla defectuosa
6343,859,4,7,2,2025-03-25,2025-03-27,2025-04-11,16000.0,0.0,87.7,Tiempo de medición excesivo
6344,449,3,4,2,2025-03-25,2025-03-25,2025-03-29,1914000.0,0.0,41.5,Alarma de presión
6345,904,8,9,1,2025-03-25,2025-03-25,2025-03-28,4300000.0,0.0,4.1,
6346,1689,4,1,2,2025-03-25,2025-03-26,2025-04-03,292000.0,0.0,133.9,Ruedas trabadas
6347,998,6,12,2,2025-03-25,2025-03-25,2025-03-26,668000.0,0.0,17.1,Registro de temperatura incorrecto
6348,649,21,6,1,2025-03-25,2025-03-27,2025-03-28,187000.0,0.0,7.3,
6349,1257,17,3,2,2025-03-25,2025-03-25,2025-04-01,114000.0,0.0,56.8,Caudal incorrecto
6350,333,4,7,2,2025-03-25,2025-03-26,2025-04-06,116000.0,0.0,128.1,Puerta o clamp dañado
6351,656,4,4,1,2025-03-25,2025-03-26,2025-03-27,12000.0,1000.0,6.7,
6352,589,7,5,1,2025-03-25,2025-03-26,2025-03-28,316000.0,35000.0,8.0,
6353,554,1,3,1,2025-03-25,2025-03-27,2025-03-29,39000.0,0.0,5.6,
6354,1172,7,2,1,2025-03-25,2025-03-25,2025-03-26,6000.0,0.0,3.5,
6355,284,15,11,1,2025-03-26,2025-03-26,2025-03-29,142000.0,0.0,3.4,
6356,1115,18,11,1,2025-03-26,2025-03-28,2025-03-30,145000.0,36000.0,7.5,
6357,737,11,4,2,2025-03-26,2025-03-27,2025-04-09,1591000.0,0.0,128.8,Alarma no funciona
6358,898,7,5,1,2025-03-26,2025-03-28,2025-03-30,137000.0,0.0,6.6,
6359,1487,2,5,1,2025-03-26,2025-03-28,2025-03-30,88000.0,0.0,7.1,
6360,1905,22,12,2,2025-03-26,2025-03-26,2025-04-07,70000.0,18000.0,207.3,Temperatura inestable
6361,1441,10,4,2,2025-03-26,2025-03-28,2025-04-05,307000.0,0.0,39.3,Batería agotada
6362,1140,4,3,2,2025-03-26,2025-03-27,2025-04-02,495000.0,0.0,44.4,NIBP no infla
6363,61,17,1,1,2025-03-26,2025-03-27,2025-03-30,363000.0,0.0,4.7,
6364,1384,16,5,1,2025-03-26,2025-03-28,2025-03-31,60000.0,0.0,1.8,
6365,1306,3,3,1,2025-03-26,2025-03-26,2025-03-29,408000.0,0.0,2.6,
6366,860,11,6,1,2025-03-27,2025-03-28,2025-03-31,163000.0,0.0,8.0,
6367,1873,22,4,1,2025-03-27,2025-03-28,2025-03-29,47000.0,0.0,1.8,
6368,399,12,2,2,2025-03-27,2025-03-28,2025-04-01,185000.0,0.0,8.7,SpO₂ sin lectura
6369,60,15,10,2,2025-03-27,2025-03-30,2025-04-13,2282000.0,0.0,293.5,Fuga de vapor
6370,34,18,11,2,2025-03-27,2025-03-30,2025-04-14,331000.0,99000.0,255.5,Sensor de velocidad falla
6371,1375,22,2,2,2025-03-27,2025-03-27,2025-03-28,116000.0,0.0,21.0,Alarmas inoperativas
6372,849,2,5,1,2025-03-27,2025-03-28,2025-03-29,127000.0,0.0,1.3,
6373,1391,4,5,1,2025-03-27,2025-03-27,2025-03-29,93000.0,0.0,2.5,
6374,1710,10,1,2,2025-03-27,2025-03-29,2025-04-04,5366000.0,0.0,33.8,Falla en vaporizador
6375,1105,7,3,1,2025-03-27,2025-03-28,2025-03-29,106000.0,0.0,5.3,
6376,1048,11,1,1,2025-03-28,2025-03-28,2025-03-31,31000.0,0.0,3.1,
6377,1081,10,6,1,2025-03-28,2025-03-30,2025-04-01,734000.0,0.0,4.2,
6378,1757,21,6,2,2025-03-28,2025-03-28,2025-04-08,217000.0,60000.0,229.2,Caudal incorrecto
6379,483,7,6,2,2025-03-28,2025-03-29,2025-04-06,135000.0,0.0,23.3,Teclado/pantalla defectuosa
6380,1258,18,10,1,2025-03-28,2025-03-30,2025-03-31,229000.0,0.0,1.7,
6381,961,4,2,2,2025-03-28,2025-03-30,2025-04-06,262000.0,0.0,35.9,Pantalla defectuosa
6382,674,16,7,1,2025-03-28,2025-03-29,2025-03-30,11000.0,0.0,3.6,
6383,1789,20,9,1,2025-03-28,2025-03-28,2025-03-30,1819000.0,0.0,6.3,
6384,1941,9,6,1,2025-03-31,2025-04-01,2025-04-03,87000.0,0.0,7.7,
6385,830,12,6,1,2025-03-31,2025-03-31,2025-04-03,176000.0,31000.0,5.9,
6386,476,9,3,1,2025-03-31,2025-04-02,2025-04-03,807000.0,0.0,5.6,
6387,1077,4,5,1,2025-03-31,2025-03-31,2025-04-02,263000.0,71000.0,6.3,
6388,410,12,4,1,2025-04-01,2025-04-01,2025-04-03,747000.0,0.0,3.7,
6389,1104,12,1,1,2025-04-01,2025-04-02,2025-04-04,135000.0,0.0,4.5,
6390,765,2,1,2,2025-04-01,2025-04-01,2025-04-12,1887000.0,0.0,76.8,Falla de pantalla
6391,1162,1,7,1,2025-04-01,2025-04-03,2025-04-04,86000.0,0.0,3.9,
6392,1865,12,1,2,2025-04-02,2025-04-02,2025-04-13,387000.0,0.0,14.5,Módulo ECG dañado
6393,1422,2,3,1,2025-04-02,2025-04-04,2025-04-06,316000.0,0.0,2.0,
6394,1137,11,2,1,2025-04-02,2025-04-02,2025-04-04,55000.0,7000.0,2.0,
6395,641,17,9,2,2025-04-02,2025-04-03,2025-04-18,45137000.0,8859000.0,49.9,Artefactos de imagen
6396,1332,4,8,2,2025-04-02,2025-04-05,2025-04-07,60000000.0,0.0,8.8,Falla de comunicación
6397,236,7,5,1,2025-04-02,2025-04-04,2025-04-06,352000.0,57000.0,1.2,
6398,1631,22,6,1,2025-04-03,2025-04-04,2025-04-05,242000.0,0.0,1.4,
6399,1936,1,1,1,2025-04-03,2025-04-03,2025-04-05,1936000.0,278000.0,4.7,
6400,666,3,2,1,2025-04-03,2025-04-04,2025-04-06,290000.0,0.0,2.7,
6401,1830,11,2,1,2025-04-03,2025-04-04,2025-04-07,494000.0,0.0,1.6,
6402,1737,21,6,1,2025-04-03,2025-04-04,2025-04-07,872000.0,0.0,4.4,
6403,1058,17,3,1,2025-04-03,2025-04-04,2025-04-05,1193000.0,0.0,5.5,
6404,48,16,12,1,2025-04-03,2025-04-05,2025-04-07,113000.0,0.0,3.4,
6405,1540,2,6,1,2025-04-03,2025-04-04,2025-04-07,1474000.0,0.0,2.8,
6406,864,1,9,2,2025-04-03,2025-04-04,2025-04-07,60000000.0,0.0,22.3,Error de criogenia
6407,1570,21,1,1,2025-04-03,2025-04-05,2025-04-06,148000.0,0.0,6.6,
6408,174,3,3,2,2025-04-04,2025-04-06,2025-04-19,328000.0,98000.0,194.1,Alarma no funciona
6409,160,9,5,1,2025-04-04,2025-04-06,2025-04-08,83000.0,0.0,1.7,
6410,1695,11,2,1,2025-04-04,2025-04-06,2025-04-07,52000.0,0.0,4.2,
6411,32,12,3,1,2025-04-04,2025-04-05,2025-04-08,17000.0,0.0,6.8,
6412,1047,1,4,1,2025-04-04,2025-04-06,2025-04-09,862000.0,0.0,6.4,
6413,95,4,7,1,2025-04-04,2025-04-06,2025-04-09,90000.0,0.0,5.7,
6414,144,8,9,1,2025-04-04,2025-04-05,2025-04-06,1724000.0,0.0,1.8,
6415,1731,5,1,2,2025-04-05,2025-04-05,2025-04-06,226000.0,0.0,22.4,No enciende
6416,214,9,8,2,2025-04-05,2025-04-08,2025-04-16,2930000.0,0.0,88.2,Falla de teclado o trackball
6417,376,17,4,2,2025-04-06,2025-04-06,2025-04-14,563000.0,0.0,109.1,Módulo ECG dañado
6418,1637,9,2,2,2025-04-06,2025-04-06,2025-04-13,3186000.0,0.0,73.6,Alarma de presión
6419,985,22,3,1,2025-04-07,2025-04-09,2025-04-12,62000.0,0.0,4.4,
6420,775,19,11,1,2025-04-07,2025-04-07,2025-04-09,80000.0,0.0,1.1,
6421,1158,21,4,2,2025-04-07,2025-04-08,2025-04-11,22000.0,0.0,10.7,Lectura incorrecta
6422,1161,1,3,2,2025-04-07,2025-04-07,2025-04-09,120000.0,36000.0,21.8,Temperatura errática
6423,1340,1,1,2,2025-04-07,2025-04-07,2025-04-09,92000.0,0.0,35.1,Error de calibración
6424,448,2,1,1,2025-04-07,2025-04-08,2025-04-09,87000.0,0.0,3.2,
6425,903,9,5,1,2025-04-08,2025-04-09,2025-04-10,160000.0,0.0,4.6,
6426,844,3,4,2,2025-04-08,2025-04-09,2025-04-21,283000.0,0.0,257.5,Bloqueo de seguridad dañado
6427,409,10,6,1,2025-04-08,2025-04-10,2025-04-11,375000.0,57000.0,4.4,
6428,1635,2,5,1,2025-04-08,2025-04-08,2025-04-10,61000.0,0.0,6.0,
6429,1516,9,1,1,2025-04-08,2025-04-08,2025-04-11,97000.0,0.0,3.3,
6430,1001,11,6,1,2025-04-08,2025-04-09,2025-04-10,827000.0,110000.0,7.9,
6431,1334,5,12,2,2025-04-08,2025-04-10,2025-04-18,116000.0,0.0,59.3,Temperatura inestable
6432,1412,16,3,2,2025-04-08,2025-04-08,2025-04-23,20000.0,0.0,137.6,Lectura incorrecta
6433,31,22,2,1,2025-04-08,2025-04-08,2025-04-09,15000.0,0.0,7.8,
6434,1630,9,2,2,2025-04-08,2025-04-11,2025-04-22,4592000.0,1378000.0,27.4,Fuga de gases
6435,123,8,5,1,2025-04-08,2025-04-10,2025-04-13,245000.0,0.0,1.8,
6436,17,11,7,1,2025-04-08,2025-04-10,2025-04-12,312000.0,0.0,4.4,
6437,1903,1,1,2,2025-04-09,2025-04-11,2025-04-22,143000.0,0.0,226.6,Caudal incorrecto
6438,1797,11,3,1,2025-04-09,2025-04-11,2025-04-14,357000.0,0.0,7.0,
6439,1454,4,2,1,2025-04-09,2025-04-11,2025-04-12,101000.0,0.0,2.2,
6440,1938,10,3,1,2025-04-09,2025-04-09,2025-04-11,201000.0,62000.0,2.9,
6441,119,10,7,1,2025-04-09,2025-04-09,2025-04-10,1397000.0,0.0,5.2,
6442,1320,10,6,1,2025-04-10,2025-04-10,2025-04-12,308000.0,0.0,2.1,
6443,1148,3,12,1,2025-04-10,2025-04-12,2025-04-13,1578000.0,0.0,2.6,
6444,1500,9,12,1,2025-04-10,2025-04-11,2025-04-14,185000.0,0.0,5.8,
6445,842,19,11,1,2025-04-10,2025-04-12,2025-04-14,813000.0,0.0,1.8,
6446,587,11,4,1,2025-04-10,2025-04-11,2025-04-14,21000.0,0.0,6.3,
6447,965,13,9,1,2025-04-10,2025-04-10,2025-04-11,1145000.0,0.0,6.3,
6448,1656,13,9,1,2025-04-10,2025-04-10,2025-04-13,1231000.0,0.0,4.1,
6449,721,18,6,1,2025-04-10,2025-04-10,2025-04-13,28000.0,0.0,4.9,
6450,751,12,3,1,2025-04-10,2025-04-11,2025-04-12,565000.0,0.0,7.9,
6451,54,9,12,1,2025-04-11,2025-04-12,2025-04-14,1102000.0,0.0,6.2,
6452,1966,20,8,1,2025-04-11,2025-04-11,2025-04-13,320000.0,0.0,7.7,
6453,1238,9,7,2,2025-04-11,2025-04-12,2025-04-22,0.0,0.0,144.2,Pantalla sin respuesta
6454,737,11,6,1,2025-04-11,2025-04-13,2025-04-16,797000.0,0.0,7.4,
6455,1950,4,9,2,2025-04-11,2025-04-14,2025-04-22,4216000.0,0.0,53.8,Transductor dañado
6456,563,12,7,1,2025-04-11,2025-04-11,2025-04-14,96000.0,0.0,7.1,
6457,1782,6,2,2,2025-04-11,2025-04-12,2025-04-20,332000.0,0.0,24.9,Sistema hidráulico con fuga
6458,1269,3,4,2,2025-04-11,2025-04-11,2025-04-21,585000.0,0.0,210.7,Pantalla sin imagen
6459,69,21,4,2,2025-04-11,2025-04-11,2025-04-26,173000.0,0.0,264.4,Puerta o clamp dañado
6460,16,12,3,1,2025-04-11,2025-04-13,2025-04-16,130000.0,0.0,3.1,
6461,684,21,4,1,2025-04-11,2025-04-11,2025-04-14,1078000.0,510000.0,4.5,
6462,834,12,7,1,2025-04-11,2025-04-11,2025-04-14,18000.0,0.0,2.4,
6463,726,5,7,1,2025-04-11,2025-04-13,2025-04-15,39000.0,2000.0,4.2,
6464,1297,9,2,2,2025-04-12,2025-04-14,2025-04-26,3150000.0,0.0,217.4,Error de calibración
6465,1301,17,8,2,2025-04-12,2025-04-13,2025-04-23,3922000.0,0.0,224.9,Problema de comunicación con estación
6466,1112,4,3,2,2025-04-12,2025-04-13,2025-04-23,137000.0,0.0,88.4,Alarmas inoperativas
6467,1673,4,6,2,2025-04-12,2025-04-15,2025-04-25,3031000.0,0.0,69.1,Falla de batería
6468,1073,16,3,2,2025-04-13,2025-04-13,2025-04-25,4000.0,0.0,268.5,Lecturas erróneas
6469,68,17,9,2,2025-04-13,2025-04-14,2025-04-16,3597000.0,0.0,27.0,Imagen con ruido
6470,684,21,5,2,2025-04-13,2025-04-14,2025-04-28,3439000.0,743000.0,106.5,Fuga en circuito
6471,720,17,2,2,2025-04-13,2025-04-14,2025-04-23,21000.0,0.0,125.2,Válvula defectuosa
6472,1886,17,3,2,2025-04-14,2025-04-17,2025-04-22,348000.0,0.0,51.7,Pantalla sin imagen
6473,43,6,12,1,2025-04-14,2025-04-16,2025-04-17,99000.0,27000.0,3.4,
6474,1458,1,1,1,2025-04-14,2025-04-15,2025-04-16,144000.0,0.0,1.0,
6475,832,4,7,2,2025-04-14,2025-04-16,2025-04-24,127000.0,0.0,180.4,No detecta línea
6476,781,17,7,1,2025-04-14,2025-04-14,2025-04-17,180000.0,0.0,2.4,
6477,1440,10,2,1,2025-04-14,2025-04-14,2025-04-15,492000.0,0.0,3.3,
6478,1455,13,3,1,2025-04-14,2025-04-14,2025-04-17,91000.0,0.0,3.1,
6479,630,14,7,1,2025-04-14,2025-04-16,2025-04-17,88000.0,0.0,6.0,
6480,735,8,1,1,2025-04-14,2025-04-15,2025-04-16,31000.0,0.0,4.6,
6481,1238,9,2,1,2025-04-14,2025-04-16,2025-04-17,1743000.0,0.0,2.4,
6482,943,4,1,1,2025-04-15,2025-04-16,2025-04-17,1780000.0,666000.0,1.2,
6483,419,20,9,1,2025-04-15,2025-04-16,2025-04-19,311000.0,0.0,6.0,
6484,790,3,2,1,2025-04-15,2025-04-17,2025-04-20,3130000.0,0.0,5.9,
6485,1601,11,6,2,2025-04-15,2025-04-16,2025-04-27,239000.0,0.0,150.3,Alarma de oclusión
6486,980,15,10,2,2025-04-15,2025-04-18,2025-04-26,1616000.0,0.0,118.6,Dosificación incorrecta de detergente
6487,1683,8,3,1,2025-04-15,2025-04-16,2025-04-17,228000.0,36000.0,6.9,
6488,653,6,12,1,2025-04-16,2025-04-18,2025-04-21,1239000.0,0.0,2.9,
6489,1807,2,2,1,2025-04-16,2025-04-16,2025-04-18,190000.0,0.0,7.7,
6490,562,3,6,1,2025-04-16,2025-04-17,2025-04-19,315000.0,57000.0,6.5,
6491,1170,21,5,1,2025-04-16,2025-04-18,2025-04-21,117000.0,7000.0,3.1,
6492,888,6,3,1,2025-04-16,2025-04-16,2025-04-17,20000.0,0.0,5.9,
6493,1182,6,7,1,2025-04-16,2025-04-16,2025-04-17,238000.0,0.0,4.8,
6494,804,1,8,1,2025-04-16,2025-04-18,2025-04-21,2627000.0,0.0,5.2,
6495,1311,22,12,1,2025-04-16,2025-04-17,2025-04-19,137000.0,0.0,2.5,
6496,1302,11,7,2,2025-04-16,2025-04-17,2025-04-20,3092000.0,0.0,44.9,Sensor defectuoso
6497,607,8,7,2,2025-04-16,2025-04-18,2025-04-23,15000.0,0.0,81.7,Pera dañada
6498,910,17,4,2,2025-04-16,2025-04-17,2025-04-24,457000.0,137000.0,58.2,Cables de paciente defectuosos
6499,1919,6,1,1,2025-04-16,2025-04-18,2025-04-21,84000.0,0.0,3.3,
6500,747,15,11,1,2025-04-16,2025-04-17,2025-04-20,82000.0,0.0,7.4,
6501,1079,12,4,1,2025-04-17,2025-04-18,2025-04-20,179000.0,0.0,1.9,
6502,686,1,7,1,2025-04-17,2025-04-19,2025-04-22,183000.0,0.0,4.6,
6503,1818,2,3,1,2025-04-17,2025-04-17,2025-04-19,69000.0,0.0,6.0,
6504,1616,17,3,1,2025-04-17,2025-04-18,2025-04-21,189000.0,0.0,3.1,
6505,1362,15,10,1,2025-04-17,2025-04-18,2025-04-20,112000.0,15000.0,4.2,
6506,1569,12,2,1,2025-04-17,2025-04-17,2025-04-20,28000.0,0.0,2.9,
6507,601,2,3,1,2025-04-17,2025-04-18,2025-04-20,294000.0,27000.0,1.8,
6508,347,7,7,1,2025-04-17,2025-04-19,2025-04-22,39000.0,0.0,4.4,
6509,1561,4,7,2,2025-04-17,2025-04-19,2025-05-03,410000.0,123000.0,70.1,SpO₂ no detecta señal
6510,1702,22,1,2,2025-04-17,2025-04-19,2025-04-20,560000.0,0.0,20.1,Mecanismo de altura no funciona
6511,982,5,3,2,2025-04-17,2025-04-19,2025-04-21,566000.0,0.0,33.2,NIBP no infla
6512,1252,22,2,1,2025-04-17,2025-04-17,2025-04-20,36000.0,1000.0,7.2,
6513,1382,15,11,1,2025-04-18,2025-04-19,2025-04-22,106000.0,0.0,6.8,
6514,574,1,4,1,2025-04-18,2025-04-18,2025-04-20,316000.0,0.0,5.3,
6515,413,5,3,1,2025-04-18,2025-04-20,2025-04-23,6000.0,0.0,3.9,
6516,430,22,7,1,2025-04-18,2025-04-20,2025-04-22,10000.0,0.0,4.9,
6517,1334,5,12,1,2025-04-18,2025-04-19,2025-04-20,136000.0,0.0,2.7,
6518,415,9,5,2,2025-04-18,2025-04-20,2025-04-23,589000.0,0.0,9.4,Pantalla dañada
6519,320,4,4,1,2025-04-18,2025-04-18,2025-04-20,77000.0,0.0,3.0,
6520,519,9,5,2,2025-04-19,2025-04-22,2025-05-04,255000.0,0.0,111.4,Alarma de oclusión
6521,1870,4,2,2,2025-04-19,2025-04-21,2025-05-06,260000.0,0.0,144.0,SpO₂ no detecta señal
6522,1510,11,7,2,2025-04-19,2025-04-21,2025-04-24,368000.0,103000.0,57.0,No enciende
6523,977,1,4,2,2025-04-20,2025-04-22,2025-04-27,6916000.0,0.0,86.9,Problema en ventilador integrado
6524,695,9,1,2,2025-04-20,2025-04-22,2025-05-03,24000.0,0.0,216.4,Lectura incorrecta
6525,770,15,10,2,2025-04-20,2025-04-22,2025-04-24,2382000.0,0.0,20.8,Boquillas obstruidas
6526,1512,6,4,2,2025-04-20,2025-04-21,2025-04-24,5000.0,0.0,49.7,Batería agotada
6527,436,13,6,2,2025-04-21,2025-04-24,2025-04-25,230000.0,0.0,22.9,Sonda dañada
6528,1842,17,5,1,2025-04-21,2025-04-21,2025-04-22,966000.0,0.0,2.9,
6529,892,10,6,1,2025-04-21,2025-04-23,2025-04-24,3132000.0,0.0,6.4,
6530,1841,1,4,1,2025-04-21,2025-04-21,2025-04-24,337000.0,0.0,4.4,
6531,14,7,7,1,2025-04-21,2025-04-22,2025-04-25,269000.0,70000.0,2.8,
6532,740,2,7,1,2025-04-21,2025-04-22,2025-04-23,139000.0,0.0,5.7,
6533,1001,11,4,2,2025-04-21,2025-04-23,2025-04-29,1724000.0,353000.0,75.9,Alarma no funciona
6534,815,10,1,2,2025-04-21,2025-04-23,2025-05-02,682000.0,0.0,54.0,Descarga fallida
6535,1246,12,1,2,2025-04-21,2025-04-22,2025-04-24,576000.0,173000.0,9.6,SpO₂ no detecta señal
6536,1431,8,7,1,2025-04-21,2025-04-22,2025-04-25,28000.0,0.0,7.6,
6537,1665,5,7,1,2025-04-22,2025-04-24,2025-04-25,410000.0,113000.0,5.4,
6538,1163,3,5,1,2025-04-22,2025-04-24,2025-04-27,159000.0,0.0,6.0,
6539,1664,11,5,1,2025-04-22,2025-04-23,2025-04-26,122000.0,0.0,2.7,
6540,1171,11,2,1,2025-04-22,2025-04-23,2025-04-24,59000.0,0.0,2.6,
6541,789,1,4,2,2025-04-22,2025-04-25,2025-05-08,1354000.0,224000.0,69.2,Temperatura inestable
6542,492,11,1,1,2025-04-22,2025-04-23,2025-04-24,186000.0,0.0,6.5,
6543,948,10,7,1,2025-04-22,2025-04-23,2025-04-25,844000.0,243000.0,1.0,
6544,143,6,3,2,2025-04-22,2025-04-24,2025-05-02,208000.0,62000.0,171.2,Módulo ECG dañado
6545,1902,20,1,1,2025-04-22,2025-04-23,2025-04-25,31000.0,1000.0,6.9,
6546,1318,15,11,1,2025-04-22,2025-04-22,2025-04-23,1339000.0,0.0,6.8,
6547,1825,21,1,1,2025-04-22,2025-04-22,2025-04-23,58000.0,0.0,5.1,
6548,1083,8,5,1,2025-04-22,2025-04-24,2025-04-26,291000.0,0.0,3.6,
6549,134,9,7,1,2025-04-22,2025-04-24,2025-04-25,84000.0,12000.0,6.5,
6550,152,10,1,1,2025-04-22,2025-04-22,2025-04-23,53000.0,0.0,5.7,
6551,103,1,2,1,2025-04-23,2025-04-24,2025-04-25,505000.0,0.0,3.0,
6552,247,18,11,1,2025-04-23,2025-04-24,2025-04-25,175000.0,0.0,7.1,
6553,98,22,12,1,2025-04-23,2025-04-25,2025-04-28,169000.0,19000.0,2.6,
6554,650,7,2,1,2025-04-23,2025-04-23,2025-04-24,132000.0,0.0,5.4,
6555,1466,4,1,1,2025-04-23,2025-04-23,2025-04-24,278000.0,48000.0,2.3,
6556,1463,8,7,2,2025-04-23,2025-04-24,2025-04-26,502000.0,0.0,36.8,Pantalla sin imagen
6557,163,5,4,1,2025-04-23,2025-04-24,2025-04-27,216000.0,0.0,2.0,
6558,1305,9,4,2,2025-04-23,2025-04-24,2025-04-26,173000.0,0.0,23.4,Batería dañada
6559,225,12,5,1,2025-04-23,2025-04-24,2025-04-25,86000.0,14000.0,7.1,
6560,283,11,6,1,2025-04-23,2025-04-23,2025-04-25,88000.0,17000.0,5.2,
6561,1022,19,11,2,2025-04-23,2025-04-25,2025-05-10,5908000.0,2016000.0,289.2,Falla de rotación
6562,1677,5,3,1,2025-04-23,2025-04-25,2025-04-26,13000.0,0.0,7.5,
6563,250,2,4,1,2025-04-24,2025-04-25,2025-04-28,78000.0,0.0,4.4,
6564,1961,10,2,1,2025-04-24,2025-04-25,2025-04-26,1956000.0,0.0,3.1,
6565,1051,10,4,2,2025-04-24,2025-04-24,2025-05-08,3008000.0,0.0,201.0,Sensor defectuoso
6566,497,17,2,1,2025-04-24,2025-04-26,2025-04-29,203000.0,0.0,7.8,
6567,641,17,9,2,2025-04-24,2025-04-24,2025-04-25,53724000.0,16117000.0,12.4,Sobrecalentamiento del tubo
6568,1128,12,4,1,2025-04-24,2025-04-24,2025-04-26,123000.0,0.0,7.2,
6569,1877,18,10,1,2025-04-24,2025-04-25,2025-04-26,323000.0,0.0,6.5,
6570,1714,21,3,1,2025-04-24,2025-04-26,2025-04-27,82000.0,0.0,3.9,
6571,1120,10,3,2,2025-04-24,2025-04-25,2025-04-26,5000.0,0.0,14.4,Batería agotada
6572,1051,10,5,1,2025-04-24,2025-04-24,2025-04-26,1244000.0,0.0,2.7,
6573,313,1,8,2,2025-04-24,2025-04-26,2025-05-03,14413000.0,0.0,156.4,Detector defectuoso
6574,1758,11,4,2,2025-04-24,2025-04-25,2025-05-06,183000.0,0.0,174.7,No detecta línea
6575,1949,4,9,2,2025-04-24,2025-04-26,2025-05-05,4578000.0,0.0,22.3,Puertos dañados
6576,934,7,1,1,2025-04-25,2025-04-26,2025-04-29,2445000.0,0.0,3.8,
6577,738,11,6,1,2025-04-25,2025-04-25,2025-04-28,128000.0,0.0,2.8,
6578,1401,3,2,1,2025-04-25,2025-04-26,2025-04-29,900000.0,0.0,3.0,
6579,1499,6,7,2,2025-04-25,2025-04-26,2025-05-10,118000.0,0.0,262.4,SpO₂ sin lectura
6580,1662,14,12,2,2025-04-25,2025-04-28,2025-05-07,346000.0,0.0,195.1,No alcanza RPM
6581,1515,10,6,1,2025-04-25,2025-04-27,2025-04-28,40000.0,0.0,2.7,
6582,616,4,7,1,2025-04-25,2025-04-26,2025-04-27,279000.0,0.0,7.2,
6583,1142,11,2,1,2025-04-25,2025-04-25,2025-04-27,116000.0,0.0,5.6,
6584,1229,17,6,2,2025-04-25,2025-04-25,2025-05-04,394000.0,0.0,178.6,NIBP no infla
6585,446,1,6,1,2025-04-25,2025-04-26,2025-04-28,102000.0,0.0,4.3,
6586,1952,21,6,2,2025-04-25,2025-04-26,2025-05-06,4853000.0,0.0,146.7,Falla en vaporizador
6587,878,9,6,2,2025-04-25,2025-04-28,2025-04-29,261000.0,78000.0,20.8,Pantalla sin imagen
6588,869,14,1,2,2025-04-26,2025-04-27,2025-04-29,27000.0,0.0,19.2,Manómetro descalibrado
6589,112,10,2,2,2025-04-26,2025-04-27,2025-05-05,423000.0,127000.0,82.1,No enciende
6590,819,7,7,2,2025-04-27,2025-04-27,2025-05-03,239000.0,72000.0,88.0,Error de calibración
6591,1648,5,6,2,2025-04-27,2025-04-28,2025-05-07,360000.0,82000.0,85.9,Batería dañada
6592,1330,2,4,2,2025-04-27,2025-04-27,2025-05-06,588000.0,176000.0,32.0,Ruedas trabadas
6593,1934,12,4,2,2025-04-27,2025-04-28,2025-05-04,230000.0,0.0,30.0,Teclado/pantalla defectuosa
6594,1798,9,3,2,2025-04-27,2025-04-29,2025-05-08,2582000.0,0.0,96.9,No enciende
6595,980,15,11,2,2025-04-27,2025-04-29,2025-05-02,1616000.0,0.0,15.8,Boquillas obstruidas
6596,413,5,4,2,2025-04-28,2025-04-28,2025-05-01,5000.0,0.0,62.1,Lecturas erróneas
6597,177,17,1,1,2025-04-28,2025-04-30,2025-05-02,205000.0,0.0,1.6,
6598,1798,3,6,1,2025-04-28,2025-04-29,2025-05-01,1115000.0,0.0,4.9,
6599,299,21,3,1,2025-04-28,2025-04-28,2025-04-29,101000.0,0.0,6.0,
6600,1242,12,4,1,2025-04-28,2025-04-28,2025-04-29,115000.0,36000.0,7.9,
6601,279,8,2,1,2025-04-28,2025-04-28,2025-04-29,103000.0,0.0,3.2,
6602,944,9,4,2,2025-04-28,2025-05-01,2025-05-10,281000.0,0.0,19.0,Batería agotada
6603,907,5,1,1,2025-04-28,2025-04-28,2025-04-29,49000.0,10000.0,1.6,
6604,113,11,3,1,2025-04-28,2025-04-30,2025-05-03,34000.0,0.0,5.0,
6605,1224,16,1,1,2025-04-28,2025-04-29,2025-05-01,27000.0,1000.0,7.0,
6606,1542,12,4,1,2025-04-28,2025-04-28,2025-05-01,683000.0,0.0,7.7,
6607,854,17,6,2,2025-04-28,2025-05-01,2025-05-10,484000.0,0.0,160.6,Palas/electrodos defectuosos
6608,1557,4,8,1,2025-04-29,2025-04-29,2025-05-02,3367000.0,0.0,5.7,
6609,1757,21,3,1,2025-04-29,2025-05-01,2025-05-02,149000.0,12000.0,7.4,
6610,1067,1,5,1,2025-04-30,2025-04-30,2025-05-01,98000.0,0.0,1.3,
6611,776,21,7,1,2025-04-30,2025-05-02,2025-05-03,9000.0,0.0,4.2,
6612,618,6,1,1,2025-04-30,2025-04-30,2025-05-01,235000.0,50000.0,1.7,
6613,703,9,2,1,2025-04-30,2025-05-01,2025-05-04,10000.0,0.0,6.1,
6614,1907,12,2,1,2025-04-30,2025-05-02,2025-05-05,213000.0,0.0,2.1,
6615,346,2,5,1,2025-04-30,2025-04-30,2025-05-03,362000.0,0.0,3.7,
6616,1864,6,6,1,2025-04-30,2025-05-02,2025-05-04,110000.0,17000.0,2.2,
6617,1332,4,8,1,2025-04-30,2025-05-01,2025-05-02,36928000.0,0.0,7.8,
6618,1903,1,3,1,2025-04-30,2025-04-30,2025-05-02,83000.0,0.0,5.4,
6619,1883,6,7,1,2025-05-01,2025-05-02,2025-05-04,90000.0,0.0,1.8,
6620,1016,11,1,1,2025-05-01,2025-05-02,2025-05-05,165000.0,0.0,4.8,
6621,1540,2,1,2,2025-05-01,2025-05-01,2025-05-15,3671000.0,0.0,164.6,Falla de pantalla
6622,69,21,1,1,2025-05-01,2025-05-01,2025-05-02,143000.0,0.0,1.2,
6623,1403,16,1,2,2025-05-01,2025-05-04,2025-05-08,7000.0,0.0,35.0,Batería agotada
6624,1361,11,6,2,2025-05-02,2025-05-02,2025-05-12,744000.0,0.0,167.7,Alarma de temperatura
6625,1878,6,2,2,2025-05-02,2025-05-03,2025-05-06,184000.0,0.0,34.8,Temperatura errática
6626,899,3,6,1,2025-05-02,2025-05-02,2025-05-05,440000.0,0.0,4.5,
6627,605,6,2,2,2025-05-02,2025-05-04,2025-05-16,4000.0,1000.0,62.7,Tiras no reconocidas
6628,1663,7,3,1,2025-05-02,2025-05-02,2025-05-05,161000.0,0.0,3.2,
6629,889,17,9,2,2025-05-03,2025-05-04,2025-05-13,2254000.0,0.0,203.8,Imagen con ruido
6630,204,21,5,2,2025-05-03,2025-05-05,2025-05-20,173000.0,0.0,79.1,No detecta línea
6631,410,12,5,2,2025-05-04,2025-05-05,2025-05-12,1209000.0,0.0,90.9,Puerta o cúpula dañada
6632,407,17,8,2,2025-05-04,2025-05-04,2025-05-07,2389000.0,0.0,18.8,Imagen con ruido
6633,50,5,1,2,2025-05-04,2025-05-05,2025-05-10,364000.0,0.0,92.3,Lecturas erráticas
6634,1604,7,7,2,2025-05-05,2025-05-05,2025-05-12,3380000.0,922000.0,119.3,Falla en vaporizador
6635,798,3,6,1,2025-05-05,2025-05-07,2025-05-08,237000.0,0.0,6.2,
6636,1522,24,4,1,2025-05-05,2025-05-06,2025-05-08,295000.0,0.0,2.6,
6637,596,1,1,2,2025-05-05,2025-05-05,2025-05-13,218000.0,0.0,186.0,Error de calibración
6638,47,11,7,1,2025-05-05,2025-05-06,2025-05-09,314000.0,0.0,1.4,
6639,1089,10,7,1,2025-05-05,2025-05-07,2025-05-08,286000.0,0.0,2.2,
6640,1777,1,2,2,2025-05-05,2025-05-07,2025-05-15,441000.0,72000.0,28.7,Sistema hidráulico con fuga
6641,966,1,6,1,2025-05-05,2025-05-06,2025-05-09,645000.0,0.0,3.4,
6642,1333,8,8,1,2025-05-05,2025-05-05,2025-05-07,13550000.0,0.0,6.1,
6643,1022,19,10,1,2025-05-05,2025-05-07,2025-05-09,3036000.0,956000.0,3.1,
6644,1041,11,5,2,2025-05-05,2025-05-06,2025-05-17,393000.0,0.0,169.6,Módulo ECG dañado
6645,1033,3,12,1,2025-05-05,2025-05-06,2025-05-09,148000.0,0.0,1.2,
6646,637,9,8,2,2025-05-05,2025-05-05,2025-05-20,60000000.0,0.0,182.8,Artefactos de imagen
6647,1898,2,1,1,2025-05-05,2025-05-05,2025-05-08,126000.0,23000.0,7.7,
6648,391,10,7,1,2025-05-06,2025-05-08,2025-05-11,274000.0,0.0,6.6,
6649,809,7,7,2,2025-05-06,2025-05-07,2025-05-21,120000.0,36000.0,20.2,Alarmas inoperativas
6650,993,10,5,1,2025-05-06,2025-05-06,2025-05-08,594000.0,0.0,5.5,
6651,1254,17,2,1,2025-05-06,2025-05-08,2025-05-11,300000.0,0.0,3.5,
6652,1776,10,2,2,2025-05-06,2025-05-09,2025-05-21,1938000.0,0.0,102.8,Falla de ventilador
6653,894,15,11,1,2025-05-07,2025-05-09,2025-05-12,1925000.0,409000.0,2.3,
6654,120,4,12,1,2025-05-07,2025-05-09,2025-05-10,320000.0,0.0,6.1,
6655,1372,3,1,1,2025-05-07,2025-05-09,2025-05-10,90000.0,0.0,7.0,
6656,2000,21,5,1,2025-05-07,2025-05-09,2025-05-10,88000.0,0.0,7.0,
6657,564,4,3,2,2025-05-07,2025-05-10,2025-05-12,88000.0,0.0,22.3,Plataforma desnivelada
6658,1662,14,12,1,2025-05-08,2025-05-10,2025-05-13,302000.0,0.0,6.8,
6659,1827,24,2,2,2025-05-08,2025-05-09,2025-05-12,437000.0,0.0,19.5,Batería agotada
6660,1791,4,3,1,2025-05-08,2025-05-10,2025-05-11,92000.0,0.0,3.0,
6661,1872,21,7,1,2025-05-08,2025-05-08,2025-05-10,289000.0,0.0,5.3,
6662,91,5,7,2,2025-05-08,2025-05-10,2025-05-18,155000.0,0.0,22.0,Batería agotada
6663,550,7,2,1,2025-05-08,2025-05-10,2025-05-12,138000.0,0.0,1.5,
6664,489,1,4,2,2025-05-08,2025-05-08,2025-05-11,4443000.0,0.0,50.6,Presión inestable
6665,24,12,7,1,2025-05-08,2025-05-09,2025-05-10,107000.0,0.0,5.1,
6666,804,1,9,2,2025-05-09,2025-05-11,2025-05-24,5680000.0,0.0,182.2,Pantalla defectuosa
6667,116,10,7,1,2025-05-09,2025-05-11,2025-05-12,346000.0,0.0,4.8,
6668,1963,12,2,1,2025-05-09,2025-05-10,2025-05-11,280000.0,0.0,6.8,
6669,1934,12,4,1,2025-05-09,2025-05-10,2025-05-12,148000.0,0.0,2.4,
6670,381,11,3,2,2025-05-09,2025-05-09,2025-05-17,3920000.0,0.0,155.1,Batería dañada
6671,1739,21,4,1,2025-05-09,2025-05-10,2025-05-13,44000.0,2000.0,6.2,
6672,1949,4,9,2,2025-05-09,2025-05-12,2025-05-26,4582000.0,0.0,97.8,Pantalla defectuosa
6673,574,1,4,2,2025-05-09,2025-05-11,2025-05-12,453000.0,0.0,13.0,Baja intensidad lumínica
6674,551,11,1,1,2025-05-09,2025-05-11,2025-05-13,183000.0,0.0,7.6,
6675,201,17,4,2,2025-05-09,2025-05-12,2025-05-25,159000.0,0.0,296.9,Caudal incorrecto
6676,249,9,6,2,2025-05-10,2025-05-12,2025-05-24,427000.0,96000.0,277.5,NIBP no infla
6677,216,12,6,2,2025-05-10,2025-05-12,2025-05-13,6632000.0,0.0,16.2,Error en sensor de oxígeno
6678,1859,12,1,2,2025-05-10,2025-05-11,2025-05-25,1179000.0,0.0,201.5,Puerta o cúpula dañada
6679,1819,2,6,2,2025-05-11,2025-05-12,2025-05-19,161000.0,0.0,121.6,Puerta o clamp dañado
6680,1284,9,12,2,2025-05-11,2025-05-11,2025-05-17,3403000.0,0.0,79.1,Error de reactivos
6681,241,17,5,2,2025-05-11,2025-05-14,2025-05-24,46000.0,0.0,62.3,Batería dañada
6682,369,8,1,1,2025-05-12,2025-05-13,2025-05-15,29000.0,0.0,4.2,
6683,657,4,12,1,2025-05-12,2025-05-12,2025-05-13,98000.0,22000.0,3.0,
6684,1594,11,7,1,2025-05-12,2025-05-14,2025-05-17,156000.0,0.0,3.9,
6685,1226,2,6,1,2025-05-12,2025-05-14,2025-05-16,92000.0,0.0,6.1,
6686,4,5,5,1,2025-05-12,2025-05-13,2025-05-16,59000.0,0.0,3.8,
6687,230,9,7,2,2025-05-12,2025-05-14,2025-05-21,514000.0,0.0,120.1,Pantalla sin imagen
6688,1822,22,4,2,2025-05-12,2025-05-15,2025-05-23,131000.0,0.0,103.5,Temperatura errática
6689,1205,10,2,2,2025-05-12,2025-05-14,2025-05-24,1008000.0,0.0,171.3,Sensor de humedad defectuoso
6690,68,1,8,1,2025-05-12,2025-05-13,2025-05-16,1430000.0,0.0,7.6,
6691,1072,18,11,1,2025-05-13,2025-05-15,2025-05-17,185000.0,0.0,5.9,
6692,1474,1,3,1,2025-05-13,2025-05-15,2025-05-16,28000.0,0.0,6.0,
6693,57,5,4,1,2025-05-13,2025-05-13,2025-05-15,28000.0,0.0,3.2,
6694,282,19,4,2,2025-05-13,2025-05-15,2025-05-26,66000.0,0.0,59.4,Audio distorsionado
6695,1973,17,2,2,2025-05-14,2025-05-17,2025-05-20,18000.0,0.0,57.3,Manómetro descalibrado
6696,1011,15,10,1,2025-05-14,2025-05-14,2025-05-15,72000.0,0.0,1.9,
6697,1086,12,6,2,2025-05-14,2025-05-14,2025-05-27,250000.0,0.0,294.8,SpO₂ no detecta señal
6698,70,9,4,1,2025-05-14,2025-05-14,2025-05-17,12000.0,0.0,7.1,
6699,1681,22,3,1,2025-05-14,2025-05-15,2025-05-17,92000.0,0.0,5.4,
6700,1279,1,4,1,2025-05-14,2025-05-15,2025-05-16,62000.0,12000.0,1.4,
6701,1010,11,1,2,2025-05-14,2025-05-16,2025-05-28,128000.0,38000.0,10.2,Temperatura errática
6702,105,2,5,1,2025-05-14,2025-05-14,2025-05-15,414000.0,0.0,4.0,
6703,569,1,5,1,2025-05-14,2025-05-16,2025-05-17,176000.0,0.0,4.9,
6704,1351,1,9,1,2025-05-14,2025-05-14,2025-05-15,5079000.0,0.0,3.9,
6705,1468,4,3,2,2025-05-14,2025-05-15,2025-05-18,204000.0,0.0,8.7,Caudal incorrecto
6706,354,10,3,1,2025-05-14,2025-05-14,2025-05-15,110000.0,0.0,5.2,
6707,1687,7,2,1,2025-05-14,2025-05-15,2025-05-18,265000.0,0.0,2.3,
6708,529,3,5,1,2025-05-14,2025-05-16,2025-05-19,105000.0,0.0,3.7,
6709,1327,4,3,1,2025-05-14,2025-05-15,2025-05-16,127000.0,13000.0,1.1,
6710,1785,7,2,1,2025-05-15,2025-05-17,2025-05-19,114000.0,0.0,6.9,
6711,122,12,5,1,2025-05-15,2025-05-16,2025-05-18,133000.0,0.0,7.1,
6712,1246,12,3,2,2025-05-15,2025-05-15,2025-05-27,576000.0,173000.0,50.3,Pantalla sin imagen
6713,483,10,4,1,2025-05-15,2025-05-17,2025-05-18,92000.0,0.0,4.8,
6714,1693,6,3,1,2025-05-15,2025-05-16,2025-05-17,17000.0,0.0,7.6,
6715,1324,9,6,1,2025-05-15,2025-05-15,2025-05-16,686000.0,0.0,6.0,
6716,1169,5,7,1,2025-05-15,2025-05-16,2025-05-19,10000.0,0.0,3.1,
6717,187,6,6,2,2025-05-15,2025-05-15,2025-05-21,8000.0,0.0,78.3,Pera dañada
6718,572,21,6,1,2025-05-16,2025-05-18,2025-05-19,39000.0,0.0,7.4,
6719,1728,7,5,1,2025-05-16,2025-05-18,2025-05-19,303000.0,0.0,4.0,
6720,371,5,7,2,2025-05-16,2025-05-19,2025-05-26,152000.0,0.0,9.0,Pantalla dañada
6721,1492,3,3,1,2025-05-16,2025-05-17,2025-05-19,107000.0,0.0,7.6,
6722,917,3,4,1,2025-05-16,2025-05-17,2025-05-19,235000.0,0.0,5.3,
6723,290,5,3,1,2025-05-16,2025-05-18,2025-05-20,165000.0,0.0,4.9,
6724,23,17,4,1,2025-05-16,2025-05-18,2025-05-21,707000.0,0.0,3.8,
6725,1552,12,4,2,2025-05-16,2025-05-17,2025-05-24,194000.0,0.0,95.4,Batería dañada
6726,1289,11,2,1,2025-05-16,2025-05-18,2025-05-19,137000.0,21000.0,2.4,
6727,1424,2,4,1,2025-05-16,2025-05-16,2025-05-17,161000.0,0.0,3.7,
6728,1552,12,3,1,2025-05-16,2025-05-18,2025-05-21,166000.0,0.0,1.8,
6729,1569,12,6,2,2025-05-17,2025-05-20,2025-05-27,13000.0,0.0,112.4,Válvula defectuosa
6730,681,19,7,2,2025-05-17,2025-05-20,2025-05-24,22000.0,0.0,27.5,Válvula defectuosa
6731,1983,9,8,2,2025-05-17,2025-05-19,2025-06-01,11253000.0,0.0,132.6,Error de movimiento del arco
6732,1819,2,3,2,2025-05-17,2025-05-17,2025-05-21,161000.0,0.0,37.8,No detecta línea
6733,1208,10,1,2,2025-05-18,2025-05-20,2025-05-26,5510000.0,0.0,70.8,Error en sensor de oxígeno
6734,895,1,2,2,2025-05-18,2025-05-18,2025-05-28,154000.0,46000.0,130.5,Error de calibración
6735,634,10,6,1,2025-05-19,2025-05-21,2025-05-23,5000.0,0.0,4.1,
6736,54,9,12,2,2025-05-19,2025-05-19,2025-06-02,1905000.0,0.0,149.3,Error de software
6737,1065,13,7,1,2025-05-19,2025-05-21,2025-05-24,11000.0,0.0,4.1,
6738,520,10,4,2,2025-05-19,2025-05-21,2025-06-05,1554000.0,303000.0,241.1,Alarma no funciona
6739,938,4,3,1,2025-05-19,2025-05-19,2025-05-21,136000.0,29000.0,1.5,
6740,439,21,5,1,2025-05-19,2025-05-20,2025-05-21,106000.0,0.0,4.9,
6741,1641,1,4,2,2025-05-20,2025-05-23,2025-06-01,2066000.0,0.0,29.8,No enciende
6742,1346,9,7,1,2025-05-20,2025-05-21,2025-05-23,210000.0,0.0,4.3,
6743,249,9,5,1,2025-05-20,2025-05-21,2025-05-24,225000.0,67000.0,4.3,
6744,1463,8,1,1,2025-05-20,2025-05-22,2025-05-25,401000.0,0.0,1.2,
6745,1029,12,12,1,2025-05-20,2025-05-20,2025-05-23,172000.0,0.0,1.8,
6746,67,1,8,1,2025-05-20,2025-05-21,2025-05-24,907000.0,0.0,3.0,
6747,262,15,10,2,2025-05-20,2025-05-23,2025-06-02,1651000.0,0.0,69.7,Error de sensores
6748,93,1,7,1,2025-05-20,2025-05-22,2025-05-25,230000.0,0.0,1.4,
6749,1573,2,7,2,2025-05-20,2025-05-20,2025-05-24,2828000.0,0.0,71.6,Alarma de presión
6750,219,2,3,1,2025-05-20,2025-05-22,2025-05-23,203000.0,45000.0,4.3,
6751,1863,17,6,2,2025-05-20,2025-05-20,2025-05-24,1646000.0,0.0,51.3,Sensor defectuoso
6752,1370,5,4,1,2025-05-21,2025-05-23,2025-05-24,9000.0,0.0,2.7,
6753,1960,22,1,1,2025-05-21,2025-05-21,2025-05-24,219000.0,0.0,3.3,
6754,1394,6,7,2,2025-05-21,2025-05-24,2025-06-05,455000.0,0.0,103.8,Lecturas erráticas
6755,558,5,6,1,2025-05-21,2025-05-21,2025-05-23,234000.0,0.0,7.8,
6756,1741,15,11,1,2025-05-21,2025-05-22,2025-05-24,86000.0,18000.0,7.1,
6757,1595,9,9,1,2025-05-21,2025-05-22,2025-05-23,1066000.0,0.0,1.1,
6758,1495,1,9,1,2025-05-21,2025-05-21,2025-05-22,2525000.0,1644000.0,4.2,
6759,30,18,4,2,2025-05-21,2025-05-24,2025-06-02,14000.0,4000.0,18.6,Pantalla defectuosa
6760,1856,19,10,1,2025-05-21,2025-05-22,2025-05-25,763000.0,0.0,2.5,
6761,1155,24,6,2,2025-05-21,2025-05-23,2025-06-01,10000.0,3000.0,185.6,Pantalla defectuosa
6762,1070,15,10,1,2025-05-22,2025-05-23,2025-05-26,242000.0,0.0,1.2,
6763,1196,4,1,2,2025-05-22,2025-05-22,2025-05-31,166000.0,0.0,153.2,Temperatura errática
6764,478,11,1,1,2025-05-22,2025-05-23,2025-05-24,305000.0,0.0,4.1,
6765,789,1,7,2,2025-05-22,2025-05-22,2025-06-06,1243000.0,406000.0,274.1,Falla de ventilador
6766,883,15,10,1,2025-05-22,2025-05-24,2025-05-26,99000.0,0.0,6.0,
6767,961,4,3,1,2025-05-22,2025-05-22,2025-05-24,165000.0,0.0,3.6,
6768,1995,1,5,1,2025-05-22,2025-05-24,2025-05-26,371000.0,0.0,4.0,
6769,1234,17,5,1,2025-05-22,2025-05-22,2025-05-24,13000.0,0.0,4.4,
6770,1914,12,1,1,2025-05-22,2025-05-22,2025-05-23,732000.0,85000.0,1.8,
6771,1102,3,1,1,2025-05-22,2025-05-22,2025-05-23,153000.0,0.0,4.9,
6772,867,10,5,1,2025-05-22,2025-05-23,2025-05-26,71000.0,0.0,3.8,
6773,1557,4,9,2,2025-05-22,2025-05-24,2025-05-26,14970000.0,0.0,17.5,Imagen distorsionada
6774,223,15,10,1,2025-05-22,2025-05-22,2025-05-24,847000.0,0.0,7.4,
6775,1714,21,3,2,2025-05-22,2025-05-24,2025-06-06,128000.0,0.0,267.8,Caudal incorrecto
6776,412,11,7,1,2025-05-22,2025-05-22,2025-05-24,32000.0,0.0,4.1,
6777,1688,3,6,2,2025-05-23,2025-05-24,2025-06-02,118000.0,0.0,73.5,Falla de presión NIBP
6778,688,1,7,1,2025-05-23,2025-05-23,2025-05-24,150000.0,0.0,2.8,
6779,1804,18,4,1,2025-05-23,2025-05-24,2025-05-25,28000.0,0.0,5.5,
6780,1876,4,6,1,2025-05-23,2025-05-24,2025-05-27,173000.0,39000.0,3.6,
6781,1811,7,6,1,2025-05-23,2025-05-24,2025-05-25,92000.0,0.0,7.4,
6782,1964,10,6,1,2025-05-23,2025-05-25,2025-05-27,681000.0,0.0,3.5,
6783,1257,17,5,1,2025-05-23,2025-05-25,2025-05-26,102000.0,0.0,6.4,
6784,682,7,2,1,2025-05-23,2025-05-25,2025-05-27,77000.0,0.0,1.4,
6785,1052,10,6,2,2025-05-24,2025-05-26,2025-06-01,1920000.0,576000.0,19.5,Alarma no funciona
6786,1366,6,12,2,2025-05-24,2025-05-25,2025-06-09,618000.0,0.0,185.0,Temperatura fuera de rango
6787,1908,10,7,2,2025-05-24,2025-05-24,2025-05-30,488000.0,117000.0,91.4,Pantalla sin imagen
6788,298,12,4,2,2025-05-24,2025-05-25,2025-06-06,345000.0,0.0,144.5,Pantalla sin imagen
6789,1280,21,7,2,2025-05-25,2025-05-25,2025-06-09,166000.0,0.0,97.3,Error de calibración
6790,1083,8,6,2,2025-05-25,2025-05-27,2025-05-31,400000.0,0.0,66.8,Pantalla defectuosa
6791,1918,21,2,1,2025-05-26,2025-05-26,2025-05-27,88000.0,10000.0,5.6,
6792,1576,1,2,1,2025-05-26,2025-05-27,2025-05-29,160000.0,0.0,7.5,
6793,425,3,5,2,2025-05-26,2025-05-27,2025-06-09,534000.0,0.0,250.0,Barandas sueltas
6794,216,12,5,1,2025-05-26,2025-05-26,2025-05-29,3461000.0,0.0,2.7,
6795,1442,3,7,2,2025-05-26,2025-05-27,2025-05-28,4980000.0,0.0,12.6,Pantalla sin respuesta
6796,1543,14,6,1,2025-05-26,2025-05-26,2025-05-29,280000.0,0.0,6.1,
6797,1139,18,11,1,2025-05-26,2025-05-27,2025-05-29,312000.0,0.0,5.2,
6798,676,21,6,1,2025-05-26,2025-05-28,2025-05-30,213000.0,0.0,5.1,
6799,1865,12,3,1,2025-05-26,2025-05-28,2025-05-30,196000.0,0.0,3.6,
6800,262,15,10,2,2025-05-27,2025-05-28,2025-05-29,1651000.0,0.0,11.0,No genera presión
6801,1035,11,4,2,2025-05-27,2025-05-29,2025-06-13,1579000.0,0.0,157.0,Falla de ventilador
6802,799,7,3,1,2025-05-27,2025-05-28,2025-05-30,106000.0,0.0,4.7,
6803,1770,22,5,2,2025-05-27,2025-05-28,2025-06-02,365000.0,0.0,96.4,Pantalla sin imagen
6804,1977,10,1,2,2025-05-27,2025-05-28,2025-06-09,362000.0,0.0,177.9,Pantalla sin imagen
6805,1168,2,5,2,2025-05-27,2025-05-30,2025-06-04,466000.0,0.0,99.7,Colchón dañado
6806,991,7,7,1,2025-05-27,2025-05-28,2025-05-30,211000.0,37000.0,5.6,
6807,768,9,5,1,2025-05-27,2025-05-27,2025-05-28,127000.0,0.0,1.4,
6808,165,18,11,1,2025-05-27,2025-05-27,2025-05-28,67000.0,0.0,5.5,
6809,1603,10,4,2,2025-05-27,2025-05-27,2025-06-05,369000.0,0.0,214.4,NIBP no infla
6810,182,12,1,1,2025-05-27,2025-05-28,2025-05-31,324000.0,0.0,3.6,
6811,1710,10,5,1,2025-05-27,2025-05-28,2025-05-30,2796000.0,0.0,2.2,
6812,1618,3,5,2,2025-05-28,2025-05-28,2025-05-30,254000.0,0.0,32.2,Bloqueo de seguridad dañado
6813,549,1,1,1,2025-05-28,2025-05-30,2025-06-02,334000.0,71000.0,4.4,
6814,1823,10,1,1,2025-05-28,2025-05-30,2025-06-01,455000.0,118000.0,8.0,
6815,1595,9,9,2,2025-05-28,2025-05-30,2025-06-03,2703000.0,0.0,76.5,Transductor dañado
6816,469,18,11,2,2025-05-28,2025-05-29,2025-06-09,207000.0,62000.0,41.5,Estructura inestable
6817,1129,16,6,1,2025-05-29,2025-05-31,2025-06-03,23000.0,1000.0,3.5,
6818,1052,10,6,1,2025-05-29,2025-05-31,2025-06-01,1289000.0,240000.0,7.5,
6819,1951,11,6,1,2025-05-29,2025-05-30,2025-05-31,277000.0,49000.0,2.3,
6820,792,12,7,1,2025-05-29,2025-05-29,2025-05-31,51000.0,3000.0,3.7,
6821,1189,21,7,1,2025-05-29,2025-05-29,2025-05-31,144000.0,26000.0,7.9,
6822,1423,18,5,1,2025-05-29,2025-05-31,2025-06-03,57000.0,0.0,4.2,
6823,438,1,7,1,2025-05-29,2025-05-29,2025-05-31,89000.0,0.0,1.8,
6824,472,13,5,1,2025-05-29,2025-05-31,2025-06-01,23000.0,1000.0,1.3,
6825,96,21,5,1,2025-05-30,2025-05-30,2025-05-31,774000.0,0.0,5.1,
6826,845,22,3,1,2025-05-30,2025-05-30,2025-05-31,225000.0,0.0,3.5,
6827,1186,22,4,1,2025-05-30,2025-05-30,2025-05-31,207000.0,0.0,4.1,
6828,920,4,5,1,2025-05-30,2025-06-01,2025-06-03,86000.0,0.0,5.6,
6829,827,17,8,1,2025-05-30,2025-05-30,2025-05-31,590000.0,179000.0,2.5,
6830,633,20,4,1,2025-05-30,2025-05-30,2025-06-01,35000.0,0.0,5.0,
6831,276,3,6,1,2025-05-30,2025-06-01,2025-06-04,191000.0,0.0,7.7,
6832,594,12,3,1,2025-05-30,2025-06-01,2025-06-02,147000.0,0.0,6.3,
6833,1889,4,7,2,2025-06-01,2025-06-04,2025-06-10,6745000.0,2020000.0,116.0,Error en sensor de oxígeno
6834,1205,10,1,2,2025-06-01,2025-06-04,2025-06-15,1008000.0,0.0,129.3,Temperatura inestable
6835,1589,12,1,2,2025-06-01,2025-06-02,2025-06-13,548000.0,0.0,161.4,Ruedas trabadas
6836,1047,1,1,2,2025-06-01,2025-06-02,2025-06-09,1273000.0,0.0,32.5,Sensor de humedad defectuoso
6837,227,17,3,2,2025-06-01,2025-06-04,2025-06-10,20000.0,0.0,11.7,Lectura incorrecta
6838,154,10,1,2,2025-06-01,2025-06-04,2025-06-15,5865000.0,0.0,147.9,Falla en vaporizador
6839,1022,19,11,2,2025-06-01,2025-06-02,2025-06-10,5843000.0,2016000.0,175.8,Error de sensor
6840,1448,7,1,1,2025-06-02,2025-06-02,2025-06-04,76000.0,0.0,4.6,
6841,1283,2,2,2,2025-06-02,2025-06-04,2025-06-10,19000.0,0.0,61.6,Lectura incorrecta
6842,1632,1,7,1,2025-06-02,2025-06-04,2025-06-05,120000.0,0.0,2.6,
6843,202,21,6,1,2025-06-02,2025-06-03,2025-06-05,3039000.0,977000.0,7.8,
6844,1612,22,4,1,2025-06-02,2025-06-02,2025-06-03,40000.0,0.0,5.9,
6845,1254,17,2,2,2025-06-02,2025-06-05,2025-06-19,487000.0,0.0,173.1,Pantalla sin imagen
6846,564,4,5,1,2025-06-02,2025-06-03,2025-06-04,88000.0,0.0,7.9,
6847,21,11,6,1,2025-06-02,2025-06-03,2025-06-04,173000.0,0.0,3.1,
6848,995,21,5,1,2025-06-02,2025-06-03,2025-06-04,106000.0,17000.0,6.3,
6849,817,18,11,1,2025-06-03,2025-06-03,2025-06-04,178000.0,0.0,6.8,
6850,1863,17,3,2,2025-06-03,2025-06-06,2025-06-17,2468000.0,0.0,166.1,Sensor defectuoso
6851,835,11,1,2,2025-06-03,2025-06-04,2025-06-18,95000.0,17000.0,11.5,Alarma de oclusión
6852,1979,7,3,2,2025-06-04,2025-06-04,2025-06-08,450000.0,0.0,57.7,No enciende
6853,543,22,12,1,2025-06-04,2025-06-04,2025-06-06,242000.0,0.0,2.9,
6854,12,1,1,1,2025-06-04,2025-06-06,2025-06-08,402000.0,88000.0,1.9,
6855,1674,18,4,1,2025-06-04,2025-06-05,2025-06-08,27000.0,0.0,3.4,
6856,405,9,2,1,2025-06-04,2025-06-06,2025-06-09,143000.0,26000.0,6.3,
6857,568,1,4,2,2025-06-04,2025-06-04,2025-06-05,227000.0,0.0,11.6,Lectura inestable
6858,1690,17,3,2,2025-06-04,2025-06-04,2025-06-11,138000.0,0.0,47.5,SpO₂ sin lectura
6859,1672,21,3,2,2025-06-04,2025-06-05,2025-06-20,28000.0,0.0,76.4,Manómetro descalibrado
6860,1589,12,1,1,2025-06-04,2025-06-06,2025-06-07,261000.0,0.0,4.5,
6861,608,10,4,1,2025-06-04,2025-06-04,2025-06-05,1395000.0,0.0,1.3,
6862,321,12,2,1,2025-06-04,2025-06-04,2025-06-06,39000.0,2000.0,5.7,
6863,1106,9,1,1,2025-06-04,2025-06-04,2025-06-06,22000.0,0.0,1.7,
6864,844,3,2,1,2025-06-04,2025-06-06,2025-06-07,206000.0,0.0,4.7,
6865,1656,13,9,2,2025-06-05,2025-06-06,2025-06-19,3969000.0,0.0,59.9,Congelamiento del software
6866,948,10,3,2,2025-06-05,2025-06-06,2025-06-13,3947000.0,1184000.0,16.6,Error de calibración
6867,1899,12,7,2,2025-06-05,2025-06-07,2025-06-20,1362000.0,0.0,294.5,Sensor de humedad defectuoso
6868,1246,10,4,2,2025-06-05,2025-06-06,2025-06-15,576000.0,173000.0,180.8,SpO₂ no detecta señal
6869,1801,3,7,1,2025-06-05,2025-06-07,2025-06-09,392000.0,0.0,2.8,
6870,1890,2,7,1,2025-06-05,2025-06-05,2025-06-06,128000.0,44000.0,7.2,
6871,443,2,1,1,2025-06-05,2025-06-05,2025-06-06,120000.0,18000.0,4.6,
6872,430,22,6,2,2025-06-05,2025-06-07,2025-06-17,6000.0,0.0,139.9,Pantalla defectuosa
6873,37,4,4,1,2025-06-06,2025-06-08,2025-06-11,530000.0,0.0,7.3,
6874,1529,21,1,1,2025-06-06,2025-06-08,2025-06-11,121000.0,28000.0,1.7,
6875,1163,3,6,2,2025-06-06,2025-06-07,2025-06-11,0.0,0.0,24.1,Puerta o clamp dañado
6876,1738,9,4,1,2025-06-06,2025-06-06,2025-06-07,134000.0,0.0,3.2,
6877,121,6,12,1,2025-06-06,2025-06-08,2025-06-09,170000.0,0.0,3.6,
6878,1358,6,4,1,2025-06-06,2025-06-07,2025-06-09,60000.0,0.0,5.4,
6879,1617,15,10,1,2025-06-06,2025-06-06,2025-06-09,703000.0,324000.0,5.4,
6880,1376,17,7,1,2025-06-06,2025-06-06,2025-06-09,72000.0,0.0,3.9,
6881,1149,18,11,1,2025-06-06,2025-06-06,2025-06-07,194000.0,19000.0,3.5,
6882,1367,10,1,1,2025-06-06,2025-06-08,2025-06-09,275000.0,0.0,2.1,
6883,366,11,5,2,2025-06-06,2025-06-07,2025-06-12,4372000.0,0.0,115.4,Sensor de flujo defectuoso
6884,1133,7,4,2,2025-06-06,2025-06-06,2025-06-15,194000.0,0.0,159.2,Electrodos/cables dañados
6885,1339,15,10,2,2025-06-06,2025-06-08,2025-06-09,2816000.0,0.0,23.5,Bomba de lavado defectuosa
6886,1012,3,5,1,2025-06-06,2025-06-08,2025-06-11,188000.0,0.0,6.8,
6887,771,5,1,1,2025-06-06,2025-06-08,2025-06-11,11000.0,0.0,6.0,
6888,1419,3,7,2,2025-06-06,2025-06-08,2025-06-12,437000.0,0.0,94.7,No enciende
6889,1852,12,12,2,2025-06-07,2025-06-08,2025-06-14,390000.0,0.0,102.8,Falla de compresor
6890,1126,6,6,2,2025-06-07,2025-06-10,2025-06-20,310000.0,0.0,190.7,No enciende
6891,165,18,10,2,2025-06-08,2025-06-11,2025-06-22,67000.0,0.0,46.4,Canales inoperativos
6892,1287,21,3,2,2025-06-08,2025-06-08,2025-06-10,180000.0,0.0,18.4,No detecta línea
6893,394,13,2,2,2025-06-08,2025-06-09,2025-06-24,368000.0,0.0,150.1,Ruedas trabadas
6894,540,11,5,2,2025-06-08,2025-06-10,2025-06-23,252000.0,0.0,173.0,Alarma de oclusión
6895,1314,14,6,2,2025-06-08,2025-06-10,2025-06-19,10000.0,0.0,179.3,Fuga en brazalete
6896,170,12,1,2,2025-06-08,2025-06-08,2025-06-22,562000.0,0.0,33.3,No carga energía
6897,1464,1,8,2,2025-06-08,2025-06-09,2025-06-21,4876000.0,0.0,158.3,Transductor dañado
6898,588,2,3,2,2025-06-09,2025-06-09,2025-06-23,2808000.0,0.0,133.8,Alarma de presión
6899,1942,4,4,2,2025-06-09,2025-06-11,2025-06-25,366000.0,0.0,84.5,Módulo ECG dañado
6900,49,16,12,1,2025-06-09,2025-06-09,2025-06-10,318000.0,0.0,2.5,
6901,1847,10,6,1,2025-06-09,2025-06-10,2025-06-13,151000.0,0.0,7.7,
6902,238,21,7,1,2025-06-09,2025-06-10,2025-06-13,90000.0,0.0,5.9,
6903,950,21,1,1,2025-06-09,2025-06-10,2025-06-13,79000.0,0.0,3.9,
6904,341,12,4,2,2025-06-09,2025-06-11,2025-06-18,144000.0,43000.0,147.9,Puerta o clamp dañado
6905,1582,10,3,1,2025-06-09,2025-06-11,2025-06-14,89000.0,6000.0,3.7,
6906,27,12,4,1,2025-06-10,2025-06-10,2025-06-11,466000.0,0.0,2.9,
6907,1630,9,4,1,2025-06-10,2025-06-12,2025-06-15,2399000.0,802000.0,2.8,
6908,1250,4,6,1,2025-06-10,2025-06-11,2025-06-12,121000.0,0.0,5.6,
6909,1940,1,6,2,2025-06-10,2025-06-12,2025-06-14,185000.0,56000.0,17.9,Caudal incorrecto
6910,490,1,5,1,2025-06-10,2025-06-11,2025-06-14,144000.0,0.0,5.1,
6911,1854,11,6,1,2025-06-10,2025-06-11,2025-06-12,178000.0,0.0,2.1,
6912,1780,4,12,1,2025-06-10,2025-06-12,2025-06-13,267000.0,0.0,2.5,
6913,513,2,1,1,2025-06-10,2025-06-11,2025-06-14,98000.0,0.0,1.3,
6914,87,8,7,1,2025-06-10,2025-06-12,2025-06-15,22000.0,0.0,3.7,
6915,475,9,6,2,2025-06-10,2025-06-13,2025-06-21,220000.0,0.0,45.6,Puerta o clamp dañado
6916,1299,2,7,1,2025-06-10,2025-06-10,2025-06-11,25000.0,0.0,2.0,
6917,1611,10,2,2,2025-06-10,2025-06-11,2025-06-24,393000.0,0.0,188.9,Módulo ECG dañado
6918,689,19,11,1,2025-06-10,2025-06-10,2025-06-12,757000.0,0.0,2.5,
6919,94,17,5,1,2025-06-11,2025-06-11,2025-06-12,132000.0,0.0,5.2,
6920,1488,7,7,1,2025-06-11,2025-06-13,2025-06-15,128000.0,0.0,3.6,
6921,1181,11,4,1,2025-06-11,2025-06-13,2025-06-15,211000.0,0.0,6.1,
6922,1523,12,3,1,2025-06-11,2025-06-13,2025-06-16,108000.0,0.0,6.4,
6923,5,7,7,1,2025-06-11,2025-06-11,2025-06-12,257000.0,0.0,8.0,
6924,407,17,8,1,2025-06-11,2025-06-11,2025-06-12,546000.0,0.0,6.0,
6925,612,20,8,1,2025-06-11,2025-06-11,2025-06-14,535000.0,0.0,7.3,
6926,1118,17,7,2,2025-06-11,2025-06-13,2025-06-18,143000.0,0.0,58.0,Temperatura errática
6927,1405,21,2,1,2025-06-11,2025-06-11,2025-06-14,114000.0,23000.0,6.3,
6928,1194,22,5,1,2025-06-11,2025-06-13,2025-06-14,25000.0,0.0,6.4,
6929,912,5,4,1,2025-06-11,2025-06-13,2025-06-16,38000.0,0.0,5.6,
6930,153,2,4,1,2025-06-11,2025-06-13,2025-06-14,370000.0,0.0,4.2,
6931,1315,14,12,1,2025-06-11,2025-06-13,2025-06-15,288000.0,0.0,1.1,
6932,1952,21,2,1,2025-06-11,2025-06-11,2025-06-13,2648000.0,0.0,2.2,
6933,828,12,7,1,2025-06-12,2025-06-14,2025-06-17,158000.0,50000.0,3.0,
6934,717,17,7,1,2025-06-12,2025-06-13,2025-06-14,26000.0,2000.0,1.6,
6935,280,9,3,1,2025-06-12,2025-06-13,2025-06-15,131000.0,29000.0,3.5,
6936,989,10,7,1,2025-06-12,2025-06-12,2025-06-13,126000.0,0.0,3.8,
6937,750,1,4,1,2025-06-12,2025-06-12,2025-06-13,55000.0,0.0,4.4,
6938,1249,1,1,1,2025-06-12,2025-06-14,2025-06-15,353000.0,0.0,1.6,
6939,659,9,5,1,2025-06-12,2025-06-12,2025-06-13,329000.0,0.0,7.1,
6940,137,15,10,1,2025-06-12,2025-06-13,2025-06-14,144000.0,15000.0,2.0,
6941,375,22,6,1,2025-06-12,2025-06-14,2025-06-17,370000.0,35000.0,1.6,
6942,1565,24,5,2,2025-06-12,2025-06-15,2025-06-17,449000.0,135000.0,20.0,SpO₂ no detecta señal
6943,260,11,5,1,2025-06-13,2025-06-15,2025-06-18,821000.0,192000.0,2.4,
6944,871,21,7,1,2025-06-13,2025-06-14,2025-06-16,127000.0,0.0,4.6,
6945,417,14,12,1,2025-06-13,2025-06-14,2025-06-16,184000.0,0.0,3.1,
6946,619,21,7,1,2025-06-13,2025-06-14,2025-06-16,126000.0,0.0,7.8,
6947,62,5,1,1,2025-06-13,2025-06-15,2025-06-18,19000.0,0.0,6.4,
6948,1222,24,7,2,2025-06-13,2025-06-16,2025-06-30,293000.0,88000.0,116.3,Módulo ECG dañado
6949,300,3,4,1,2025-06-13,2025-06-13,2025-06-16,58000.0,0.0,3.0,
6950,1750,7,7,1,2025-06-13,2025-06-14,2025-06-17,154000.0,0.0,7.0,
6951,651,12,12,2,2025-06-13,2025-06-13,2025-06-27,4934000.0,0.0,19.6,Obstrucción de pipetas
6952,208,3,12,1,2025-06-13,2025-06-14,2025-06-15,78000.0,12000.0,6.2,
6953,597,19,11,1,2025-06-13,2025-06-15,2025-06-18,661000.0,0.0,4.7,
6954,1548,6,5,1,2025-06-13,2025-06-13,2025-06-15,243000.0,0.0,6.6,
6955,108,15,11,1,2025-06-13,2025-06-14,2025-06-15,1259000.0,0.0,2.1,
6956,956,7,3,1,2025-06-13,2025-06-14,2025-06-16,102000.0,0.0,3.8,
6957,1402,6,2,2,2025-06-13,2025-06-16,2025-06-29,370000.0,102000.0,122.5,SpO₂ no detecta señal
6958,1754,8,2,1,2025-06-13,2025-06-15,2025-06-16,31000.0,2000.0,2.6,
6959,1433,14,1,2,2025-06-13,2025-06-14,2025-06-18,19000.0,0.0,32.6,Pera dañada
6960,495,9,9,1,2025-06-13,2025-06-15,2025-06-16,936000.0,0.0,2.0,
6961,1353,15,10,2,2025-06-14,2025-06-16,2025-06-21,2514000.0,666000.0,83.6,No calienta agua
6962,1655,13,7,2,2025-06-14,2025-06-17,2025-06-29,87000.0,0.0,167.8,Batería agotada
6963,1957,6,7,2,2025-06-14,2025-06-16,2025-06-23,308000.0,0.0,31.4,Alarmas defectuosas
6964,1842,17,4,2,2025-06-14,2025-06-16,2025-06-30,4129000.0,0.0,176.4,Falla de pantalla
6965,1372,3,4,2,2025-06-14,2025-06-14,2025-06-16,156000.0,0.0,17.5,Caudal incorrecto
6966,467,1,7,2,2025-06-15,2025-06-17,2025-06-26,468000.0,0.0,176.8,Sistema hidráulico con fuga
6967,1714,21,6,2,2025-06-15,2025-06-16,2025-06-23,128000.0,0.0,125.3,No detecta línea
6968,355,8,3,2,2025-06-15,2025-06-17,2025-06-21,104000.0,0.0,46.1,Peso incorrecto
6969,864,1,9,1,2025-06-16,2025-06-17,2025-06-20,24828000.0,0.0,1.3,
6970,761,15,11,1,2025-06-16,2025-06-18,2025-06-20,33000.0,30000.0,2.7,
6971,435,8,6,2,2025-06-16,2025-06-17,2025-06-26,598000.0,0.0,107.3,Lecturas erráticas
6972,637,9,9,2,2025-06-16,2025-06-19,2025-06-21,60000000.0,0.0,17.4,Falla de detector
6973,500,16,5,2,2025-06-16,2025-06-17,2025-06-28,18000.0,0.0,199.3,Válvula defectuosa
6974,82,6,1,2,2025-06-16,2025-06-17,2025-06-23,31000.0,0.0,66.0,Lectura incorrecta
6975,695,9,1,2,2025-06-16,2025-06-18,2025-06-27,24000.0,0.0,23.6,Pera dañada
6976,581,21,4,1,2025-06-17,2025-06-19,2025-06-22,110000.0,0.0,3.4,
6977,1044,8,3,1,2025-06-17,2025-06-19,2025-06-22,194000.0,0.0,6.0,
6978,1490,12,1,2,2025-06-17,2025-06-20,2025-06-25,3513000.0,1054000.0,8.2,Falla de batería
6979,797,14,3,1,2025-06-17,2025-06-19,2025-06-22,80000.0,0.0,1.9,
6980,475,9,1,1,2025-06-17,2025-06-18,2025-06-20,169000.0,0.0,5.0,
6981,101,14,7,1,2025-06-17,2025-06-17,2025-06-19,37000.0,1000.0,4.7,
6982,819,7,5,1,2025-06-17,2025-06-19,2025-06-20,156000.0,20000.0,6.0,
6983,1799,1,5,1,2025-06-17,2025-06-19,2025-06-20,319000.0,0.0,3.7,
6984,1817,20,1,1,2025-06-17,2025-06-18,2025-06-19,46000.0,0.0,7.3,
6985,928,1,8,2,2025-06-17,2025-06-17,2025-06-28,1756000.0,0.0,53.8,Pantalla defectuosa
6986,1990,21,5,1,2025-06-18,2025-06-20,2025-06-22,218000.0,0.0,5.1,
6987,958,4,7,1,2025-06-18,2025-06-20,2025-06-22,2230000.0,0.0,4.9,
6988,1676,1,5,1,2025-06-18,2025-06-19,2025-06-20,1267000.0,0.0,3.5,
6989,1952,21,3,2,2025-06-18,2025-06-18,2025-06-21,4550000.0,0.0,64.1,Fuga de gases
6990,770,15,11,2,2025-06-18,2025-06-19,2025-06-27,2382000.0,0.0,172.6,Dosificación incorrecta de detergente
6991,1264,3,1,1,2025-06-18,2025-06-19,2025-06-20,34000.0,0.0,1.5,
6992,641,17,9,1,2025-06-18,2025-06-20,2025-06-23,18382000.0,3435000.0,6.4,
6993,881,18,11,1,2025-06-18,2025-06-18,2025-06-20,148000.0,0.0,5.1,
6994,1041,11,6,1,2025-06-18,2025-06-20,2025-06-21,167000.0,0.0,2.6,
6995,1331,10,3,2,2025-06-18,2025-06-18,2025-06-29,1281000.0,0.0,54.9,Falla de ventilador
6996,138,11,1,2,2025-06-18,2025-06-20,2025-06-28,196000.0,0.0,67.5,Batería dañada
6997,1059,7,4,2,2025-06-18,2025-06-19,2025-06-30,3650000.0,0.0,147.1,Error de calibración
6998,431,24,7,1,2025-06-18,2025-06-18,2025-06-21,55000.0,0.0,4.0,
6999,1544,10,1,1,2025-06-18,2025-06-18,2025-06-21,538000.0,0.0,2.1,
7000,1013,4,5,1,2025-06-18,2025-06-18,2025-06-21,127000.0,42000.0,3.0,
7001,1840,4,7,1,2025-06-19,2025-06-20,2025-06-21,206000.0,0.0,4.5,
7002,444,12,4,1,2025-06-19,2025-06-20,2025-06-21,112000.0,0.0,4.3,
7003,1150,15,11,1,2025-06-19,2025-06-20,2025-06-22,145000.0,0.0,4.0,
7004,475,9,2,2,2025-06-19,2025-06-20,2025-06-29,220000.0,0.0,120.5,Error de calibración
7005,969,18,10,2,2025-06-19,2025-06-21,2025-07-03,542000.0,0.0,49.8,Motor falla
7006,468,12,5,1,2025-06-19,2025-06-20,2025-06-23,89000.0,0.0,1.2,
7007,704,22,2,1,2025-06-19,2025-06-20,2025-06-22,112000.0,0.0,5.8,
7008,836,11,2,1,2025-06-19,2025-06-21,2025-06-23,905000.0,583000.0,7.4,
7009,1500,9,12,2,2025-06-19,2025-06-19,2025-06-29,450000.0,0.0,120.0,Falla de compresor
7010,1994,22,7,2,2025-06-19,2025-06-21,2025-06-28,305000.0,0.0,99.1,No enciende
7011,1386,1,2,1,2025-06-19,2025-06-19,2025-06-21,8000.0,1000.0,6.1,
7012,458,11,1,1,2025-06-19,2025-06-20,2025-06-23,1009000.0,0.0,7.1,
7013,1581,12,5,1,2025-06-20,2025-06-22,2025-06-23,52000.0,0.0,4.4,
7014,1637,9,2,1,2025-06-20,2025-06-21,2025-06-24,1368000.0,0.0,7.9,
7015,560,1,2,1,2025-06-20,2025-06-22,2025-06-24,530000.0,0.0,6.4,
7016,752,4,1,1,2025-06-20,2025-06-22,2025-06-24,390000.0,0.0,3.8,
7017,1574,15,11,1,2025-06-20,2025-06-21,2025-06-23,95000.0,0.0,4.7,
7018,1162,1,1,2,2025-06-20,2025-06-22,2025-06-25,133000.0,0.0,26.7,Teclado/pantalla defectuosa
7019,1793,17,5,2,2025-06-20,2025-06-20,2025-06-25,164000.0,0.0,45.8,Batería dañada
7020,1265,5,4,1,2025-06-20,2025-06-21,2025-06-23,313000.0,0.0,5.9,
7021,1205,10,6,1,2025-06-20,2025-06-20,2025-06-22,316000.0,0.0,3.3,
7022,1975,1,5,1,2025-06-20,2025-06-20,2025-06-21,40000.0,0.0,2.8,
7023,1617,15,10,2,2025-06-21,2025-06-23,2025-07-03,1677000.0,503000.0,32.9,No alcanza temperatura
7024,395,9,2,2,2025-06-21,2025-06-24,2025-06-26,462000.0,0.0,47.1,No enciende
7025,1003,15,11,2,2025-06-21,2025-06-21,2025-07-05,1439000.0,0.0,183.9,Puerta no sella
7026,869,14,6,2,2025-06-21,2025-06-21,2025-06-27,27000.0,0.0,65.5,Fuga en brazalete
7027,96,21,6,2,2025-06-22,2025-06-23,2025-06-26,2281000.0,0.0,45.4,Alarma de presión
7028,1001,11,3,2,2025-06-22,2025-06-23,2025-07-05,1724000.0,517000.0,208.6,Sensor de humedad defectuoso
7029,1365,14,2,2,2025-06-22,2025-06-22,2025-06-27,10000.0,2000.0,40.7,Pera dañada
7030,1173,11,6,1,2025-06-23,2025-06-23,2025-06-24,459000.0,0.0,5.5,
7031,1075,4,8,1,2025-06-23,2025-06-24,2025-06-25,2019000.0,373000.0,7.0,
7032,1039,17,4,1,2025-06-23,2025-06-23,2025-06-26,336000.0,0.0,5.6,
7033,184,16,12,1,2025-06-23,2025-06-25,2025-06-26,383000.0,65000.0,5.0,
7034,1056,1,1,1,2025-06-23,2025-06-23,2025-06-24,93000.0,0.0,5.9,
7035,117,1,6,1,2025-06-23,2025-06-24,2025-06-27,75000.0,0.0,1.4,
7036,148,1,3,1,2025-06-23,2025-06-25,2025-06-26,1281000.0,0.0,6.1,
7037,853,20,8,1,2025-06-23,2025-06-23,2025-06-26,272000.0,0.0,2.4,
7038,987,13,5,1,2025-06-23,2025-06-25,2025-06-28,200000.0,0.0,4.2,
7039,716,15,10,1,2025-06-23,2025-06-24,2025-06-25,147000.0,0.0,7.8,
7040,1939,1,7,1,2025-06-24,2025-06-24,2025-06-25,158000.0,22000.0,3.7,
7041,235,6,7,1,2025-06-24,2025-06-25,2025-06-27,11000.0,0.0,7.2,
7042,840,1,2,1,2025-06-24,2025-06-26,2025-06-28,728000.0,0.0,4.9,
7043,1505,17,1,1,2025-06-24,2025-06-24,2025-06-27,112000.0,0.0,2.1,
7044,1583,4,8,1,2025-06-24,2025-06-26,2025-06-28,1119000.0,0.0,7.0,
7045,1729,4,4,1,2025-06-24,2025-06-26,2025-06-29,196000.0,0.0,6.7,
7046,662,6,7,2,2025-06-24,2025-06-27,2025-07-02,117000.0,0.0,85.9,Batería defectuosa
7047,251,10,1,1,2025-06-24,2025-06-26,2025-06-29,131000.0,0.0,2.6,
7048,1673,4,6,2,2025-06-24,2025-06-26,2025-07-04,2056000.0,0.0,93.3,Falla de batería
7049,123,8,5,2,2025-06-24,2025-06-27,2025-07-07,368000.0,0.0,237.4,SpO₂ no detecta señal
7050,646,17,4,2,2025-06-24,2025-06-25,2025-06-29,240000.0,0.0,85.9,Cable o sensor dañado
7051,1006,13,1,1,2025-06-24,2025-06-25,2025-06-27,57000.0,0.0,2.5,
7052,487,11,4,1,2025-06-25,2025-06-26,2025-06-27,314000.0,0.0,4.8,
7053,327,1,1,1,2025-06-25,2025-06-25,2025-06-27,1303000.0,0.0,1.9,
7054,1361,11,5,1,2025-06-25,2025-06-25,2025-06-28,498000.0,0.0,4.1,
7055,1244,6,5,1,2025-06-25,2025-06-26,2025-06-28,35000.0,3000.0,2.4,
7056,1241,24,2,2,2025-06-25,2025-06-25,2025-07-06,8000.0,0.0,134.1,Tiempo de medición excesivo
7057,337,1,3,1,2025-06-25,2025-06-25,2025-06-28,622000.0,0.0,6.8,
7058,655,11,4,2,2025-06-25,2025-06-28,2025-07-13,199000.0,0.0,99.0,Temperatura errática
7059,1358,6,4,2,2025-06-25,2025-06-28,2025-07-05,110000.0,0.0,10.0,Batería defectuosa
7060,1499,6,1,1,2025-06-25,2025-06-27,2025-06-29,112000.0,0.0,3.9,
7061,1933,12,4,1,2025-06-25,2025-06-27,2025-06-28,1143000.0,0.0,5.2,
7062,365,17,3,1,2025-06-25,2025-06-26,2025-06-27,170000.0,0.0,5.8,
7063,1433,14,6,1,2025-06-25,2025-06-27,2025-06-28,43000.0,0.0,3.4,
7064,1338,20,8,1,2025-06-25,2025-06-27,2025-06-29,592000.0,0.0,5.5,
7065,1700,11,6,1,2025-06-25,2025-06-25,2025-06-28,278000.0,49000.0,7.4,
7066,297,9,9,1,2025-06-26,2025-06-27,2025-06-28,20183000.0,6438000.0,4.6,
7067,687,18,2,2,2025-06-26,2025-06-28,2025-07-09,9000.0,0.0,215.5,Batería agotada
7068,989,10,6,2,2025-06-26,2025-06-27,2025-07-04,213000.0,0.0,83.5,Bloqueo de seguridad dañado
7069,1650,4,4,1,2025-06-26,2025-06-28,2025-06-30,116000.0,0.0,6.2,
7070,520,10,7,1,2025-06-26,2025-06-26,2025-06-29,1027000.0,264000.0,6.3,
7071,759,9,1,1,2025-06-26,2025-06-28,2025-06-30,122000.0,0.0,4.3,
7072,753,9,5,1,2025-06-26,2025-06-28,2025-07-01,12000.0,1000.0,3.1,
7073,42,9,7,1,2025-06-26,2025-06-28,2025-06-30,122000.0,0.0,7.0,
7074,566,3,6,1,2025-06-26,2025-06-26,2025-06-28,37000.0,0.0,1.2,
7075,1551,12,6,1,2025-06-27,2025-06-29,2025-07-02,116000.0,0.0,5.8,
7076,1668,15,11,1,2025-06-27,2025-06-29,2025-06-30,85000.0,0.0,4.6,
7077,1641,1,3,2,2025-06-27,2025-06-29,2025-07-08,2066000.0,0.0,120.7,Falla de pantalla
7078,1736,18,1,1,2025-06-27,2025-06-29,2025-06-30,37000.0,0.0,3.8,
7079,1716,1,3,1,2025-06-27,2025-06-27,2025-06-30,131000.0,0.0,3.9,
7080,1254,17,4,2,2025-06-27,2025-06-28,2025-07-13,487000.0,0.0,62.9,Pantalla sin imagen
7081,1418,12,6,2,2025-06-27,2025-06-28,2025-07-08,3987000.0,1196000.0,103.2,Batería dañada
7082,595,6,1,2,2025-06-27,2025-06-30,2025-07-15,133000.0,0.0,88.1,Batería agotada
7083,1096,4,6,2,2025-06-27,2025-06-30,2025-07-05,123000.0,0.0,45.2,Puerta o clamp dañado
7084,339,15,11,1,2025-06-27,2025-06-28,2025-07-01,65000.0,0.0,5.6,
7085,321,12,3,2,2025-06-27,2025-06-27,2025-06-28,15000.0,5000.0,17.8,Lectura errática
7086,715,15,11,1,2025-06-27,2025-06-29,2025-07-01,1009000.0,0.0,4.0,
7087,981,20,4,1,2025-06-27,2025-06-27,2025-06-30,233000.0,0.0,6.5,
7088,1021,1,6,2,2025-06-27,2025-06-27,2025-07-02,234000.0,0.0,110.9,Alarma de oclusión
7089,1230,10,3,1,2025-06-27,2025-06-27,2025-06-28,2005000.0,0.0,5.5,
7090,1304,16,12,2,2025-06-27,2025-06-27,2025-07-11,435000.0,0.0,211.4,Falla de compresor
7091,1809,11,5,1,2025-06-27,2025-06-27,2025-06-28,125000.0,0.0,8.0,
7092,1895,18,1,1,2025-06-27,2025-06-27,2025-06-28,181000.0,0.0,6.8,
7093,1774,20,8,1,2025-06-27,2025-06-28,2025-06-29,312000.0,0.0,6.0,
7094,1765,20,8,1,2025-06-27,2025-06-29,2025-07-01,337000.0,108000.0,1.0,
7095,1866,7,5,1,2025-06-27,2025-06-28,2025-06-30,663000.0,0.0,1.1,
7096,1731,5,2,2,2025-06-28,2025-06-30,2025-07-04,226000.0,0.0,67.7,Alarmas defectuosas
7097,1097,21,6,1,2025-06-30,2025-06-30,2025-07-03,222000.0,81000.0,2.2,
7098,71,3,6,1,2025-06-30,2025-06-30,2025-07-03,202000.0,0.0,5.0,
7099,980,15,11,1,2025-06-30,2025-07-01,2025-07-04,867000.0,0.0,4.0,
7100,1987,14,5,1,2025-06-30,2025-07-02,2025-07-03,16000.0,0.0,2.7,
7101,255,4,4,1,2025-06-30,2025-06-30,2025-07-03,61000.0,0.0,2.9,
7102,141,4,2,1,2025-06-30,2025-06-30,2025-07-03,115000.0,0.0,2.8,
7103,700,7,2,1,2025-06-30,2025-06-30,2025-07-03,853000.0,0.0,5.8,
7104,1269,3,2,1,2025-06-30,2025-07-02,2025-07-03,437000.0,0.0,4.8,
7105,382,10,6,1,2025-06-30,2025-07-02,2025-07-04,177000.0,18000.0,2.0,
7106,1484,4,9,1,2025-06-30,2025-06-30,2025-07-03,2223000.0,0.0,1.3,
7107,667,4,6,2,2025-07-01,2025-07-04,2025-07-11,345000.0,0.0,55.3,No enciende
7108,1645,17,7,1,2025-07-01,2025-07-01,2025-07-02,455000.0,119000.0,7.0,
7109,936,5,7,1,2025-07-01,2025-07-03,2025-07-04,227000.0,0.0,7.0,
7110,1434,21,3,1,2025-07-01,2025-07-01,2025-07-03,148000.0,0.0,4.2,
7111,335,10,2,1,2025-07-01,2025-07-03,2025-07-06,825000.0,67000.0,5.1,
7112,746,3,1,1,2025-07-01,2025-07-01,2025-07-04,318000.0,0.0,1.6,
7113,127,12,1,1,2025-07-01,2025-07-03,2025-07-05,144000.0,0.0,2.2,
7114,941,22,7,1,2025-07-01,2025-07-02,2025-07-03,75000.0,0.0,1.3,
7115,112,10,2,1,2025-07-01,2025-07-02,2025-07-05,284000.0,26000.0,4.6,
7116,887,19,7,2,2025-07-01,2025-07-02,2025-07-04,42000.0,0.0,43.6,Plataforma desnivelada
7117,782,1,4,2,2025-07-01,2025-07-04,2025-07-14,121000.0,0.0,153.2,Puerta o clamp dañado
7118,976,18,5,1,2025-07-02,2025-07-04,2025-07-06,32000.0,3000.0,6.8,
7119,1696,12,6,1,2025-07-02,2025-07-02,2025-07-05,91000.0,29000.0,8.0,
7120,588,2,2,1,2025-07-02,2025-07-03,2025-07-06,1405000.0,0.0,6.4,
7121,466,7,2,1,2025-07-02,2025-07-02,2025-07-04,398000.0,0.0,5.5,
7122,1439,1,3,1,2025-07-02,2025-07-04,2025-07-06,332000.0,0.0,2.9,
7123,1915,18,7,1,2025-07-02,2025-07-03,2025-07-05,40000.0,0.0,4.0,
7124,1374,16,12,1,2025-07-02,2025-07-02,2025-07-03,127000.0,17000.0,5.9,
7125,443,2,7,2,2025-07-02,2025-07-04,2025-07-17,185000.0,56000.0,165.0,Alarma de oclusión
7126,986,20,9,1,2025-07-02,2025-07-02,2025-07-05,199000.0,0.0,7.3,
7127,945,16,6,2,2025-07-03,2025-07-06,2025-07-08,497000.0,0.0,17.2,Barandas sueltas
7128,173,3,1,2,2025-07-03,2025-07-03,2025-07-04,169000.0,0.0,17.5,Teclado/pantalla defectuosa
7129,1490,12,1,1,2025-07-03,2025-07-03,2025-07-05,1540000.0,372000.0,4.3,
7130,1550,7,3,1,2025-07-03,2025-07-05,2025-07-08,32000.0,0.0,2.7,
7131,1183,18,11,2,2025-07-03,2025-07-03,2025-07-05,461000.0,129000.0,33.0,Botón de emergencia defectuoso
7132,1459,11,5,1,2025-07-03,2025-07-05,2025-07-08,704000.0,0.0,4.6,
7133,59,17,3,2,2025-07-03,2025-07-06,2025-07-13,392000.0,0.0,39.1,Alarmas defectuosas
7134,1860,11,6,1,2025-07-03,2025-07-05,2025-07-06,30000.0,0.0,2.5,
7135,920,4,5,2,2025-07-03,2025-07-05,2025-07-07,161000.0,0.0,17.7,No detecta línea
7136,1573,2,3,2,2025-07-03,2025-07-06,2025-07-20,2828000.0,0.0,150.3,No enciende
7137,859,4,6,2,2025-07-03,2025-07-05,2025-07-13,16000.0,0.0,154.8,Sensor dañado
7138,276,3,3,2,2025-07-03,2025-07-04,2025-07-18,307000.0,0.0,257.8,Alarmas defectuosas
7139,1193,1,7,1,2025-07-03,2025-07-03,2025-07-05,96000.0,0.0,7.8,
7140,1740,3,1,1,2025-07-03,2025-07-05,2025-07-08,265000.0,0.0,8.0,
7141,930,17,2,2,2025-07-04,2025-07-07,2025-07-20,120000.0,0.0,49.0,Celda de carga dañada
7142,1266,15,11,1,2025-07-04,2025-07-06,2025-07-07,126000.0,0.0,1.5,
7143,530,1,5,1,2025-07-04,2025-07-05,2025-07-08,111000.0,0.0,6.3,
7144,841,4,9,2,2025-07-04,2025-07-06,2025-07-12,4488000.0,1347000.0,45.5,Puertos dañados
7145,198,2,4,1,2025-07-04,2025-07-06,2025-07-09,84000.0,0.0,3.9,
7146,180,5,2,1,2025-07-04,2025-07-04,2025-07-05,42000.0,0.0,7.2,
7147,1250,4,5,2,2025-07-04,2025-07-07,2025-07-13,163000.0,0.0,113.1,Batería dañada
7148,1364,2,7,1,2025-07-04,2025-07-05,2025-07-06,298000.0,59000.0,4.9,
7149,1697,7,7,2,2025-07-05,2025-07-08,2025-07-23,11000.0,0.0,99.7,Pera dañada
7150,1800,18,4,2,2025-07-05,2025-07-08,2025-07-17,23000.0,0.0,122.8,Pera dañada
7151,637,9,8,2,2025-07-05,2025-07-05,2025-07-16,60000000.0,0.0,198.2,Falla de detector
7152,499,6,7,2,2025-07-05,2025-07-07,2025-07-20,287000.0,0.0,57.5,Pantalla defectuosa
7153,1284,9,12,2,2025-07-05,2025-07-05,2025-07-10,3403000.0,0.0,53.7,Obstrucción de pipetas
7154,1641,1,4,2,2025-07-06,2025-07-07,2025-07-18,2066000.0,0.0,156.7,Falla de batería
7155,976,18,2,2,2025-07-06,2025-07-06,2025-07-10,13000.0,4000.0,72.2,Válvula defectuosa
7156,1457,17,3,2,2025-07-06,2025-07-06,2025-07-09,141000.0,42000.0,50.1,No detecta línea
7157,1292,15,11,2,2025-07-06,2025-07-09,2025-07-15,1896000.0,0.0,134.0,Puerta no sella
7158,742,10,2,2,2025-07-06,2025-07-09,2025-07-10,25000.0,8000.0,9.9,Fuga en brazalete
7159,916,12,2,2,2025-07-06,2025-07-08,2025-07-20,3508000.0,0.0,22.1,Fuga en circuito
7160,1301,17,8,1,2025-07-07,2025-07-08,2025-07-09,1483000.0,0.0,7.3,
7161,135,15,10,1,2025-07-07,2025-07-08,2025-07-10,982000.0,0.0,6.6,
7162,1290,12,1,1,2025-07-07,2025-07-08,2025-07-09,7000.0,0.0,7.7,
7163,1280,21,2,1,2025-07-07,2025-07-08,2025-07-09,121000.0,0.0,1.0,
7164,1109,20,9,1,2025-07-07,2025-07-07,2025-07-08,521000.0,0.0,6.0,
7165,580,13,3,1,2025-07-07,2025-07-08,2025-07-11,10000.0,0.0,2.2,
7166,617,9,8,2,2025-07-07,2025-07-10,2025-07-11,4971000.0,0.0,20.1,Batería defectuosa
7167,348,20,8,2,2025-07-07,2025-07-08,2025-07-17,1684000.0,0.0,162.9,Botón de respuesta defectuoso
7168,63,22,5,1,2025-07-07,2025-07-09,2025-07-12,6000.0,0.0,7.1,
7169,1759,19,10,2,2025-07-08,2025-07-10,2025-07-20,156000.0,0.0,235.2,Torque incorrecto
7170,538,19,11,1,2025-07-08,2025-07-09,2025-07-11,3562000.0,509000.0,7.4,
7171,376,17,1,2,2025-07-08,2025-07-10,2025-07-14,563000.0,0.0,54.0,SpO₂ no detecta señal
7172,1983,9,8,1,2025-07-08,2025-07-09,2025-07-12,6129000.0,0.0,1.3,
7173,1611,10,6,2,2025-07-08,2025-07-09,2025-07-21,393000.0,0.0,164.7,Módulo ECG dañado
7174,866,12,7,1,2025-07-08,2025-07-10,2025-07-12,1017000.0,0.0,1.1,
7175,313,1,8,2,2025-07-08,2025-07-08,2025-07-17,10755000.0,0.0,66.7,Falla de fluoroscopía
7176,1302,1,3,2,2025-07-08,2025-07-08,2025-07-20,3092000.0,0.0,150.8,Falla de pantalla
7177,914,13,8,2,2025-07-08,2025-07-08,2025-07-12,4044000.0,1213000.0,84.5,Congelamiento del software
7178,1134,1,5,1,2025-07-08,2025-07-08,2025-07-10,92000.0,10000.0,5.2,
7179,904,8,8,1,2025-07-08,2025-07-10,2025-07-13,3979000.0,0.0,2.6,
7180,1615,6,12,1,2025-07-08,2025-07-09,2025-07-10,198000.0,0.0,3.4,
7181,65,22,3,1,2025-07-08,2025-07-09,2025-07-10,254000.0,0.0,6.5,
7182,813,2,6,1,2025-07-08,2025-07-10,2025-07-12,207000.0,0.0,7.1,
7183,1556,9,1,1,2025-07-09,2025-07-11,2025-07-14,108000.0,0.0,6.3,
7184,1324,9,7,2,2025-07-09,2025-07-12,2025-07-22,1574000.0,0.0,94.8,Sensor defectuoso
7185,344,15,11,2,2025-07-09,2025-07-11,2025-07-13,1682000.0,0.0,30.6,Dosificación incorrecta de detergente
7186,1530,10,5,1,2025-07-09,2025-07-10,2025-07-11,503000.0,0.0,7.4,
7187,758,3,7,2,2025-07-09,2025-07-09,2025-07-20,13000.0,0.0,219.6,Sensor dañado
7188,930,17,6,1,2025-07-09,2025-07-09,2025-07-11,157000.0,0.0,3.6,
7189,328,21,2,1,2025-07-09,2025-07-10,2025-07-11,12000.0,0.0,1.2,
7190,884,9,1,1,2025-07-09,2025-07-09,2025-07-11,407000.0,0.0,1.7,
7191,212,10,2,1,2025-07-09,2025-07-10,2025-07-13,18000.0,0.0,3.8,
7192,818,4,4,1,2025-07-09,2025-07-10,2025-07-11,61000.0,0.0,6.1,
7193,1979,8,3,1,2025-07-09,2025-07-11,2025-07-14,262000.0,0.0,1.4,
7194,533,3,6,1,2025-07-09,2025-07-11,2025-07-13,157000.0,0.0,6.5,
7195,1487,2,3,2,2025-07-10,2025-07-12,2025-07-18,135000.0,0.0,16.5,Temperatura errática
7196,1325,20,9,1,2025-07-10,2025-07-10,2025-07-11,4025000.0,0.0,2.3,
7197,169,8,4,1,2025-07-10,2025-07-12,2025-07-14,167000.0,37000.0,7.5,
7198,1805,5,7,1,2025-07-10,2025-07-11,2025-07-13,227000.0,0.0,3.5,
7199,732,11,7,1,2025-07-10,2025-07-11,2025-07-13,459000.0,0.0,5.4,
7200,96,21,3,2,2025-07-10,2025-07-11,2025-07-17,2281000.0,0.0,90.2,Fuga en circuito
7201,1928,3,5,1,2025-07-10,2025-07-11,2025-07-14,134000.0,0.0,7.6,
7202,655,11,1,2,2025-07-10,2025-07-10,2025-07-14,199000.0,0.0,25.9,Temperatura errática
7203,1135,15,10,1,2025-07-10,2025-07-10,2025-07-12,75000.0,0.0,1.6,
7204,1131,20,1,1,2025-07-10,2025-07-12,2025-07-15,86000.0,5000.0,1.3,
7205,1053,2,6,1,2025-07-10,2025-07-11,2025-07-12,209000.0,0.0,4.7,
7206,407,17,8,2,2025-07-10,2025-07-13,2025-07-24,1574000.0,0.0,156.2,Congelamiento del software
7207,1947,11,2,1,2025-07-10,2025-07-11,2025-07-13,1308000.0,0.0,1.5,
7208,355,8,6,2,2025-07-10,2025-07-12,2025-07-27,104000.0,0.0,40.0,Batería agotada
7209,1342,24,4,1,2025-07-10,2025-07-10,2025-07-11,100000.0,0.0,6.4,
7210,465,10,6,1,2025-07-10,2025-07-11,2025-07-12,575000.0,126000.0,6.8,
7211,153,2,5,2,2025-07-10,2025-07-10,2025-07-21,521000.0,0.0,62.3,Módulo ECG dañado
7212,1870,4,4,2,2025-07-10,2025-07-11,2025-07-26,260000.0,0.0,215.4,Lecturas erráticas
7213,262,15,10,1,2025-07-10,2025-07-10,2025-07-13,1216000.0,0.0,1.6,
7214,145,18,10,1,2025-07-11,2025-07-13,2025-07-14,93000.0,0.0,2.5,
7215,632,24,7,1,2025-07-11,2025-07-13,2025-07-14,226000.0,47000.0,3.3,
7216,578,8,4,1,2025-07-11,2025-07-12,2025-07-15,262000.0,0.0,7.3,
7217,637,9,9,2,2025-07-11,2025-07-13,2025-07-19,60000000.0,0.0,9.8,Sobrecalentamiento del tubo
7218,1534,14,5,1,2025-07-11,2025-07-12,2025-07-15,188000.0,0.0,5.4,
7219,727,10,4,1,2025-07-11,2025-07-12,2025-07-13,67000.0,0.0,6.1,
7220,1428,12,1,1,2025-07-11,2025-07-11,2025-07-14,362000.0,0.0,1.7,
7221,1268,1,3,2,2025-07-11,2025-07-14,2025-07-23,1459000.0,0.0,80.8,Alarma no funciona
7222,97,10,7,1,2025-07-11,2025-07-11,2025-07-14,114000.0,0.0,1.8,
7223,1007,20,7,1,2025-07-11,2025-07-12,2025-07-13,8000.0,0.0,1.7,
7224,1177,22,5,1,2025-07-11,2025-07-12,2025-07-13,300000.0,0.0,2.6,
7225,870,20,3,1,2025-07-11,2025-07-13,2025-07-16,88000.0,0.0,5.8,
7226,599,1,2,1,2025-07-11,2025-07-11,2025-07-12,82000.0,0.0,2.3,
7227,405,9,2,2,2025-07-11,2025-07-13,2025-07-18,192000.0,58000.0,97.3,Puerta o clamp dañado
7228,1753,18,11,2,2025-07-12,2025-07-14,2025-07-22,162000.0,0.0,149.0,Estructura inestable
7229,1918,21,5,2,2025-07-12,2025-07-13,2025-07-14,77000.0,23000.0,22.0,Celda de carga dañada
7230,714,1,5,2,2025-07-12,2025-07-12,2025-07-17,153000.0,46000.0,38.5,Alarma de oclusión
7231,370,1,3,1,2025-07-14,2025-07-14,2025-07-16,895000.0,0.0,6.8,
7232,9,10,7,1,2025-07-14,2025-07-14,2025-07-15,827000.0,0.0,1.0,
7233,879,9,4,2,2025-07-14,2025-07-17,2025-07-26,0.0,0.0,82.2,Bloqueo de seguridad dañado
7234,754,1,2,1,2025-07-14,2025-07-15,2025-07-18,60000.0,3000.0,2.5,
7235,1148,22,12,2,2025-07-14,2025-07-16,2025-07-19,3271000.0,0.0,13.1,Problemas de lavado
7236,1058,2,1,1,2025-07-14,2025-07-14,2025-07-17,778000.0,0.0,6.1,
7237,1779,15,11,1,2025-07-14,2025-07-14,2025-07-16,115000.0,0.0,7.7,
7238,17,11,6,2,2025-07-15,2025-07-15,2025-07-27,402000.0,0.0,202.1,Impresora no funciona
7239,1802,5,6,2,2025-07-15,2025-07-15,2025-07-22,513000.0,154000.0,37.2,Sistema hidráulico con fuga
7240,589,7,1,1,2025-07-15,2025-07-15,2025-07-18,291000.0,91000.0,4.3,
7241,64,12,2,1,2025-07-15,2025-07-16,2025-07-17,157000.0,0.0,1.0,
7242,1143,15,10,1,2025-07-15,2025-07-16,2025-07-17,1244000.0,453000.0,1.7,
7243,660,22,12,1,2025-07-15,2025-07-16,2025-07-18,214000.0,0.0,2.2,
7244,1690,17,4,1,2025-07-15,2025-07-16,2025-07-19,138000.0,0.0,1.6,
7245,1452,7,6,1,2025-07-15,2025-07-17,2025-07-19,1008000.0,456000.0,2.0,
7246,1219,10,6,2,2025-07-15,2025-07-16,2025-07-17,3000.0,0.0,18.5,Batería agotada
7247,1239,2,3,1,2025-07-15,2025-07-17,2025-07-19,144000.0,0.0,3.6,
7248,593,15,11,1,2025-07-15,2025-07-17,2025-07-18,80000.0,0.0,6.1,
7249,627,12,6,1,2025-07-15,2025-07-16,2025-07-17,100000.0,36000.0,3.0,
7250,769,18,5,2,2025-07-15,2025-07-18,2025-07-29,0.0,0.0,29.9,Batería dañada
7251,1388,8,1,1,2025-07-15,2025-07-16,2025-07-19,17000.0,0.0,2.0,
7252,1643,3,4,1,2025-07-16,2025-07-16,2025-07-19,145000.0,0.0,6.5,
7253,26,9,12,2,2025-07-16,2025-07-17,2025-07-24,699000.0,210000.0,98.2,Registro de temperatura incorrecto
7254,1811,7,7,2,2025-07-16,2025-07-19,2025-07-21,148000.0,0.0,38.4,Teclado/pantalla defectuosa
7255,202,3,3,2,2025-07-16,2025-07-19,2025-08-02,6000000.0,1800000.0,49.2,Error en sensor de oxígeno
7256,1207,18,11,1,2025-07-16,2025-07-18,2025-07-19,70000.0,0.0,6.8,
7257,436,13,6,1,2025-07-16,2025-07-16,2025-07-18,270000.0,0.0,2.5,
7258,233,10,2,1,2025-07-16,2025-07-18,2025-07-20,84000.0,0.0,6.0,
7259,1145,4,7,1,2025-07-16,2025-07-17,2025-07-19,35000.0,0.0,1.5,
7260,1755,15,11,1,2025-07-17,2025-07-17,2025-07-18,63000.0,0.0,4.5,
7261,1155,24,4,1,2025-07-17,2025-07-17,2025-07-18,20000.0,1000.0,3.7,
7262,932,24,5,2,2025-07-17,2025-07-20,2025-07-30,421000.0,0.0,142.6,Módulo ECG dañado
7263,1533,5,4,1,2025-07-17,2025-07-17,2025-07-19,33000.0,1000.0,1.5,
7264,997,8,2,2,2025-07-17,2025-07-18,2025-07-25,16000.0,0.0,83.8,Batería agotada
7265,1937,1,4,1,2025-07-17,2025-07-19,2025-07-20,187000.0,0.0,6.4,
7266,386,21,6,1,2025-07-17,2025-07-18,2025-07-20,151000.0,21000.0,4.5,
7267,1481,5,12,2,2025-07-17,2025-07-18,2025-07-21,1821000.0,0.0,59.5,Error de calibración
7268,1077,4,3,1,2025-07-17,2025-07-18,2025-07-21,354000.0,43000.0,4.4,
7269,553,1,2,1,2025-07-17,2025-07-17,2025-07-19,984000.0,0.0,7.1,
7270,1808,17,1,1,2025-07-17,2025-07-18,2025-07-20,116000.0,0.0,5.9,
7271,1611,10,6,2,2025-07-17,2025-07-19,2025-07-27,393000.0,0.0,168.6,Módulo ECG dañado
7272,228,11,3,1,2025-07-17,2025-07-17,2025-07-20,1322000.0,0.0,2.5,
7273,71,3,7,2,2025-07-17,2025-07-20,2025-07-25,354000.0,0.0,9.9,No enciende
7274,1031,12,6,1,2025-07-17,2025-07-18,2025-07-19,76000.0,0.0,3.4,
7275,83,16,12,2,2025-07-17,2025-07-20,2025-07-30,230000.0,0.0,216.8,Rotor desbalanceado
7276,1089,10,5,2,2025-07-17,2025-07-19,2025-07-30,312000.0,0.0,92.8,Boquilla obstruida
7277,1069,12,4,2,2025-07-17,2025-07-17,2025-07-21,5886000.0,0.0,17.3,Problema en ventilador integrado
7278,1506,17,3,1,2025-07-17,2025-07-17,2025-07-20,677000.0,0.0,2.6,
7279,374,15,11,1,2025-07-17,2025-07-18,2025-07-21,1829000.0,0.0,2.3,
7280,1344,13,3,1,2025-07-17,2025-07-17,2025-07-20,78000.0,0.0,4.6,
7281,1017,7,3,2,2025-07-17,2025-07-18,2025-07-23,87000.0,0.0,8.6,Alarmas inoperativas
7282,806,5,7,1,2025-07-17,2025-07-17,2025-07-20,95000.0,0.0,4.5,
7283,1181,11,5,2,2025-07-18,2025-07-21,2025-07-24,226000.0,0.0,53.6,Bloqueo de seguridad dañado
7284,1768,3,2,2,2025-07-18,2025-07-18,2025-07-31,140000.0,0.0,176.5,No detecta línea
7285,524,1,8,1,2025-07-18,2025-07-20,2025-07-23,843000.0,663000.0,3.6,
7286,1400,1,5,1,2025-07-18,2025-07-20,2025-07-22,247000.0,0.0,4.6,
7287,1897,16,1,2,2025-07-18,2025-07-19,2025-07-31,111000.0,0.0,50.3,Batería agotada
7288,981,20,6,2,2025-07-18,2025-07-21,2025-08-01,387000.0,0.0,50.8,Sistema hidráulico con fuga
7289,982,5,1,2,2025-07-18,2025-07-21,2025-07-23,566000.0,0.0,40.6,NIBP no infla
7290,849,2,1,2,2025-07-18,2025-07-19,2025-08-02,160000.0,0.0,115.6,Alarmas inoperativas
7291,557,6,2,2,2025-07-18,2025-07-18,2025-07-31,436000.0,131000.0,299.7,Memoria llena
7292,1545,24,2,1,2025-07-18,2025-07-20,2025-07-21,40000.0,0.0,3.4,
7293,1734,15,11,1,2025-07-18,2025-07-18,2025-07-20,63000.0,0.0,5.5,
7294,601,12,5,2,2025-07-19,2025-07-19,2025-07-30,502000.0,126000.0,161.5,Alarmas defectuosas
7295,1877,18,11,2,2025-07-19,2025-07-22,2025-08-04,450000.0,0.0,231.0,Velocidad inestable
7296,1878,6,7,2,2025-07-20,2025-07-20,2025-07-30,184000.0,0.0,83.1,SpO₂ sin lectura
7297,1818,2,2,2,2025-07-20,2025-07-20,2025-07-21,28000.0,0.0,8.2,Manómetro descalibrado
7298,725,4,12,2,2025-07-20,2025-07-22,2025-07-24,222000.0,0.0,32.3,Lentes sucios o dañados
7299,1195,3,1,2,2025-07-20,2025-07-23,2025-08-04,181000.0,0.0,68.9,Puerta o clamp dañado
7300,1462,2,3,2,2025-07-20,2025-07-23,2025-08-01,468000.0,0.0,89.1,Lecturas erráticas
7301,456,12,5,2,2025-07-20,2025-07-21,2025-07-26,413000.0,0.0,74.0,No enciende
7302,88,7,7,2,2025-07-20,2025-07-21,2025-07-30,17000.0,0.0,128.9,Sensor dañado
7303,100,24,7,1,2025-07-21,2025-07-21,2025-07-23,100000.0,0.0,1.4,
7304,273,11,5,1,2025-07-21,2025-07-23,2025-07-24,5000.0,0.0,3.4,
7305,1563,3,5,1,2025-07-21,2025-07-23,2025-07-24,148000.0,51000.0,7.1,
7306,1557,4,9,2,2025-07-21,2025-07-21,2025-07-29,13079000.0,0.0,161.7,Sobrecalentamiento
7307,1878,6,1,1,2025-07-21,2025-07-21,2025-07-23,158000.0,0.0,7.0,
7308,1706,4,12,1,2025-07-21,2025-07-23,2025-07-26,125000.0,16000.0,7.8,
7309,1462,2,1,2,2025-07-21,2025-07-21,2025-07-22,468000.0,0.0,10.9,Alarmas defectuosas
7310,1818,2,7,2,2025-07-21,2025-07-24,2025-07-30,28000.0,0.0,27.9,Pera dañada
7311,1200,4,4,1,2025-07-22,2025-07-24,2025-07-26,271000.0,0.0,2.4,
7312,445,24,4,1,2025-07-22,2025-07-22,2025-07-23,120000.0,0.0,7.8,
7313,1056,1,3,2,2025-07-22,2025-07-23,2025-07-31,170000.0,0.0,129.0,Teclado/pantalla defectuosa
7314,1302,11,4,2,2025-07-22,2025-07-25,2025-07-26,2733000.0,0.0,15.7,Alarma de presión
7315,234,4,5,1,2025-07-22,2025-07-22,2025-07-25,215000.0,0.0,5.0,
7316,1778,11,1,2,2025-07-22,2025-07-24,2025-08-07,11000.0,0.0,208.4,Batería agotada
7317,1248,12,4,2,2025-07-22,2025-07-23,2025-07-31,358000.0,98000.0,86.1,Ruedas trabadas
7318,935,7,1,2,2025-07-22,2025-07-25,2025-07-29,874000.0,149000.0,82.2,Electrodos defectuosos
7319,85,4,9,1,2025-07-22,2025-07-22,2025-07-23,13543000.0,6565000.0,7.1,
7320,1899,12,4,2,2025-07-23,2025-07-25,2025-07-27,1362000.0,0.0,24.7,Sensor de humedad defectuoso
7321,943,4,1,2,2025-07-23,2025-07-23,2025-07-25,3662000.0,1099000.0,22.5,Falla de batería
7322,1358,6,6,2,2025-07-23,2025-07-26,2025-08-01,110000.0,0.0,103.1,Temperatura errática
7323,1955,7,1,1,2025-07-23,2025-07-23,2025-07-26,117000.0,0.0,6.2,
7324,1557,4,9,2,2025-07-23,2025-07-24,2025-07-31,14019000.0,0.0,22.1,Detector defectuoso
7325,470,8,3,1,2025-07-23,2025-07-24,2025-07-26,17000.0,1000.0,4.8,
7326,154,10,5,2,2025-07-23,2025-07-25,2025-08-09,5865000.0,0.0,295.3,Fuga de gases
7327,142,7,1,1,2025-07-23,2025-07-25,2025-07-26,119000.0,19000.0,5.3,
7328,503,3,12,1,2025-07-23,2025-07-25,2025-07-27,237000.0,0.0,7.8,
7329,1963,12,7,2,2025-07-23,2025-07-25,2025-07-26,518000.0,0.0,19.8,Impresora no funciona
7330,316,9,1,1,2025-07-23,2025-07-24,2025-07-26,152000.0,0.0,7.0,
7331,1584,2,5,1,2025-07-23,2025-07-23,2025-07-25,3125000.0,0.0,3.9,
7332,1402,6,6,2,2025-07-23,2025-07-26,2025-07-30,370000.0,94000.0,56.6,Pantalla sin imagen
7333,1042,10,7,1,2025-07-24,2025-07-24,2025-07-26,1910000.0,0.0,4.5,
7334,835,11,4,1,2025-07-24,2025-07-24,2025-07-26,48000.0,12000.0,3.9,
7335,1626,3,3,1,2025-07-24,2025-07-25,2025-07-28,79000.0,0.0,7.5,
7336,1285,15,10,1,2025-07-24,2025-07-26,2025-07-28,108000.0,27000.0,7.6,
7337,764,17,3,2,2025-07-24,2025-07-26,2025-07-28,443000.0,0.0,30.1,Sistema hidráulico con fuga
7338,1721,9,4,1,2025-07-24,2025-07-24,2025-07-25,413000.0,38000.0,7.9,
7339,860,11,3,1,2025-07-24,2025-07-24,2025-07-25,136000.0,0.0,1.8,
7340,1814,6,4,1,2025-07-24,2025-07-26,2025-07-27,25000.0,0.0,3.4,
7341,926,2,4,1,2025-07-24,2025-07-26,2025-07-27,247000.0,0.0,7.2,
7342,1676,1,6,2,2025-07-24,2025-07-25,2025-07-26,3106000.0,0.0,16.4,Alarma de apnea
7343,411,1,2,1,2025-07-24,2025-07-26,2025-07-28,641000.0,0.0,3.4,
7344,1398,10,9,1,2025-07-24,2025-07-25,2025-07-28,5325000.0,0.0,3.8,
7345,649,21,7,1,2025-07-24,2025-07-26,2025-07-28,175000.0,0.0,8.0,
7346,1713,9,4,1,2025-07-25,2025-07-25,2025-07-27,73000.0,0.0,2.5,
7347,476,9,7,2,2025-07-25,2025-07-25,2025-08-08,3314000.0,0.0,58.0,No enciende
7348,1257,17,5,2,2025-07-25,2025-07-26,2025-07-30,114000.0,0.0,32.7,Teclado/pantalla defectuosa
7349,401,2,2,1,2025-07-25,2025-07-26,2025-07-29,253000.0,0.0,2.3,
7350,988,7,3,1,2025-07-25,2025-07-27,2025-07-29,166000.0,0.0,3.4,
7351,1976,12,1,2,2025-07-25,2025-07-26,2025-08-01,49000.0,0.0,88.5,Batería dañada
7352,1909,21,4,1,2025-07-25,2025-07-27,2025-07-28,34000.0,0.0,1.6,
7353,1859,1,5,2,2025-07-25,2025-07-27,2025-08-08,1179000.0,0.0,69.5,Falla de ventilador
7354,325,17,6,1,2025-07-25,2025-07-26,2025-07-29,126000.0,0.0,7.9,
7355,1463,8,2,2,2025-07-25,2025-07-27,2025-07-28,502000.0,0.0,12.3,SpO₂ no detecta señal
7356,1358,6,7,2,2025-07-25,2025-07-28,2025-08-12,110000.0,0.0,13.6,Pantalla dañada
7357,1036,12,1,1,2025-07-25,2025-07-25,2025-07-27,190000.0,0.0,4.1,
7358,1882,17,5,1,2025-07-25,2025-07-26,2025-07-29,229000.0,0.0,2.8,
7359,363,4,9,2,2025-07-25,2025-07-27,2025-08-09,4553000.0,1545000.0,262.3,Imagen con ruido
7360,663,1,6,2,2025-07-25,2025-07-27,2025-08-09,1598000.0,0.0,44.9,Sensor de humedad defectuoso
7361,927,3,1,1,2025-07-25,2025-07-25,2025-07-26,128000.0,0.0,4.7,
7362,1971,4,7,2,2025-07-26,2025-07-26,2025-08-01,160000.0,48000.0,137.8,Alarma de oclusión
7363,218,16,12,2,2025-07-26,2025-07-29,2025-08-13,4541000.0,0.0,148.4,Error de reactivos
7364,1672,21,4,2,2025-07-26,2025-07-29,2025-07-30,28000.0,0.0,22.2,Pera dañada
7365,23,21,6,2,2025-07-26,2025-07-27,2025-08-02,1495000.0,0.0,115.7,Problema en válvulas internas
7366,242,4,5,2,2025-07-27,2025-07-28,2025-08-01,168000.0,0.0,22.4,Alarma de oclusión
7367,932,3,2,2,2025-07-27,2025-07-28,2025-08-05,421000.0,0.0,35.9,No enciende
7368,534,1,3,2,2025-07-27,2025-07-30,2025-08-08,477000.0,143000.0,99.6,Lecturas erráticas
7369,993,10,2,2,2025-07-27,2025-07-29,2025-07-30,2483000.0,0.0,10.9,Falla de batería
7370,1301,17,9,2,2025-07-27,2025-07-27,2025-08-02,5225000.0,0.0,102.5,No genera exposición
7371,656,4,2,2,2025-07-27,2025-07-27,2025-08-05,5000.0,2000.0,68.7,Tiempo de medición excesivo
7372,410,12,6,1,2025-07-28,2025-07-29,2025-07-30,580000.0,0.0,6.4,
7373,1177,22,5,2,2025-07-28,2025-07-29,2025-08-13,382000.0,0.0,57.2,Pantalla sin imagen
7374,1751,9,2,2,2025-07-28,2025-07-30,2025-08-03,3584000.0,0.0,33.1,Falla de pantalla
7375,190,20,7,1,2025-07-28,2025-07-28,2025-07-30,54000.0,0.0,4.1,
7376,1437,24,7,2,2025-07-28,2025-07-31,2025-08-04,14000.0,0.0,75.1,Válvula defectuosa
7377,1796,21,6,2,2025-07-28,2025-07-28,2025-08-07,164000.0,0.0,232.0,No detecta línea
7378,340,18,11,1,2025-07-28,2025-07-28,2025-07-30,63000.0,0.0,2.3,
7379,737,11,2,2,2025-07-28,2025-07-31,2025-08-09,1591000.0,0.0,78.0,Sensor de humedad defectuoso
7380,1720,9,7,2,2025-07-28,2025-07-28,2025-08-07,113000.0,33000.0,122.8,Alarmas inoperativas
7381,1580,11,4,1,2025-07-28,2025-07-29,2025-07-31,177000.0,16000.0,6.4,
7382,1236,4,2,1,2025-07-28,2025-07-28,2025-07-29,93000.0,0.0,3.0,
7383,1771,9,4,1,2025-07-29,2025-07-31,2025-08-01,306000.0,0.0,4.6,
7384,1390,15,11,1,2025-07-29,2025-07-30,2025-08-02,68000.0,0.0,7.6,
7385,1517,14,1,1,2025-07-29,2025-07-30,2025-08-02,21000.0,0.0,6.4,
7386,1514,15,10,1,2025-07-29,2025-07-30,2025-08-02,133000.0,27000.0,3.9,
7387,1304,16,12,1,2025-07-30,2025-07-30,2025-08-01,287000.0,0.0,5.0,
7388,1607,9,3,1,2025-07-30,2025-08-01,2025-08-03,27000.0,0.0,3.1,
7389,95,4,1,1,2025-07-30,2025-07-30,2025-07-31,103000.0,0.0,1.7,
7390,1578,20,9,1,2025-07-31,2025-08-02,2025-08-03,3690000.0,700000.0,1.7,
7391,1944,20,5,1,2025-07-31,2025-07-31,2025-08-02,21000.0,0.0,5.2,
7392,1038,7,4,1,2025-07-31,2025-08-01,2025-08-03,195000.0,0.0,7.0,
7393,1670,17,5,1,2025-07-31,2025-08-01,2025-08-03,228000.0,0.0,5.3,
7394,175,4,1,1,2025-07-31,2025-08-02,2025-08-03,116000.0,0.0,4.1,
7395,1341,19,10,1,2025-07-31,2025-07-31,2025-08-01,712000.0,0.0,7.1,
7396,1215,2,4,1,2025-07-31,2025-07-31,2025-08-01,105000.0,0.0,1.7,
7397,536,3,3,1,2025-07-31,2025-08-02,2025-08-03,7000.0,1000.0,7.7,
7398,1031,12,6,2,2025-08-01,2025-08-04,2025-08-11,117000.0,0.0,133.7,No detecta línea
7399,1068,12,4,2,2025-08-01,2025-08-01,2025-08-06,194000.0,0.0,91.7,Alarma de oclusión
7400,1291,17,7,1,2025-08-01,2025-08-02,2025-08-04,107000.0,0.0,2.6,
7401,256,10,7,2,2025-08-01,2025-08-04,2025-08-10,149000.0,0.0,83.0,Falla de presión NIBP
7402,944,9,7,2,2025-08-01,2025-08-01,2025-08-03,281000.0,0.0,38.9,Bloqueo de seguridad dañado
7403,1611,10,5,2,2025-08-01,2025-08-01,2025-08-12,393000.0,0.0,119.5,No enciende
7404,934,7,4,2,2025-08-01,2025-08-04,2025-08-08,5707000.0,0.0,60.4,Falla de batería
7405,1422,2,5,2,2025-08-01,2025-08-02,2025-08-09,431000.0,0.0,118.2,Trazado con ruido
7406,311,21,7,1,2025-08-01,2025-08-01,2025-08-04,119000.0,0.0,7.4,
7407,558,5,1,2,2025-08-01,2025-08-04,2025-08-13,400000.0,0.0,29.1,No enciende
7408,927,3,1,2,2025-08-02,2025-08-05,2025-08-19,155000.0,0.0,198.6,Caudal incorrecto
7409,567,6,12,2,2025-08-02,2025-08-03,2025-08-15,315000.0,0.0,233.0,Vibración excesiva
7410,1499,6,6,2,2025-08-02,2025-08-02,2025-08-11,118000.0,0.0,130.3,Falla de presión NIBP
7411,1401,3,4,2,2025-08-02,2025-08-02,2025-08-10,2673000.0,0.0,171.0,Sensor defectuoso
7412,1274,12,5,2,2025-08-03,2025-08-03,2025-08-05,397000.0,0.0,19.8,Módulo ECG dañado
7413,700,7,4,2,2025-08-03,2025-08-05,2025-08-18,1492000.0,0.0,130.3,Sensor defectuoso
7414,1614,5,1,2,2025-08-03,2025-08-05,2025-08-06,246000.0,0.0,21.3,Lecturas inconsistentes
7415,702,18,11,1,2025-08-04,2025-08-04,2025-08-07,203000.0,0.0,6.3,
7416,206,3,6,2,2025-08-04,2025-08-06,2025-08-15,2393000.0,791000.0,124.9,Error de calibración
7417,1664,7,1,1,2025-08-04,2025-08-06,2025-08-07,86000.0,0.0,2.9,
7418,535,12,12,1,2025-08-04,2025-08-06,2025-08-07,78000.0,0.0,4.7,
7419,828,12,2,2,2025-08-04,2025-08-06,2025-08-18,288000.0,86000.0,84.6,Trazado con ruido
7420,1037,9,7,1,2025-08-04,2025-08-06,2025-08-07,1824000.0,400000.0,2.8,
7421,1770,22,2,1,2025-08-04,2025-08-05,2025-08-07,194000.0,0.0,3.8,
7422,1714,21,4,1,2025-08-04,2025-08-05,2025-08-07,105000.0,0.0,5.8,
7423,791,7,5,2,2025-08-04,2025-08-06,2025-08-16,278000.0,0.0,96.4,Caudal incorrecto
7424,1278,17,1,1,2025-08-04,2025-08-04,2025-08-05,98000.0,0.0,1.4,
7425,770,15,11,2,2025-08-04,2025-08-05,2025-08-09,2382000.0,0.0,76.2,Bomba de lavado defectuosa
7426,1279,9,6,2,2025-08-04,2025-08-06,2025-08-09,106000.0,25000.0,43.0,Puerta o clamp dañado
7427,393,11,7,1,2025-08-04,2025-08-06,2025-08-08,63000.0,0.0,1.9,
7428,1407,14,12,1,2025-08-04,2025-08-06,2025-08-08,259000.0,61000.0,5.6,
7429,616,4,2,1,2025-08-05,2025-08-06,2025-08-08,287000.0,0.0,2.2,
7430,1284,9,12,2,2025-08-05,2025-08-06,2025-08-19,3403000.0,0.0,86.1,Falla de calibración
7431,1519,8,9,1,2025-08-05,2025-08-05,2025-08-06,1725000.0,0.0,3.5,
7432,276,3,1,2,2025-08-05,2025-08-07,2025-08-13,307000.0,0.0,31.6,Pantalla sin imagen
7433,299,21,4,1,2025-08-05,2025-08-07,2025-08-08,127000.0,0.0,2.6,
7434,1302,11,3,1,2025-08-05,2025-08-06,2025-08-09,1216000.0,0.0,4.4,
7435,492,11,5,1,2025-08-06,2025-08-08,2025-08-10,157000.0,0.0,1.8,
7436,892,10,4,1,2025-08-06,2025-08-06,2025-08-09,3840000.0,0.0,5.0,
7437,1180,7,7,1,2025-08-06,2025-08-07,2025-08-09,114000.0,0.0,3.7,
7438,1025,10,4,1,2025-08-06,2025-08-08,2025-08-11,83000.0,0.0,6.7,
7439,1371,12,6,1,2025-08-06,2025-08-06,2025-08-07,272000.0,43000.0,3.1,
7440,707,21,7,2,2025-08-06,2025-08-07,2025-08-21,746000.0,0.0,231.7,Palas/electrodos defectuosos
7441,236,2,3,1,2025-08-06,2025-08-07,2025-08-10,261000.0,36000.0,1.9,
7442,203,2,3,2,2025-08-06,2025-08-08,2025-08-21,5546000.0,0.0,162.2,Falla en vaporizador
7443,1460,22,6,1,2025-08-06,2025-08-08,2025-08-09,189000.0,0.0,5.4,
7444,622,1,5,1,2025-08-06,2025-08-06,2025-08-08,221000.0,46000.0,6.5,
7445,1170,12,3,1,2025-08-06,2025-08-07,2025-08-10,103000.0,20000.0,5.1,
7446,1757,7,5,1,2025-08-07,2025-08-08,2025-08-10,143000.0,18000.0,2.9,
7447,824,6,4,1,2025-08-07,2025-08-08,2025-08-11,55000.0,0.0,3.2,
7448,1518,8,1,1,2025-08-07,2025-08-09,2025-08-12,247000.0,0.0,4.5,
7449,1188,7,2,1,2025-08-07,2025-08-08,2025-08-09,170000.0,0.0,2.3,
7450,591,9,2,1,2025-08-07,2025-08-09,2025-08-12,312000.0,0.0,1.7,
7451,751,12,4,1,2025-08-07,2025-08-08,2025-08-09,926000.0,0.0,1.9,
7452,955,16,12,1,2025-08-07,2025-08-07,2025-08-08,168000.0,0.0,2.4,
7453,18,7,7,1,2025-08-07,2025-08-09,2025-08-12,155000.0,34000.0,5.9,
7454,1599,21,4,2,2025-08-07,2025-08-09,2025-08-17,0.0,0.0,52.0,Batería dañada
7455,696,1,6,2,2025-08-07,2025-08-10,2025-08-13,46000.0,0.0,70.9,Luz débil
7456,751,12,7,2,2025-08-07,2025-08-10,2025-08-22,1506000.0,0.0,47.0,Falla de ventilador
7457,963,9,7,1,2025-08-07,2025-08-08,2025-08-11,188000.0,0.0,4.8,
7458,994,24,7,2,2025-08-07,2025-08-10,2025-08-20,363000.0,109000.0,85.9,No enciende
7459,794,3,7,1,2025-08-07,2025-08-09,2025-08-12,218000.0,45000.0,1.6,
7460,897,11,4,2,2025-08-08,2025-08-10,2025-08-13,6000.0,0.0,41.6,Lecturas erróneas
7461,1152,8,2,1,2025-08-08,2025-08-09,2025-08-10,28000.0,0.0,3.4,
7462,605,6,2,1,2025-08-08,2025-08-10,2025-08-12,4000.0,0.0,6.7,
7463,766,22,7,1,2025-08-08,2025-08-10,2025-08-11,291000.0,65000.0,6.4,
7464,1458,1,7,1,2025-08-08,2025-08-10,2025-08-13,131000.0,0.0,1.5,
7465,1461,6,5,1,2025-08-08,2025-08-10,2025-08-12,137000.0,0.0,4.4,
7466,891,16,1,1,2025-08-08,2025-08-08,2025-08-09,49000.0,4000.0,8.0,
7467,1238,9,4,2,2025-08-08,2025-08-11,2025-08-16,0.0,0.0,60.4,Pantalla sin respuesta
7468,16,12,2,2,2025-08-09,2025-08-10,2025-08-14,79000.0,0.0,60.0,Selector de lentes trabado
7469,1933,12,7,2,2025-08-09,2025-08-09,2025-08-14,3882000.0,0.0,63.3,Problema en válvulas internas
7470,327,1,7,2,2025-08-09,2025-08-10,2025-08-22,3229000.0,0.0,274.9,Falla de pantalla
7471,765,2,4,2,2025-08-09,2025-08-11,2025-08-13,1807000.0,0.0,33.2,Falla de batería
7472,1630,10,4,2,2025-08-10,2025-08-10,2025-08-22,4592000.0,1378000.0,143.9,Falla en vaporizador
7473,301,4,9,2,2025-08-10,2025-08-10,2025-08-18,2022000.0,0.0,151.7,Imagen con ruido
7474,1952,21,5,2,2025-08-10,2025-08-10,2025-08-23,4853000.0,0.0,295.0,Error en sensor de oxígeno
7475,914,13,8,2,2025-08-11,2025-08-12,2025-08-23,4044000.0,698000.0,197.5,Falla de teclado o trackball
7476,1926,1,2,1,2025-08-11,2025-08-13,2025-08-15,905000.0,674000.0,6.4,
7477,1297,9,3,2,2025-08-11,2025-08-11,2025-08-12,3630000.0,0.0,17.2,Error de calibración
7478,908,16,3,1,2025-08-11,2025-08-12,2025-08-13,49000.0,0.0,3.9,
7479,1242,12,1,1,2025-08-11,2025-08-12,2025-08-15,130000.0,37000.0,4.3,
7480,1593,20,9,1,2025-08-11,2025-08-11,2025-08-14,585000.0,0.0,1.3,
7481,220,14,3,1,2025-08-11,2025-08-12,2025-08-14,76000.0,0.0,5.2,
7482,479,21,5,1,2025-08-11,2025-08-11,2025-08-14,318000.0,0.0,2.4,
7483,1502,3,1,2,2025-08-11,2025-08-12,2025-08-19,0.0,0.0,140.4,Sensor defectuoso
7484,1318,15,11,2,2025-08-11,2025-08-11,2025-08-18,2532000.0,0.0,74.2,Falla de resistencia
7485,1359,5,1,1,2025-08-11,2025-08-11,2025-08-13,274000.0,0.0,2.8,
7486,82,7,7,2,2025-08-11,2025-08-14,2025-08-18,31000.0,0.0,50.2,Manómetro descalibrado
7487,1320,10,5,1,2025-08-11,2025-08-13,2025-08-15,350000.0,0.0,3.9,
7488,1862,15,11,1,2025-08-11,2025-08-12,2025-08-14,64000.0,0.0,7.7,
7489,1985,11,1,1,2025-08-11,2025-08-12,2025-08-15,84000.0,0.0,2.5,
7490,1422,21,3,1,2025-08-11,2025-08-12,2025-08-14,245000.0,0.0,7.4,
7491,1916,9,2,2,2025-08-11,2025-08-14,2025-08-27,216000.0,0.0,125.5,Puerta o clamp dañado
7492,213,17,4,2,2025-08-12,2025-08-15,2025-08-16,569000.0,171000.0,14.1,Descarga fallida
7493,1096,4,2,1,2025-08-12,2025-08-13,2025-08-16,67000.0,0.0,4.2,
7494,1993,11,3,1,2025-08-12,2025-08-12,2025-08-15,63000.0,0.0,4.4,
7495,810,15,11,1,2025-08-12,2025-08-13,2025-08-14,143000.0,0.0,7.3,
7496,187,6,1,2,2025-08-12,2025-08-14,2025-08-27,8000.0,0.0,23.2,Lectura incorrecta
7497,476,9,4,1,2025-08-12,2025-08-14,2025-08-15,1571000.0,0.0,2.0,
7498,483,7,2,2,2025-08-12,2025-08-14,2025-08-19,135000.0,0.0,73.9,No detecta línea
7499,1852,12,12,2,2025-08-12,2025-08-14,2025-08-27,390000.0,0.0,91.8,Condensador sucio
7500,1832,11,2,2,2025-08-12,2025-08-12,2025-08-23,11000.0,0.0,201.3,Lectura incorrecta
7501,1047,1,5,1,2025-08-12,2025-08-13,2025-08-14,757000.0,0.0,3.6,
7502,849,2,1,2,2025-08-12,2025-08-13,2025-08-28,160000.0,0.0,240.7,Alarmas inoperativas
7503,509,12,3,2,2025-08-12,2025-08-15,2025-08-18,166000.0,0.0,68.1,No detecta línea
7504,755,10,3,2,2025-08-12,2025-08-14,2025-08-29,156000.0,0.0,71.0,Error de calibración
7505,355,8,4,1,2025-08-12,2025-08-13,2025-08-16,127000.0,0.0,1.6,
7506,547,9,2,1,2025-08-12,2025-08-13,2025-08-14,182000.0,0.0,4.4,
7507,435,8,6,2,2025-08-12,2025-08-15,2025-08-28,598000.0,0.0,178.3,NIBP no infla
7508,621,6,5,1,2025-08-12,2025-08-14,2025-08-16,203000.0,88000.0,6.2,
7509,289,21,7,1,2025-08-12,2025-08-13,2025-08-15,188000.0,61000.0,5.7,
7510,1463,8,7,2,2025-08-13,2025-08-15,2025-08-27,502000.0,0.0,287.4,Módulo ECG dañado
7511,1086,2,1,1,2025-08-13,2025-08-14,2025-08-16,115000.0,0.0,4.5,
7512,27,12,4,2,2025-08-13,2025-08-15,2025-08-27,1257000.0,0.0,192.5,Temperatura inestable
7513,271,19,1,1,2025-08-13,2025-08-15,2025-08-16,9000.0,0.0,5.4,
7514,1269,3,5,2,2025-08-13,2025-08-14,2025-08-20,585000.0,0.0,92.4,NIBP no infla
7515,743,10,2,2,2025-08-13,2025-08-16,2025-08-18,181000.0,54000.0,39.5,Batería dañada
7516,1907,12,5,1,2025-08-13,2025-08-15,2025-08-16,307000.0,0.0,7.4,
7517,160,9,2,1,2025-08-13,2025-08-13,2025-08-15,81000.0,0.0,4.3,
7518,1617,15,10,2,2025-08-13,2025-08-15,2025-08-22,1677000.0,503000.0,97.1,No genera presión
7519,809,7,7,1,2025-08-13,2025-08-15,2025-08-18,105000.0,24000.0,3.6,
7520,740,2,4,1,2025-08-13,2025-08-14,2025-08-15,139000.0,0.0,5.3,
7521,859,4,6,1,2025-08-13,2025-08-15,2025-08-16,26000.0,0.0,3.7,
7522,862,8,6,2,2025-08-13,2025-08-14,2025-08-17,418000.0,0.0,46.5,Colchón dañado
7523,1938,10,6,1,2025-08-14,2025-08-14,2025-08-17,274000.0,28000.0,6.8,
7524,822,10,8,1,2025-08-14,2025-08-16,2025-08-18,2495000.0,0.0,2.4,
7525,1526,13,1,1,2025-08-14,2025-08-15,2025-08-17,380000.0,0.0,2.6,
7526,1208,10,2,1,2025-08-14,2025-08-15,2025-08-16,2168000.0,0.0,6.2,
7527,1822,22,7,1,2025-08-14,2025-08-15,2025-08-16,70000.0,0.0,6.1,
7528,1830,11,5,1,2025-08-14,2025-08-14,2025-08-15,374000.0,0.0,4.7,
7529,108,15,10,2,2025-08-14,2025-08-17,2025-08-25,2578000.0,0.0,36.9,Fuga de vapor
7530,549,1,2,2,2025-08-14,2025-08-17,2025-08-25,550000.0,162000.0,119.4,Batería agotada
7531,1205,10,4,2,2025-08-14,2025-08-17,2025-08-19,1008000.0,0.0,40.3,Falla de ventilador
7532,1865,12,2,2,2025-08-14,2025-08-17,2025-08-21,387000.0,0.0,48.2,NIBP no infla
7533,1430,12,6,1,2025-08-14,2025-08-15,2025-08-18,154000.0,0.0,7.5,
7534,1726,17,4,1,2025-08-14,2025-08-14,2025-08-15,37000.0,0.0,3.8,
7535,1230,10,3,2,2025-08-14,2025-08-14,2025-08-15,5224000.0,0.0,13.9,Pantalla sin respuesta
7536,1195,3,4,1,2025-08-14,2025-08-15,2025-08-18,174000.0,0.0,7.1,
7537,1144,7,6,1,2025-08-15,2025-08-17,2025-08-18,143000.0,0.0,3.5,
7538,1284,9,12,2,2025-08-15,2025-08-15,2025-08-16,3403000.0,0.0,21.7,Error de software
7539,1945,1,7,2,2025-08-15,2025-08-16,2025-08-26,155000.0,47000.0,233.8,Error de calibración
7540,1569,12,2,1,2025-08-15,2025-08-17,2025-08-19,21000.0,0.0,3.6,
7541,1898,21,2,1,2025-08-15,2025-08-16,2025-08-19,81000.0,9000.0,2.4,
7542,617,9,9,2,2025-08-15,2025-08-15,2025-08-18,3636000.0,0.0,68.0,Batería defectuosa
7543,344,15,10,2,2025-08-15,2025-08-17,2025-08-22,1682000.0,0.0,58.8,Puerta no cierra
7544,344,15,11,2,2025-08-15,2025-08-15,2025-08-23,1682000.0,0.0,83.7,Bomba de lavado defectuosa
7545,14,10,2,1,2025-08-15,2025-08-15,2025-08-17,269000.0,51000.0,7.5,
7546,1913,5,6,1,2025-08-15,2025-08-15,2025-08-18,26000.0,0.0,2.5,
7547,767,21,2,2,2025-08-15,2025-08-17,2025-08-23,552000.0,129000.0,19.0,Error de autoprueba
7548,1895,18,6,2,2025-08-15,2025-08-17,2025-08-27,248000.0,0.0,9.6,Audio defectuoso
7549,1270,4,6,1,2025-08-15,2025-08-15,2025-08-16,120000.0,0.0,3.6,
7550,256,10,6,2,2025-08-15,2025-08-15,2025-08-23,149000.0,0.0,86.4,Alarmas inoperativas
7551,205,2,5,2,2025-08-15,2025-08-16,2025-08-21,16000.0,4000.0,48.3,Fuga en brazalete
7552,1572,1,1,2,2025-08-16,2025-08-16,2025-08-21,26000.0,0.0,89.8,Pera dañada
7553,34,18,10,2,2025-08-16,2025-08-17,2025-08-22,331000.0,99000.0,18.1,Ruido mecánico
7554,617,9,9,2,2025-08-16,2025-08-17,2025-08-29,5028000.0,0.0,33.1,Error de colimador
7555,1459,11,7,2,2025-08-16,2025-08-19,2025-08-28,1399000.0,0.0,22.3,Error de calibración
7556,1493,20,8,2,2025-08-16,2025-08-19,2025-08-20,585000.0,0.0,16.9,Punta/sensor dañado
7557,819,7,6,2,2025-08-16,2025-08-19,2025-08-22,239000.0,72000.0,46.0,Puerta o clamp dañado
7558,637,9,8,2,2025-08-16,2025-08-16,2025-08-20,60000000.0,0.0,90.9,Error de software
7559,502,14,6,2,2025-08-17,2025-08-17,2025-08-26,10000.0,0.0,11.3,Lectura errática
7560,1665,5,3,2,2025-08-17,2025-08-19,2025-08-20,579000.0,174000.0,13.7,NIBP no infla
7561,103,1,7,2,2025-08-17,2025-08-19,2025-08-24,894000.0,0.0,61.0,Falla de control
7562,1020,17,3,2,2025-08-17,2025-08-18,2025-08-29,18000.0,5000.0,36.5,Pera dañada
7563,1774,20,8,2,2025-08-17,2025-08-17,2025-08-26,813000.0,0.0,88.6,Joystick trabado
7564,1226,2,6,2,2025-08-17,2025-08-20,2025-08-23,147000.0,0.0,26.3,Pantalla dañada
7565,378,12,5,2,2025-08-18,2025-08-19,2025-08-21,3689000.0,0.0,43.0,Fuga en circuito
7566,1778,11,5,1,2025-08-18,2025-08-18,2025-08-19,33000.0,0.0,7.2,
7567,385,5,1,1,2025-08-18,2025-08-20,2025-08-23,105000.0,0.0,4.7,
7568,1,4,3,1,2025-08-18,2025-08-18,2025-08-19,59000.0,0.0,7.0,
7569,604,15,10,1,2025-08-18,2025-08-18,2025-08-19,55000.0,0.0,4.2,
7570,123,8,1,1,2025-08-18,2025-08-20,2025-08-21,215000.0,0.0,5.2,
7571,1153,24,6,2,2025-08-18,2025-08-20,2025-08-28,333000.0,100000.0,97.4,NIBP no infla
7572,635,3,5,2,2025-08-18,2025-08-20,2025-09-01,6000.0,0.0,276.1,Lectura errática
7573,1919,6,1,1,2025-08-19,2025-08-20,2025-08-23,127000.0,0.0,5.9,
7574,959,7,4,1,2025-08-19,2025-08-19,2025-08-21,129000.0,26000.0,2.7,
7575,1641,1,1,2,2025-08-19,2025-08-19,2025-09-03,2066000.0,0.0,297.6,No enciende
7576,830,12,6,2,2025-08-19,2025-08-21,2025-08-23,391000.0,117000.0,22.0,Error de autoprueba
7577,635,3,7,1,2025-08-19,2025-08-20,2025-08-22,15000.0,0.0,1.9,
7578,1604,7,2,2,2025-08-19,2025-08-19,2025-08-26,3380000.0,1014000.0,102.2,Falla de batería
7579,1665,5,6,1,2025-08-19,2025-08-21,2025-08-24,403000.0,73000.0,4.3,
7580,1521,1,3,2,2025-08-19,2025-08-19,2025-08-29,147000.0,36000.0,21.4,Falla de presión NIBP
7581,1283,2,2,1,2025-08-19,2025-08-20,2025-08-21,38000.0,0.0,6.4,
7582,1348,16,3,2,2025-08-19,2025-08-19,2025-08-23,422000.0,0.0,11.9,Ruedas trabadas
7583,1023,18,10,1,2025-08-19,2025-08-21,2025-08-23,95000.0,0.0,4.2,
7584,1024,17,3,1,2025-08-19,2025-08-21,2025-08-22,119000.0,35000.0,7.9,
7585,1183,18,11,2,2025-08-19,2025-08-22,2025-09-01,461000.0,138000.0,206.4,Botón de emergencia defectuoso
7586,1197,14,5,1,2025-08-20,2025-08-22,2025-08-24,12000.0,0.0,6.3,
7587,1698,5,12,1,2025-08-20,2025-08-21,2025-08-22,151000.0,0.0,1.8,
7588,1075,13,9,2,2025-08-20,2025-08-23,2025-08-31,3044000.0,660000.0,140.0,Congelamiento del software
7589,874,4,6,1,2025-08-20,2025-08-21,2025-08-22,255000.0,0.0,7.6,
7590,1807,2,2,1,2025-08-20,2025-08-20,2025-08-21,207000.0,0.0,3.7,
7591,428,1,6,2,2025-08-20,2025-08-20,2025-09-04,368000.0,0.0,118.9,Lámparas/LED dañados
7592,1752,13,5,2,2025-08-20,2025-08-23,2025-09-01,12000.0,0.0,69.3,Válvula defectuosa
7593,581,21,5,2,2025-08-20,2025-08-22,2025-08-25,178000.0,0.0,22.2,No detecta línea
7594,1455,13,5,1,2025-08-20,2025-08-21,2025-08-22,90000.0,0.0,3.8,
7595,1262,17,5,1,2025-08-20,2025-08-20,2025-08-21,154000.0,0.0,1.6,
7596,1157,1,7,2,2025-08-20,2025-08-23,2025-08-26,360000.0,0.0,35.1,Lecturas erráticas
7597,937,6,12,1,2025-08-20,2025-08-22,2025-08-23,145000.0,0.0,5.6,
7598,1393,2,3,1,2025-08-20,2025-08-20,2025-08-23,62000.0,0.0,1.0,
7599,377,13,3,1,2025-08-20,2025-08-22,2025-08-24,153000.0,0.0,3.7,
7600,1414,8,9,1,2025-08-21,2025-08-21,2025-08-22,7151000.0,0.0,5.2,
7601,56,7,1,2,2025-08-21,2025-08-24,2025-09-06,10000.0,0.0,270.2,Pantalla defectuosa
7602,509,12,7,1,2025-08-21,2025-08-23,2025-08-25,92000.0,0.0,6.7,
7603,1438,7,5,2,2025-08-21,2025-08-23,2025-09-04,215000.0,0.0,73.5,Caudal incorrecto
7604,374,15,11,2,2025-08-21,2025-08-22,2025-09-05,2710000.0,0.0,110.6,Fuga de vapor
7605,1535,19,7,1,2025-08-21,2025-08-23,2025-08-26,8000.0,0.0,4.3,
7606,1836,7,6,1,2025-08-21,2025-08-21,2025-08-23,138000.0,0.0,1.5,
7607,1679,3,12,2,2025-08-21,2025-08-24,2025-09-02,2910000.0,0.0,95.2,Error de reactivos
7608,1720,9,2,1,2025-08-21,2025-08-23,2025-08-26,66000.0,19000.0,5.6,
7609,1798,9,2,1,2025-08-21,2025-08-23,2025-08-26,850000.0,0.0,2.5,
7610,366,11,7,1,2025-08-21,2025-08-23,2025-08-25,1520000.0,0.0,6.4,
7611,1656,13,8,2,2025-08-21,2025-08-23,2025-09-01,3029000.0,0.0,12.7,Pantalla defectuosa
7612,1979,7,3,2,2025-08-21,2025-08-24,2025-08-27,450000.0,0.0,40.5,No enciende
7613,1557,17,8,1,2025-08-21,2025-08-22,2025-08-23,3641000.0,0.0,4.7,
7614,1015,4,2,2,2025-08-21,2025-08-21,2025-08-23,497000.0,0.0,43.9,Mecanismo de altura no funciona
7615,1287,21,4,1,2025-08-21,2025-08-21,2025-08-24,129000.0,0.0,4.8,
7616,1167,18,11,1,2025-08-21,2025-08-23,2025-08-26,68000.0,0.0,5.7,
7617,410,12,3,2,2025-08-21,2025-08-22,2025-08-27,1209000.0,0.0,70.8,Puerta o cúpula dañada
7618,432,20,8,2,2025-08-21,2025-08-21,2025-08-29,337000.0,72000.0,88.1,Pantalla defectuosa
7619,784,9,4,1,2025-08-21,2025-08-21,2025-08-23,177000.0,0.0,2.4,
7620,19,17,9,1,2025-08-22,2025-08-22,2025-08-25,4127000.0,0.0,3.9,
7621,1246,12,3,2,2025-08-22,2025-08-24,2025-08-28,576000.0,173000.0,78.9,No enciende
7622,985,22,6,2,2025-08-22,2025-08-22,2025-09-05,26000.0,0.0,217.0,Válvula defectuosa
7623,921,3,2,2,2025-08-22,2025-08-25,2025-08-26,493000.0,0.0,21.9,Lecturas erráticas
7624,361,6,4,1,2025-08-22,2025-08-22,2025-08-23,13000.0,0.0,5.4,
7625,1113,7,6,1,2025-08-22,2025-08-24,2025-08-26,134000.0,0.0,6.8,
7626,1373,22,2,1,2025-08-22,2025-08-23,2025-08-24,23000.0,0.0,5.5,
7627,864,1,9,2,2025-08-22,2025-08-23,2025-09-01,60000000.0,0.0,199.2,Artefactos de imagen
7628,1372,3,6,2,2025-08-22,2025-08-25,2025-08-28,156000.0,0.0,45.0,Error de calibración
7629,1276,14,3,2,2025-08-22,2025-08-24,2025-09-02,26000.0,8000.0,42.9,Lectura incorrecta
7630,139,12,6,1,2025-08-22,2025-08-24,2025-08-27,149000.0,0.0,2.7,
7631,143,6,2,2,2025-08-22,2025-08-22,2025-08-28,208000.0,62000.0,140.8,Módulo ECG dañado
7632,1954,7,7,1,2025-08-22,2025-08-22,2025-08-25,97000.0,0.0,6.3,
7633,98,6,12,2,2025-08-22,2025-08-25,2025-09-02,202000.0,35000.0,74.4,Rotor desbalanceado
7634,573,4,5,1,2025-08-22,2025-08-22,2025-08-23,3263000.0,0.0,7.0,
7635,395,9,3,1,2025-08-22,2025-08-22,2025-08-24,219000.0,0.0,4.8,
7636,1621,6,5,1,2025-08-22,2025-08-24,2025-08-27,385000.0,0.0,1.5,
7637,1159,17,5,1,2025-08-22,2025-08-24,2025-08-27,75000.0,0.0,1.9,
7638,163,5,6,1,2025-08-22,2025-08-23,2025-08-24,217000.0,0.0,1.1,
7639,245,19,11,2,2025-08-23,2025-08-26,2025-09-10,271000.0,0.0,118.4,Ruido excesivo
7640,1666,9,5,2,2025-08-23,2025-08-23,2025-08-27,1736000.0,0.0,33.7,Fuga en circuito
7641,1501,11,2,2,2025-08-23,2025-08-25,2025-08-30,597000.0,0.0,115.9,Barandas sueltas
7642,1745,24,5,2,2025-08-23,2025-08-25,2025-08-31,20000.0,0.0,103.8,Manómetro descalibrado
7643,578,8,4,2,2025-08-24,2025-08-25,2025-09-05,360000.0,0.0,138.9,Error de calibración
7644,1055,5,1,1,2025-08-25,2025-08-27,2025-08-30,45000.0,0.0,2.1,
7645,1597,2,2,1,2025-08-25,2025-08-27,2025-08-28,25000.0,2000.0,4.3,
7646,1875,8,4,2,2025-08-25,2025-08-25,2025-09-05,187000.0,51000.0,248.5,Batería defectuosa
7647,163,5,2,2,2025-08-25,2025-08-28,2025-08-30,422000.0,0.0,25.9,Alarmas defectuosas
7648,1695,11,2,1,2025-08-25,2025-08-26,2025-08-28,48000.0,0.0,6.3,
7649,323,19,10,2,2025-08-25,2025-08-28,2025-09-07,962000.0,0.0,102.5,No sube/baja
7650,1509,4,5,1,2025-08-25,2025-08-27,2025-08-28,211000.0,0.0,4.7,
7651,277,2,4,1,2025-08-25,2025-08-26,2025-08-27,100000.0,10000.0,2.2,
7652,160,9,5,2,2025-08-25,2025-08-27,2025-09-08,158000.0,0.0,242.9,Puerta o clamp dañado
7653,574,1,7,1,2025-08-25,2025-08-26,2025-08-29,446000.0,0.0,5.5,
7654,28,1,5,2,2025-08-25,2025-08-25,2025-08-29,15000.0,0.0,33.5,Lectura errática
7655,215,10,2,1,2025-08-25,2025-08-26,2025-08-27,328000.0,0.0,2.3,
7656,1580,11,4,2,2025-08-25,2025-08-25,2025-08-29,207000.0,62000.0,9.7,Batería dañada
7657,958,4,4,2,2025-08-26,2025-08-26,2025-08-29,6284000.0,0.0,71.0,Error en sensor de oxígeno
7658,1128,12,5,1,2025-08-26,2025-08-26,2025-08-28,196000.0,0.0,5.2,
7659,617,9,9,2,2025-08-26,2025-08-28,2025-08-29,4596000.0,0.0,11.1,No genera exposición
7660,588,2,3,2,2025-08-26,2025-08-28,2025-08-30,3316000.0,0.0,35.1,Problema en válvulas internas
7661,171,20,3,1,2025-08-26,2025-08-27,2025-08-30,28000.0,0.0,7.2,
7662,1084,17,7,2,2025-08-26,2025-08-28,2025-09-10,466000.0,0.0,268.3,Colchón dañado
7663,993,10,4,2,2025-08-26,2025-08-28,2025-09-02,2786000.0,0.0,48.4,No enciende
7664,1790,2,2,2,2025-08-26,2025-08-29,2025-09-01,484000.0,0.0,33.8,Barandas sueltas
7665,1069,12,7,2,2025-08-27,2025-08-27,2025-09-03,5886000.0,0.0,19.5,Falla en vaporizador
7666,1230,10,6,2,2025-08-27,2025-08-29,2025-09-11,5224000.0,0.0,205.3,Falla de batería
7667,1588,18,2,2,2025-08-27,2025-08-29,2025-09-05,47000.0,0.0,87.0,Sonda defectuosa
7668,1829,3,5,2,2025-08-27,2025-08-28,2025-09-02,25000.0,7000.0,76.3,Lectura incorrecta
7669,96,21,3,2,2025-08-27,2025-08-30,2025-08-31,2281000.0,0.0,18.5,Sensor defectuoso
7670,1426,22,2,2,2025-08-27,2025-08-30,2025-09-02,16000.0,0.0,18.9,Válvula defectuosa
7671,849,2,2,1,2025-08-27,2025-08-27,2025-08-28,133000.0,0.0,7.1,
7672,709,8,4,1,2025-08-27,2025-08-28,2025-08-30,56000.0,4000.0,4.6,
7673,54,5,12,2,2025-08-27,2025-08-29,2025-09-10,1905000.0,0.0,14.9,Falla de calibración
7674,359,19,3,2,2025-08-27,2025-08-30,2025-09-06,14000.0,0.0,42.7,Manómetro descalibrado
7675,763,15,11,1,2025-08-28,2025-08-29,2025-08-31,92000.0,0.0,2.8,
7676,1044,24,1,2,2025-08-28,2025-08-31,2025-09-07,0.0,0.0,130.9,Trazado con ruido
7677,124,12,1,1,2025-08-28,2025-08-29,2025-08-31,61000.0,0.0,7.6,
7678,1649,24,5,1,2025-08-28,2025-08-30,2025-08-31,11000.0,0.0,7.9,
7679,1853,21,5,1,2025-08-28,2025-08-29,2025-08-30,988000.0,0.0,6.7,
7680,270,11,3,1,2025-08-28,2025-08-30,2025-09-01,15000.0,0.0,7.7,
7681,558,5,4,1,2025-08-28,2025-08-28,2025-08-31,160000.0,0.0,1.4,
7682,723,1,6,1,2025-08-28,2025-08-29,2025-08-30,361000.0,0.0,4.1,
7683,927,3,4,2,2025-08-28,2025-08-28,2025-09-06,155000.0,0.0,33.5,No detecta línea
7684,1265,5,6,2,2025-08-28,2025-08-28,2025-09-05,591000.0,0.0,110.0,NIBP no infla
7685,147,11,2,1,2025-08-29,2025-08-29,2025-09-01,363000.0,0.0,3.0,
7686,953,6,12,1,2025-08-29,2025-08-31,2025-09-03,174000.0,0.0,4.1,
7687,1906,1,4,1,2025-08-29,2025-08-30,2025-09-01,13000.0,0.0,5.9,
7688,1595,9,9,1,2025-08-29,2025-08-30,2025-08-31,785000.0,0.0,1.6,
7689,442,11,2,1,2025-08-29,2025-08-30,2025-08-31,173000.0,0.0,4.5,
7690,1081,10,7,1,2025-08-29,2025-08-30,2025-09-01,825000.0,0.0,3.1,
7691,1482,2,4,1,2025-08-29,2025-08-31,2025-09-02,37000.0,3000.0,4.4,
7692,1852,12,12,1,2025-08-29,2025-08-31,2025-09-02,218000.0,0.0,7.3,
7693,714,1,1,1,2025-08-29,2025-08-30,2025-08-31,102000.0,27000.0,4.2,
7694,747,15,11,1,2025-08-29,2025-08-30,2025-08-31,118000.0,0.0,3.9,
7695,103,1,2,1,2025-08-29,2025-08-29,2025-08-30,411000.0,0.0,2.3,
7696,1046,13,2,1,2025-08-29,2025-08-30,2025-09-02,7000.0,0.0,2.0,
7697,414,18,11,1,2025-08-29,2025-08-31,2025-09-01,139000.0,27000.0,2.5,
7698,1121,3,5,1,2025-09-01,2025-09-02,2025-09-03,186000.0,51000.0,6.0,
7699,363,4,8,2,2025-09-01,2025-09-02,2025-09-11,4831000.0,1469000.0,147.0,Puertos dañados
7700,1208,10,1,2,2025-09-01,2025-09-02,2025-09-09,5510000.0,0.0,163.6,Falla de batería
7701,1331,10,4,2,2025-09-01,2025-09-02,2025-09-13,1281000.0,0.0,239.6,Alarma no funciona
7702,1003,15,11,1,2025-09-01,2025-09-02,2025-09-04,970000.0,0.0,5.9,
7703,1176,17,7,1,2025-09-01,2025-09-02,2025-09-05,147000.0,0.0,2.7,
7704,1487,2,7,2,2025-09-01,2025-09-03,2025-09-15,135000.0,0.0,239.7,Falla de presión NIBP
7705,1112,4,3,1,2025-09-01,2025-09-02,2025-09-04,109000.0,0.0,6.1,
7706,1160,22,7,2,2025-09-01,2025-09-02,2025-09-17,304000.0,91000.0,99.4,Impresora no imprime
7707,1415,19,2,1,2025-09-01,2025-09-03,2025-09-05,60000.0,8000.0,4.7,
7708,1605,3,12,2,2025-09-02,2025-09-03,2025-09-17,0.0,0.0,11.3,Falla de aspiración
7709,261,22,12,1,2025-09-02,2025-09-03,2025-09-06,199000.0,0.0,7.3,
7710,483,7,4,1,2025-09-02,2025-09-02,2025-09-05,81000.0,0.0,6.3,
7711,637,9,8,1,2025-09-02,2025-09-04,2025-09-06,22399000.0,0.0,2.7,
7712,1837,21,1,1,2025-09-02,2025-09-02,2025-09-03,99000.0,0.0,7.0,
7713,677,9,7,2,2025-09-02,2025-09-05,2025-09-13,116000.0,33000.0,156.5,Temperatura errática
7714,553,1,5,2,2025-09-02,2025-09-04,2025-09-12,3179000.0,0.0,49.0,Error de calibración
7715,1246,12,6,1,2025-09-03,2025-09-05,2025-09-08,430000.0,62000.0,7.1,
7716,1753,18,10,1,2025-09-03,2025-09-04,2025-09-06,100000.0,0.0,4.5,
7717,110,15,11,1,2025-09-03,2025-09-04,2025-09-06,102000.0,0.0,3.6,
7718,563,12,1,2,2025-09-03,2025-09-04,2025-09-15,157000.0,0.0,169.5,Alarmas inoperativas
7719,965,13,9,1,2025-09-03,2025-09-04,2025-09-05,1475000.0,0.0,4.1,
7720,1421,2,2,1,2025-09-03,2025-09-04,2025-09-06,266000.0,0.0,6.5,
7721,984,11,5,1,2025-09-03,2025-09-05,2025-09-08,115000.0,23000.0,2.0,
7722,1925,17,9,2,2025-09-03,2025-09-03,2025-09-05,2757000.0,0.0,31.7,Imagen con ruido
7723,1592,18,10,1,2025-09-03,2025-09-04,2025-09-06,297000.0,0.0,5.6,
7724,692,17,2,1,2025-09-03,2025-09-04,2025-09-05,95000.0,0.0,1.6,
7725,1633,11,5,1,2025-09-03,2025-09-04,2025-09-06,27000.0,3000.0,2.0,
7726,185,8,7,2,2025-09-03,2025-09-04,2025-09-14,241000.0,0.0,8.7,NIBP no infla
7727,240,10,3,2,2025-09-03,2025-09-03,2025-09-06,18000.0,5000.0,19.7,Fuga en brazalete
7728,1744,18,1,1,2025-09-04,2025-09-04,2025-09-06,119000.0,16000.0,1.8,
7729,845,22,4,1,2025-09-04,2025-09-06,2025-09-09,341000.0,0.0,2.3,
7730,825,22,1,1,2025-09-04,2025-09-04,2025-09-05,259000.0,42000.0,4.0,
7731,815,10,5,1,2025-09-04,2025-09-06,2025-09-09,284000.0,0.0,2.7,
7732,1130,15,10,1,2025-09-04,2025-09-04,2025-09-06,44000.0,0.0,4.7,
7733,8,4,6,2,2025-09-04,2025-09-04,2025-09-09,69000.0,0.0,30.0,Óptica sucia
7734,962,8,1,1,2025-09-04,2025-09-05,2025-09-08,6000.0,0.0,6.9,
7735,282,19,6,1,2025-09-04,2025-09-05,2025-09-07,46000.0,0.0,3.1,
7736,701,22,12,1,2025-09-04,2025-09-05,2025-09-08,163000.0,0.0,2.2,
7737,1409,12,4,1,2025-09-04,2025-09-04,2025-09-06,43000.0,0.0,5.6,
7738,1748,3,3,1,2025-09-04,2025-09-04,2025-09-06,66000.0,0.0,2.9,
7739,6,4,5,1,2025-09-04,2025-09-04,2025-09-06,149000.0,0.0,1.2,
7740,832,4,6,2,2025-09-05,2025-09-08,2025-09-17,127000.0,0.0,89.1,Error de calibración
7741,1088,9,7,2,2025-09-05,2025-09-08,2025-09-20,377000.0,0.0,86.1,No enciende
7742,922,20,2,2,2025-09-05,2025-09-08,2025-09-23,468000.0,0.0,262.3,Sistema hidráulico con fuga
7743,1105,7,6,1,2025-09-05,2025-09-05,2025-09-06,150000.0,0.0,2.3,
7744,1918,21,5,1,2025-09-05,2025-09-05,2025-09-08,102000.0,6000.0,5.0,
7745,254,18,6,1,2025-09-05,2025-09-05,2025-09-08,67000.0,0.0,3.2,
7746,885,19,10,1,2025-09-05,2025-09-06,2025-09-09,90000.0,0.0,5.5,
7747,426,11,4,2,2025-09-05,2025-09-05,2025-09-06,192000.0,0.0,21.3,Error de calibración
7748,173,3,7,2,2025-09-05,2025-09-06,2025-09-11,169000.0,0.0,44.2,Teclado/pantalla defectuosa
7749,673,21,4,1,2025-09-05,2025-09-05,2025-09-07,87000.0,0.0,1.5,
7750,177,17,5,1,2025-09-05,2025-09-06,2025-09-08,108000.0,0.0,7.3,
7751,380,12,5,1,2025-09-05,2025-09-07,2025-09-09,18000.0,0.0,2.4,
7752,900,6,12,1,2025-09-05,2025-09-07,2025-09-08,247000.0,0.0,4.5,
7753,1391,4,2,1,2025-09-05,2025-09-07,2025-09-09,84000.0,0.0,5.5,
7754,707,21,7,1,2025-09-05,2025-09-05,2025-09-06,336000.0,0.0,2.4,
7755,879,9,1,2,2025-09-05,2025-09-08,2025-09-11,0.0,0.0,62.1,Batería agotada
7756,1378,11,5,2,2025-09-06,2025-09-06,2025-09-20,74000.0,0.0,130.7,Selector de lentes trabado
7757,783,18,10,2,2025-09-06,2025-09-09,2025-09-12,315000.0,0.0,60.6,Pantalla defectuosa
7758,358,10,6,2,2025-09-06,2025-09-07,2025-09-21,132000.0,36000.0,258.6,Batería dañada
7759,1609,16,4,2,2025-09-06,2025-09-08,2025-09-16,266000.0,0.0,147.9,Barandas sueltas
7760,198,2,1,2,2025-09-06,2025-09-08,2025-09-19,154000.0,0.0,53.2,Puerta o clamp dañado
7761,206,3,3,2,2025-09-06,2025-09-08,2025-09-09,2636000.0,445000.0,8.8,Alarma de presión
7762,1933,12,6,2,2025-09-07,2025-09-08,2025-09-15,3282000.0,0.0,19.3,No enciende
7763,888,6,6,2,2025-09-07,2025-09-07,2025-09-18,9000.0,0.0,60.0,Batería agotada
7764,1756,10,7,2,2025-09-07,2025-09-07,2025-09-20,480000.0,0.0,115.8,No enciende
7765,978,9,2,2,2025-09-07,2025-09-07,2025-09-12,601000.0,180000.0,35.3,Impresora no funciona
7766,697,2,3,2,2025-09-07,2025-09-08,2025-09-23,164000.0,0.0,224.8,Error de calibración
7767,1752,13,6,2,2025-09-07,2025-09-08,2025-09-09,12000.0,0.0,10.0,Pera dañada
7768,39,7,5,1,2025-09-08,2025-09-09,2025-09-10,78000.0,0.0,1.3,
7769,1318,15,10,2,2025-09-08,2025-09-09,2025-09-13,2532000.0,0.0,95.2,No genera presión
7770,1399,9,12,2,2025-09-08,2025-09-09,2025-09-23,571000.0,0.0,88.6,Falla de compresor
7771,1594,10,2,1,2025-09-08,2025-09-08,2025-09-09,172000.0,0.0,5.5,
7772,45,12,12,1,2025-09-09,2025-09-10,2025-09-12,308000.0,0.0,5.9,
7773,570,3,2,1,2025-09-09,2025-09-11,2025-09-12,176000.0,24000.0,6.9,
7774,1079,12,6,2,2025-09-09,2025-09-10,2025-09-13,376000.0,0.0,61.3,SpO₂ no detecta señal
7775,894,15,10,1,2025-09-09,2025-09-10,2025-09-12,1439000.0,214000.0,1.9,
7776,1404,9,7,1,2025-09-09,2025-09-09,2025-09-11,148000.0,0.0,6.1,
7777,1924,9,6,1,2025-09-09,2025-09-11,2025-09-13,9000.0,0.0,3.9,
7778,777,1,6,1,2025-09-09,2025-09-10,2025-09-11,138000.0,0.0,6.1,
7779,1648,5,3,2,2025-09-09,2025-09-09,2025-09-14,360000.0,108000.0,107.9,Software no reconoce el equipo
7780,1310,11,3,1,2025-09-09,2025-09-09,2025-09-11,58000.0,0.0,5.2,
7781,655,11,2,1,2025-09-10,2025-09-11,2025-09-12,192000.0,0.0,2.6,
7782,1306,3,4,1,2025-09-10,2025-09-10,2025-09-11,492000.0,0.0,1.5,
7783,199,7,7,1,2025-09-10,2025-09-10,2025-09-12,175000.0,0.0,7.4,
7784,197,6,7,1,2025-09-10,2025-09-12,2025-09-15,216000.0,48000.0,4.1,
7785,243,11,3,1,2025-09-10,2025-09-10,2025-09-11,673000.0,0.0,5.8,
7786,1826,2,4,1,2025-09-10,2025-09-11,2025-09-12,22000.0,0.0,5.1,
7787,1571,2,2,1,2025-09-10,2025-09-11,2025-09-13,80000.0,0.0,8.0,
7788,1606,22,4,1,2025-09-10,2025-09-10,2025-09-12,217000.0,25000.0,2.0,
7789,1936,1,5,2,2025-09-10,2025-09-10,2025-09-22,3466000.0,1040000.0,45.4,Fuga de gases
7790,674,16,1,1,2025-09-10,2025-09-12,2025-09-13,13000.0,0.0,1.4,
7791,1977,10,5,2,2025-09-11,2025-09-11,2025-09-25,362000.0,0.0,157.3,No enciende
7792,1836,7,6,2,2025-09-11,2025-09-14,2025-09-28,145000.0,0.0,109.6,Batería dañada
7793,29,10,2,2,2025-09-11,2025-09-12,2025-09-16,610000.0,0.0,53.9,Batería agotada
7794,938,4,6,1,2025-09-11,2025-09-12,2025-09-15,135000.0,15000.0,4.4,
7795,440,2,5,2,2025-09-11,2025-09-12,2025-09-19,19000.0,0.0,57.8,Válvula defectuosa
7796,561,5,2,1,2025-09-11,2025-09-12,2025-09-15,244000.0,0.0,5.1,
7797,647,7,6,1,2025-09-11,2025-09-12,2025-09-14,83000.0,0.0,3.6,
7798,1116,1,4,1,2025-09-11,2025-09-11,2025-09-13,2087000.0,0.0,4.6,
7799,296,4,4,1,2025-09-11,2025-09-13,2025-09-15,359000.0,0.0,3.3,
7800,1837,21,4,2,2025-09-11,2025-09-11,2025-09-14,115000.0,0.0,70.6,Pantalla dañada
7801,1693,6,3,1,2025-09-11,2025-09-11,2025-09-12,18000.0,0.0,7.1,
7802,688,1,2,1,2025-09-11,2025-09-13,2025-09-14,141000.0,0.0,7.1,
7803,1242,12,6,2,2025-09-12,2025-09-12,2025-09-18,196000.0,59000.0,60.7,Caudal incorrecto
7804,1614,5,4,1,2025-09-12,2025-09-14,2025-09-17,162000.0,0.0,3.9,
7805,133,13,5,2,2025-09-12,2025-09-15,2025-09-29,86000.0,0.0,29.8,Óptica sucia
7806,1091,16,1,1,2025-09-12,2025-09-13,2025-09-14,111000.0,0.0,6.9,
7807,890,12,4,2,2025-09-12,2025-09-15,2025-09-24,64000.0,0.0,17.0,Señal débil
7808,473,3,2,1,2025-09-12,2025-09-14,2025-09-17,31000.0,0.0,3.6,
7809,1856,19,10,1,2025-09-12,2025-09-12,2025-09-14,515000.0,0.0,5.7,
7810,850,4,7,1,2025-09-12,2025-09-13,2025-09-16,265000.0,0.0,6.4,
7811,1003,15,10,2,2025-09-12,2025-09-12,2025-09-19,1439000.0,0.0,100.4,No alcanza temperatura
7812,1492,3,5,1,2025-09-12,2025-09-12,2025-09-13,170000.0,0.0,6.9,
7813,296,4,6,2,2025-09-12,2025-09-15,2025-09-17,489000.0,0.0,37.1,Memoria llena
7814,511,9,12,1,2025-09-12,2025-09-13,2025-09-14,74000.0,0.0,2.9,
7815,939,7,4,1,2025-09-12,2025-09-14,2025-09-17,6000.0,0.0,7.3,
7816,1760,24,6,1,2025-09-12,2025-09-12,2025-09-13,215000.0,0.0,6.2,
7817,697,2,3,1,2025-09-12,2025-09-13,2025-09-14,122000.0,0.0,3.1,
7818,146,22,2,1,2025-09-12,2025-09-14,2025-09-15,7000.0,0.0,7.3,
7819,143,6,5,2,2025-09-13,2025-09-13,2025-09-24,208000.0,62000.0,144.0,Módulo ECG dañado
7820,1491,1,6,2,2025-09-13,2025-09-16,2025-09-27,1485000.0,0.0,219.9,Alarma no funciona
7821,1330,2,4,2,2025-09-14,2025-09-14,2025-09-28,588000.0,176000.0,131.2,Sistema hidráulico con fuga
7822,551,11,7,1,2025-09-15,2025-09-17,2025-09-19,234000.0,0.0,2.9,
7823,354,10,2,1,2025-09-15,2025-09-15,2025-09-17,151000.0,0.0,1.2,
7824,952,15,10,1,2025-09-15,2025-09-15,2025-09-17,937000.0,0.0,5.4,
7825,1573,2,2,1,2025-09-15,2025-09-16,2025-09-19,1348000.0,0.0,7.6,
7826,376,17,4,1,2025-09-15,2025-09-17,2025-09-18,372000.0,0.0,4.9,
7827,408,12,4,1,2025-09-15,2025-09-16,2025-09-17,2078000.0,0.0,6.9,
7828,1870,4,3,1,2025-09-15,2025-09-16,2025-09-18,143000.0,0.0,5.6,
7829,1723,22,12,1,2025-09-15,2025-09-16,2025-09-19,1011000.0,0.0,5.4,
7830,1474,13,4,1,2025-09-15,2025-09-17,2025-09-19,29000.0,0.0,5.0,
7831,96,21,7,1,2025-09-15,2025-09-16,2025-09-17,1126000.0,0.0,2.1,
7832,928,1,9,1,2025-09-15,2025-09-15,2025-09-17,1060000.0,0.0,3.3,
7833,1211,2,1,2,2025-09-15,2025-09-16,2025-09-22,149000.0,0.0,35.7,SpO₂ sin lectura
7834,1903,1,4,1,2025-09-15,2025-09-17,2025-09-19,109000.0,0.0,6.8,
7835,69,21,4,1,2025-09-15,2025-09-15,2025-09-17,170000.0,0.0,6.1,
7836,1750,7,1,2,2025-09-15,2025-09-18,2025-09-20,158000.0,0.0,20.2,Batería dañada
7837,867,10,6,2,2025-09-16,2025-09-19,2025-10-01,131000.0,0.0,273.1,Batería dañada
7838,1402,5,4,2,2025-09-16,2025-09-19,2025-09-27,370000.0,107000.0,57.3,Módulo ECG dañado
7839,722,7,7,1,2025-09-16,2025-09-17,2025-09-20,125000.0,0.0,2.7,
7840,1720,9,7,2,2025-09-16,2025-09-16,2025-09-27,113000.0,34000.0,222.1,Falla de presión NIBP
7841,1115,18,11,1,2025-09-16,2025-09-16,2025-09-17,89000.0,21000.0,7.7,
7842,1206,22,5,1,2025-09-16,2025-09-17,2025-09-18,23000.0,2000.0,6.8,
7843,439,21,5,1,2025-09-17,2025-09-18,2025-09-20,100000.0,0.0,4.9,
7844,1876,4,6,1,2025-09-17,2025-09-19,2025-09-20,168000.0,18000.0,2.0,
7845,1762,17,1,1,2025-09-17,2025-09-18,2025-09-19,320000.0,0.0,3.2,
7846,381,11,1,2,2025-09-17,2025-09-17,2025-09-26,4192000.0,0.0,137.3,Fuga en circuito
7847,863,3,12,1,2025-09-17,2025-09-18,2025-09-21,54000.0,0.0,5.5,
7848,1994,22,5,1,2025-09-17,2025-09-17,2025-09-20,217000.0,0.0,1.1,
7849,1933,12,7,2,2025-09-17,2025-09-19,2025-09-22,3882000.0,0.0,39.0,Error de calibración
7850,916,12,2,1,2025-09-18,2025-09-20,2025-09-23,1614000.0,0.0,1.1,
7851,2000,21,6,1,2025-09-18,2025-09-19,2025-09-20,98000.0,0.0,1.1,
7852,1687,7,7,1,2025-09-18,2025-09-18,2025-09-19,167000.0,0.0,4.3,
7853,214,9,8,2,2025-09-18,2025-09-21,2025-10-05,3104000.0,0.0,218.9,Congelamiento del software
7854,1715,4,6,1,2025-09-18,2025-09-20,2025-09-21,125000.0,0.0,1.1,
7855,786,6,7,1,2025-09-18,2025-09-20,2025-09-21,96000.0,36000.0,4.0,
7856,1929,10,9,1,2025-09-18,2025-09-20,2025-09-21,606000.0,0.0,6.4,
7857,1768,3,1,1,2025-09-18,2025-09-19,2025-09-22,137000.0,0.0,6.5,
7858,1852,12,12,2,2025-09-18,2025-09-19,2025-09-26,390000.0,0.0,19.6,Temperatura fuera de rango
7859,1553,5,5,1,2025-09-18,2025-09-19,2025-09-20,153000.0,0.0,2.6,
7860,92,4,1,2,2025-09-18,2025-09-18,2025-09-21,3367000.0,0.0,43.0,No enciende
7861,1925,17,9,1,2025-09-18,2025-09-19,2025-09-20,1352000.0,0.0,2.5,
7862,1930,15,10,1,2025-09-18,2025-09-20,2025-09-22,68000.0,0.0,3.2,
7863,441,12,6,1,2025-09-18,2025-09-19,2025-09-21,541000.0,0.0,4.6,
7864,462,4,1,1,2025-09-18,2025-09-20,2025-09-22,117000.0,0.0,2.5,
7865,867,10,7,2,2025-09-18,2025-09-21,2025-10-03,131000.0,0.0,233.3,No detecta línea
7866,1085,12,2,2,2025-09-19,2025-09-22,2025-09-25,621000.0,0.0,15.9,No enciende
7867,1178,24,3,2,2025-09-19,2025-09-22,2025-10-01,5000.0,1000.0,189.1,Tiempo de medición excesivo
7868,30,18,4,1,2025-09-19,2025-09-20,2025-09-22,34000.0,1000.0,4.8,
7869,491,10,1,1,2025-09-19,2025-09-20,2025-09-22,184000.0,0.0,3.1,
7870,72,6,12,1,2025-09-19,2025-09-21,2025-09-23,1921000.0,639000.0,7.5,
7871,288,10,2,1,2025-09-19,2025-09-20,2025-09-23,362000.0,0.0,3.7,
7872,122,12,1,1,2025-09-19,2025-09-20,2025-09-22,155000.0,0.0,1.6,
7873,1254,17,7,1,2025-09-19,2025-09-19,2025-09-21,253000.0,0.0,7.0,
7874,478,11,7,2,2025-09-19,2025-09-22,2025-10-01,463000.0,0.0,130.0,NIBP no infla
7875,50,5,5,1,2025-09-19,2025-09-20,2025-09-22,261000.0,0.0,7.0,
7876,9,10,4,2,2025-09-19,2025-09-21,2025-09-22,1237000.0,0.0,20.2,Falla de control
7877,510,2,6,2,2025-09-20,2025-09-22,2025-10-07,415000.0,0.0,44.1,Pantalla sin imagen
7878,790,3,4,2,2025-09-20,2025-09-23,2025-10-06,5355000.0,0.0,145.7,Alarma de presión
7879,1531,4,4,2,2025-09-21,2025-09-22,2025-09-27,297000.0,0.0,31.4,Caudal incorrecto
7880,1548,6,2,2,2025-09-21,2025-09-23,2025-09-30,500000.0,0.0,132.3,Alarmas defectuosas
7881,737,11,6,2,2025-09-21,2025-09-24,2025-09-25,1591000.0,0.0,23.5,Sensor de humedad defectuoso
7882,1424,2,6,2,2025-09-21,2025-09-23,2025-10-02,221000.0,0.0,61.3,Error de programación
7883,79,24,2,2,2025-09-21,2025-09-21,2025-09-24,145000.0,0.0,50.6,Temperatura errática
7884,1254,17,2,2,2025-09-21,2025-09-22,2025-10-05,487000.0,0.0,139.9,Pantalla sin imagen
7885,12,1,1,2,2025-09-21,2025-09-23,2025-10-06,1242000.0,372000.0,180.7,Falla de ventilador
7886,1894,18,1,2,2025-09-21,2025-09-22,2025-10-02,100000.0,22000.0,220.8,Pantalla dañada
7887,1412,16,1,1,2025-09-22,2025-09-23,2025-09-24,50000.0,0.0,2.7,
7888,641,17,9,2,2025-09-22,2025-09-23,2025-09-25,40912000.0,11895000.0,43.6,Falla de detector
7889,1345,8,3,1,2025-09-22,2025-09-22,2025-09-25,61000.0,0.0,6.1,
7890,1366,6,12,1,2025-09-22,2025-09-22,2025-09-24,337000.0,0.0,5.2,
7891,36,8,7,1,2025-09-22,2025-09-24,2025-09-27,5000.0,0.0,6.0,
7892,1506,17,6,2,2025-09-22,2025-09-24,2025-10-07,3078000.0,0.0,285.3,Sensor defectuoso
7893,878,9,3,2,2025-09-22,2025-09-23,2025-09-28,261000.0,78000.0,12.1,Pantalla sin imagen
7894,999,9,4,2,2025-09-22,2025-09-25,2025-10-09,210000.0,0.0,211.1,Teclado/pantalla defectuosa
7895,1934,12,4,1,2025-09-22,2025-09-23,2025-09-26,132000.0,0.0,4.2,
7896,1462,2,5,2,2025-09-22,2025-09-22,2025-10-03,468000.0,0.0,217.8,SpO₂ no detecta señal
7897,1867,6,4,1,2025-09-22,2025-09-24,2025-09-26,21000.0,0.0,1.6,
7898,1771,9,5,2,2025-09-22,2025-09-24,2025-10-03,738000.0,0.0,130.9,No carga energía
7899,1613,21,1,1,2025-09-22,2025-09-23,2025-09-25,120000.0,0.0,6.3,
7900,1256,17,7,1,2025-09-23,2025-09-25,2025-09-26,160000.0,17000.0,4.9,
7901,641,17,9,2,2025-09-23,2025-09-23,2025-10-03,33091000.0,16117000.0,137.8,Artefactos de imagen
7902,482,19,10,1,2025-09-23,2025-09-23,2025-09-24,62000.0,0.0,5.9,
7903,1787,22,1,1,2025-09-23,2025-09-23,2025-09-26,106000.0,0.0,1.8,
7904,933,17,2,2,2025-09-23,2025-09-25,2025-10-03,829000.0,0.0,148.7,Pantalla dañada
7905,308,14,3,1,2025-09-23,2025-09-25,2025-09-28,45000.0,0.0,1.2,
7906,1810,12,5,2,2025-09-23,2025-09-26,2025-10-07,87000.0,26000.0,29.9,Temperatura errática
7907,1711,18,5,1,2025-09-23,2025-09-25,2025-09-27,64000.0,0.0,7.3,
7908,1945,1,6,1,2025-09-24,2025-09-25,2025-09-26,142000.0,18000.0,5.0,
7909,1708,12,3,2,2025-09-24,2025-09-25,2025-09-27,391000.0,117000.0,21.6,Mecanismo de altura no funciona
7910,1085,12,1,1,2025-09-24,2025-09-24,2025-09-27,353000.0,0.0,5.5,
7911,120,4,12,1,2025-09-24,2025-09-26,2025-09-27,328000.0,0.0,7.4,
7912,25,3,1,2,2025-09-24,2025-09-27,2025-10-01,31000.0,0.0,80.2,Pera dañada
7913,788,12,6,1,2025-09-25,2025-09-25,2025-09-26,201000.0,0.0,3.8,
7914,820,14,4,1,2025-09-25,2025-09-27,2025-09-30,67000.0,0.0,5.0,
7915,1505,17,1,2,2025-09-25,2025-09-25,2025-10-06,123000.0,0.0,89.7,Teclado/pantalla defectuosa
7916,216,12,3,1,2025-09-25,2025-09-26,2025-09-27,3133000.0,0.0,1.8,
7917,1849,22,5,1,2025-09-25,2025-09-27,2025-09-30,28000.0,2000.0,1.8,
7918,1552,12,2,1,2025-09-25,2025-09-26,2025-09-29,140000.0,0.0,2.8,
7919,957,3,12,1,2025-09-25,2025-09-27,2025-09-29,330000.0,0.0,6.9,
7920,1773,2,1,2,2025-09-25,2025-09-28,2025-10-04,122000.0,0.0,143.5,Alarma de oclusión
7921,1710,10,2,1,2025-09-25,2025-09-26,2025-09-28,3244000.0,0.0,4.9,
7922,1238,12,5,2,2025-09-25,2025-09-26,2025-10-06,0.0,0.0,177.9,Error en sensor de oxígeno
7923,528,6,3,2,2025-09-25,2025-09-28,2025-10-10,245000.0,0.0,251.8,Error de calibración
7924,1279,21,5,1,2025-09-25,2025-09-25,2025-09-26,57000.0,17000.0,3.3,
7925,449,3,1,2,2025-09-25,2025-09-26,2025-09-30,1336000.0,0.0,46.2,Error de calibración
7926,284,15,10,1,2025-09-25,2025-09-25,2025-09-28,88000.0,0.0,3.6,
7927,1235,5,3,1,2025-09-25,2025-09-26,2025-09-28,22000.0,0.0,6.7,
7928,1912,2,7,1,2025-09-26,2025-09-27,2025-09-29,287000.0,0.0,5.8,
7929,894,15,10,2,2025-09-26,2025-09-26,2025-09-30,3068000.0,921000.0,76.6,No alcanza temperatura
7930,1921,21,1,1,2025-09-26,2025-09-26,2025-09-28,321000.0,0.0,1.3,
7931,1760,17,1,2,2025-09-26,2025-09-27,2025-09-29,462000.0,0.0,26.7,SpO₂ no detecta señal
7932,569,1,3,1,2025-09-26,2025-09-27,2025-09-28,143000.0,0.0,5.8,
7933,1897,2,7,1,2025-09-26,2025-09-26,2025-09-29,118000.0,0.0,4.0,
7934,994,24,3,1,2025-09-26,2025-09-27,2025-09-28,172000.0,34000.0,1.3,
7935,1429,3,2,1,2025-09-26,2025-09-27,2025-09-28,25000.0,0.0,4.7,
7936,1431,8,4,2,2025-09-27,2025-09-30,2025-10-01,10000.0,0.0,19.8,Sensor dañado
7937,1852,12,12,2,2025-09-27,2025-09-30,2025-10-01,390000.0,0.0,9.2,Alarma defectuosa
7938,608,10,4,2,2025-09-28,2025-09-29,2025-10-06,2811000.0,0.0,40.1,No enciende
7939,143,6,4,2,2025-09-28,2025-09-30,2025-10-13,208000.0,33000.0,142.8,Alarmas defectuosas
7940,25,3,7,2,2025-09-28,2025-09-29,2025-10-01,31000.0,0.0,32.2,Pera dañada
7941,867,10,5,2,2025-09-28,2025-10-01,2025-10-11,131000.0,0.0,188.3,Puerta o clamp dañado
7942,679,12,1,2,2025-09-28,2025-09-28,2025-10-03,14000.0,4000.0,58.9,Válvula defectuosa
7943,1528,7,7,2,2025-09-28,2025-09-30,2025-10-15,0.0,0.0,68.8,SpO₂ no detecta señal
7944,1434,21,1,2,2025-09-28,2025-10-01,2025-10-06,178000.0,0.0,93.6,Alarma de oclusión
7945,1866,17,4,1,2025-09-29,2025-09-30,2025-10-01,331000.0,0.0,7.2,
7946,1332,4,9,1,2025-09-29,2025-10-01,2025-10-02,47232000.0,0.0,7.0,
7947,53,10,6,1,2025-09-29,2025-09-30,2025-10-03,110000.0,0.0,4.5,
7948,1510,11,1,1,2025-09-29,2025-10-01,2025-10-03,184000.0,66000.0,1.5,
7949,672,9,7,1,2025-09-29,2025-10-01,2025-10-02,9000.0,0.0,3.3,
7950,382,10,1,1,2025-09-29,2025-09-29,2025-10-02,125000.0,34000.0,2.2,
7951,1220,2,4,1,2025-09-30,2025-10-02,2025-10-05,45000.0,0.0,4.6,
7952,464,9,6,1,2025-09-30,2025-10-01,2025-10-02,16000.0,0.0,3.3,
7953,1622,18,6,1,2025-09-30,2025-10-01,2025-10-03,139000.0,0.0,2.9,
7954,1021,1,3,1,2025-09-30,2025-09-30,2025-10-01,128000.0,0.0,7.0,
7955,209,7,3,1,2025-09-30,2025-10-01,2025-10-03,100000.0,0.0,7.5,
7956,1827,24,1,2,2025-10-01,2025-10-04,2025-10-10,437000.0,0.0,45.8,Error de calibración
7957,237,12,5,1,2025-10-01,2025-10-03,2025-10-06,129000.0,0.0,4.0,
7958,1914,12,4,1,2025-10-01,2025-10-02,2025-10-05,818000.0,72000.0,7.0,
7959,768,9,3,1,2025-10-01,2025-10-02,2025-10-03,126000.0,0.0,1.6,
7960,438,1,5,1,2025-10-01,2025-10-01,2025-10-02,84000.0,0.0,5.9,
7961,127,11,7,1,2025-10-01,2025-10-02,2025-10-05,156000.0,0.0,3.1,
7962,1781,19,10,2,2025-10-01,2025-10-01,2025-10-14,44000.0,0.0,65.4,Batería defectuosa
7963,1996,24,6,1,2025-10-01,2025-10-03,2025-10-06,3000.0,1000.0,1.7,
7964,1372,3,7,1,2025-10-01,2025-10-01,2025-10-02,118000.0,0.0,2.3,
7965,1097,21,4,1,2025-10-01,2025-10-01,2025-10-02,215000.0,78000.0,2.7,
7966,1257,17,3,1,2025-10-01,2025-10-02,2025-10-05,88000.0,0.0,7.2,
7967,562,3,5,1,2025-10-01,2025-10-02,2025-10-04,255000.0,46000.0,5.1,
7968,898,7,2,1,2025-10-01,2025-10-02,2025-10-04,149000.0,0.0,1.5,
7969,1499,6,7,2,2025-10-01,2025-10-03,2025-10-05,118000.0,0.0,15.7,SpO₂ sin lectura
7970,1251,18,5,2,2025-10-02,2025-10-03,2025-10-07,7000.0,0.0,13.1,Batería agotada
7971,1542,12,6,1,2025-10-02,2025-10-04,2025-10-06,763000.0,0.0,6.2,
7972,208,14,12,1,2025-10-02,2025-10-04,2025-10-07,63000.0,13000.0,4.2,
7973,329,16,1,1,2025-10-02,2025-10-04,2025-10-05,93000.0,0.0,4.6,
7974,1521,1,6,1,2025-10-02,2025-10-04,2025-10-05,115000.0,15000.0,6.2,
7975,1206,22,3,2,2025-10-02,2025-10-04,2025-10-15,13000.0,4000.0,197.8,Pantalla defectuosa
7976,537,3,4,1,2025-10-02,2025-10-03,2025-10-05,57000.0,5000.0,6.9,
7977,617,9,9,1,2025-10-02,2025-10-03,2025-10-04,1382000.0,0.0,4.2,
7978,1790,21,5,1,2025-10-02,2025-10-04,2025-10-06,353000.0,0.0,3.5,
7979,1358,6,2,2,2025-10-02,2025-10-03,2025-10-13,110000.0,0.0,133.5,Batería defectuosa
7980,1783,7,1,1,2025-10-02,2025-10-03,2025-10-06,376000.0,0.0,3.0,
7981,1626,3,3,2,2025-10-03,2025-10-06,2025-10-10,118000.0,0.0,30.5,Batería dañada
7982,335,10,3,1,2025-10-03,2025-10-03,2025-10-05,622000.0,206000.0,5.2,
7983,428,1,2,1,2025-10-03,2025-10-03,2025-10-05,364000.0,0.0,2.4,
7984,1520,14,1,1,2025-10-03,2025-10-05,2025-10-07,139000.0,30000.0,2.1,
7985,313,1,8,2,2025-10-03,2025-10-05,2025-10-20,14413000.0,0.0,183.9,Sobrecalentamiento
7986,1163,3,3,1,2025-10-03,2025-10-03,2025-10-05,168000.0,0.0,3.1,
7987,637,9,9,2,2025-10-03,2025-10-03,2025-10-04,60000000.0,0.0,19.4,Artefactos de imagen
7988,41,14,12,2,2025-10-03,2025-10-04,2025-10-16,213000.0,0.0,186.7,Vibración excesiva
7989,1010,11,6,2,2025-10-03,2025-10-05,2025-10-08,128000.0,38000.0,35.6,Temperatura errática
7990,790,3,4,1,2025-10-03,2025-10-03,2025-10-05,2775000.0,0.0,2.2,
7991,940,22,4,2,2025-10-04,2025-10-05,2025-10-20,435000.0,0.0,65.3,NIBP no infla
7992,269,17,8,2,2025-10-04,2025-10-07,2025-10-11,2772000.0,0.0,87.2,Imagen subexpuesta
7993,562,3,2,2,2025-10-04,2025-10-05,2025-10-19,480000.0,144000.0,140.0,Alarmas defectuosas
7994,1679,3,12,2,2025-10-05,2025-10-05,2025-10-11,2910000.0,0.0,114.1,Problemas de lavado
7995,534,1,4,2,2025-10-05,2025-10-05,2025-10-06,477000.0,143000.0,10.0,Pantalla sin imagen
7996,352,2,7,2,2025-10-05,2025-10-06,2025-10-07,7000.0,1000.0,15.1,Lectura errática
7997,1189,21,6,2,2025-10-05,2025-10-05,2025-10-11,184000.0,46000.0,12.8,Teclado/pantalla defectuosa
7998,1222,24,5,2,2025-10-05,2025-10-06,2025-10-19,293000.0,88000.0,191.2,NIBP no infla
7999,1219,10,1,2,2025-10-05,2025-10-07,2025-10-15,3000.0,0.0,41.1,Batería agotada
8000,1652,9,12,1,2025-10-06,2025-10-06,2025-10-08,310000.0,0.0,6.4,
8001,1780,4,12,2,2025-10-06,2025-10-07,2025-10-08,275000.0,0.0,19.6,Vibración excesiva
8002,903,17,1,1,2025-10-06,2025-10-06,2025-10-08,85000.0,0.0,3.3,
8003,776,21,2,1,2025-10-06,2025-10-08,2025-10-11,10000.0,0.0,1.9,
8004,330,3,5,1,2025-10-06,2025-10-08,2025-10-09,288000.0,19000.0,1.8,
8005,1434,21,6,1,2025-10-06,2025-10-07,2025-10-10,139000.0,0.0,2.3,
8006,840,12,3,1,2025-10-06,2025-10-06,2025-10-08,727000.0,0.0,4.2,
8007,1058,17,7,2,2025-10-06,2025-10-07,2025-10-09,1706000.0,0.0,36.1,Sensor defectuoso
8008,1886,17,5,2,2025-10-06,2025-10-06,2025-10-07,348000.0,0.0,12.3,NIBP no infla
8009,875,3,7,2,2025-10-06,2025-10-06,2025-10-07,11000.0,0.0,23.5,Pantalla defectuosa
8010,992,14,12,1,2025-10-06,2025-10-07,2025-10-10,89000.0,0.0,5.2,
8011,453,17,4,1,2025-10-06,2025-10-08,2025-10-10,30000.0,0.0,6.3,
8012,1462,2,4,2,2025-10-07,2025-10-10,2025-10-17,468000.0,0.0,134.3,Alarmas defectuosas
8013,1668,15,10,1,2025-10-07,2025-10-09,2025-10-11,46000.0,0.0,6.6,
8014,1177,22,5,2,2025-10-07,2025-10-10,2025-10-17,382000.0,0.0,10.5,Módulo ECG dañado
8015,1548,6,4,1,2025-10-07,2025-10-09,2025-10-12,269000.0,0.0,1.7,
8016,1319,12,3,1,2025-10-07,2025-10-07,2025-10-09,143000.0,18000.0,5.3,
8017,1532,9,1,1,2025-10-07,2025-10-07,2025-10-10,134000.0,0.0,5.1,
8018,371,5,2,2,2025-10-07,2025-10-08,2025-10-22,152000.0,0.0,75.7,SpO₂ sin lectura
8019,399,4,3,2,2025-10-07,2025-10-09,2025-10-16,185000.0,0.0,82.2,SpO₂ sin lectura
8020,10,2,6,1,2025-10-08,2025-10-10,2025-10-11,50000.0,0.0,3.2,
8021,1702,22,3,1,2025-10-08,2025-10-08,2025-10-11,443000.0,0.0,6.1,
8022,297,9,8,1,2025-10-08,2025-10-09,2025-10-10,16807000.0,8861000.0,3.4,
8023,934,7,4,1,2025-10-08,2025-10-08,2025-10-11,3193000.0,0.0,5.4,
8024,1410,14,5,1,2025-10-08,2025-10-08,2025-10-09,88000.0,7000.0,1.8,
8025,1487,2,6,2,2025-10-08,2025-10-09,2025-10-16,135000.0,0.0,61.5,Batería defectuosa
8026,1653,7,7,1,2025-10-08,2025-10-09,2025-10-12,10000.0,0.0,4.6,
8027,1895,9,4,1,2025-10-08,2025-10-08,2025-10-09,286000.0,0.0,4.5,
8028,468,12,3,1,2025-10-08,2025-10-09,2025-10-11,121000.0,0.0,7.5,
8029,337,1,5,1,2025-10-08,2025-10-10,2025-10-13,847000.0,0.0,6.9,
8030,681,19,1,1,2025-10-08,2025-10-10,2025-10-12,37000.0,0.0,3.7,
8031,508,3,1,1,2025-10-08,2025-10-10,2025-10-12,204000.0,0.0,6.3,
8032,802,3,5,1,2025-10-08,2025-10-10,2025-10-11,54000.0,0.0,3.2,
8033,1401,3,1,1,2025-10-08,2025-10-08,2025-10-11,925000.0,0.0,2.4,
8034,1978,18,6,1,2025-10-09,2025-10-11,2025-10-13,38000.0,0.0,7.0,
8035,305,5,12,1,2025-10-09,2025-10-09,2025-10-10,156000.0,13000.0,5.3,
8036,1973,17,2,2,2025-10-09,2025-10-12,2025-10-13,18000.0,0.0,23.6,Pera dañada
8037,458,12,3,1,2025-10-09,2025-10-09,2025-10-11,767000.0,0.0,1.2,
8038,684,21,2,1,2025-10-09,2025-10-11,2025-10-14,1152000.0,465000.0,7.6,
8039,267,3,5,1,2025-10-09,2025-10-11,2025-10-12,7000.0,0.0,2.0,
8040,931,7,5,1,2025-10-09,2025-10-10,2025-10-12,5000.0,0.0,5.6,
8041,1217,1,2,1,2025-10-09,2025-10-09,2025-10-10,74000.0,0.0,4.5,
8042,1505,1,5,1,2025-10-09,2025-10-09,2025-10-11,110000.0,0.0,5.3,
8043,1431,8,1,1,2025-10-09,2025-10-11,2025-10-12,15000.0,0.0,3.8,
8044,1933,12,6,2,2025-10-09,2025-10-12,2025-10-20,3882000.0,0.0,148.4,Falla de batería
8045,31,22,3,1,2025-10-10,2025-10-12,2025-10-15,15000.0,0.0,2.3,
8046,889,17,9,1,2025-10-10,2025-10-11,2025-10-14,732000.0,0.0,7.2,
8047,677,9,4,1,2025-10-10,2025-10-10,2025-10-13,90000.0,6000.0,6.1,
8048,985,22,2,1,2025-10-10,2025-10-11,2025-10-13,53000.0,0.0,7.5,
8049,419,20,8,1,2025-10-10,2025-10-11,2025-10-14,378000.0,0.0,5.7,
8050,1112,4,2,2,2025-10-10,2025-10-10,2025-10-11,137000.0,0.0,16.9,SpO₂ sin lectura
8051,635,3,4,2,2025-10-10,2025-10-11,2025-10-15,6000.0,0.0,65.0,Batería agotada
8052,1847,10,5,1,2025-10-10,2025-10-10,2025-10-12,133000.0,0.0,3.4,
8053,851,8,9,2,2025-10-10,2025-10-12,2025-10-16,4940000.0,0.0,47.9,Falla de detector
8054,399,4,6,2,2025-10-10,2025-10-10,2025-10-23,185000.0,0.0,195.1,Pantalla dañada
8055,1487,2,4,2,2025-10-11,2025-10-13,2025-10-26,135000.0,0.0,110.4,Falla de presión NIBP
8056,262,15,10,2,2025-10-12,2025-10-12,2025-10-25,1651000.0,0.0,8.1,Puerta no sella
8057,1829,3,1,2,2025-10-12,2025-10-13,2025-10-26,25000.0,7000.0,116.4,Fuga en brazalete
8058,407,17,8,1,2025-10-13,2025-10-14,2025-10-16,1054000.0,0.0,7.7,
8059,1318,15,11,1,2025-10-13,2025-10-14,2025-10-16,1229000.0,0.0,1.1,
8060,543,22,12,1,2025-10-13,2025-10-15,2025-10-18,264000.0,0.0,6.7,
8061,1702,22,3,2,2025-10-13,2025-10-13,2025-10-21,560000.0,0.0,58.2,Mecanismo de altura no funciona
8062,225,12,2,1,2025-10-13,2025-10-13,2025-10-14,51000.0,20000.0,2.6,
8063,520,10,3,1,2025-10-13,2025-10-14,2025-10-16,733000.0,87000.0,7.1,
8064,490,1,7,1,2025-10-13,2025-10-15,2025-10-18,149000.0,0.0,1.4,
8065,687,24,6,1,2025-10-13,2025-10-13,2025-10-15,27000.0,0.0,4.5,
8066,79,24,7,2,2025-10-14,2025-10-14,2025-10-20,145000.0,0.0,13.2,Falla de presión NIBP
8067,872,19,1,1,2025-10-14,2025-10-14,2025-10-17,149000.0,0.0,5.5,
8068,1334,5,12,1,2025-10-14,2025-10-14,2025-10-17,75000.0,0.0,3.5,
8069,737,11,5,2,2025-10-14,2025-10-14,2025-10-21,1591000.0,0.0,61.8,Falla de ventilador
8070,1605,3,12,2,2025-10-14,2025-10-15,2025-10-23,0.0,0.0,47.1,Error de reactivo
8071,1351,1,9,2,2025-10-14,2025-10-17,2025-10-31,16316000.0,0.0,178.1,Sobrecalentamiento
8072,306,3,1,1,2025-10-14,2025-10-16,2025-10-18,97000.0,26000.0,7.0,
8073,943,4,5,2,2025-10-14,2025-10-14,2025-10-24,3662000.0,1099000.0,107.9,Falla de pantalla
8074,1266,15,10,1,2025-10-14,2025-10-15,2025-10-18,108000.0,0.0,5.0,
8075,1238,9,1,1,2025-10-14,2025-10-15,2025-10-18,1164000.0,0.0,2.3,
8076,507,22,2,1,2025-10-14,2025-10-15,2025-10-16,21000.0,0.0,2.4,
8077,1205,10,5,1,2025-10-14,2025-10-16,2025-10-18,605000.0,0.0,7.1,
8078,948,10,1,1,2025-10-14,2025-10-14,2025-10-15,1818000.0,582000.0,7.0,
8079,497,17,1,1,2025-10-14,2025-10-16,2025-10-19,198000.0,0.0,1.9,
8080,1038,7,7,2,2025-10-15,2025-10-16,2025-10-31,410000.0,0.0,254.8,NIBP no infla
8081,1079,12,1,1,2025-10-15,2025-10-17,2025-10-18,176000.0,0.0,5.9,
8082,752,4,4,1,2025-10-15,2025-10-15,2025-10-16,362000.0,0.0,2.9,
8083,1148,3,12,2,2025-10-15,2025-10-16,2025-10-31,3271000.0,0.0,109.0,Error de software
8084,1868,1,2,1,2025-10-15,2025-10-16,2025-10-18,1019000.0,0.0,1.8,
8085,1593,20,8,2,2025-10-15,2025-10-16,2025-10-24,0.0,0.0,92.9,Lecturas inconsistentes
8086,1656,13,9,2,2025-10-15,2025-10-18,2025-10-31,2947000.0,0.0,35.5,Falla de teclado o trackball
8087,1440,10,2,1,2025-10-15,2025-10-16,2025-10-18,646000.0,0.0,2.1,
8088,242,4,2,2,2025-10-15,2025-10-17,2025-10-22,168000.0,0.0,91.3,Teclado/pantalla defectuosa
8089,943,4,1,1,2025-10-15,2025-10-17,2025-10-18,753000.0,287000.0,6.8,
8090,54,9,12,1,2025-10-15,2025-10-17,2025-10-18,861000.0,0.0,6.2,
8091,119,12,5,1,2025-10-15,2025-10-17,2025-10-20,2062000.0,0.0,2.3,
8092,1523,12,7,1,2025-10-16,2025-10-18,2025-10-19,98000.0,0.0,7.8,
8093,738,11,6,1,2025-10-16,2025-10-18,2025-10-20,183000.0,0.0,5.5,
8094,1914,12,1,2,2025-10-16,2025-10-17,2025-11-01,1134000.0,340000.0,32.7,No calienta
8095,1617,15,11,1,2025-10-16,2025-10-18,2025-10-19,821000.0,285000.0,7.0,
8096,563,12,7,1,2025-10-16,2025-10-17,2025-10-20,137000.0,0.0,5.9,
8097,1658,3,7,2,2025-10-16,2025-10-17,2025-10-25,44000.0,13000.0,117.5,Display defectuoso
8098,1012,3,4,1,2025-10-16,2025-10-18,2025-10-19,207000.0,0.0,2.4,
8099,1104,12,1,1,2025-10-16,2025-10-16,2025-10-19,115000.0,0.0,5.3,
8100,1650,4,5,1,2025-10-16,2025-10-17,2025-10-19,116000.0,0.0,4.5,
8101,1922,1,7,1,2025-10-16,2025-10-16,2025-10-17,296000.0,0.0,7.6,
8102,1528,7,6,1,2025-10-16,2025-10-18,2025-10-20,226000.0,0.0,5.2,
8103,682,7,4,2,2025-10-17,2025-10-19,2025-10-25,100000.0,0.0,48.4,Teclado/pantalla defectuosa
8104,734,4,9,1,2025-10-17,2025-10-18,2025-10-21,328000.0,0.0,1.9,
8105,1958,11,3,2,2025-10-17,2025-10-20,2025-10-28,25000.0,0.0,9.0,Lectura incorrecta
8106,1420,7,6,1,2025-10-17,2025-10-19,2025-10-21,224000.0,0.0,3.0,
8107,1570,12,6,1,2025-10-17,2025-10-17,2025-10-18,153000.0,0.0,7.8,
8108,443,2,7,1,2025-10-17,2025-10-19,2025-10-20,96000.0,13000.0,2.5,
8109,549,1,4,1,2025-10-17,2025-10-17,2025-10-19,341000.0,28000.0,6.6,
8110,965,13,9,2,2025-10-17,2025-10-19,2025-10-27,4139000.0,0.0,72.6,Congelamiento del software
8111,1126,6,3,2,2025-10-17,2025-10-19,2025-11-03,310000.0,0.0,46.3,SpO₂ no detecta señal
8112,1000,7,6,1,2025-10-17,2025-10-19,2025-10-20,116000.0,16000.0,4.2,
8113,1507,4,2,1,2025-10-17,2025-10-17,2025-10-18,1856000.0,0.0,4.2,
8114,1952,21,6,1,2025-10-17,2025-10-18,2025-10-19,2621000.0,0.0,7.8,
8115,1829,3,1,1,2025-10-17,2025-10-17,2025-10-19,47000.0,4000.0,6.3,
8116,1738,9,5,1,2025-10-17,2025-10-17,2025-10-19,92000.0,0.0,5.3,
8117,481,21,5,1,2025-10-17,2025-10-19,2025-10-20,115000.0,0.0,4.3,
8118,426,11,1,2,2025-10-18,2025-10-19,2025-11-02,192000.0,0.0,274.9,Puerta o clamp dañado
8119,250,2,6,2,2025-10-18,2025-10-20,2025-10-21,133000.0,0.0,21.9,Temperatura errática
8120,1764,22,6,2,2025-10-18,2025-10-21,2025-11-03,240000.0,0.0,67.2,Software no registra
8121,994,24,6,2,2025-10-18,2025-10-21,2025-10-28,363000.0,109000.0,30.2,Alarmas defectuosas
8122,256,10,2,2,2025-10-18,2025-10-19,2025-11-03,149000.0,0.0,34.2,Temperatura errática
8123,249,9,6,2,2025-10-18,2025-10-18,2025-10-21,427000.0,75000.0,22.9,Módulo ECG dañado
8124,842,19,10,2,2025-10-18,2025-10-21,2025-10-25,1258000.0,0.0,89.2,Mangueras deterioradas
8125,337,1,6,2,2025-10-18,2025-10-18,2025-10-21,3082000.0,0.0,21.7,Alarma de presión
8126,218,16,12,2,2025-10-19,2025-10-20,2025-11-02,4541000.0,0.0,107.3,Obstrucción de pipetas
8127,1960,22,4,2,2025-10-19,2025-10-21,2025-10-29,454000.0,0.0,162.2,Frenos defectuosos
8128,1783,7,2,2,2025-10-19,2025-10-22,2025-10-23,484000.0,0.0,18.6,SpO₂ no detecta señal
8129,1551,12,5,2,2025-10-19,2025-10-20,2025-10-31,184000.0,0.0,94.5,Caudal incorrecto
8130,1175,21,5,2,2025-10-19,2025-10-21,2025-10-31,28000.0,0.0,229.3,Lectura incorrecta
8131,108,15,11,1,2025-10-20,2025-10-22,2025-10-23,1330000.0,0.0,7.2,
8132,1842,17,7,1,2025-10-20,2025-10-20,2025-10-21,1653000.0,0.0,5.0,
8133,1783,7,6,2,2025-10-20,2025-10-21,2025-10-28,484000.0,0.0,69.0,No enciende
8134,581,21,2,1,2025-10-20,2025-10-22,2025-10-23,93000.0,0.0,4.5,
8135,1541,13,1,1,2025-10-20,2025-10-20,2025-10-21,41000.0,0.0,2.6,
8136,1469,13,5,1,2025-10-20,2025-10-21,2025-10-23,13000.0,0.0,1.1,
8137,1039,10,7,1,2025-10-21,2025-10-21,2025-10-24,368000.0,0.0,4.8,
8138,1367,10,5,1,2025-10-21,2025-10-22,2025-10-25,265000.0,0.0,3.5,
8139,1454,4,7,1,2025-10-21,2025-10-22,2025-10-24,181000.0,0.0,5.6,
8140,17,11,6,1,2025-10-21,2025-10-22,2025-10-25,225000.0,0.0,3.8,
8141,1963,12,5,2,2025-10-21,2025-10-23,2025-11-04,518000.0,0.0,131.4,Descarga fallida
8142,360,12,7,2,2025-10-22,2025-10-25,2025-10-28,13000.0,0.0,67.0,Sensor dañado
8143,1648,5,2,1,2025-10-22,2025-10-22,2025-10-25,223000.0,71000.0,3.6,
8144,1358,6,1,1,2025-10-22,2025-10-22,2025-10-25,86000.0,0.0,2.8,
8145,979,15,11,1,2025-10-22,2025-10-23,2025-10-25,89000.0,0.0,3.7,
8146,1438,3,4,2,2025-10-22,2025-10-24,2025-10-31,215000.0,0.0,166.2,No detecta línea
8147,601,12,2,1,2025-10-22,2025-10-22,2025-10-25,209000.0,60000.0,6.1,
8148,1631,22,7,1,2025-10-22,2025-10-23,2025-10-26,288000.0,0.0,3.2,
8149,1230,10,6,1,2025-10-22,2025-10-22,2025-10-25,1756000.0,0.0,6.2,
8150,351,17,6,1,2025-10-22,2025-10-24,2025-10-27,3745000.0,0.0,4.0,
8151,1886,17,4,2,2025-10-22,2025-10-22,2025-10-23,348000.0,0.0,20.9,Lecturas erráticas
8152,20,4,6,1,2025-10-22,2025-10-24,2025-10-25,90000.0,27000.0,4.9,
8153,1756,10,3,2,2025-10-23,2025-10-24,2025-11-01,480000.0,0.0,68.1,SpO₂ no detecta señal
8154,1209,19,11,1,2025-10-23,2025-10-23,2025-10-26,266000.0,0.0,6.0,
8155,1142,11,1,1,2025-10-23,2025-10-24,2025-10-25,63000.0,0.0,2.9,
8156,1449,2,3,2,2025-10-23,2025-10-25,2025-10-31,2987000.0,0.0,59.3,Problema en válvulas internas
8157,1774,20,8,1,2025-10-23,2025-10-24,2025-10-26,283000.0,0.0,5.2,
8158,1936,1,2,1,2025-10-23,2025-10-23,2025-10-24,1493000.0,306000.0,7.7,
8159,635,3,6,2,2025-10-23,2025-10-25,2025-11-01,6000.0,0.0,28.1,Tiempo de medición excesivo
8160,1323,21,3,2,2025-10-23,2025-10-24,2025-11-03,1679000.0,0.0,63.4,Falla de batería
8161,834,12,5,1,2025-10-23,2025-10-24,2025-10-26,21000.0,0.0,6.3,
8162,154,10,2,2,2025-10-23,2025-10-26,2025-10-28,5865000.0,0.0,16.4,Falla de batería
8163,515,5,7,1,2025-10-23,2025-10-25,2025-10-26,66000.0,6000.0,7.6,
8164,534,1,3,1,2025-10-23,2025-10-24,2025-10-25,352000.0,85000.0,4.9,
8165,1246,12,5,2,2025-10-23,2025-10-24,2025-10-29,576000.0,173000.0,25.5,No enciende
8166,1890,2,5,1,2025-10-23,2025-10-25,2025-10-26,183000.0,30000.0,4.2,
8167,1933,12,1,1,2025-10-23,2025-10-24,2025-10-27,954000.0,0.0,3.0,
8168,483,7,2,2,2025-10-24,2025-10-27,2025-10-31,135000.0,0.0,66.5,Teclado/pantalla defectuosa
8169,413,5,5,1,2025-10-24,2025-10-24,2025-10-26,9000.0,0.0,3.9,
8170,831,2,6,1,2025-10-24,2025-10-25,2025-10-28,23000.0,0.0,1.0,
8171,415,9,2,2,2025-10-24,2025-10-25,2025-10-26,589000.0,0.0,18.8,Batería agotada
8172,238,21,2,1,2025-10-24,2025-10-25,2025-10-28,125000.0,0.0,3.3,
8173,630,14,6,1,2025-10-24,2025-10-25,2025-10-27,65000.0,0.0,3.9,
8174,60,15,10,2,2025-10-24,2025-10-26,2025-11-09,2282000.0,0.0,186.2,No genera presión
8175,1857,8,1,1,2025-10-24,2025-10-26,2025-10-27,126000.0,0.0,2.2,
8176,1574,15,11,1,2025-10-24,2025-10-26,2025-10-27,121000.0,0.0,5.5,
8177,1947,11,2,2,2025-10-24,2025-10-25,2025-11-05,2931000.0,0.0,189.8,Error de calibración
8178,1181,11,3,1,2025-10-24,2025-10-24,2025-10-27,177000.0,0.0,7.5,
8179,588,2,5,1,2025-10-24,2025-10-24,2025-10-25,1224000.0,0.0,7.5,
8180,1453,3,7,1,2025-10-24,2025-10-24,2025-10-25,45000.0,0.0,1.5,
8181,1362,15,11,1,2025-10-24,2025-10-26,2025-10-27,115000.0,17000.0,4.8,
8182,117,1,2,1,2025-10-24,2025-10-24,2025-10-25,108000.0,0.0,3.8,
8183,1437,24,3,2,2025-10-25,2025-10-27,2025-10-31,14000.0,0.0,42.6,Lectura incorrecta
8184,479,21,4,2,2025-10-25,2025-10-25,2025-11-04,563000.0,0.0,28.6,No carga energía
8185,1903,1,2,2,2025-10-26,2025-10-26,2025-10-29,143000.0,0.0,8.8,Puerta o clamp dañado
8186,1780,4,12,2,2025-10-26,2025-10-26,2025-11-04,275000.0,0.0,205.7,Ruido anormal
8187,81,11,5,1,2025-10-27,2025-10-27,2025-10-28,196000.0,0.0,3.1,
8188,1611,10,2,1,2025-10-27,2025-10-29,2025-11-01,260000.0,0.0,7.3,
8189,1616,17,2,1,2025-10-27,2025-10-29,2025-10-31,241000.0,0.0,1.8,
8190,1459,11,4,1,2025-10-27,2025-10-29,2025-11-01,897000.0,0.0,4.0,
8191,506,5,3,2,2025-10-27,2025-10-30,2025-11-10,297000.0,0.0,103.3,Módulo ECG dañado
8192,662,6,4,2,2025-10-27,2025-10-28,2025-11-04,117000.0,0.0,67.4,Falla de presión NIBP
8193,320,4,5,1,2025-10-27,2025-10-28,2025-10-30,67000.0,0.0,1.2,
8194,5,7,1,2,2025-10-27,2025-10-27,2025-11-10,322000.0,0.0,10.3,Frenos defectuosos
8195,1470,5,12,2,2025-10-27,2025-10-29,2025-11-07,224000.0,0.0,123.9,Error de motor
8196,465,10,5,2,2025-10-27,2025-10-30,2025-11-06,1157000.0,347000.0,62.2,Lámpara/resistencia dañada
8197,650,7,3,1,2025-10-27,2025-10-28,2025-10-31,142000.0,0.0,7.1,
8198,1566,11,7,1,2025-10-27,2025-10-29,2025-10-31,332000.0,0.0,4.2,
8199,1173,11,4,1,2025-10-28,2025-10-29,2025-10-31,420000.0,0.0,2.0,
8200,1024,17,5,2,2025-10-28,2025-10-31,2025-11-09,180000.0,54000.0,208.3,Pantalla dañada
8201,653,6,12,1,2025-10-28,2025-10-28,2025-10-30,1618000.0,0.0,6.8,
8202,1463,8,2,2,2025-10-28,2025-10-30,2025-11-02,502000.0,0.0,28.6,Lecturas erráticas
8203,1700,11,4,1,2025-10-28,2025-10-28,2025-10-29,400000.0,114000.0,1.8,
8204,1676,1,2,1,2025-10-29,2025-10-29,2025-11-01,1039000.0,0.0,1.5,
8205,1315,14,12,1,2025-10-29,2025-10-29,2025-10-31,213000.0,0.0,5.5,
8206,818,4,1,1,2025-10-29,2025-10-30,2025-10-31,62000.0,0.0,6.7,
8207,623,7,4,1,2025-10-29,2025-10-30,2025-11-02,65000.0,6000.0,1.1,
8208,1645,17,2,1,2025-10-30,2025-10-30,2025-11-02,479000.0,135000.0,3.5,
8209,1902,20,2,1,2025-10-30,2025-11-01,2025-11-02,38000.0,2000.0,5.9,
8210,1577,17,6,1,2025-10-30,2025-10-31,2025-11-01,32000.0,0.0,6.2,
8211,149,14,1,1,2025-10-30,2025-10-30,2025-10-31,23000.0,0.0,1.8,
8212,1540,2,3,1,2025-10-30,2025-11-01,2025-11-04,1433000.0,0.0,2.5,
8213,594,12,5,1,2025-10-30,2025-10-31,2025-11-01,139000.0,0.0,4.3,
8214,1854,11,7,1,2025-10-30,2025-10-31,2025-11-03,144000.0,0.0,7.5,
8215,144,8,9,1,2025-10-30,2025-10-30,2025-11-01,1366000.0,0.0,4.3,
8216,1067,1,3,1,2025-10-30,2025-11-01,2025-11-02,63000.0,0.0,2.1,
8217,864,1,8,1,2025-10-31,2025-10-31,2025-11-01,36115000.0,0.0,3.7,
8218,1308,5,3,1,2025-10-31,2025-10-31,2025-11-01,11000.0,2000.0,2.1,
8219,1560,21,5,1,2025-10-31,2025-11-01,2025-11-02,355000.0,25000.0,4.2,
8220,471,5,4,1,2025-10-31,2025-11-02,2025-11-03,24000.0,0.0,7.0,
8221,836,11,2,1,2025-10-31,2025-11-02,2025-11-04,1263000.0,554000.0,6.2,
8222,737,11,2,1,2025-10-31,2025-10-31,2025-11-01,857000.0,0.0,3.6,
8223,98,6,12,1,2025-10-31,2025-11-01,2025-11-03,121000.0,16000.0,6.9,
8224,1292,15,11,2,2025-11-01,2025-11-04,2025-11-07,1896000.0,0.0,67.7,Ciclo incompleto
8225,1752,13,4,2,2025-11-01,2025-11-01,2025-11-02,12000.0,0.0,8.2,Pera dañada
8226,1262,12,4,2,2025-11-01,2025-11-02,2025-11-17,115000.0,0.0,29.9,Celda de carga dañada
8227,348,20,8,2,2025-11-01,2025-11-04,2025-11-07,1684000.0,0.0,19.7,Resultados inconsistentes
8228,1611,10,5,2,2025-11-02,2025-11-04,2025-11-14,393000.0,0.0,52.6,SpO₂ no detecta señal
8229,1870,4,2,2,2025-11-02,2025-11-05,2025-11-13,260000.0,0.0,189.6,No enciende
8230,1484,4,8,2,2025-11-02,2025-11-04,2025-11-11,4622000.0,0.0,82.4,Pantalla defectuosa
8231,379,11,7,2,2025-11-02,2025-11-05,2025-11-18,154000.0,0.0,159.3,No detecta línea
8232,1214,3,4,1,2025-11-03,2025-11-05,2025-11-08,252000.0,0.0,5.4,
8233,958,4,6,1,2025-11-03,2025-11-04,2025-11-05,2254000.0,0.0,7.4,
8234,1251,18,2,1,2025-11-03,2025-11-03,2025-11-04,12000.0,0.0,1.1,
8235,1336,3,3,1,2025-11-03,2025-11-04,2025-11-05,213000.0,0.0,5.3,
8236,982,5,2,2,2025-11-03,2025-11-04,2025-11-09,566000.0,0.0,20.9,No enciende
8237,27,12,6,1,2025-11-03,2025-11-04,2025-11-07,570000.0,0.0,5.7,
8238,1318,15,10,2,2025-11-03,2025-11-05,2025-11-08,2532000.0,0.0,28.6,No genera presión
8239,37,4,3,1,2025-11-03,2025-11-05,2025-11-08,422000.0,0.0,2.2,
8240,1432,9,3,2,2025-11-03,2025-11-06,2025-11-07,209000.0,0.0,22.2,Batería defectuosa
8241,1771,9,3,1,2025-11-03,2025-11-05,2025-11-06,443000.0,0.0,4.2,
8242,790,3,1,2,2025-11-03,2025-11-04,2025-11-10,5355000.0,0.0,140.9,Problema en ventilador integrado
8243,1656,13,8,1,2025-11-03,2025-11-04,2025-11-07,1835000.0,0.0,2.2,
8244,144,8,8,2,2025-11-03,2025-11-04,2025-11-19,4017000.0,0.0,119.3,Falla de teclado o trackball
8245,1798,9,7,2,2025-11-04,2025-11-04,2025-11-09,2241000.0,0.0,64.0,Problema en válvulas internas
8246,1631,22,2,2,2025-11-04,2025-11-06,2025-11-13,446000.0,0.0,145.0,Módulo ECG dañado
8247,34,18,10,2,2025-11-04,2025-11-05,2025-11-09,331000.0,61000.0,16.7,Resistencia no regula
8248,965,13,9,2,2025-11-04,2025-11-06,2025-11-10,4139000.0,0.0,64.1,Congelamiento del software
8249,1588,10,1,1,2025-11-04,2025-11-06,2025-11-08,34000.0,0.0,3.5,
8250,449,3,6,2,2025-11-04,2025-11-04,2025-11-05,1914000.0,0.0,21.1,Error de calibración
8251,1771,9,4,2,2025-11-04,2025-11-04,2025-11-13,738000.0,0.0,189.7,Pantalla dañada
8252,286,2,1,1,2025-11-04,2025-11-05,2025-11-07,372000.0,0.0,7.7,
8253,1381,8,4,1,2025-11-04,2025-11-06,2025-11-07,431000.0,0.0,2.8,
8254,1364,2,1,1,2025-11-05,2025-11-07,2025-11-08,355000.0,68000.0,2.5,
8255,895,1,5,2,2025-11-05,2025-11-06,2025-11-12,154000.0,46000.0,94.4,No detecta línea
8256,409,10,2,2,2025-11-05,2025-11-07,2025-11-15,526000.0,158000.0,27.5,Alarmas defectuosas
8257,1188,7,6,2,2025-11-05,2025-11-07,2025-11-12,259000.0,0.0,88.5,Lecturas erráticas
8258,369,8,4,1,2025-11-05,2025-11-06,2025-11-09,31000.0,0.0,3.5,
8259,200,10,8,2,2025-11-05,2025-11-07,2025-11-16,3439000.0,876000.0,80.4,Pantalla defectuosa
8260,443,2,6,2,2025-11-05,2025-11-06,2025-11-09,185000.0,35000.0,18.8,Caudal incorrecto
8261,410,12,4,1,2025-11-05,2025-11-05,2025-11-06,730000.0,0.0,4.9,
8262,1491,1,2,1,2025-11-05,2025-11-06,2025-11-09,533000.0,0.0,6.3,
8263,1029,12,12,1,2025-11-05,2025-11-06,2025-11-09,215000.0,0.0,2.4,
8264,1512,6,5,1,2025-11-06,2025-11-07,2025-11-08,5000.0,0.0,5.1,
8265,401,2,4,1,2025-11-06,2025-11-08,2025-11-11,167000.0,0.0,3.7,
8266,1964,10,6,1,2025-11-06,2025-11-07,2025-11-10,631000.0,0.0,1.8,
8267,1485,15,11,1,2025-11-06,2025-11-08,2025-11-10,111000.0,0.0,5.7,
8268,1322,22,7,1,2025-11-06,2025-11-07,2025-11-09,31000.0,0.0,4.1,
8269,70,9,2,1,2025-11-06,2025-11-06,2025-11-07,15000.0,1000.0,3.8,
8270,1407,12,12,1,2025-11-06,2025-11-06,2025-11-07,346000.0,27000.0,7.4,
8271,194,4,5,1,2025-11-06,2025-11-07,2025-11-09,35000.0,0.0,1.9,
8272,1475,7,4,1,2025-11-07,2025-11-09,2025-11-10,136000.0,0.0,6.5,
8273,1995,12,2,1,2025-11-07,2025-11-07,2025-11-09,291000.0,0.0,1.2,
8274,533,3,4,1,2025-11-07,2025-11-09,2025-11-10,114000.0,0.0,7.6,
8275,1241,24,7,2,2025-11-07,2025-11-07,2025-11-16,8000.0,0.0,70.2,Lectura errática
8276,792,12,2,1,2025-11-07,2025-11-09,2025-11-10,53000.0,4000.0,6.2,
8277,333,17,6,1,2025-11-07,2025-11-08,2025-11-10,70000.0,0.0,5.8,
8278,516,7,4,1,2025-11-07,2025-11-08,2025-11-11,105000.0,0.0,4.7,
8279,1791,4,7,1,2025-11-07,2025-11-09,2025-11-11,120000.0,0.0,3.2,
8280,1169,5,3,1,2025-11-07,2025-11-07,2025-11-09,7000.0,0.0,1.1,
8281,1074,1,5,1,2025-11-07,2025-11-08,2025-11-11,148000.0,0.0,7.8,
8282,697,2,4,2,2025-11-07,2025-11-10,2025-11-22,164000.0,0.0,281.0,Caudal incorrecto
8283,324,13,4,2,2025-11-08,2025-11-09,2025-11-12,60000.0,0.0,63.1,Luz débil
8284,113,11,2,2,2025-11-08,2025-11-09,2025-11-12,18000.0,0.0,15.3,Batería agotada
8285,1069,12,1,2,2025-11-08,2025-11-08,2025-11-11,5558000.0,0.0,44.1,Alarma de presión
8286,886,21,7,2,2025-11-08,2025-11-08,2025-11-21,329000.0,0.0,83.6,NIBP no infla
8287,490,1,7,2,2025-11-09,2025-11-11,2025-11-12,205000.0,0.0,22.0,Caudal incorrecto
8288,1267,10,6,2,2025-11-09,2025-11-11,2025-11-16,276000.0,83000.0,33.4,Barandas sueltas
8289,945,16,6,1,2025-11-10,2025-11-10,2025-11-12,371000.0,0.0,2.7,
8290,1011,15,10,1,2025-11-10,2025-11-12,2025-11-15,53000.0,0.0,1.3,
8291,98,6,12,2,2025-11-10,2025-11-13,2025-11-15,202000.0,60000.0,27.3,Error de motor
8292,1872,3,4,1,2025-11-10,2025-11-12,2025-11-14,233000.0,0.0,4.0,
8293,1426,22,2,1,2025-11-10,2025-11-12,2025-11-14,39000.0,0.0,1.3,
8294,514,2,1,1,2025-11-10,2025-11-11,2025-11-12,239000.0,0.0,2.2,
8295,1768,3,3,2,2025-11-10,2025-11-10,2025-11-14,140000.0,0.0,66.3,Batería dañada
8296,1741,15,11,1,2025-11-10,2025-11-11,2025-11-12,80000.0,35000.0,1.3,
8297,991,7,1,1,2025-11-10,2025-11-11,2025-11-13,107000.0,43000.0,2.7,
8298,1397,14,1,2,2025-11-10,2025-11-10,2025-11-24,372000.0,0.0,278.0,Frenos defectuosos
8299,1278,17,6,2,2025-11-10,2025-11-11,2025-11-21,149000.0,0.0,164.2,Batería dañada
8300,1038,7,1,1,2025-11-10,2025-11-12,2025-11-14,261000.0,0.0,6.2,
8301,1324,9,3,1,2025-11-10,2025-11-10,2025-11-11,352000.0,0.0,2.3,
8302,175,4,2,1,2025-11-11,2025-11-12,2025-11-14,96000.0,0.0,4.5,
8303,1629,24,5,2,2025-11-11,2025-11-13,2025-11-21,567000.0,0.0,115.3,Mecanismo de altura no funciona
8304,331,9,1,1,2025-11-11,2025-11-11,2025-11-12,276000.0,0.0,4.8,
8305,1267,10,3,2,2025-11-11,2025-11-13,2025-11-22,276000.0,44000.0,199.5,Ruedas trabadas
8306,912,6,2,2,2025-11-11,2025-11-14,2025-11-18,21000.0,0.0,94.5,Manómetro descalibrado
8307,452,5,7,1,2025-11-11,2025-11-12,2025-11-14,249000.0,42000.0,7.9,
8308,1522,24,5,1,2025-11-11,2025-11-11,2025-11-14,271000.0,0.0,6.0,
8309,1884,8,7,1,2025-11-12,2025-11-12,2025-11-13,122000.0,0.0,6.2,
8310,1059,7,1,1,2025-11-12,2025-11-12,2025-11-13,1509000.0,0.0,1.3,
8311,1556,9,5,1,2025-11-12,2025-11-13,2025-11-14,210000.0,0.0,5.0,
8312,1811,7,6,1,2025-11-12,2025-11-14,2025-11-17,124000.0,0.0,4.6,
8313,633,21,6,1,2025-11-12,2025-11-14,2025-11-15,38000.0,0.0,6.3,
8314,1773,2,1,2,2025-11-12,2025-11-13,2025-11-28,122000.0,0.0,160.9,Puerta o clamp dañado
8315,1844,21,1,1,2025-11-12,2025-11-14,2025-11-16,127000.0,0.0,7.0,
8316,1524,18,10,1,2025-11-12,2025-11-14,2025-11-17,213000.0,0.0,7.0,
8317,1031,12,3,1,2025-11-12,2025-11-14,2025-11-15,88000.0,0.0,4.3,
8318,1452,7,5,1,2025-11-12,2025-11-14,2025-11-17,1675000.0,331000.0,2.3,
8319,627,12,7,2,2025-11-12,2025-11-12,2025-11-27,185000.0,34000.0,268.9,Bloqueo de seguridad dañado
8320,213,17,2,2,2025-11-12,2025-11-15,2025-11-29,569000.0,171000.0,286.4,Impresora no funciona
8321,703,9,2,1,2025-11-12,2025-11-14,2025-11-16,11000.0,0.0,2.0,
8322,1797,11,7,2,2025-11-12,2025-11-15,2025-11-17,448000.0,0.0,45.6,Mecanismo de altura no funciona
8323,899,3,1,1,2025-11-13,2025-11-14,2025-11-17,477000.0,0.0,7.2,
8324,827,17,8,1,2025-11-13,2025-11-15,2025-11-17,583000.0,129000.0,1.7,
8325,1406,15,10,2,2025-11-13,2025-11-13,2025-11-16,3337000.0,0.0,43.8,Ciclo incompleto
8326,765,2,3,2,2025-11-13,2025-11-15,2025-11-28,1427000.0,0.0,223.3,Problema en válvulas internas
8327,1448,7,1,1,2025-11-13,2025-11-15,2025-11-18,93000.0,0.0,5.9,
8328,657,4,12,1,2025-11-13,2025-11-15,2025-11-18,124000.0,14000.0,5.4,
8329,1640,2,3,1,2025-11-13,2025-11-13,2025-11-15,49000.0,0.0,5.4,
8330,1289,11,6,1,2025-11-13,2025-11-15,2025-11-16,80000.0,19000.0,6.2,
8331,21,11,5,1,2025-11-14,2025-11-15,2025-11-18,165000.0,0.0,1.7,
8332,1157,1,1,2,2025-11-14,2025-11-14,2025-11-15,360000.0,0.0,8.2,NIBP no infla
8333,75,6,1,1,2025-11-14,2025-11-15,2025-11-16,56000.0,2000.0,2.8,
8334,1888,21,5,1,2025-11-14,2025-11-15,2025-11-18,333000.0,0.0,3.1,
8335,1909,21,6,1,2025-11-14,2025-11-16,2025-11-17,62000.0,0.0,2.1,
8336,1728,7,3,1,2025-11-14,2025-11-15,2025-11-16,407000.0,0.0,6.3,
8337,867,10,1,1,2025-11-14,2025-11-16,2025-11-18,108000.0,0.0,2.2,
8338,793,18,7,1,2025-11-14,2025-11-16,2025-11-19,12000.0,0.0,5.1,
8339,1865,12,5,1,2025-11-14,2025-11-15,2025-11-17,196000.0,0.0,5.1,
8340,1770,22,2,2,2025-11-14,2025-11-16,2025-11-19,365000.0,0.0,48.0,Alarmas defectuosas
8341,200,10,8,1,2025-11-14,2025-11-16,2025-11-17,1504000.0,586000.0,6.2,
8342,1053,2,3,2,2025-11-15,2025-11-16,2025-12-01,301000.0,0.0,19.7,SpO₂ no detecta señal
8343,113,11,3,2,2025-11-15,2025-11-15,2025-11-23,18000.0,0.0,58.3,Batería agotada
8344,83,3,12,2,2025-11-15,2025-11-16,2025-11-17,230000.0,0.0,23.1,Vibración excesiva
8345,393,11,2,2,2025-11-16,2025-11-16,2025-11-24,59000.0,0.0,96.4,Peso incorrecto
8346,1666,9,6,2,2025-11-16,2025-11-17,2025-11-28,1626000.0,0.0,226.7,Falla de batería
8347,690,11,5,2,2025-11-16,2025-11-19,2025-11-23,423000.0,0.0,63.4,Pantalla sin imagen
8348,1734,15,10,1,2025-11-17,2025-11-19,2025-11-21,57000.0,0.0,7.9,
8349,1102,3,7,1,2025-11-17,2025-11-17,2025-11-18,214000.0,0.0,1.4,
8350,1506,17,3,1,2025-11-17,2025-11-18,2025-11-20,918000.0,0.0,7.3,
8351,865,11,5,1,2025-11-17,2025-11-18,2025-11-19,23000.0,0.0,3.4,
8352,378,12,1,1,2025-11-17,2025-11-18,2025-11-19,1113000.0,0.0,3.2,
8353,1403,16,7,1,2025-11-17,2025-11-17,2025-11-20,15000.0,0.0,1.0,
8354,1793,7,6,2,2025-11-17,2025-11-19,2025-11-26,164000.0,0.0,160.8,No detecta línea
8355,732,11,3,1,2025-11-17,2025-11-17,2025-11-18,340000.0,0.0,2.4,
8356,632,24,1,2,2025-11-17,2025-11-19,2025-11-20,346000.0,104000.0,13.1,No enciende
8357,131,13,7,1,2025-11-17,2025-11-18,2025-11-20,60000.0,4000.0,1.7,
8358,646,17,7,1,2025-11-17,2025-11-18,2025-11-20,108000.0,0.0,6.2,
8359,683,10,3,1,2025-11-17,2025-11-19,2025-11-22,55000.0,0.0,6.4,
8360,1073,16,5,1,2025-11-17,2025-11-18,2025-11-19,5000.0,0.0,3.2,
8361,496,10,4,1,2025-11-17,2025-11-18,2025-11-21,296000.0,0.0,4.7,
8362,478,11,3,1,2025-11-17,2025-11-17,2025-11-18,363000.0,0.0,2.7,
8363,386,21,7,2,2025-11-18,2025-11-19,2025-12-01,196000.0,59000.0,72.2,No detecta línea
8364,1663,7,3,1,2025-11-18,2025-11-19,2025-11-20,283000.0,0.0,1.8,
8365,1428,12,7,1,2025-11-18,2025-11-19,2025-11-21,508000.0,0.0,3.8,
8366,973,9,7,2,2025-11-18,2025-11-18,2025-11-27,281000.0,0.0,64.8,Módulo ECG dañado
8367,1226,2,6,1,2025-11-18,2025-11-19,2025-11-20,142000.0,0.0,4.7,
8368,1059,7,4,2,2025-11-18,2025-11-21,2025-11-28,3650000.0,0.0,165.9,Fuga en circuito
8369,1685,22,2,1,2025-11-19,2025-11-21,2025-11-23,66000.0,0.0,7.7,
8370,132,16,2,1,2025-11-19,2025-11-20,2025-11-22,38000.0,0.0,7.4,
8371,1856,19,11,2,2025-11-19,2025-11-22,2025-11-26,1286000.0,0.0,58.2,Pedal defectuoso
8372,1899,12,1,1,2025-11-19,2025-11-21,2025-11-24,532000.0,0.0,1.6,
8373,67,1,9,1,2025-11-19,2025-11-21,2025-11-22,993000.0,0.0,2.7,
8374,799,7,1,1,2025-11-19,2025-11-20,2025-11-21,109000.0,0.0,7.0,
8375,1218,9,7,1,2025-11-19,2025-11-19,2025-11-22,125000.0,0.0,2.2,
8376,860,11,3,1,2025-11-20,2025-11-21,2025-11-24,163000.0,0.0,1.4,
8377,1951,11,6,1,2025-11-20,2025-11-20,2025-11-23,418000.0,34000.0,3.3,
8378,1132,16,2,1,2025-11-20,2025-11-22,2025-11-24,17000.0,0.0,1.9,
8379,637,10,9,2,2025-11-20,2025-11-23,2025-11-29,60000000.0,0.0,22.3,Sobrecalentamiento del tubo
8380,837,1,1,1,2025-11-20,2025-11-21,2025-11-23,190000.0,0.0,3.7,
8381,918,11,6,1,2025-11-20,2025-11-22,2025-11-23,18000.0,0.0,5.2,
8382,1172,7,6,2,2025-11-20,2025-11-21,2025-11-26,3000.0,0.0,49.3,Puerto sucio
8383,1442,3,2,2,2025-11-20,2025-11-22,2025-11-24,4980000.0,0.0,47.9,Falla de batería
8384,1476,5,7,1,2025-11-20,2025-11-21,2025-11-23,77000.0,0.0,3.8,
8385,488,24,4,2,2025-11-20,2025-11-21,2025-12-05,185000.0,56000.0,92.0,Batería agotada
8386,225,12,2,2,2025-11-20,2025-11-22,2025-12-01,102000.0,30000.0,208.7,Alarma de oclusión
8387,1962,16,4,1,2025-11-20,2025-11-22,2025-11-24,196000.0,0.0,7.8,
8388,411,1,2,1,2025-11-20,2025-11-22,2025-11-23,392000.0,0.0,6.4,
8389,691,15,10,1,2025-11-20,2025-11-21,2025-11-23,93000.0,18000.0,1.1,
8390,1789,20,8,1,2025-11-21,2025-11-21,2025-11-24,1425000.0,0.0,2.5,
8391,1346,9,6,1,2025-11-21,2025-11-21,2025-11-24,193000.0,0.0,7.9,
8392,1327,4,3,1,2025-11-21,2025-11-21,2025-11-22,117000.0,14000.0,4.6,
8393,116,10,7,1,2025-11-21,2025-11-22,2025-11-25,260000.0,0.0,7.9,
8394,23,17,3,1,2025-11-21,2025-11-23,2025-11-25,830000.0,0.0,2.5,
8395,1016,11,4,1,2025-11-21,2025-11-23,2025-11-26,95000.0,0.0,3.1,
8396,589,7,6,1,2025-11-21,2025-11-21,2025-11-24,296000.0,54000.0,3.3,
8397,412,11,1,1,2025-11-21,2025-11-21,2025-11-22,37000.0,0.0,6.8,
8398,1732,18,11,2,2025-11-21,2025-11-24,2025-11-27,280000.0,0.0,67.7,No entrega corriente
8399,435,8,6,1,2025-11-21,2025-11-23,2025-11-26,344000.0,0.0,3.8,
8400,904,8,8,1,2025-11-21,2025-11-22,2025-11-25,4017000.0,0.0,4.0,
8401,1052,10,2,1,2025-11-21,2025-11-23,2025-11-26,884000.0,117000.0,3.6,
8402,1956,12,12,1,2025-11-21,2025-11-22,2025-11-24,123000.0,0.0,1.5,
8403,1076,11,3,1,2025-11-21,2025-11-21,2025-11-22,5000.0,0.0,1.6,
8404,371,5,5,2,2025-11-21,2025-11-22,2025-12-06,152000.0,0.0,292.2,Batería defectuosa
8405,1823,10,7,1,2025-11-21,2025-11-23,2025-11-26,368000.0,153000.0,4.1,
8406,667,4,3,2,2025-11-21,2025-11-24,2025-12-09,345000.0,0.0,294.4,Lecturas erráticas
8407,851,8,8,1,2025-11-21,2025-11-21,2025-11-22,1568000.0,0.0,7.5,
8408,90,24,2,1,2025-11-21,2025-11-21,2025-11-23,42000.0,0.0,3.3,
8409,370,4,5,2,2025-11-21,2025-11-24,2025-12-03,2616000.0,0.0,100.2,Falla de batería
8410,1989,5,4,2,2025-11-22,2025-11-25,2025-12-01,12000.0,0.0,48.2,Lectura incorrecta
8411,1509,4,4,2,2025-11-23,2025-11-24,2025-11-25,260000.0,0.0,19.7,Botón de paciente defectuoso
8412,1389,10,1,2,2025-11-23,2025-11-24,2025-11-25,4000.0,0.0,13.5,Sensor dañado
8413,1325,20,9,1,2025-11-24,2025-11-24,2025-11-26,2711000.0,0.0,4.3,
8414,651,12,12,2,2025-11-24,2025-11-24,2025-11-29,4934000.0,0.0,53.3,Resultados inconsistentes
8415,343,3,1,2,2025-11-24,2025-11-27,2025-12-08,528000.0,0.0,227.3,Error de autoprueba
8416,183,2,5,1,2025-11-24,2025-11-24,2025-11-25,563000.0,0.0,2.0,
8417,103,1,1,2,2025-11-24,2025-11-24,2025-11-30,894000.0,0.0,58.6,Falla de control
8418,262,15,11,1,2025-11-24,2025-11-26,2025-11-28,741000.0,0.0,2.5,
8419,41,14,12,2,2025-11-24,2025-11-27,2025-12-11,213000.0,0.0,169.9,No alcanza RPM
8420,932,24,7,2,2025-11-24,2025-11-26,2025-11-27,421000.0,0.0,13.2,No enciende
8421,724,10,1,1,2025-11-24,2025-11-26,2025-11-29,27000.0,0.0,4.4,
8422,1662,14,12,1,2025-11-24,2025-11-26,2025-11-27,261000.0,0.0,5.9,
8423,1028,2,2,1,2025-11-24,2025-11-26,2025-11-27,63000.0,0.0,3.5,
8424,629,22,2,2,2025-11-24,2025-11-27,2025-12-05,194000.0,0.0,62.7,Pantalla defectuosa
8425,1104,12,2,2,2025-11-24,2025-11-24,2025-11-28,144000.0,0.0,49.4,Batería defectuosa
8426,1543,14,4,1,2025-11-24,2025-11-25,2025-11-26,178000.0,0.0,4.5,
8427,1401,3,2,2,2025-11-24,2025-11-26,2025-12-04,3771000.0,0.0,20.7,Fuga en circuito
8428,1140,4,5,1,2025-11-24,2025-11-25,2025-11-28,382000.0,0.0,5.4,
8429,617,9,9,2,2025-11-24,2025-11-25,2025-12-09,4718000.0,0.0,106.9,Imagen subexpuesta
8430,1449,2,5,2,2025-11-25,2025-11-26,2025-12-06,2987000.0,0.0,125.2,Problema en válvulas internas
8431,498,17,2,2,2025-11-25,2025-11-27,2025-12-04,613000.0,0.0,92.2,Módulo ECG dañado
8432,338,15,10,1,2025-11-25,2025-11-25,2025-11-27,84000.0,0.0,1.5,
8433,1663,7,4,2,2025-11-25,2025-11-26,2025-11-30,366000.0,0.0,15.7,Módulo ECG dañado
8434,481,21,2,2,2025-11-25,2025-11-28,2025-12-13,208000.0,0.0,15.7,No detecta línea
8435,1847,9,3,2,2025-11-25,2025-11-27,2025-12-02,169000.0,0.0,114.8,Teclado/pantalla defectuosa
8436,1576,1,1,1,2025-11-25,2025-11-26,2025-11-27,103000.0,0.0,3.6,
8437,443,2,4,2,2025-11-25,2025-11-25,2025-12-10,185000.0,39000.0,41.8,Batería dañada
8438,1463,8,1,1,2025-11-25,2025-11-26,2025-11-28,398000.0,0.0,6.1,
8439,1044,24,3,1,2025-11-26,2025-11-27,2025-11-30,149000.0,0.0,6.5,
8440,1878,7,5,1,2025-11-26,2025-11-27,2025-11-29,92000.0,0.0,6.6,
8441,1626,3,5,1,2025-11-26,2025-11-27,2025-11-28,85000.0,0.0,1.2,
8442,969,18,10,2,2025-11-26,2025-11-27,2025-12-05,542000.0,0.0,174.3,Velocidad inestable
8443,950,21,6,1,2025-11-26,2025-11-28,2025-11-30,55000.0,0.0,4.8,
8444,260,11,1,1,2025-11-26,2025-11-26,2025-11-29,1187000.0,174000.0,2.1,
8445,47,11,3,1,2025-11-26,2025-11-27,2025-11-30,235000.0,0.0,5.1,
8446,1977,10,7,2,2025-11-26,2025-11-29,2025-12-04,362000.0,0.0,66.7,Lecturas erráticas
8447,191,10,3,2,2025-11-26,2025-11-29,2025-12-03,357000.0,0.0,62.8,Módulo ECG dañado
8448,1908,10,3,1,2025-11-26,2025-11-26,2025-11-27,295000.0,70000.0,4.3,
8449,1002,12,5,2,2025-11-26,2025-11-28,2025-11-30,321000.0,0.0,36.0,Temporizador defectuoso
8450,1155,24,4,2,2025-11-26,2025-11-28,2025-12-01,10000.0,3000.0,10.8,Sensor dañado
8451,1679,3,12,2,2025-11-26,2025-11-27,2025-12-01,2910000.0,0.0,39.7,Error de software
8452,68,1,8,1,2025-11-26,2025-11-26,2025-11-27,1423000.0,0.0,3.6,
8453,1293,18,11,1,2025-11-27,2025-11-28,2025-12-01,164000.0,0.0,4.1,
8454,1120,10,7,1,2025-11-27,2025-11-27,2025-11-30,10000.0,0.0,4.4,
8455,940,22,7,2,2025-11-27,2025-11-28,2025-12-09,435000.0,0.0,47.5,Pantalla sin imagen
8456,1495,17,9,1,2025-11-27,2025-11-29,2025-12-01,2588000.0,664000.0,7.1,
8457,961,4,1,1,2025-11-27,2025-11-27,2025-11-30,208000.0,0.0,7.1,
8458,813,2,7,1,2025-11-27,2025-11-28,2025-12-01,155000.0,0.0,5.4,
8459,1963,12,1,1,2025-11-27,2025-11-27,2025-11-29,333000.0,0.0,7.5,
8460,1058,17,5,1,2025-11-27,2025-11-28,2025-11-30,573000.0,0.0,2.6,
8461,1632,1,4,1,2025-11-28,2025-11-29,2025-12-01,121000.0,0.0,5.2,
8462,747,15,11,1,2025-11-28,2025-11-30,2025-12-01,86000.0,0.0,1.1,
8463,317,17,4,2,2025-11-28,2025-12-01,2025-12-14,476000.0,91000.0,86.4,Pantalla sin imagen
8464,303,20,2,2,2025-11-28,2025-11-28,2025-12-07,579000.0,0.0,24.9,Barandas sueltas
8465,1798,9,3,1,2025-11-28,2025-11-29,2025-12-02,846000.0,0.0,3.9,
8466,1968,22,1,1,2025-11-28,2025-11-30,2025-12-01,150000.0,34000.0,2.8,
8467,993,10,2,1,2025-11-28,2025-11-30,2025-12-03,1334000.0,0.0,7.1,
8468,1703,14,3,1,2025-11-28,2025-11-30,2025-12-01,47000.0,0.0,4.8,
8469,1424,2,5,1,2025-12-01,2025-12-02,2025-12-04,197000.0,0.0,4.8,
8470,457,8,4,2,2025-12-01,2025-12-03,2025-12-11,387000.0,116000.0,184.7,Alarmas defectuosas
8471,740,2,4,1,2025-12-01,2025-12-03,2025-12-05,78000.0,0.0,3.0,
8472,506,5,7,2,2025-12-01,2025-12-01,2025-12-11,297000.0,0.0,65.9,Módulo ECG dañado
8473,41,14,12,1,2025-12-01,2025-12-03,2025-12-06,211000.0,0.0,1.8,
8474,637,9,9,2,2025-12-01,2025-12-01,2025-12-08,60000000.0,0.0,10.7,Problemas de mesa
8475,1033,3,12,1,2025-12-01,2025-12-02,2025-12-04,157000.0,0.0,5.9,
8476,1231,18,6,2,2025-12-01,2025-12-02,2025-12-17,0.0,0.0,271.5,Válvula defectuosa
8477,230,9,4,1,2025-12-01,2025-12-03,2025-12-04,397000.0,0.0,6.1,
8478,1022,19,11,2,2025-12-01,2025-12-02,2025-12-13,6722000.0,2016000.0,117.2,Falla de rotación
8479,1095,15,10,1,2025-12-01,2025-12-03,2025-12-06,46000.0,21000.0,1.1,
8480,1149,18,10,1,2025-12-01,2025-12-03,2025-12-04,145000.0,25000.0,5.8,
8481,123,8,1,1,2025-12-01,2025-12-01,2025-12-04,194000.0,0.0,4.1,
8482,1519,8,9,1,2025-12-01,2025-12-03,2025-12-04,1380000.0,0.0,7.6,
8483,1695,14,6,1,2025-12-01,2025-12-02,2025-12-03,47000.0,0.0,7.0,
8484,339,15,10,1,2025-12-02,2025-12-03,2025-12-06,58000.0,0.0,6.5,
8485,912,5,4,1,2025-12-02,2025-12-04,2025-12-06,48000.0,0.0,7.9,
8486,393,11,5,2,2025-12-02,2025-12-03,2025-12-16,59000.0,0.0,162.0,Display defectuoso
8487,819,7,5,2,2025-12-02,2025-12-04,2025-12-10,239000.0,72000.0,60.7,Batería dañada
8488,1075,13,8,1,2025-12-02,2025-12-03,2025-12-04,1065000.0,683000.0,6.3,
8489,1499,6,7,2,2025-12-02,2025-12-03,2025-12-16,118000.0,0.0,135.6,Temperatura errática
8490,160,9,4,1,2025-12-02,2025-12-03,2025-12-04,152000.0,0.0,3.7,
8491,922,3,1,2,2025-12-02,2025-12-02,2025-12-11,468000.0,0.0,133.6,Barandas sueltas
8492,900,4,12,2,2025-12-02,2025-12-03,2025-12-12,566000.0,0.0,149.1,Puerta no sella
8493,795,10,3,1,2025-12-03,2025-12-03,2025-12-06,294000.0,0.0,1.2,
8494,49,16,12,1,2025-12-03,2025-12-04,2025-12-06,251000.0,0.0,7.9,
8495,1285,15,10,1,2025-12-03,2025-12-03,2025-12-06,124000.0,11000.0,2.4,
8496,1583,4,9,1,2025-12-03,2025-12-03,2025-12-05,1124000.0,0.0,6.1,
8497,1992,2,2,2,2025-12-03,2025-12-04,2025-12-08,144000.0,0.0,92.0,Temperatura errática
8498,1888,21,2,2,2025-12-03,2025-12-06,2025-12-19,0.0,0.0,202.4,Sistema hidráulico con fuga
8499,1134,1,7,1,2025-12-03,2025-12-05,2025-12-08,89000.0,21000.0,7.1,
8500,1690,17,6,1,2025-12-03,2025-12-05,2025-12-06,98000.0,0.0,6.7,
8501,123,8,4,2,2025-12-03,2025-12-04,2025-12-09,368000.0,0.0,99.6,SpO₂ no detecta señal
8502,1504,9,3,1,2025-12-03,2025-12-04,2025-12-06,22000.0,0.0,6.8,
8503,1128,12,6,1,2025-12-03,2025-12-04,2025-12-06,222000.0,0.0,7.1,
8504,1161,1,1,2,2025-12-03,2025-12-04,2025-12-08,120000.0,28000.0,91.6,Pantalla dañada
8505,850,4,1,2,2025-12-03,2025-12-05,2025-12-20,596000.0,0.0,42.7,Pantalla sin imagen
8506,619,21,1,1,2025-12-03,2025-12-04,2025-12-05,176000.0,0.0,2.6,
8507,1129,16,4,1,2025-12-03,2025-12-03,2025-12-04,21000.0,1000.0,2.4,
8508,24,12,1,1,2025-12-03,2025-12-05,2025-12-06,180000.0,0.0,6.6,
8509,1708,12,1,1,2025-12-03,2025-12-03,2025-12-04,182000.0,30000.0,2.1,
8510,1054,5,5,1,2025-12-03,2025-12-05,2025-12-07,19000.0,2000.0,6.4,
8511,1020,2,5,1,2025-12-04,2025-12-04,2025-12-07,40000.0,1000.0,6.1,
8512,1455,13,6,1,2025-12-04,2025-12-05,2025-12-06,70000.0,0.0,3.5,
8513,1908,10,3,2,2025-12-04,2025-12-04,2025-12-05,488000.0,146000.0,9.4,NIBP no infla
8514,1664,7,3,1,2025-12-04,2025-12-04,2025-12-07,140000.0,0.0,4.4,
8515,187,6,1,1,2025-12-04,2025-12-04,2025-12-07,18000.0,0.0,5.8,
8516,1758,11,7,2,2025-12-04,2025-12-07,2025-12-21,183000.0,0.0,131.5,No detecta línea
8517,1445,9,3,1,2025-12-04,2025-12-04,2025-12-07,171000.0,0.0,6.6,
8518,1081,10,4,1,2025-12-04,2025-12-06,2025-12-09,484000.0,0.0,6.4,
8519,353,13,3,1,2025-12-04,2025-12-05,2025-12-06,36000.0,0.0,1.4,
8520,1981,18,11,1,2025-12-04,2025-12-06,2025-12-08,53000.0,0.0,7.9,
8521,337,1,3,2,2025-12-04,2025-12-07,2025-12-14,3082000.0,0.0,125.8,Problema en válvulas internas
8522,1406,15,11,2,2025-12-04,2025-12-06,2025-12-07,3337000.0,0.0,13.9,Error de sensores
8523,236,2,1,1,2025-12-04,2025-12-04,2025-12-07,272000.0,78000.0,2.1,
8524,108,15,10,2,2025-12-04,2025-12-04,2025-12-15,2578000.0,0.0,204.5,No alcanza temperatura
8525,1623,14,12,1,2025-12-05,2025-12-07,2025-12-08,132000.0,0.0,5.1,
8526,751,1,5,1,2025-12-05,2025-12-05,2025-12-08,901000.0,0.0,1.6,
8527,1765,20,8,1,2025-12-05,2025-12-05,2025-12-06,563000.0,173000.0,5.0,
8528,1673,4,6,1,2025-12-05,2025-12-07,2025-12-10,1514000.0,0.0,2.3,
8529,1801,3,3,1,2025-12-05,2025-12-05,2025-12-08,278000.0,0.0,7.3,
8530,184,16,12,1,2025-12-05,2025-12-07,2025-12-09,365000.0,82000.0,3.8,
8531,1947,11,4,1,2025-12-05,2025-12-05,2025-12-06,635000.0,0.0,4.4,
8532,476,9,1,1,2025-12-05,2025-12-07,2025-12-09,918000.0,0.0,6.6,
8533,1084,17,5,1,2025-12-05,2025-12-06,2025-12-07,223000.0,0.0,4.6,
8534,492,11,6,1,2025-12-05,2025-12-06,2025-12-07,173000.0,0.0,7.4,
8535,1988,18,4,1,2025-12-05,2025-12-06,2025-12-07,314000.0,63000.0,6.4,
8536,138,11,6,2,2025-12-05,2025-12-07,2025-12-15,196000.0,0.0,103.1,No detecta línea
8537,828,12,1,1,2025-12-05,2025-12-06,2025-12-09,175000.0,41000.0,2.9,
8538,1242,12,6,1,2025-12-05,2025-12-06,2025-12-07,139000.0,32000.0,6.9,
8539,1140,4,5,2,2025-12-06,2025-12-09,2025-12-13,495000.0,0.0,11.3,Pantalla sin imagen
8540,1803,10,3,2,2025-12-06,2025-12-09,2025-12-20,240000.0,0.0,223.3,No enciende
8541,275,11,6,2,2025-12-06,2025-12-08,2025-12-18,346000.0,0.0,109.3,Problema de comunicación con central
8542,1387,9,9,2,2025-12-06,2025-12-09,2025-12-15,12812000.0,0.0,90.6,Error de movimiento del arco
8543,1318,15,10,2,2025-12-06,2025-12-06,2025-12-20,2532000.0,0.0,153.8,No genera presión
8544,1222,24,5,2,2025-12-07,2025-12-08,2025-12-11,293000.0,76000.0,37.6,SpO₂ no detecta señal
8545,1081,10,5,2,2025-12-07,2025-12-09,2025-12-22,1248000.0,0.0,87.4,Puerta o cúpula dañada
8546,333,4,1,2,2025-12-07,2025-12-08,2025-12-12,116000.0,0.0,88.8,Caudal incorrecto
8547,892,10,5,2,2025-12-07,2025-12-09,2025-12-24,6931000.0,0.0,254.5,Problema en ventilador integrado
8548,1938,10,6,2,2025-12-08,2025-12-08,2025-12-21,399000.0,113000.0,296.8,Lecturas erráticas
8549,560,1,1,1,2025-12-08,2025-12-09,2025-12-12,474000.0,0.0,3.5,
8550,1499,6,7,1,2025-12-08,2025-12-08,2025-12-11,66000.0,0.0,2.3,
8551,1402,6,3,1,2025-12-08,2025-12-10,2025-12-13,294000.0,52000.0,5.5,
8552,998,6,12,1,2025-12-08,2025-12-10,2025-12-13,453000.0,0.0,5.8,
8553,1569,12,2,1,2025-12-08,2025-12-10,2025-12-11,29000.0,0.0,5.6,
8554,723,1,2,1,2025-12-08,2025-12-10,2025-12-11,311000.0,0.0,2.5,
8555,417,14,12,1,2025-12-09,2025-12-11,2025-12-14,122000.0,0.0,3.0,
8556,1578,20,9,2,2025-12-09,2025-12-10,2025-12-23,7555000.0,2266000.0,143.9,Error de escaneo
8557,996,17,6,1,2025-12-09,2025-12-10,2025-12-12,91000.0,0.0,5.5,
8558,626,4,1,2,2025-12-09,2025-12-09,2025-12-15,556000.0,167000.0,81.0,Sistema hidráulico con fuga
8559,973,9,1,1,2025-12-09,2025-12-11,2025-12-12,118000.0,0.0,5.3,
8560,1632,1,1,2,2025-12-09,2025-12-09,2025-12-22,187000.0,0.0,22.7,Error de calibración
8561,359,19,6,2,2025-12-09,2025-12-12,2025-12-13,14000.0,0.0,19.1,Válvula defectuosa
8562,1458,1,5,1,2025-12-09,2025-12-11,2025-12-14,126000.0,0.0,2.3,
8563,354,2,7,2,2025-12-09,2025-12-11,2025-12-24,176000.0,0.0,85.1,SpO₂ sin lectura
8564,530,1,4,1,2025-12-09,2025-12-11,2025-12-12,121000.0,0.0,4.0,
8565,71,3,1,1,2025-12-09,2025-12-09,2025-12-11,273000.0,0.0,3.9,
8566,1601,11,5,2,2025-12-10,2025-12-13,2025-12-26,239000.0,0.0,93.4,Batería dañada
8567,1101,15,10,1,2025-12-10,2025-12-11,2025-12-12,76000.0,44000.0,4.4,
8568,628,2,6,1,2025-12-10,2025-12-10,2025-12-11,54000.0,0.0,6.1,
8569,1736,18,3,1,2025-12-10,2025-12-10,2025-12-11,36000.0,0.0,4.1,
8570,1637,9,4,1,2025-12-10,2025-12-12,2025-12-15,940000.0,0.0,4.1,
8571,1003,15,11,2,2025-12-10,2025-12-13,2025-12-23,1439000.0,0.0,159.2,Fuga de vapor
8572,910,17,1,2,2025-12-10,2025-12-12,2025-12-19,457000.0,137000.0,161.4,Error de descarga de datos
8573,42,9,2,1,2025-12-10,2025-12-11,2025-12-12,113000.0,0.0,7.2,
8574,1184,7,4,1,2025-12-10,2025-12-12,2025-12-14,55000.0,3000.0,5.2,
8575,516,11,5,2,2025-12-10,2025-12-10,2025-12-17,142000.0,0.0,28.7,Teclado/pantalla defectuosa
8576,1696,2,5,1,2025-12-10,2025-12-12,2025-12-15,103000.0,11000.0,3.9,
8577,246,20,5,1,2025-12-10,2025-12-12,2025-12-13,20000.0,0.0,7.5,
8578,1503,17,1,2,2025-12-10,2025-12-13,2025-12-25,429000.0,0.0,245.8,NIBP no infla
8579,141,4,7,1,2025-12-10,2025-12-10,2025-12-13,90000.0,0.0,7.2,
8580,159,16,1,1,2025-12-10,2025-12-12,2025-12-13,121000.0,0.0,6.0,
8581,574,1,1,1,2025-12-10,2025-12-10,2025-12-13,442000.0,0.0,1.6,
8582,1363,7,1,2,2025-12-11,2025-12-12,2025-12-17,214000.0,0.0,91.3,Batería dañada
8583,849,2,2,1,2025-12-11,2025-12-11,2025-12-12,156000.0,0.0,7.3,
8584,1279,9,4,2,2025-12-11,2025-12-14,2025-12-29,106000.0,32000.0,257.0,Batería dañada
8585,1980,17,9,2,2025-12-11,2025-12-12,2025-12-21,4609000.0,0.0,74.5,Batería defectuosa
8586,1461,1,7,2,2025-12-11,2025-12-11,2025-12-26,161000.0,0.0,86.2,Pantalla dañada
8587,819,4,7,1,2025-12-11,2025-12-13,2025-12-15,147000.0,36000.0,1.9,
8588,299,21,6,1,2025-12-11,2025-12-11,2025-12-14,99000.0,0.0,4.0,
8589,980,15,10,1,2025-12-11,2025-12-11,2025-12-12,1042000.0,0.0,8.0,
8590,943,4,3,2,2025-12-11,2025-12-13,2025-12-17,3662000.0,1099000.0,41.2,Falla de pantalla
8591,648,6,12,2,2025-12-11,2025-12-11,2025-12-20,283000.0,0.0,122.3,Iluminación defectuosa
8592,1405,21,7,1,2025-12-11,2025-12-12,2025-12-14,118000.0,9000.0,3.9,
8593,1150,15,10,1,2025-12-11,2025-12-11,2025-12-12,221000.0,0.0,2.9,
8594,1919,6,5,1,2025-12-11,2025-12-13,2025-12-16,81000.0,0.0,7.2,
8595,677,9,5,2,2025-12-12,2025-12-12,2025-12-13,116000.0,17000.0,18.7,Pantalla dañada
8596,1265,5,1,1,2025-12-12,2025-12-12,2025-12-14,419000.0,0.0,2.7,
8597,1484,4,8,2,2025-12-12,2025-12-12,2025-12-24,5202000.0,0.0,16.9,Falla de teclado o trackball
8598,127,12,2,2,2025-12-12,2025-12-14,2025-12-27,182000.0,0.0,250.1,Alarmas inoperativas
8599,1544,10,6,1,2025-12-12,2025-12-14,2025-12-17,462000.0,0.0,3.5,
8600,8,4,2,1,2025-12-12,2025-12-12,2025-12-15,102000.0,0.0,5.7,
8601,136,21,5,2,2025-12-12,2025-12-12,2025-12-21,268000.0,0.0,64.9,Pantalla sin imagen
8602,356,15,10,1,2025-12-12,2025-12-13,2025-12-15,999000.0,0.0,1.3,
8603,791,7,3,2,2025-12-12,2025-12-14,2025-12-17,278000.0,0.0,41.2,Botón de paciente defectuoso
8604,474,21,3,2,2025-12-12,2025-12-15,2025-12-25,131000.0,0.0,66.9,Pantalla dañada
8605,910,17,2,2,2025-12-12,2025-12-15,2025-12-30,457000.0,137000.0,151.3,Software no reconoce el equipo
8606,487,21,7,1,2025-12-12,2025-12-14,2025-12-16,209000.0,0.0,6.9,
8607,276,3,4,1,2025-12-12,2025-12-13,2025-12-15,169000.0,0.0,3.7,
8608,444,12,7,1,2025-12-12,2025-12-12,2025-12-13,166000.0,0.0,5.1,
8609,268,6,6,1,2025-12-12,2025-12-14,2025-12-15,34000.0,0.0,1.9,
8610,92,4,4,1,2025-12-12,2025-12-12,2025-12-14,785000.0,0.0,6.5,
8611,869,14,3,2,2025-12-12,2025-12-14,2025-12-18,27000.0,0.0,71.5,Válvula defectuosa
8612,1985,11,7,2,2025-12-13,2025-12-16,2025-12-26,179000.0,0.0,165.7,Impresora no imprime
8613,217,5,5,2,2025-12-13,2025-12-13,2025-12-20,122000.0,0.0,84.3,Temperatura errática
8614,1571,2,7,2,2025-12-13,2025-12-13,2025-12-28,96000.0,0.0,157.6,Alarma de oclusión
8615,1128,21,2,2,2025-12-13,2025-12-13,2025-12-14,241000.0,0.0,12.2,Caudal incorrecto
8616,1914,12,3,2,2025-12-13,2025-12-15,2025-12-20,1134000.0,340000.0,110.3,Sensor de piel defectuoso
8617,1781,19,10,2,2025-12-14,2025-12-14,2025-12-17,44000.0,0.0,45.1,Batería defectuosa
8618,1304,16,12,2,2025-12-14,2025-12-17,2025-12-22,435000.0,0.0,16.4,Temperatura fuera de rango
8619,89,12,5,2,2025-12-14,2025-12-17,2025-12-18,178000.0,0.0,11.4,Alarmas inoperativas
8620,1456,17,7,2,2025-12-14,2025-12-16,2025-12-18,103000.0,31000.0,25.4,Error de calibración
8621,1291,17,2,2,2025-12-14,2025-12-16,2025-12-27,191000.0,0.0,44.1,Caudal incorrecto
8622,108,15,10,2,2025-12-14,2025-12-17,2026-01-01,2578000.0,0.0,174.1,Puerta no sella
8623,1799,1,2,1,2025-12-15,2025-12-16,2025-12-18,446000.0,0.0,8.0,
8624,704,22,2,2,2025-12-15,2025-12-16,2025-12-23,167000.0,0.0,159.0,Error de calibración
8625,95,4,4,1,2025-12-15,2025-12-17,2025-12-18,126000.0,0.0,2.7,
8626,1750,7,7,1,2025-12-15,2025-12-15,2025-12-17,143000.0,0.0,1.0,
8627,1034,4,12,2,2025-12-15,2025-12-17,2025-12-21,462000.0,0.0,36.6,Falla de compresor
8628,163,5,1,1,2025-12-15,2025-12-16,2025-12-17,265000.0,0.0,7.8,
8629,300,3,5,1,2025-12-15,2025-12-17,2025-12-18,60000.0,0.0,1.0,
8630,1423,18,3,1,2025-12-15,2025-12-15,2025-12-16,61000.0,0.0,7.0,
8631,425,3,4,1,2025-12-15,2025-12-15,2025-12-16,262000.0,0.0,4.3,
8632,1249,1,2,1,2025-12-15,2025-12-15,2025-12-16,322000.0,0.0,1.7,
8633,1781,19,10,2,2025-12-15,2025-12-17,2025-12-18,44000.0,0.0,13.6,Punta dañada
8634,769,18,1,1,2025-12-15,2025-12-17,2025-12-18,128000.0,0.0,2.9,
8635,215,10,3,2,2025-12-15,2025-12-18,2025-12-27,417000.0,0.0,133.0,No enciende
8636,1871,3,2,2,2025-12-16,2025-12-17,2025-12-29,168000.0,0.0,118.3,Alarma de oclusión
8637,1589,16,6,1,2025-12-16,2025-12-17,2025-12-18,380000.0,0.0,1.4,
8638,608,10,6,1,2025-12-16,2025-12-16,2025-12-17,579000.0,0.0,2.0,
8639,1665,5,7,2,2025-12-16,2025-12-19,2025-12-29,579000.0,165000.0,94.4,Módulo ECG dañado
8640,994,24,5,2,2025-12-16,2025-12-18,2026-01-01,363000.0,109000.0,147.8,Lecturas erráticas
8641,1320,10,4,1,2025-12-16,2025-12-17,2025-12-19,325000.0,0.0,2.8,
8642,567,6,12,1,2025-12-16,2025-12-17,2025-12-20,278000.0,0.0,2.5,
8643,1376,17,2,2,2025-12-16,2025-12-17,2025-12-24,103000.0,0.0,103.0,Caudal incorrecto
8644,400,20,3,1,2025-12-16,2025-12-18,2025-12-19,6000.0,0.0,4.6,
8645,214,9,9,1,2025-12-16,2025-12-17,2025-12-18,917000.0,0.0,7.9,
8646,564,4,3,1,2025-12-16,2025-12-16,2025-12-17,103000.0,0.0,5.9,
8647,596,1,6,1,2025-12-16,2025-12-16,2025-12-18,145000.0,0.0,1.4,
8648,804,1,9,1,2025-12-16,2025-12-16,2025-12-17,2791000.0,0.0,4.5,
8649,1646,7,5,1,2025-12-16,2025-12-16,2025-12-18,163000.0,0.0,4.6,
8650,735,8,4,1,2025-12-17,2025-12-17,2025-12-18,31000.0,0.0,3.5,
8651,352,2,6,2,2025-12-17,2025-12-19,2025-12-31,7000.0,2000.0,271.7,Lectura errática
8652,1393,3,6,1,2025-12-17,2025-12-17,2025-12-18,68000.0,0.0,6.8,
8653,717,17,7,1,2025-12-17,2025-12-18,2025-12-20,30000.0,2000.0,7.0,
8654,1803,4,1,1,2025-12-17,2025-12-19,2025-12-22,170000.0,0.0,3.1,
8655,435,8,5,2,2025-12-17,2025-12-20,2026-01-03,598000.0,0.0,139.4,NIBP no infla
8656,506,7,1,2,2025-12-17,2025-12-19,2025-12-26,297000.0,0.0,81.7,Pantalla sin imagen
8657,1433,14,7,2,2025-12-17,2025-12-20,2026-01-02,19000.0,0.0,150.0,Manómetro descalibrado
8658,64,12,2,2,2025-12-18,2025-12-19,2025-12-30,176000.0,0.0,85.9,Batería dañada
8659,1732,18,10,1,2025-12-18,2025-12-19,2025-12-22,235000.0,0.0,3.2,
8660,57,5,3,2,2025-12-18,2025-12-18,2025-12-31,13000.0,0.0,86.0,Pera dañada
8661,871,21,4,1,2025-12-18,2025-12-18,2025-12-20,98000.0,0.0,2.6,
8662,281,2,1,1,2025-12-18,2025-12-19,2025-12-22,17000.0,1000.0,5.4,
8663,983,8,4,1,2025-12-18,2025-12-20,2025-12-23,24000.0,1000.0,3.9,
8664,1228,11,2,1,2025-12-18,2025-12-18,2025-12-19,149000.0,0.0,2.8,
8665,1674,18,7,1,2025-12-18,2025-12-19,2025-12-22,29000.0,0.0,2.7,
8666,890,12,5,1,2025-12-18,2025-12-18,2025-12-21,48000.0,0.0,6.0,
8667,1691,1,3,1,2025-12-18,2025-12-20,2025-12-21,19000.0,0.0,5.4,
8668,1938,10,4,1,2025-12-18,2025-12-18,2025-12-19,243000.0,61000.0,4.5,
8669,1449,2,7,2,2025-12-19,2025-12-21,2025-12-23,2987000.0,0.0,44.7,Sensor defectuoso
8670,431,24,2,1,2025-12-19,2025-12-19,2025-12-21,83000.0,0.0,7.7,
8671,1250,4,3,1,2025-12-19,2025-12-20,2025-12-22,94000.0,0.0,7.0,
8672,925,22,1,1,2025-12-19,2025-12-21,2025-12-22,131000.0,0.0,3.1,
8673,1757,21,7,1,2025-12-19,2025-12-21,2025-12-23,169000.0,27000.0,3.8,
8674,224,18,11,1,2025-12-19,2025-12-19,2025-12-22,53000.0,0.0,4.5,
8675,1284,9,12,2,2025-12-19,2025-12-20,2025-12-22,3403000.0,0.0,38.2,Error de software
8676,13,5,3,1,2025-12-19,2025-12-21,2025-12-22,109000.0,0.0,2.0,
8677,153,2,7,1,2025-12-19,2025-12-21,2025-12-24,292000.0,0.0,5.1,
8678,1754,8,6,1,2025-12-19,2025-12-19,2025-12-21,39000.0,2000.0,4.8,
8679,256,10,2,2,2025-12-19,2025-12-22,2025-12-28,149000.0,0.0,68.9,Falla de presión NIBP
8680,759,9,7,1,2025-12-19,2025-12-19,2025-12-22,107000.0,0.0,7.9,
8681,114,7,4,1,2025-12-19,2025-12-21,2025-12-24,731000.0,0.0,7.3,
8682,888,6,5,1,2025-12-19,2025-12-20,2025-12-23,15000.0,0.0,2.6,
8683,80,10,4,1,2025-12-19,2025-12-19,2025-12-20,274000.0,0.0,1.3,
8684,1140,4,4,2,2025-12-19,2025-12-19,2025-12-27,495000.0,0.0,81.7,Lecturas erráticas
8685,1321,18,10,2,2025-12-20,2025-12-22,2025-12-29,525000.0,0.0,66.6,Velocidad inestable
8686,197,6,4,2,2025-12-20,2025-12-22,2025-12-31,386000.0,116000.0,28.9,Frenos defectuosos
8687,16,12,6,2,2025-12-20,2025-12-23,2025-12-29,79000.0,0.0,53.7,Batería dañada
8688,1762,17,7,2,2025-12-20,2025-12-21,2026-01-03,411000.0,0.0,259.0,Lecturas erráticas
8689,437,7,3,2,2025-12-20,2025-12-23,2025-12-27,152000.0,0.0,30.0,Error de calibración
8690,1058,17,7,2,2025-12-20,2025-12-21,2026-01-03,2483000.0,0.0,30.5,Falla de batería
8691,845,22,6,2,2025-12-20,2025-12-21,2025-12-23,477000.0,0.0,14.7,No enciende
8692,27,12,4,2,2025-12-20,2025-12-21,2025-12-30,1257000.0,0.0,200.6,Temperatura inestable
8693,1218,9,4,2,2025-12-21,2025-12-23,2025-12-29,138000.0,0.0,139.9,Batería defectuosa
8694,487,21,3,2,2025-12-21,2025-12-23,2026-01-01,438000.0,0.0,66.4,Lecturas erráticas
8695,1974,11,5,2,2025-12-21,2025-12-24,2026-01-02,4601000.0,1380000.0,51.6,Problema en ventilador integrado
8696,1229,17,1,2,2025-12-21,2025-12-21,2026-01-02,394000.0,0.0,218.2,No enciende
8697,1806,2,7,2,2025-12-21,2025-12-22,2025-12-28,162000.0,0.0,81.3,Caudal incorrecto
8698,1419,3,4,2,2025-12-21,2025-12-24,2026-01-08,437000.0,0.0,113.2,Pantalla sin imagen
8699,1873,22,4,2,2025-12-22,2025-12-25,2026-01-06,17000.0,0.0,137.2,Tiempo de medición excesivo
8700,327,1,2,1,2025-12-22,2025-12-23,2025-12-25,827000.0,0.0,2.7,
8701,601,12,1,2,2025-12-22,2025-12-23,2026-01-04,502000.0,103000.0,236.8,No enciende
8702,615,17,5,2,2025-12-22,2025-12-22,2025-12-24,101000.0,0.0,16.0,Celda de carga dañada
8703,495,10,9,1,2025-12-22,2025-12-23,2025-12-24,2003000.0,0.0,6.5,
8704,1083,8,3,1,2025-12-22,2025-12-24,2025-12-26,173000.0,0.0,7.7,
8705,1737,21,2,2,2025-12-22,2025-12-24,2025-12-25,2845000.0,0.0,17.4,No enciende
8706,1964,10,5,2,2025-12-22,2025-12-22,2026-01-05,1346000.0,0.0,64.9,Alarma no funciona
8707,217,5,2,2,2025-12-22,2025-12-24,2026-01-05,122000.0,0.0,228.1,Alarmas inoperativas
8708,1990,21,5,1,2025-12-22,2025-12-24,2025-12-26,234000.0,0.0,5.4,
8709,716,15,11,1,2025-12-22,2025-12-22,2025-12-24,130000.0,0.0,2.1,
8710,1805,5,7,2,2025-12-22,2025-12-25,2026-01-05,503000.0,0.0,203.2,No enciende
8711,728,8,8,1,2025-12-23,2025-12-25,2025-12-27,2046000.0,575000.0,6.2,
8712,1125,21,5,1,2025-12-23,2025-12-25,2025-12-27,18000.0,0.0,5.6,
8713,475,9,5,1,2025-12-23,2025-12-24,2025-12-26,201000.0,0.0,6.5,
8714,389,18,2,1,2025-12-23,2025-12-25,2025-12-27,7000.0,0.0,6.8,
8715,1013,4,5,2,2025-12-23,2025-12-24,2025-12-28,307000.0,91000.0,91.2,Módulo ECG dañado
8716,920,4,4,1,2025-12-23,2025-12-24,2025-12-26,155000.0,0.0,3.4,
8717,500,16,4,2,2025-12-23,2025-12-25,2026-01-03,18000.0,0.0,111.9,Pera dañada
8718,1769,13,7,1,2025-12-23,2025-12-23,2025-12-25,20000.0,0.0,3.8,
8719,1621,6,3,2,2025-12-23,2025-12-26,2025-12-29,552000.0,0.0,50.2,Alarmas defectuosas
8720,659,9,2,1,2025-12-23,2025-12-24,2025-12-26,321000.0,0.0,6.4,
8721,1047,1,7,1,2025-12-23,2025-12-24,2025-12-25,731000.0,0.0,1.9,
8722,616,4,2,1,2025-12-24,2025-12-24,2025-12-25,286000.0,0.0,1.7,
8723,1189,21,7,1,2025-12-24,2025-12-24,2025-12-25,122000.0,19000.0,6.5,
8724,22,4,1,1,2025-12-24,2025-12-24,2025-12-26,8000.0,0.0,3.2,
8725,1872,3,1,2,2025-12-24,2025-12-27,2026-01-03,303000.0,0.0,110.1,Batería agotada
8726,1313,10,2,1,2025-12-24,2025-12-24,2025-12-27,20000.0,0.0,3.8,
8727,321,12,3,1,2025-12-24,2025-12-24,2025-12-26,44000.0,1000.0,3.5,
8728,231,6,3,1,2025-12-24,2025-12-26,2025-12-28,27000.0,1000.0,4.4,
8729,1807,2,6,1,2025-12-25,2025-12-27,2025-12-30,216000.0,0.0,2.8,
8730,1573,2,4,2,2025-12-25,2025-12-26,2026-01-02,2828000.0,0.0,153.2,Problema en válvulas internas
8731,1170,21,7,1,2025-12-25,2025-12-25,2025-12-26,67000.0,19000.0,1.6,
8732,1974,11,6,2,2025-12-25,2025-12-26,2026-01-05,4601000.0,1380000.0,207.0,Alarma de presión
8733,536,3,1,2,2025-12-25,2025-12-27,2026-01-09,4000.0,1000.0,251.7,Error de codificación o control
8734,924,20,8,2,2025-12-25,2025-12-27,2026-01-04,7931000.0,0.0,178.8,Cámara/sensor defectuoso
8735,1498,10,2,1,2025-12-25,2025-12-27,2025-12-28,152000.0,0.0,1.3,
8736,1488,7,7,1,2025-12-25,2025-12-27,2025-12-28,88000.0,0.0,7.6,
8737,956,7,1,1,2025-12-25,2025-12-27,2025-12-29,83000.0,0.0,2.6,
8738,1997,3,5,2,2025-12-25,2025-12-25,2026-01-03,15000.0,5000.0,115.5,Sensor dañado
8739,951,10,1,1,2025-12-25,2025-12-25,2025-12-26,24000.0,0.0,4.5,
8740,1939,1,7,1,2025-12-25,2025-12-27,2025-12-30,137000.0,52000.0,6.5,
8741,1022,19,11,2,2025-12-25,2025-12-28,2026-01-05,4949000.0,2016000.0,69.1,Error de sensor
8742,1274,12,2,2,2025-12-26,2025-12-28,2026-01-12,397000.0,0.0,19.0,SpO₂ no detecta señal
8743,823,14,4,1,2025-12-26,2025-12-27,2025-12-29,347000.0,65000.0,2.2,
8744,791,7,5,1,2025-12-26,2025-12-27,2025-12-29,209000.0,0.0,1.1,
8745,202,3,4,1,2025-12-26,2025-12-28,2025-12-29,2782000.0,695000.0,5.6,
8746,1479,12,4,1,2025-12-26,2025-12-28,2025-12-30,57000.0,0.0,4.7,
8747,103,1,6,1,2025-12-26,2025-12-27,2025-12-30,616000.0,0.0,1.6,
8748,892,10,1,1,2025-12-26,2025-12-26,2025-12-29,3377000.0,0.0,6.3,
8749,1907,12,3,1,2025-12-26,2025-12-28,2025-12-31,290000.0,0.0,6.0,
8750,365,17,5,1,2025-12-26,2025-12-26,2025-12-28,242000.0,0.0,7.9,
8751,1898,2,2,1,2025-12-26,2025-12-26,2025-12-27,130000.0,15000.0,3.1,
8752,704,22,4,1,2025-12-26,2025-12-28,2025-12-30,110000.0,0.0,7.8,
8753,844,3,2,1,2025-12-26,2025-12-28,2025-12-31,166000.0,0.0,2.1,
8754,588,2,2,2,2025-12-27,2025-12-29,2026-01-02,3469000.0,0.0,19.2,Error de calibración
8755,1505,17,2,2,2025-12-27,2025-12-29,2026-01-13,123000.0,0.0,185.7,Error de calibración
8756,262,15,11,2,2025-12-28,2025-12-29,2026-01-09,1651000.0,0.0,228.5,Puerta no sella
8757,335,10,3,2,2025-12-28,2025-12-28,2026-01-04,1178000.0,312000.0,54.6,Sensor de piel defectuoso
8758,861,19,11,1,2025-12-29,2025-12-31,2026-01-03,768000.0,0.0,7.3,
8759,551,11,2,1,2025-12-29,2025-12-30,2026-01-01,222000.0,0.0,8.0,
8760,768,9,2,1,2025-12-29,2025-12-31,2026-01-02,91000.0,0.0,5.2,
8761,1887,10,2,1,2025-12-30,2025-12-31,2026-01-03,224000.0,0.0,5.0,
8762,1853,21,7,1,2025-12-30,2026-01-01,2026-01-02,1349000.0,0.0,2.8,
8763,1309,16,3,1,2025-12-30,2025-12-31,2026-01-03,30000.0,0.0,2.6,
8764,280,9,2,1,2025-12-30,2026-01-01,2026-01-02,153000.0,21000.0,6.3,
8765,1056,1,7,1,2025-12-30,2026-01-01,2026-01-04,117000.0,0.0,6.5,
8766,803,12,7,1,2025-12-31,2026-01-01,2026-01-03,13000.0,0.0,8.0,
8767,405,9,5,1,2025-12-31,2026-01-02,2026-01-03,137000.0,33000.0,1.0,
8768,257,19,2,1,2025-12-31,2026-01-01,2026-01-02,33000.0,0.0,3.5,
8769,916,12,1,1,2025-12-31,2026-01-02,2026-01-05,1242000.0,0.0,2.5,
8770,1165,2,4,1,2025-12-31,2025-12-31,2026-01-03,5000.0,0.0,5.4,
8771,180,20,4,1,2025-12-31,2026-01-01,2026-01-02,67000.0,0.0,1.7,
8772,1361,11,5,1,2025-12-31,2026-01-01,2026-01-02,558000.0,0.0,5.5,
8773,719,20,7,1,2026-01-01,2026-01-03,2026-01-04,82000.0,7000.0,5.0,
8774,1643,3,7,1,2026-01-01,2026-01-02,2026-01-03,103000.0,0.0,5.9,
8775,1257,17,6,1,2026-01-01,2026-01-01,2026-01-04,61000.0,0.0,4.0,
8776,148,1,6,1,2026-01-01,2026-01-02,2026-01-03,702000.0,0.0,6.9,
8777,65,22,3,1,2026-01-01,2026-01-02,2026-01-04,186000.0,0.0,4.1,
8778,764,17,1,2,2026-01-01,2026-01-03,2026-01-05,443000.0,0.0,34.9,Frenos defectuosos
8779,485,1,5,2,2026-01-01,2026-01-02,2026-01-08,15000.0,4000.0,79.1,Tiempo de medición excesivo
8780,478,2,6,2,2026-01-01,2026-01-02,2026-01-09,463000.0,0.0,79.2,No enciende
8781,705,17,7,1,2026-01-01,2026-01-01,2026-01-03,83000.0,9000.0,3.2,
8782,1607,9,4,1,2026-01-01,2026-01-03,2026-01-04,33000.0,0.0,5.1,
8783,135,15,10,1,2026-01-01,2026-01-01,2026-01-04,1214000.0,0.0,7.5,
8784,864,1,9,2,2026-01-01,2026-01-03,2026-01-12,60000000.0,0.0,42.3,Fallas de bobina
8785,158,8,6,1,2026-01-01,2026-01-03,2026-01-04,63000.0,0.0,4.0,
8786,1254,17,1,2,2026-01-01,2026-01-03,2026-01-05,487000.0,0.0,25.6,NIBP no infla
8787,1850,12,4,2,2026-01-01,2026-01-04,2026-01-06,11000.0,3000.0,32.0,Batería agotada
8788,371,5,5,2,2026-01-01,2026-01-01,2026-01-14,152000.0,0.0,296.5,Falla de presión NIBP
8789,97,10,5,1,2026-01-02,2026-01-02,2026-01-05,103000.0,0.0,1.8,
8790,914,13,8,1,2026-01-02,2026-01-04,2026-01-07,1553000.0,529000.0,5.6,
8791,9,10,3,1,2026-01-02,2026-01-02,2026-01-03,506000.0,0.0,6.4,
8792,845,22,6,1,2026-01-02,2026-01-04,2026-01-07,335000.0,0.0,2.4,
8793,1518,8,2,2,2026-01-02,2026-01-04,2026-01-17,449000.0,0.0,151.8,NIBP no infla
8794,137,15,10,1,2026-01-02,2026-01-03,2026-01-05,178000.0,21000.0,4.9,
8795,1595,9,9,1,2026-01-02,2026-01-02,2026-01-05,783000.0,0.0,3.2,
8796,14,7,3,1,2026-01-02,2026-01-02,2026-01-03,374000.0,58000.0,1.9,
8797,1354,18,1,1,2026-01-02,2026-01-04,2026-01-05,246000.0,0.0,4.7,
8798,100,24,7,1,2026-01-02,2026-01-03,2026-01-05,98000.0,0.0,6.4,
8799,523,22,4,1,2026-01-02,2026-01-02,2026-01-05,10000.0,0.0,4.8,
8800,1655,13,4,1,2026-01-02,2026-01-03,2026-01-06,101000.0,0.0,4.0,
8801,336,22,7,1,2026-01-02,2026-01-04,2026-01-07,60000.0,0.0,2.2,
8802,33,2,6,1,2026-01-02,2026-01-03,2026-01-06,50000.0,0.0,1.5,
8803,641,17,8,1,2026-01-02,2026-01-02,2026-01-04,14010000.0,7249000.0,1.8,
8804,439,21,5,1,2026-01-02,2026-01-02,2026-01-05,94000.0,0.0,4.0,
8805,1284,9,12,2,2026-01-02,2026-01-04,2026-01-13,3403000.0,0.0,162.3,Problemas de lavado
8806,1059,7,1,2,2026-01-03,2026-01-05,2026-01-06,3375000.0,0.0,8.9,Problema en válvulas internas
8807,600,11,1,2,2026-01-03,2026-01-04,2026-01-13,115000.0,34000.0,189.1,Temperatura errática
8808,1081,10,6,2,2026-01-03,2026-01-04,2026-01-15,1248000.0,0.0,104.0,Falla de ventilador
8809,958,4,7,2,2026-01-03,2026-01-05,2026-01-08,6284000.0,0.0,37.4,Error en sensor de oxígeno
8810,1676,1,2,2,2026-01-03,2026-01-04,2026-01-10,3106000.0,0.0,139.5,Alarma de apnea
8811,89,12,3,2,2026-01-04,2026-01-07,2026-01-09,178000.0,0.0,46.4,SpO₂ sin lectura
8812,344,15,10,2,2026-01-04,2026-01-07,2026-01-09,1682000.0,0.0,34.7,Puerta no cierra
8813,1608,11,3,2,2026-01-04,2026-01-07,2026-01-20,138000.0,0.0,155.9,Teclado/pantalla defectuosa
8814,64,12,7,2,2026-01-04,2026-01-05,2026-01-09,176000.0,0.0,67.4,Error de calibración
8815,1971,4,2,2,2026-01-04,2026-01-05,2026-01-09,160000.0,48000.0,82.1,Caudal incorrecto
8816,356,15,10,2,2026-01-04,2026-01-06,2026-01-10,1264000.0,0.0,50.7,Boquillas obstruidas
8817,1756,10,4,2,2026-01-04,2026-01-05,2026-01-11,480000.0,0.0,28.9,Módulo ECG dañado
8818,85,4,8,2,2026-01-05,2026-01-06,2026-01-09,42608000.0,16203000.0,21.2,Error de software
8819,1301,17,8,2,2026-01-05,2026-01-08,2026-01-19,3860000.0,0.0,163.9,Problema de comunicación con estación
8820,1157,1,2,2,2026-01-05,2026-01-07,2026-01-08,360000.0,0.0,18.1,NIBP no infla
8821,1625,19,11,1,2026-01-05,2026-01-06,2026-01-08,103000.0,0.0,7.4,
8822,1572,1,2,1,2026-01-05,2026-01-05,2026-01-08,52000.0,0.0,6.0,
8823,694,24,4,2,2026-01-05,2026-01-07,2026-01-13,273000.0,0.0,104.6,No registra datos
8824,406,10,5,1,2026-01-05,2026-01-05,2026-01-07,144000.0,0.0,3.3,
8825,1714,21,5,1,2026-01-05,2026-01-05,2026-01-08,95000.0,0.0,2.2,
8826,392,1,2,1,2026-01-05,2026-01-07,2026-01-10,394000.0,0.0,2.4,
8827,1584,2,1,1,2026-01-05,2026-01-06,2026-01-08,2414000.0,0.0,4.1,
8828,211,1,4,1,2026-01-05,2026-01-06,2026-01-09,307000.0,0.0,7.7,
8829,1269,3,3,1,2026-01-05,2026-01-07,2026-01-09,369000.0,0.0,6.3,
8830,1882,17,2,1,2026-01-06,2026-01-07,2026-01-09,242000.0,0.0,1.6,
8831,1506,17,7,2,2026-01-06,2026-01-07,2026-01-17,1917000.0,0.0,184.6,Alarma de presión
8832,1681,22,4,1,2026-01-06,2026-01-07,2026-01-09,124000.0,0.0,7.7,
8833,1552,12,4,1,2026-01-06,2026-01-06,2026-01-08,184000.0,0.0,5.5,
8834,1017,7,4,2,2026-01-06,2026-01-06,2026-01-17,87000.0,0.0,69.4,Alarmas inoperativas
8835,566,3,6,2,2026-01-06,2026-01-07,2026-01-11,15000.0,0.0,71.5,Válvula defectuosa
8836,469,18,10,2,2026-01-06,2026-01-07,2026-01-10,207000.0,62000.0,42.2,Tapiz dañado
8837,1812,21,5,1,2026-01-07,2026-01-07,2026-01-08,8000.0,0.0,2.6,
8838,1036,12,7,1,2026-01-07,2026-01-08,2026-01-11,183000.0,0.0,7.7,
8839,462,4,1,1,2026-01-07,2026-01-08,2026-01-10,84000.0,0.0,1.2,
8840,1578,20,8,1,2026-01-07,2026-01-09,2026-01-11,2766000.0,420000.0,2.2,
8841,746,3,4,1,2026-01-07,2026-01-07,2026-01-10,330000.0,0.0,4.6,
8842,1779,15,11,1,2026-01-07,2026-01-08,2026-01-09,69000.0,0.0,2.9,
8843,177,9,4,1,2026-01-07,2026-01-08,2026-01-09,161000.0,0.0,7.4,
8844,1983,9,8,1,2026-01-07,2026-01-08,2026-01-11,4234000.0,0.0,1.9,
8845,327,1,5,2,2026-01-07,2026-01-09,2026-01-10,2887000.0,0.0,18.2,Error de calibración
8846,558,5,3,1,2026-01-07,2026-01-08,2026-01-10,270000.0,0.0,5.3,
8847,827,17,8,2,2026-01-08,2026-01-10,2026-01-19,1111000.0,482000.0,22.1,Pantalla defectuosa
8848,1309,16,2,2,2026-01-08,2026-01-08,2026-01-14,11000.0,0.0,14.1,Tiempo de medición excesivo
8849,427,4,2,1,2026-01-08,2026-01-10,2026-01-12,5000.0,0.0,2.5,
8850,1760,10,7,1,2026-01-08,2026-01-08,2026-01-11,328000.0,0.0,6.3,
8851,727,2,5,1,2026-01-08,2026-01-09,2026-01-11,88000.0,0.0,6.3,
8852,330,3,5,2,2026-01-08,2026-01-08,2026-01-17,343000.0,103000.0,66.3,Memoria llena
8853,895,1,5,2,2026-01-08,2026-01-08,2026-01-18,154000.0,32000.0,148.6,Alarma de oclusión
8854,1342,24,2,1,2026-01-08,2026-01-09,2026-01-11,132000.0,0.0,4.6,
8855,1539,17,6,1,2026-01-08,2026-01-08,2026-01-11,11000.0,0.0,1.8,
8856,185,8,1,1,2026-01-08,2026-01-10,2026-01-12,184000.0,0.0,6.9,
8857,739,1,5,1,2026-01-08,2026-01-08,2026-01-10,72000.0,0.0,1.8,
8858,559,20,5,1,2026-01-08,2026-01-10,2026-01-13,22000.0,0.0,7.8,
8859,699,17,7,1,2026-01-08,2026-01-10,2026-01-12,9000.0,0.0,5.3,
8860,913,19,11,1,2026-01-08,2026-01-09,2026-01-12,220000.0,0.0,4.2,
8861,354,10,7,1,2026-01-08,2026-01-10,2026-01-13,132000.0,0.0,4.6,
8862,534,1,5,2,2026-01-08,2026-01-09,2026-01-13,477000.0,143000.0,44.1,Módulo ECG dañado
8863,1288,17,7,1,2026-01-08,2026-01-08,2026-01-10,122000.0,0.0,4.4,
8864,1177,22,4,1,2026-01-09,2026-01-09,2026-01-11,237000.0,0.0,5.3,
8865,312,17,4,2,2026-01-09,2026-01-09,2026-01-12,392000.0,117000.0,47.3,No enciende
8866,524,17,9,1,2026-01-09,2026-01-09,2026-01-12,1063000.0,399000.0,3.0,
8867,1463,8,6,2,2026-01-09,2026-01-09,2026-01-19,502000.0,0.0,140.3,Módulo ECG dañado
8868,884,9,1,1,2026-01-09,2026-01-11,2026-01-13,275000.0,0.0,3.3,
8869,503,3,12,1,2026-01-09,2026-01-09,2026-01-11,276000.0,0.0,4.1,
8870,994,24,4,2,2026-01-09,2026-01-10,2026-01-21,363000.0,60000.0,243.7,No enciende
8871,1117,7,7,1,2026-01-09,2026-01-10,2026-01-12,130000.0,0.0,4.7,
8872,1292,15,10,1,2026-01-09,2026-01-09,2026-01-10,1013000.0,0.0,1.7,
8873,894,15,11,1,2026-01-09,2026-01-10,2026-01-11,1282000.0,165000.0,5.4,
8874,1881,3,6,1,2026-01-09,2026-01-09,2026-01-11,23000.0,0.0,7.0,
8875,1154,5,3,1,2026-01-09,2026-01-10,2026-01-11,6000.0,0.0,6.3,
8876,1484,4,9,1,2026-01-09,2026-01-10,2026-01-12,1846000.0,0.0,4.6,
8877,1992,2,2,2,2026-01-09,2026-01-11,2026-01-24,144000.0,0.0,91.8,Alarmas inoperativas
8878,1517,14,4,1,2026-01-09,2026-01-11,2026-01-14,30000.0,0.0,5.8,
8879,570,3,2,2,2026-01-10,2026-01-11,2026-01-18,185000.0,56000.0,66.7,Batería dañada
8880,963,7,3,2,2026-01-11,2026-01-11,2026-01-26,390000.0,0.0,180.4,No enciende
8881,796,12,1,2,2026-01-11,2026-01-13,2026-01-19,12000.0,0.0,22.4,Sensor dañado
8882,1634,15,10,2,2026-01-11,2026-01-13,2026-01-25,2769000.0,620000.0,107.1,Bomba de lavado defectuosa
8883,1747,7,3,1,2026-01-12,2026-01-14,2026-01-16,26000.0,0.0,6.0,
8884,228,12,4,1,2026-01-12,2026-01-14,2026-01-17,1327000.0,0.0,3.6,
8885,1008,15,10,1,2026-01-12,2026-01-12,2026-01-14,614000.0,0.0,3.9,
8886,466,7,1,1,2026-01-12,2026-01-13,2026-01-14,339000.0,0.0,2.8,
8887,632,24,1,1,2026-01-12,2026-01-13,2026-01-16,192000.0,44000.0,5.2,
8888,1253,22,5,1,2026-01-12,2026-01-14,2026-01-16,8000.0,0.0,1.4,
8889,1903,1,2,1,2026-01-12,2026-01-12,2026-01-13,141000.0,0.0,2.6,
8890,386,21,7,2,2026-01-12,2026-01-15,2026-01-18,196000.0,59000.0,64.7,Batería dañada
8891,1979,8,5,1,2026-01-12,2026-01-12,2026-01-13,336000.0,0.0,3.3,
8892,122,12,4,1,2026-01-12,2026-01-13,2026-01-16,145000.0,0.0,5.5,
8893,1721,12,6,1,2026-01-12,2026-01-12,2026-01-13,227000.0,55000.0,6.7,
8894,1140,4,5,2,2026-01-12,2026-01-12,2026-01-22,495000.0,0.0,162.1,Alarmas defectuosas
8895,1220,16,6,2,2026-01-12,2026-01-14,2026-01-29,20000.0,0.0,292.0,Manómetro descalibrado
8896,114,7,3,2,2026-01-12,2026-01-13,2026-01-23,1854000.0,0.0,165.2,Falla de batería
8897,517,20,9,1,2026-01-13,2026-01-14,2026-01-16,489000.0,0.0,1.9,
8898,926,2,4,1,2026-01-13,2026-01-14,2026-01-16,250000.0,0.0,4.4,
8899,1740,24,6,1,2026-01-13,2026-01-15,2026-01-18,261000.0,0.0,6.1,
8900,1910,17,9,2,2026-01-13,2026-01-15,2026-01-28,3524000.0,0.0,188.3,Falla de teclado o trackball
8901,223,15,10,1,2026-01-13,2026-01-14,2026-01-17,663000.0,0.0,7.9,
8902,1603,10,4,1,2026-01-13,2026-01-15,2026-01-17,213000.0,0.0,1.1,
8903,850,4,4,2,2026-01-13,2026-01-16,2026-01-31,596000.0,0.0,110.0,No enciende
8904,1353,15,10,1,2026-01-13,2026-01-13,2026-01-14,1610000.0,318000.0,7.8,
8905,1563,3,7,1,2026-01-13,2026-01-13,2026-01-14,105000.0,47000.0,4.2,
8906,442,11,4,2,2026-01-13,2026-01-15,2026-01-28,330000.0,0.0,74.2,Mecanismo de altura no funciona
8907,1279,9,6,1,2026-01-13,2026-01-15,2026-01-18,67000.0,16000.0,7.1,
8908,438,1,1,1,2026-01-13,2026-01-14,2026-01-16,54000.0,0.0,7.4,
8909,1940,1,1,2,2026-01-13,2026-01-13,2026-01-27,185000.0,56000.0,265.2,No detecta línea
8910,1914,12,7,1,2026-01-14,2026-01-15,2026-01-16,902000.0,162000.0,3.8,
8911,1247,9,5,2,2026-01-14,2026-01-14,2026-01-28,121000.0,0.0,58.3,Error de calibración
8912,1043,22,5,1,2026-01-14,2026-01-14,2026-01-16,11000.0,1000.0,1.8,
8913,1918,21,4,1,2026-01-14,2026-01-15,2026-01-17,103000.0,10000.0,5.8,
8914,1949,4,8,1,2026-01-14,2026-01-16,2026-01-17,1506000.0,0.0,4.8,
8915,269,17,8,2,2026-01-14,2026-01-15,2026-01-27,2938000.0,0.0,206.9,Problema de comunicación con estación
8916,441,12,5,1,2026-01-14,2026-01-15,2026-01-16,780000.0,0.0,4.8,
8917,1347,8,6,1,2026-01-14,2026-01-14,2026-01-15,51000.0,0.0,7.8,
8918,569,1,2,1,2026-01-14,2026-01-15,2026-01-17,157000.0,0.0,6.8,
8919,440,2,4,1,2026-01-14,2026-01-16,2026-01-17,46000.0,0.0,6.4,
8920,1860,11,7,1,2026-01-14,2026-01-16,2026-01-18,37000.0,0.0,1.7,
8921,1987,14,5,2,2026-01-14,2026-01-14,2026-01-15,6000.0,0.0,17.7,Batería agotada
8922,1605,3,12,1,2026-01-14,2026-01-16,2026-01-17,602000.0,0.0,6.6,
8923,1805,5,3,1,2026-01-14,2026-01-14,2026-01-16,255000.0,0.0,4.3,
8924,485,1,5,1,2026-01-15,2026-01-15,2026-01-18,32000.0,2000.0,4.7,
8925,1391,4,4,2,2026-01-15,2026-01-16,2026-01-20,93000.0,0.0,55.6,SpO₂ sin lectura
8926,1617,15,10,2,2026-01-15,2026-01-18,2026-01-23,1677000.0,281000.0,37.7,Error de sensores
8927,1522,24,1,2,2026-01-15,2026-01-16,2026-01-17,371000.0,0.0,23.3,Alarmas defectuosas
8928,1821,18,7,1,2026-01-15,2026-01-16,2026-01-18,12000.0,0.0,4.5,
8929,1656,13,9,2,2026-01-15,2026-01-18,2026-02-01,3969000.0,0.0,296.4,Puertos dañados
8930,1145,4,3,1,2026-01-16,2026-01-16,2026-01-18,46000.0,0.0,3.6,
8931,1239,5,1,1,2026-01-16,2026-01-16,2026-01-17,145000.0,0.0,5.8,
8932,374,15,11,1,2026-01-16,2026-01-16,2026-01-17,1474000.0,0.0,5.9,
8933,301,4,9,2,2026-01-16,2026-01-19,2026-01-28,1348000.0,0.0,77.5,Falla de teclado o trackball
8934,1467,18,10,1,2026-01-16,2026-01-17,2026-01-19,127000.0,26000.0,2.7,
8935,1809,11,7,1,2026-01-16,2026-01-16,2026-01-18,141000.0,0.0,1.9,
8936,163,5,5,2,2026-01-16,2026-01-18,2026-01-19,422000.0,0.0,21.8,NIBP no infla
8937,1025,10,7,2,2026-01-16,2026-01-17,2026-01-22,115000.0,0.0,25.2,Teclado/pantalla defectuosa
8938,1280,21,6,1,2026-01-16,2026-01-18,2026-01-19,93000.0,0.0,5.4,
8939,1457,17,7,2,2026-01-17,2026-01-18,2026-02-01,141000.0,24000.0,144.3,Puerta o clamp dañado
8940,1265,5,1,2,2026-01-17,2026-01-17,2026-01-30,591000.0,0.0,34.1,NIBP no infla
8941,1991,16,12,2,2026-01-17,2026-01-20,2026-01-31,386000.0,116000.0,70.1,Falla de compresor
8942,511,9,12,2,2026-01-17,2026-01-18,2026-01-24,79000.0,0.0,108.8,Temperatura inestable
8943,181,15,11,2,2026-01-18,2026-01-19,2026-01-22,138000.0,0.0,47.5,Resistencia dañada
8944,501,5,2,2,2026-01-18,2026-01-18,2026-01-21,27000.0,0.0,49.8,Pera dañada
8945,506,5,6,2,2026-01-18,2026-01-20,2026-02-02,297000.0,0.0,15.7,Lecturas erráticas
8946,1669,2,1,2,2026-01-18,2026-01-18,2026-01-30,121000.0,0.0,177.1,Batería dañada
8947,1751,9,7,1,2026-01-19,2026-01-20,2026-01-21,1613000.0,0.0,2.7,
8948,1211,2,5,2,2026-01-19,2026-01-21,2026-01-24,149000.0,0.0,65.0,SpO₂ sin lectura
8949,415,9,2,2,2026-01-19,2026-01-22,2026-01-24,589000.0,0.0,8.7,No carga energía
8950,676,21,3,1,2026-01-19,2026-01-19,2026-01-21,122000.0,0.0,4.6,
8951,800,22,12,1,2026-01-19,2026-01-21,2026-01-23,133000.0,0.0,4.4,
8952,1693,6,1,1,2026-01-19,2026-01-20,2026-01-22,23000.0,0.0,1.1,
8953,1679,3,12,1,2026-01-19,2026-01-20,2026-01-22,2024000.0,0.0,2.1,
8954,843,24,5,1,2026-01-19,2026-01-21,2026-01-22,131000.0,0.0,6.5,
8955,1687,7,7,1,2026-01-19,2026-01-20,2026-01-22,143000.0,0.0,5.3,
8956,449,3,2,1,2026-01-19,2026-01-19,2026-01-20,430000.0,0.0,1.6,
8957,588,2,4,2,2026-01-20,2026-01-23,2026-02-01,3469000.0,0.0,113.5,No enciende
8958,346,2,3,1,2026-01-20,2026-01-20,2026-01-21,317000.0,0.0,6.8,
8959,1389,10,6,1,2026-01-20,2026-01-20,2026-01-22,9000.0,0.0,6.6,
8960,1519,8,8,2,2026-01-20,2026-01-20,2026-02-02,2371000.0,0.0,255.2,Pantalla defectuosa
8961,986,20,8,1,2026-01-20,2026-01-22,2026-01-25,268000.0,0.0,3.9,
8962,448,2,7,2,2026-01-20,2026-01-23,2026-02-02,64000.0,0.0,73.1,Batería agotada
8963,1973,17,6,2,2026-01-20,2026-01-22,2026-02-05,18000.0,0.0,26.6,Válvula defectuosa
8964,754,1,1,1,2026-01-20,2026-01-20,2026-01-21,58000.0,3000.0,4.5,
8965,85,4,9,1,2026-01-20,2026-01-22,2026-01-25,19752000.0,9685000.0,3.4,
8966,1930,15,10,1,2026-01-20,2026-01-20,2026-01-23,86000.0,0.0,2.9,
8967,69,21,5,1,2026-01-21,2026-01-22,2026-01-25,107000.0,0.0,1.2,
8968,786,6,7,1,2026-01-21,2026-01-21,2026-01-22,79000.0,34000.0,2.8,
8969,273,11,3,1,2026-01-21,2026-01-21,2026-01-22,6000.0,0.0,5.6,
8970,1053,24,7,1,2026-01-21,2026-01-23,2026-01-25,163000.0,0.0,2.7,
8971,146,22,7,2,2026-01-21,2026-01-23,2026-02-01,3000.0,0.0,106.2,Tiempo de medición excesivo
8972,1304,16,12,1,2026-01-21,2026-01-21,2026-01-22,291000.0,0.0,1.0,
8973,1254,17,3,1,2026-01-21,2026-01-22,2026-01-25,366000.0,0.0,7.2,
8974,1472,19,10,1,2026-01-21,2026-01-22,2026-01-24,968000.0,0.0,4.4,
8975,120,16,12,1,2026-01-21,2026-01-21,2026-01-22,250000.0,0.0,7.3,
8976,976,18,3,1,2026-01-21,2026-01-21,2026-01-24,23000.0,1000.0,7.1,
8977,599,1,7,1,2026-01-22,2026-01-24,2026-01-27,126000.0,0.0,1.7,
8978,880,9,4,1,2026-01-22,2026-01-24,2026-01-27,102000.0,0.0,1.5,
8979,579,17,2,1,2026-01-22,2026-01-23,2026-01-25,354000.0,0.0,7.3,
8980,1710,10,4,1,2026-01-22,2026-01-22,2026-01-23,2237000.0,0.0,6.7,
8981,751,12,4,2,2026-01-22,2026-01-23,2026-02-07,1506000.0,0.0,145.7,Falla de ventilador
8982,1556,9,7,2,2026-01-22,2026-01-24,2026-02-03,211000.0,0.0,205.6,Teclado/pantalla defectuosa
8983,436,13,2,1,2026-01-22,2026-01-24,2026-01-27,236000.0,0.0,5.8,
8984,1474,13,7,1,2026-01-22,2026-01-23,2026-01-25,41000.0,0.0,5.0,
8985,1580,11,7,1,2026-01-22,2026-01-23,2026-01-24,106000.0,16000.0,1.6,
8986,643,20,7,1,2026-01-22,2026-01-22,2026-01-24,24000.0,0.0,2.2,
8987,847,12,5,1,2026-01-22,2026-01-23,2026-01-26,5000.0,0.0,4.3,
8988,483,7,5,1,2026-01-22,2026-01-22,2026-01-25,128000.0,0.0,6.0,
8989,63,22,5,1,2026-01-22,2026-01-23,2026-01-25,4000.0,0.0,1.6,
8990,1127,10,2,1,2026-01-23,2026-01-25,2026-01-27,255000.0,0.0,1.2,
8991,1151,2,2,1,2026-01-23,2026-01-25,2026-01-26,2065000.0,471000.0,4.5,
8992,1905,22,12,1,2026-01-23,2026-01-23,2026-01-25,57000.0,8000.0,8.0,
8993,1511,20,9,1,2026-01-23,2026-01-25,2026-01-27,503000.0,0.0,1.0,
8994,627,12,2,1,2026-01-23,2026-01-25,2026-01-28,99000.0,13000.0,1.5,
8995,1066,17,4,1,2026-01-23,2026-01-25,2026-01-26,18000.0,2000.0,6.8,
8996,446,1,5,2,2026-01-23,2026-01-26,2026-01-30,98000.0,0.0,29.0,Celda de carga dañada
8997,1550,21,4,2,2026-01-23,2026-01-26,2026-02-07,18000.0,0.0,82.7,Lectura incorrecta
8998,1934,12,1,1,2026-01-23,2026-01-23,2026-01-24,188000.0,0.0,1.8,
8999,1977,10,3,1,2026-01-23,2026-01-23,2026-01-25,211000.0,0.0,4.3,
9000,875,3,4,1,2026-01-23,2026-01-23,2026-01-26,24000.0,0.0,7.5,
9001,1193,1,7,1,2026-01-23,2026-01-24,2026-01-27,88000.0,0.0,7.7,
9002,1278,17,3,1,2026-01-23,2026-01-24,2026-01-25,134000.0,0.0,5.7,
9003,19,17,8,2,2026-01-23,2026-01-26,2026-01-29,8854000.0,0.0,56.5,Pedal dañado
9004,757,10,5,1,2026-01-23,2026-01-23,2026-01-25,51000.0,0.0,4.6,
9005,1493,20,9,2,2026-01-24,2026-01-27,2026-02-04,585000.0,0.0,142.4,Error de calibración
9006,1763,6,12,2,2026-01-24,2026-01-25,2026-02-09,2963000.0,0.0,83.7,Obstrucción de pipetas
9007,1389,10,7,2,2026-01-25,2026-01-27,2026-02-03,4000.0,0.0,127.8,Batería agotada
9008,134,9,7,2,2026-01-25,2026-01-28,2026-01-31,82000.0,13000.0,40.5,Óptica sucia
9009,151,1,7,2,2026-01-25,2026-01-28,2026-02-10,411000.0,0.0,181.3,Barandas sueltas
9010,927,3,3,1,2026-01-26,2026-01-26,2026-01-27,123000.0,0.0,5.1,
9011,328,21,1,1,2026-01-26,2026-01-26,2026-01-28,8000.0,0.0,3.8,
9012,938,4,4,1,2026-01-26,2026-01-26,2026-01-29,153000.0,34000.0,3.9,
9013,1387,10,8,2,2026-01-26,2026-01-27,2026-02-07,12464000.0,0.0,130.7,Falla de fluoroscopía
9014,1374,16,12,1,2026-01-26,2026-01-26,2026-01-27,141000.0,32000.0,4.3,
9015,1002,12,3,2,2026-01-26,2026-01-27,2026-01-28,321000.0,0.0,10.2,Pantalla dañada
9016,216,12,4,1,2026-01-26,2026-01-28,2026-01-30,2133000.0,0.0,6.6,
9017,1856,19,10,1,2026-01-26,2026-01-27,2026-01-30,892000.0,0.0,5.6,
9018,1923,17,4,1,2026-01-26,2026-01-27,2026-01-30,101000.0,0.0,4.5,
9019,780,12,12,2,2026-01-26,2026-01-29,2026-02-04,564000.0,0.0,129.2,Alarma defectuosa
9020,1492,3,4,1,2026-01-26,2026-01-28,2026-01-29,114000.0,0.0,3.3,
9021,1236,4,3,1,2026-01-26,2026-01-28,2026-01-29,104000.0,0.0,6.7,
9022,1527,18,1,2,2026-01-27,2026-01-27,2026-01-31,16000.0,0.0,90.0,Lectura errática
9023,1372,3,2,1,2026-01-27,2026-01-29,2026-01-31,88000.0,0.0,7.5,
9024,712,15,11,1,2026-01-27,2026-01-28,2026-01-30,59000.0,0.0,7.9,
9025,1786,24,4,1,2026-01-27,2026-01-29,2026-01-30,19000.0,0.0,7.2,
9026,386,21,2,1,2026-01-27,2026-01-28,2026-01-31,192000.0,33000.0,3.3,
9027,344,15,11,1,2026-01-27,2026-01-27,2026-01-30,707000.0,0.0,4.2,
9028,1155,24,5,1,2026-01-27,2026-01-27,2026-01-28,26000.0,1000.0,1.2,
9029,935,7,1,1,2026-01-27,2026-01-29,2026-01-30,677000.0,118000.0,1.4,
9030,108,15,11,2,2026-01-28,2026-01-28,2026-02-09,2578000.0,0.0,180.4,Falla de resistencia
9031,434,4,6,2,2026-01-28,2026-01-31,2026-02-08,164000.0,0.0,154.2,Temperatura errática
9032,1206,22,3,2,2026-01-28,2026-01-31,2026-02-02,13000.0,4000.0,37.6,Lectura errática
9033,1353,15,11,2,2026-01-28,2026-01-30,2026-01-31,2514000.0,754000.0,15.5,Puerta no cierra
9034,1743,5,1,1,2026-01-28,2026-01-29,2026-02-01,86000.0,6000.0,5.5,
9035,1390,15,11,1,2026-01-28,2026-01-28,2026-01-31,104000.0,0.0,7.9,
9036,1571,2,2,1,2026-01-28,2026-01-28,2026-01-31,51000.0,0.0,6.4,
9037,578,8,6,1,2026-01-29,2026-01-31,2026-02-03,195000.0,0.0,2.0,
9038,543,22,12,1,2026-01-29,2026-01-29,2026-02-01,278000.0,0.0,6.5,
9039,749,11,2,1,2026-01-29,2026-01-31,2026-02-02,33000.0,0.0,1.1,
9040,1594,11,3,1,2026-01-29,2026-01-31,2026-02-03,169000.0,0.0,5.1,
9041,1676,1,2,1,2026-01-29,2026-01-29,2026-02-01,1289000.0,0.0,2.2,
9042,1689,4,3,1,2026-01-29,2026-01-29,2026-01-30,229000.0,0.0,7.8,
9043,1755,15,11,1,2026-01-29,2026-01-31,2026-02-01,33000.0,0.0,5.1,
9044,1174,14,3,1,2026-01-29,2026-01-30,2026-02-02,46000.0,0.0,6.6,
9045,1459,11,1,1,2026-01-29,2026-01-30,2026-02-02,484000.0,0.0,3.1,
9046,52,4,3,1,2026-01-29,2026-01-29,2026-01-31,94000.0,0.0,7.6,
9047,1227,3,3,1,2026-01-30,2026-01-31,2026-02-01,29000.0,0.0,6.5,
9048,1135,15,11,1,2026-01-30,2026-02-01,2026-02-04,66000.0,0.0,2.8,
9049,1895,18,2,1,2026-01-30,2026-01-30,2026-02-01,296000.0,0.0,6.9,
9050,1613,5,5,1,2026-01-30,2026-01-31,2026-02-02,153000.0,0.0,3.0,
9051,1230,10,1,1,2026-01-30,2026-02-01,2026-02-03,1856000.0,0.0,5.5,
9052,1490,12,3,1,2026-01-30,2026-02-01,2026-02-04,1298000.0,616000.0,3.6,
9053,238,21,5,1,2026-01-30,2026-01-30,2026-02-01,81000.0,0.0,2.3,
9054,208,14,12,1,2026-01-30,2026-02-01,2026-02-03,107000.0,7000.0,5.4,
9055,1928,3,2,1,2026-01-30,2026-01-30,2026-01-31,99000.0,0.0,1.2,
9056,760,3,5,2,2026-02-01,2026-02-01,2026-02-03,199000.0,60000.0,33.1,Teclado/pantalla defectuosa
9057,878,9,1,2,2026-02-01,2026-02-02,2026-02-03,261000.0,78000.0,10.7,SpO₂ no detecta señal
9058,152,10,4,2,2026-02-01,2026-02-02,2026-02-05,18000.0,0.0,16.0,Pantalla defectuosa
9059,1439,1,5,1,2026-02-02,2026-02-03,2026-02-05,243000.0,0.0,2.3,
9060,1212,20,4,2,2026-02-02,2026-02-05,2026-02-09,17000.0,0.0,70.1,Manómetro descalibrado
9061,72,6,12,1,2026-02-02,2026-02-03,2026-02-06,2079000.0,410000.0,3.5,
9062,1467,18,10,2,2026-02-02,2026-02-03,2026-02-10,240000.0,72000.0,164.4,Tapiz dañado
9063,1651,6,12,1,2026-02-02,2026-02-04,2026-02-06,97000.0,0.0,3.3,
9064,2000,21,1,1,2026-02-02,2026-02-04,2026-02-06,82000.0,0.0,2.7,
9065,963,12,3,1,2026-02-02,2026-02-03,2026-02-05,298000.0,0.0,5.2,
9066,1860,11,1,2,2026-02-02,2026-02-04,2026-02-10,14000.0,0.0,125.9,Pantalla defectuosa
9067,1130,15,11,1,2026-02-02,2026-02-04,2026-02-05,63000.0,0.0,3.7,
9068,520,10,6,1,2026-02-02,2026-02-03,2026-02-06,950000.0,157000.0,1.4,
9069,272,2,3,2,2026-02-03,2026-02-05,2026-02-20,327000.0,0.0,190.5,No enciende
9070,688,1,7,1,2026-02-03,2026-02-04,2026-02-06,119000.0,0.0,8.0,
9071,1780,4,12,2,2026-02-03,2026-02-06,2026-02-18,275000.0,0.0,41.7,Rotor desbalanceado
9072,1531,4,1,2,2026-02-03,2026-02-05,2026-02-13,297000.0,0.0,82.8,Bloqueo de seguridad dañado
9073,1862,15,11,1,2026-02-03,2026-02-05,2026-02-06,62000.0,0.0,2.2,
9074,606,18,10,1,2026-02-03,2026-02-03,2026-02-05,131000.0,0.0,1.4,
9075,1650,4,3,1,2026-02-03,2026-02-03,2026-02-06,152000.0,0.0,4.7,
9076,1302,11,7,2,2026-02-03,2026-02-05,2026-02-16,1918000.0,0.0,238.7,Fuga en circuito
9077,525,6,2,2,2026-02-03,2026-02-06,2026-02-15,168000.0,0.0,65.7,SpO₂ sin lectura
9078,576,22,7,1,2026-02-04,2026-02-04,2026-02-07,336000.0,0.0,1.6,
9079,1028,2,3,2,2026-02-04,2026-02-06,2026-02-16,100000.0,0.0,180.1,Alarma de oclusión
9080,1774,20,9,1,2026-02-04,2026-02-04,2026-02-06,360000.0,0.0,7.9,
9081,1182,6,7,2,2026-02-04,2026-02-05,2026-02-13,486000.0,0.0,128.6,Frenos defectuosos
9082,344,15,11,2,2026-02-04,2026-02-04,2026-02-09,1682000.0,0.0,64.7,Boquillas obstruidas
9083,851,8,9,2,2026-02-04,2026-02-06,2026-02-11,3514000.0,0.0,103.2,No genera exposición
9084,784,1,2,1,2026-02-04,2026-02-05,2026-02-06,142000.0,0.0,1.8,
9085,136,21,4,2,2026-02-04,2026-02-04,2026-02-06,268000.0,0.0,23.1,Lecturas erráticas
9086,127,12,4,1,2026-02-04,2026-02-05,2026-02-06,111000.0,0.0,7.5,
9087,1630,9,2,2,2026-02-04,2026-02-05,2026-02-09,4592000.0,1378000.0,46.0,Error en sensor de oxígeno
9088,330,3,5,2,2026-02-04,2026-02-06,2026-02-19,343000.0,103000.0,266.7,No registra datos
9089,1842,17,2,2,2026-02-04,2026-02-05,2026-02-07,2602000.0,0.0,16.1,No enciende
9090,1040,11,2,1,2026-02-05,2026-02-05,2026-02-07,179000.0,0.0,4.1,
9091,297,9,8,1,2026-02-05,2026-02-06,2026-02-07,22921000.0,3658000.0,3.1,
9092,1211,2,6,2,2026-02-05,2026-02-05,2026-02-20,149000.0,0.0,40.2,Pantalla dañada
9093,1697,7,7,1,2026-02-05,2026-02-05,2026-02-08,24000.0,0.0,7.3,
9094,51,20,9,1,2026-02-05,2026-02-06,2026-02-09,1352000.0,0.0,6.0,
9095,1811,7,7,2,2026-02-05,2026-02-07,2026-02-19,148000.0,0.0,96.7,No detecta línea
9096,1010,11,5,1,2026-02-05,2026-02-05,2026-02-06,67000.0,8000.0,2.4,
9097,270,11,5,1,2026-02-06,2026-02-07,2026-02-09,16000.0,0.0,5.0,
9098,1952,21,4,1,2026-02-06,2026-02-06,2026-02-07,2056000.0,0.0,2.5,
9099,1910,17,8,2,2026-02-06,2026-02-06,2026-02-07,4225000.0,0.0,19.5,Congelamiento del software
9100,1175,21,6,1,2026-02-06,2026-02-07,2026-02-08,55000.0,0.0,1.6,
9101,915,11,2,1,2026-02-06,2026-02-07,2026-02-10,26000.0,0.0,5.5,
9102,866,12,5,2,2026-02-06,2026-02-07,2026-02-17,1278000.0,0.0,194.9,No calienta
9103,468,12,4,1,2026-02-06,2026-02-07,2026-02-08,134000.0,0.0,5.3,
9104,904,8,8,2,2026-02-06,2026-02-08,2026-02-12,16885000.0,0.0,53.7,Detector defectuoso
9105,1523,12,6,1,2026-02-06,2026-02-08,2026-02-10,80000.0,0.0,5.6,
9106,1037,1,2,2,2026-02-07,2026-02-08,2026-02-17,3154000.0,813000.0,53.2,Pantalla sin respuesta
9107,1481,5,12,2,2026-02-07,2026-02-08,2026-02-16,1821000.0,0.0,158.7,Resultados fuera de rango
9108,478,11,4,2,2026-02-07,2026-02-09,2026-02-20,463000.0,0.0,68.5,No enciende
9109,1226,2,2,2,2026-02-08,2026-02-11,2026-02-12,147000.0,0.0,16.8,Temperatura errática
9110,374,15,10,2,2026-02-08,2026-02-09,2026-02-17,2710000.0,0.0,136.6,No genera presión
9111,1603,10,6,2,2026-02-08,2026-02-09,2026-02-22,369000.0,0.0,231.4,Pantalla sin imagen
9112,616,4,7,2,2026-02-08,2026-02-08,2026-02-09,552000.0,0.0,11.1,Lecturas erráticas
9113,1715,4,5,2,2026-02-08,2026-02-10,2026-02-13,216000.0,0.0,12.2,Error de calibración
9114,448,2,7,2,2026-02-08,2026-02-10,2026-02-11,64000.0,0.0,18.8,Peso incorrecto
9115,542,16,4,1,2026-02-09,2026-02-11,2026-02-14,298000.0,0.0,4.9,
9116,1593,20,8,1,2026-02-09,2026-02-09,2026-02-12,618000.0,0.0,6.4,
9117,1291,17,7,1,2026-02-09,2026-02-10,2026-02-13,122000.0,0.0,3.2,
9118,877,16,3,1,2026-02-09,2026-02-10,2026-02-11,13000.0,0.0,5.7,
9119,1460,22,2,2,2026-02-09,2026-02-09,2026-02-13,245000.0,0.0,71.9,Memoria llena
9120,1739,21,3,2,2026-02-09,2026-02-11,2026-02-25,21000.0,6000.0,157.8,Lectura incorrecta
9121,1728,7,6,2,2026-02-09,2026-02-12,2026-02-20,634000.0,0.0,182.1,Descarga fallida
9122,1086,12,4,1,2026-02-09,2026-02-11,2026-02-13,188000.0,0.0,5.9,
9123,822,8,8,1,2026-02-09,2026-02-10,2026-02-12,2812000.0,0.0,3.1,
9124,382,10,1,1,2026-02-09,2026-02-09,2026-02-11,151000.0,22000.0,5.2,
9125,581,21,1,1,2026-02-09,2026-02-09,2026-02-11,150000.0,0.0,4.1,
9126,1608,17,5,1,2026-02-10,2026-02-12,2026-02-15,91000.0,0.0,6.3,
9127,1211,2,1,2,2026-02-10,2026-02-10,2026-02-15,149000.0,0.0,40.7,Falla de presión NIBP
9128,706,21,1,1,2026-02-10,2026-02-12,2026-02-13,29000.0,1000.0,1.7,
9129,1284,9,12,1,2026-02-10,2026-02-11,2026-02-13,1528000.0,0.0,6.1,
9130,783,18,11,2,2026-02-10,2026-02-13,2026-02-16,315000.0,0.0,46.1,Resistencia no regula
9131,1096,4,2,1,2026-02-10,2026-02-12,2026-02-13,91000.0,0.0,1.4,
9132,1738,1,7,1,2026-02-10,2026-02-11,2026-02-13,136000.0,0.0,4.1,
9133,857,2,5,1,2026-02-10,2026-02-10,2026-02-11,2791000.0,0.0,4.9,
9134,708,16,4,1,2026-02-10,2026-02-12,2026-02-14,144000.0,0.0,3.2,
9135,1121,3,1,1,2026-02-10,2026-02-11,2026-02-13,276000.0,39000.0,4.1,
9136,836,11,3,1,2026-02-11,2026-02-12,2026-02-13,928000.0,623000.0,1.1,
9137,1019,5,6,1,2026-02-11,2026-02-12,2026-02-14,5000.0,0.0,3.0,
9138,578,8,1,2,2026-02-11,2026-02-11,2026-02-25,360000.0,0.0,113.1,Electrodos/cables dañados
9139,804,1,8,2,2026-02-11,2026-02-12,2026-02-14,5680000.0,0.0,22.6,Pantalla defectuosa
9140,579,17,4,2,2026-02-11,2026-02-11,2026-02-25,478000.0,0.0,292.4,Batería agotada
9141,1979,8,7,2,2026-02-11,2026-02-13,2026-02-20,450000.0,0.0,100.4,No enciende
9142,1518,8,5,1,2026-02-11,2026-02-13,2026-02-16,321000.0,0.0,1.2,
9143,958,7,2,1,2026-02-11,2026-02-12,2026-02-15,2658000.0,0.0,5.9,
9144,752,4,7,1,2026-02-11,2026-02-11,2026-02-13,241000.0,0.0,2.3,
9145,891,16,2,1,2026-02-11,2026-02-12,2026-02-13,37000.0,3000.0,1.5,
9146,1612,22,5,2,2026-02-11,2026-02-14,2026-02-16,17000.0,0.0,35.2,Fuga en brazalete
9147,588,2,5,2,2026-02-11,2026-02-12,2026-02-14,3469000.0,0.0,29.3,Alarma de presión
9148,213,17,7,1,2026-02-11,2026-02-13,2026-02-16,339000.0,88000.0,5.0,
9149,1794,8,1,1,2026-02-11,2026-02-12,2026-02-14,149000.0,0.0,3.5,
9150,714,1,1,1,2026-02-11,2026-02-13,2026-02-15,150000.0,15000.0,5.3,
9151,27,12,6,1,2026-02-11,2026-02-11,2026-02-14,724000.0,0.0,5.2,
9152,1574,15,11,1,2026-02-11,2026-02-11,2026-02-14,108000.0,0.0,6.6,
9153,1364,2,7,2,2026-02-11,2026-02-12,2026-02-22,541000.0,162000.0,237.1,Descarga fallida
9154,1993,11,6,1,2026-02-11,2026-02-13,2026-02-16,72000.0,0.0,1.1,
9155,1478,10,4,1,2026-02-12,2026-02-13,2026-02-16,51000.0,0.0,2.1,
9156,64,12,4,2,2026-02-12,2026-02-13,2026-02-18,176000.0,0.0,82.6,Puerta o clamp dañado
9157,1526,13,7,1,2026-02-12,2026-02-12,2026-02-14,447000.0,0.0,1.8,
9158,1232,8,8,1,2026-02-12,2026-02-14,2026-02-15,1710000.0,385000.0,7.0,
9159,995,21,7,1,2026-02-12,2026-02-13,2026-02-14,174000.0,27000.0,3.5,
9160,311,21,3,1,2026-02-12,2026-02-12,2026-02-14,113000.0,0.0,5.7,
9161,494,15,10,1,2026-02-12,2026-02-14,2026-02-17,105000.0,0.0,3.5,
9162,337,1,2,1,2026-02-12,2026-02-14,2026-02-16,1144000.0,0.0,2.5,
9163,1012,3,6,1,2026-02-13,2026-02-13,2026-02-15,218000.0,0.0,3.0,
9164,1509,4,6,1,2026-02-13,2026-02-15,2026-02-17,165000.0,0.0,2.5,
9165,778,1,6,1,2026-02-13,2026-02-15,2026-02-16,219000.0,0.0,1.5,
9166,140,20,9,1,2026-02-13,2026-02-14,2026-02-16,1245000.0,0.0,8.0,
9167,1507,4,5,1,2026-02-13,2026-02-15,2026-02-16,1343000.0,0.0,5.2,
9168,1412,16,3,2,2026-02-13,2026-02-16,2026-02-26,20000.0,0.0,148.7,Fuga en brazalete
9169,37,4,1,1,2026-02-13,2026-02-13,2026-02-14,331000.0,0.0,7.3,
9170,196,3,6,1,2026-02-13,2026-02-14,2026-02-17,34000.0,0.0,1.6,
9171,1567,18,10,1,2026-02-13,2026-02-15,2026-02-18,94000.0,0.0,1.7,
9172,66,4,8,2,2026-02-13,2026-02-13,2026-02-14,2022000.0,0.0,23.7,Puertos dañados
9173,443,2,2,1,2026-02-13,2026-02-13,2026-02-16,125000.0,19000.0,7.1,
9174,1816,3,6,2,2026-02-14,2026-02-14,2026-02-18,304000.0,91000.0,76.8,Alarma no funciona
9175,534,1,2,2,2026-02-14,2026-02-14,2026-02-17,477000.0,143000.0,39.4,Lecturas erráticas
9176,1509,4,1,2,2026-02-14,2026-02-15,2026-03-02,260000.0,0.0,271.3,Alarma de oclusión
9177,1729,4,2,2,2026-02-14,2026-02-17,2026-03-02,402000.0,0.0,13.7,No enciende
9178,1609,16,7,2,2026-02-14,2026-02-17,2026-02-18,266000.0,0.0,19.9,Sistema hidráulico con fuga
9179,181,15,11,2,2026-02-14,2026-02-14,2026-02-28,138000.0,0.0,94.8,Temperatura inestable
9180,1231,18,4,2,2026-02-15,2026-02-18,2026-03-05,0.0,0.0,193.6,Manómetro descalibrado
9181,1502,3,4,2,2026-02-15,2026-02-17,2026-03-04,0.0,0.0,99.1,Sensor defectuoso
9182,1421,2,2,2,2026-02-15,2026-02-18,2026-02-20,337000.0,0.0,12.1,Alarmas defectuosas
9183,1933,12,4,2,2026-02-16,2026-02-17,2026-03-04,3272000.0,0.0,114.6,Problema en válvulas internas
9184,1173,7,1,1,2026-02-16,2026-02-16,2026-02-18,454000.0,0.0,5.0,
9185,351,3,5,1,2026-02-16,2026-02-16,2026-02-19,2007000.0,0.0,3.5,
9186,1266,15,11,1,2026-02-16,2026-02-17,2026-02-18,127000.0,0.0,1.2,
9187,5,7,6,1,2026-02-16,2026-02-17,2026-02-19,216000.0,0.0,2.6,
9188,1461,6,1,1,2026-02-16,2026-02-16,2026-02-18,92000.0,0.0,7.3,
9189,25,3,3,2,2026-02-16,2026-02-18,2026-03-05,31000.0,0.0,24.0,Válvula defectuosa
9190,1241,24,2,1,2026-02-16,2026-02-18,2026-02-19,20000.0,0.0,5.4,
9191,393,11,6,2,2026-02-16,2026-02-16,2026-02-23,59000.0,0.0,105.5,Peso incorrecto
9192,135,15,10,2,2026-02-16,2026-02-19,2026-02-26,2274000.0,0.0,123.3,No calienta agua
9193,1430,12,2,1,2026-02-16,2026-02-17,2026-02-20,154000.0,0.0,2.7,
9194,1836,7,5,1,2026-02-16,2026-02-18,2026-02-21,132000.0,0.0,1.4,
9195,1180,24,3,1,2026-02-16,2026-02-18,2026-02-19,84000.0,0.0,5.7,
9196,763,15,11,1,2026-02-16,2026-02-16,2026-02-18,92000.0,0.0,1.5,
9197,402,2,2,1,2026-02-16,2026-02-16,2026-02-18,222000.0,43000.0,7.2,
9198,200,10,9,2,2026-02-17,2026-02-19,2026-02-25,3439000.0,1032000.0,108.7,Puertos dañados
9199,975,3,6,1,2026-02-17,2026-02-18,2026-02-21,11000.0,0.0,6.1,
9200,1270,4,3,1,2026-02-17,2026-02-17,2026-02-19,137000.0,0.0,3.4,
9201,72,6,12,2,2026-02-17,2026-02-18,2026-02-28,3616000.0,1085000.0,209.5,Resultados inconsistentes
9202,1282,16,6,1,2026-02-17,2026-02-17,2026-02-20,134000.0,0.0,5.4,
9203,289,21,1,1,2026-02-17,2026-02-18,2026-02-20,258000.0,49000.0,2.0,
9204,557,6,7,2,2026-02-17,2026-02-20,2026-02-26,436000.0,109000.0,112.3,Software no reconoce el equipo
9205,342,11,2,1,2026-02-17,2026-02-18,2026-02-20,998000.0,355000.0,8.0,
9206,1826,6,7,2,2026-02-18,2026-02-19,2026-03-03,9000.0,0.0,131.3,Tiempo de medición excesivo
9207,1159,17,2,1,2026-02-18,2026-02-19,2026-02-22,71000.0,0.0,5.2,
9208,697,2,6,2,2026-02-18,2026-02-21,2026-02-22,164000.0,0.0,19.1,No detecta línea
9209,1144,7,4,1,2026-02-18,2026-02-19,2026-02-21,127000.0,0.0,7.8,
9210,1195,3,6,1,2026-02-18,2026-02-18,2026-02-20,103000.0,0.0,3.7,
9211,1631,22,7,2,2026-02-18,2026-02-20,2026-03-05,446000.0,0.0,201.7,NIBP no infla
9212,641,17,8,2,2026-02-18,2026-02-20,2026-02-22,53724000.0,16117000.0,17.1,Problemas de mesa
9213,1434,21,7,1,2026-02-18,2026-02-18,2026-02-19,132000.0,0.0,2.6,
9214,1057,5,5,1,2026-02-18,2026-02-20,2026-02-22,20000.0,0.0,7.1,
9215,1413,3,6,2,2026-02-18,2026-02-21,2026-03-08,497000.0,115000.0,176.4,NIBP no infla
9216,1672,21,5,1,2026-02-18,2026-02-20,2026-02-21,47000.0,0.0,7.0,
9217,591,9,7,1,2026-02-18,2026-02-20,2026-02-22,323000.0,0.0,5.9,
9218,197,6,3,2,2026-02-19,2026-02-20,2026-02-22,386000.0,116000.0,38.0,Colchón dañado
9219,1473,4,5,1,2026-02-19,2026-02-20,2026-02-22,146000.0,13000.0,6.5,
9220,1205,10,3,1,2026-02-19,2026-02-20,2026-02-23,638000.0,0.0,3.2,
9221,1126,6,3,2,2026-02-19,2026-02-19,2026-02-25,310000.0,0.0,29.4,No enciende
9222,1055,13,3,1,2026-02-19,2026-02-20,2026-02-22,33000.0,0.0,7.8,
9223,1985,11,5,1,2026-02-19,2026-02-19,2026-02-21,129000.0,0.0,3.3,
9224,1886,12,7,1,2026-02-19,2026-02-19,2026-02-20,210000.0,0.0,4.2,
9225,458,12,6,1,2026-02-19,2026-02-19,2026-02-22,1096000.0,0.0,2.2,
9226,1529,21,6,1,2026-02-19,2026-02-21,2026-02-23,178000.0,42000.0,2.3,
9227,335,10,7,1,2026-02-19,2026-02-20,2026-02-22,859000.0,161000.0,6.3,
9228,295,1,7,1,2026-02-19,2026-02-21,2026-02-22,179000.0,0.0,2.0,
9229,19,17,9,1,2026-02-19,2026-02-20,2026-02-22,4360000.0,0.0,5.7,
9230,1213,20,1,1,2026-02-19,2026-02-20,2026-02-22,96000.0,8000.0,5.2,
9231,1327,4,2,2,2026-02-19,2026-02-21,2026-03-05,207000.0,62000.0,161.9,Error de programación
9232,1890,2,7,1,2026-02-19,2026-02-20,2026-02-21,166000.0,21000.0,1.5,
9233,108,15,10,1,2026-02-19,2026-02-21,2026-02-22,1474000.0,0.0,2.9,
9234,371,5,6,1,2026-02-19,2026-02-20,2026-02-23,142000.0,0.0,6.0,
9235,499,6,5,2,2026-02-20,2026-02-22,2026-02-24,287000.0,0.0,42.8,Pantalla defectuosa
9236,1783,7,4,2,2026-02-20,2026-02-23,2026-02-24,484000.0,0.0,14.4,SpO₂ no detecta señal
9237,1323,21,2,2,2026-02-20,2026-02-20,2026-03-05,1679000.0,0.0,29.7,Sensor defectuoso
9238,1826,2,5,2,2026-02-20,2026-02-22,2026-03-03,9000.0,0.0,87.2,Lectura errática
9239,479,21,2,1,2026-02-20,2026-02-20,2026-02-23,439000.0,0.0,5.3,
9240,372,4,3,1,2026-02-20,2026-02-20,2026-02-21,42000.0,0.0,2.2,
9241,1931,13,2,1,2026-02-20,2026-02-22,2026-02-25,9000.0,0.0,7.1,
9242,1740,3,5,2,2026-02-20,2026-02-22,2026-03-05,0.0,0.0,41.7,Lecturas erráticas
9243,1025,10,7,1,2026-02-20,2026-02-21,2026-02-23,90000.0,0.0,5.9,
9244,1980,17,8,2,2026-02-21,2026-02-21,2026-02-28,3416000.0,0.0,134.0,Falla de detector
9245,993,10,2,2,2026-02-21,2026-02-21,2026-02-24,2206000.0,0.0,33.5,Falla de batería
9246,1070,15,10,2,2026-02-21,2026-02-23,2026-03-09,230000.0,0.0,233.6,Temperatura inestable
9247,560,1,6,2,2026-02-22,2026-02-24,2026-03-10,840000.0,0.0,173.6,No calienta
9248,1351,1,8,2,2026-02-22,2026-02-22,2026-02-28,11145000.0,0.0,25.8,Imagen distorsionada
9249,218,16,12,2,2026-02-22,2026-02-25,2026-03-09,4541000.0,0.0,223.4,Falla de calibración
9250,1866,7,5,1,2026-02-23,2026-02-23,2026-02-26,701000.0,0.0,6.0,
9251,201,17,7,2,2026-02-23,2026-02-24,2026-02-26,159000.0,0.0,47.6,Caudal incorrecto
9252,772,16,2,2,2026-02-23,2026-02-25,2026-03-10,14000.0,4000.0,262.5,Válvula defectuosa
9253,407,17,9,1,2026-02-23,2026-02-25,2026-02-26,703000.0,0.0,3.7,
9254,604,15,11,1,2026-02-23,2026-02-24,2026-02-25,51000.0,0.0,2.9,
9255,1933,12,7,1,2026-02-23,2026-02-24,2026-02-26,1449000.0,0.0,4.7,
9256,1262,12,6,1,2026-02-23,2026-02-23,2026-02-26,116000.0,0.0,4.9,
9257,1980,17,9,2,2026-02-23,2026-02-24,2026-03-03,3626000.0,0.0,106.1,No genera exposición
9258,139,12,3,1,2026-02-23,2026-02-23,2026-02-24,129000.0,0.0,3.8,
9259,1357,10,3,2,2026-02-23,2026-02-25,2026-03-05,344000.0,0.0,109.6,Sistema hidráulico con fuga
9260,864,1,9,1,2026-02-23,2026-02-25,2026-02-28,39294000.0,0.0,3.9,
9261,964,14,5,1,2026-02-23,2026-02-24,2026-02-25,40000.0,0.0,1.3,
9262,147,11,7,1,2026-02-23,2026-02-24,2026-02-26,380000.0,0.0,5.5,
9263,1637,9,6,2,2026-02-23,2026-02-24,2026-02-25,2305000.0,0.0,23.0,Problema en válvulas internas
9264,266,7,5,2,2026-02-24,2026-02-27,2026-02-28,206000.0,0.0,18.6,No detecta línea
9265,1648,5,4,2,2026-02-24,2026-02-26,2026-03-04,360000.0,108000.0,58.3,Error de descarga de datos
9266,1358,6,3,1,2026-02-24,2026-02-25,2026-02-26,102000.0,0.0,5.9,
9267,1868,1,2,1,2026-02-24,2026-02-25,2026-02-27,1563000.0,0.0,5.0,
9268,1032,17,3,1,2026-02-24,2026-02-25,2026-02-28,14000.0,0.0,2.5,
9269,117,1,3,1,2026-02-24,2026-02-26,2026-02-27,82000.0,0.0,7.2,
9270,610,9,3,1,2026-02-24,2026-02-26,2026-03-01,20000.0,0.0,4.7,
9271,451,15,11,1,2026-02-24,2026-02-25,2026-02-26,58000.0,0.0,5.4,
9272,1565,24,7,1,2026-02-24,2026-02-25,2026-02-27,218000.0,23000.0,4.8,
9273,1854,11,1,1,2026-02-24,2026-02-24,2026-02-27,117000.0,0.0,3.0,
9274,1621,6,3,1,2026-02-25,2026-02-26,2026-02-27,425000.0,0.0,3.4,
9275,939,19,5,1,2026-02-25,2026-02-25,2026-02-27,8000.0,0.0,6.0,
9276,315,5,6,2,2026-02-25,2026-02-25,2026-03-07,23000.0,0.0,128.2,Pera dañada
9277,1770,22,5,1,2026-02-25,2026-02-27,2026-03-01,262000.0,0.0,7.2,
9278,878,9,2,1,2026-02-25,2026-02-27,2026-02-28,140000.0,18000.0,4.6,
9279,316,9,3,2,2026-02-25,2026-02-28,2026-03-10,277000.0,0.0,97.9,Error de programación
9280,16,12,2,2,2026-02-25,2026-02-28,2026-03-10,79000.0,0.0,141.8,Batería dañada
9281,491,10,5,2,2026-02-25,2026-02-28,2026-03-01,439000.0,0.0,16.7,Impresora no funciona
9282,673,21,5,1,2026-02-25,2026-02-27,2026-02-28,116000.0,0.0,1.9,
9283,1852,12,12,1,2026-02-25,2026-02-25,2026-02-26,175000.0,0.0,4.1,
9284,1824,13,1,1,2026-02-25,2026-02-26,2026-02-28,27000.0,0.0,4.5,
9285,1380,6,1,1,2026-02-25,2026-02-25,2026-02-26,48000.0,0.0,2.9,
9286,1548,5,6,1,2026-02-25,2026-02-25,2026-02-28,300000.0,0.0,7.1,
9287,1024,17,6,1,2026-02-25,2026-02-27,2026-02-28,171000.0,23000.0,3.6,
9288,490,1,2,1,2026-02-25,2026-02-25,2026-02-27,191000.0,0.0,7.6,
9289,1726,17,4,2,2026-02-26,2026-02-27,2026-02-28,42000.0,0.0,16.8,Plataforma desnivelada
9290,1368,24,7,1,2026-02-26,2026-02-28,2026-03-01,109000.0,0.0,2.9,
9291,855,18,1,1,2026-02-26,2026-02-28,2026-03-03,75000.0,0.0,7.8,
9292,1039,17,7,1,2026-02-26,2026-02-27,2026-03-02,371000.0,0.0,3.0,
9293,1637,9,4,2,2026-02-26,2026-02-28,2026-03-07,3028000.0,0.0,33.0,No enciende
9294,383,5,7,1,2026-02-26,2026-02-26,2026-03-01,24000.0,0.0,2.7,
9295,804,1,8,2,2026-02-26,2026-02-28,2026-03-02,4824000.0,0.0,41.1,Falla de teclado o trackball
9296,1994,22,5,2,2026-02-26,2026-02-28,2026-03-12,305000.0,0.0,93.1,Módulo ECG dañado
9297,696,1,2,1,2026-02-26,2026-02-27,2026-03-02,73000.0,0.0,8.0,
9298,1521,1,7,2,2026-02-26,2026-02-26,2026-03-09,147000.0,44000.0,52.8,SpO₂ sin lectura
9299,1181,11,1,1,2026-02-26,2026-02-26,2026-02-27,164000.0,0.0,4.4,
9300,588,2,2,1,2026-02-26,2026-02-28,2026-03-03,1404000.0,0.0,2.2,
9301,1954,7,2,1,2026-02-26,2026-02-28,2026-03-03,150000.0,0.0,5.6,
9302,884,9,3,2,2026-02-26,2026-02-26,2026-03-11,535000.0,0.0,275.9,Lecturas erráticas
9303,1899,12,7,1,2026-02-26,2026-02-28,2026-03-02,701000.0,0.0,1.3,
9304,1060,14,12,1,2026-02-26,2026-02-28,2026-03-02,164000.0,37000.0,1.2,
9305,1215,2,6,1,2026-02-27,2026-02-28,2026-03-02,113000.0,0.0,3.8,
9306,1315,14,12,1,2026-02-27,2026-03-01,2026-03-02,334000.0,0.0,3.6,
9307,301,4,8,2,2026-02-27,2026-03-02,2026-03-09,2022000.0,0.0,11.6,Imagen con ruido
9308,509,12,4,1,2026-02-27,2026-02-27,2026-03-01,117000.0,0.0,3.1,
9309,1645,17,2,1,2026-02-27,2026-02-27,2026-03-01,412000.0,93000.0,2.4,
9310,1295,11,3,1,2026-02-27,2026-03-01,2026-03-04,132000.0,0.0,2.3,
9311,1667,18,5,1,2026-02-27,2026-02-28,2026-03-01,142000.0,0.0,7.6,
9312,135,15,10,2,2026-02-27,2026-02-28,2026-03-08,2274000.0,0.0,17.6,Dosificación incorrecta de detergente
9313,921,3,1,1,2026-02-27,2026-03-01,2026-03-02,207000.0,0.0,7.1,
9314,1700,11,5,1,2026-02-27,2026-03-01,2026-03-03,259000.0,100000.0,6.0,
9315,766,22,1,1,2026-02-27,2026-03-01,2026-03-03,171000.0,49000.0,2.5,
9316,136,21,3,2,2026-02-27,2026-03-01,2026-03-06,268000.0,0.0,106.3,Alarmas defectuosas
9317,592,24,7,1,2026-02-27,2026-03-01,2026-03-02,423000.0,0.0,6.1,
9318,1668,15,11,1,2026-02-27,2026-02-27,2026-03-01,65000.0,0.0,4.9,
9319,622,1,1,1,2026-02-27,2026-03-01,2026-03-03,212000.0,29000.0,5.8,
9320,662,6,4,2,2026-02-28,2026-03-01,2026-03-04,117000.0,0.0,40.8,SpO₂ sin lectura
9321,1358,6,1,2,2026-02-28,2026-02-28,2026-03-04,110000.0,0.0,29.4,Pantalla dañada
9322,1059,7,4,2,2026-02-28,2026-03-01,2026-03-16,2448000.0,0.0,126.7,Problema en válvulas internas
9323,1399,9,12,2,2026-02-28,2026-02-28,2026-03-09,571000.0,0.0,140.0,Alarma defectuosa
9324,615,17,5,2,2026-02-28,2026-03-03,2026-03-05,101000.0,0.0,30.6,Peso incorrecto
9325,1329,13,2,2,2026-02-28,2026-03-03,2026-03-16,71000.0,0.0,85.0,Peso incorrecto
9326,24,12,1,2,2026-03-01,2026-03-01,2026-03-11,185000.0,0.0,110.3,Teclado/pantalla defectuosa
9327,1734,15,10,2,2026-03-01,2026-03-02,2026-03-11,142000.0,0.0,68.2,Corrosión
9328,1899,12,2,2,2026-03-01,2026-03-04,2026-03-11,1362000.0,0.0,48.5,Sensor de humedad defectuoso
9329,1481,5,12,2,2026-03-02,2026-03-02,2026-03-09,1821000.0,0.0,141.5,Obstrucción de líneas
9330,1847,10,4,1,2026-03-02,2026-03-02,2026-03-05,138000.0,0.0,3.9,
9331,128,4,4,2,2026-03-02,2026-03-02,2026-03-11,258000.0,0.0,201.8,Caudal incorrecto
9332,1124,12,4,1,2026-03-02,2026-03-02,2026-03-04,176000.0,0.0,1.7,
9333,385,5,1,1,2026-03-02,2026-03-04,2026-03-05,137000.0,0.0,4.6,
9334,1008,15,11,2,2026-03-02,2026-03-03,2026-03-05,0.0,0.0,25.9,Dosificación incorrecta de detergente
9335,1617,15,11,1,2026-03-02,2026-03-03,2026-03-04,1270000.0,273000.0,1.2,
9336,874,4,2,1,2026-03-02,2026-03-04,2026-03-06,236000.0,0.0,1.7,
9337,1371,12,7,1,2026-03-02,2026-03-04,2026-03-05,234000.0,58000.0,6.9,
9338,1274,12,7,2,2026-03-02,2026-03-05,2026-03-14,397000.0,0.0,156.6,Alarmas defectuosas
9339,306,3,5,1,2026-03-02,2026-03-04,2026-03-05,119000.0,30000.0,6.8,
9340,1628,22,2,1,2026-03-02,2026-03-02,2026-03-03,46000.0,0.0,2.8,
9341,1471,4,4,1,2026-03-02,2026-03-02,2026-03-04,34000.0,0.0,7.0,
9342,200,10,8,2,2026-03-02,2026-03-04,2026-03-15,3439000.0,661000.0,49.6,Transductor dañado
9343,366,11,3,1,2026-03-03,2026-03-04,2026-03-06,2305000.0,0.0,2.1,
9344,589,7,2,1,2026-03-03,2026-03-03,2026-03-04,408000.0,87000.0,6.4,
9345,1428,12,2,1,2026-03-03,2026-03-03,2026-03-06,391000.0,0.0,1.7,
9346,491,10,5,1,2026-03-03,2026-03-03,2026-03-06,233000.0,0.0,4.7,
9347,24,12,7,2,2026-03-03,2026-03-04,2026-03-17,185000.0,0.0,81.7,Teclado/pantalla defectuosa
9348,303,20,7,1,2026-03-03,2026-03-05,2026-03-06,345000.0,0.0,1.6,
9349,1630,9,5,2,2026-03-03,2026-03-04,2026-03-16,4592000.0,1378000.0,232.4,Alarma de presión
9350,125,1,1,1,2026-03-03,2026-03-05,2026-03-06,624000.0,0.0,4.6,
9351,1494,10,3,2,2026-03-03,2026-03-03,2026-03-18,285000.0,59000.0,91.6,Alarma no funciona
9352,677,9,5,1,2026-03-03,2026-03-05,2026-03-06,63000.0,11000.0,1.9,
9353,396,6,12,2,2026-03-03,2026-03-04,2026-03-17,345000.0,0.0,265.5,Error de motor
9354,123,8,2,2,2026-03-03,2026-03-03,2026-03-14,368000.0,0.0,108.1,SpO₂ no detecta señal
9355,474,21,1,1,2026-03-03,2026-03-04,2026-03-06,138000.0,0.0,6.8,
9356,1690,17,6,1,2026-03-03,2026-03-05,2026-03-08,124000.0,0.0,6.8,
9357,840,12,2,1,2026-03-03,2026-03-03,2026-03-04,885000.0,0.0,7.6,
9358,746,3,4,2,2026-03-04,2026-03-06,2026-03-08,429000.0,0.0,26.6,Pantalla sin imagen
9359,707,21,6,1,2026-03-04,2026-03-06,2026-03-09,381000.0,0.0,4.8,
9360,1028,2,7,2,2026-03-04,2026-03-06,2026-03-09,100000.0,0.0,49.0,Puerta o clamp dañado
9361,465,10,5,1,2026-03-04,2026-03-06,2026-03-08,574000.0,110000.0,6.8,
9362,1042,10,2,2,2026-03-04,2026-03-05,2026-03-06,3318000.0,0.0,8.7,Error de calibración
9363,262,15,10,1,2026-03-04,2026-03-05,2026-03-06,744000.0,0.0,4.6,
9364,459,24,4,1,2026-03-04,2026-03-05,2026-03-08,250000.0,49000.0,2.4,
9365,1771,9,2,1,2026-03-04,2026-03-06,2026-03-08,561000.0,0.0,3.4,
9366,269,17,8,2,2026-03-04,2026-03-05,2026-03-16,4258000.0,0.0,50.4,Batería defectuosa
9367,813,2,3,1,2026-03-05,2026-03-07,2026-03-10,168000.0,0.0,2.9,
9368,1100,1,2,2,2026-03-05,2026-03-06,2026-03-19,44000.0,0.0,174.4,Iluminación deficiente
9369,1297,9,7,2,2026-03-05,2026-03-08,2026-03-10,3583000.0,0.0,25.7,Falla de pantalla
9370,1180,7,4,2,2026-03-05,2026-03-07,2026-03-19,122000.0,0.0,39.2,Temperatura errática
9371,977,1,7,1,2026-03-05,2026-03-06,2026-03-09,3608000.0,0.0,5.8,
9372,1679,3,12,2,2026-03-05,2026-03-06,2026-03-17,2910000.0,0.0,96.6,Falla de calibración
9373,850,4,4,2,2026-03-05,2026-03-06,2026-03-12,596000.0,0.0,95.2,Módulo ECG dañado
9374,1561,4,5,2,2026-03-05,2026-03-07,2026-03-20,410000.0,123000.0,278.5,Lecturas erráticas
9375,873,6,5,1,2026-03-05,2026-03-05,2026-03-08,27000.0,0.0,7.0,
9376,547,9,2,2,2026-03-05,2026-03-05,2026-03-16,220000.0,0.0,110.0,Lecturas inconsistentes
9377,1430,12,6,2,2026-03-05,2026-03-05,2026-03-14,295000.0,0.0,166.1,Lecturas erráticas
9378,655,11,2,1,2026-03-05,2026-03-07,2026-03-08,168000.0,0.0,4.2,
9379,671,9,12,2,2026-03-05,2026-03-07,2026-03-13,231000.0,0.0,47.9,No alcanza RPM
9380,813,2,6,2,2026-03-05,2026-03-05,2026-03-06,295000.0,0.0,15.6,SpO₂ no detecta señal
9381,1943,3,7,1,2026-03-06,2026-03-08,2026-03-09,3000.0,0.0,4.6,
9382,570,3,2,1,2026-03-06,2026-03-07,2026-03-09,169000.0,14000.0,4.6,
9383,1300,24,3,1,2026-03-06,2026-03-08,2026-03-11,215000.0,0.0,4.3,
9384,810,15,11,1,2026-03-06,2026-03-07,2026-03-09,124000.0,0.0,4.7,
9385,1312,21,4,1,2026-03-06,2026-03-06,2026-03-07,49000.0,0.0,7.4,
9386,110,15,10,1,2026-03-06,2026-03-06,2026-03-08,65000.0,0.0,4.1,
9387,1872,3,6,2,2026-03-06,2026-03-09,2026-03-24,303000.0,0.0,54.3,Alarma de oclusión
9388,1115,18,10,1,2026-03-06,2026-03-08,2026-03-09,94000.0,22000.0,1.8,
9389,69,21,1,2,2026-03-06,2026-03-09,2026-03-12,173000.0,0.0,23.6,Error de calibración
9390,109,22,4,2,2026-03-06,2026-03-09,2026-03-18,395000.0,0.0,9.0,Software no reconoce el equipo
9391,116,7,2,2,2026-03-06,2026-03-07,2026-03-08,436000.0,0.0,11.7,Impresora no funciona
9392,556,17,5,1,2026-03-06,2026-03-08,2026-03-09,60000.0,0.0,4.6,
9393,1318,15,10,2,2026-03-08,2026-03-10,2026-03-20,2532000.0,0.0,167.7,Error de sensores
9394,827,17,9,2,2026-03-08,2026-03-11,2026-03-24,1202000.0,382000.0,16.4,Imagen con ruido
9395,1205,10,4,2,2026-03-08,2026-03-09,2026-03-13,1008000.0,0.0,47.7,Puerta o cúpula dañada
9396,72,6,12,2,2026-03-08,2026-03-08,2026-03-10,3616000.0,1085000.0,41.9,Falla de calibración
9397,1690,17,2,2,2026-03-08,2026-03-10,2026-03-14,138000.0,0.0,93.3,Temperatura errática
9398,1246,12,5,2,2026-03-08,2026-03-09,2026-03-10,576000.0,127000.0,16.6,Lecturas erráticas
9399,615,17,4,1,2026-03-09,2026-03-10,2026-03-12,103000.0,0.0,5.4,
9400,573,4,6,2,2026-03-09,2026-03-10,2026-03-23,6042000.0,0.0,148.5,Pantalla sin respuesta
9401,557,6,7,2,2026-03-09,2026-03-11,2026-03-16,436000.0,131000.0,79.7,Cables de paciente defectuosos
9402,1407,14,12,1,2026-03-09,2026-03-10,2026-03-12,209000.0,43000.0,6.6,
9403,1905,22,12,2,2026-03-09,2026-03-11,2026-03-20,70000.0,21000.0,157.5,Resistencia dañada
9404,1164,20,9,2,2026-03-09,2026-03-09,2026-03-17,4991000.0,0.0,140.5,Brazo desbalanceado
9405,1505,17,2,1,2026-03-09,2026-03-09,2026-03-12,97000.0,0.0,4.5,
9406,554,1,6,1,2026-03-09,2026-03-10,2026-03-13,36000.0,0.0,2.2,
9407,387,7,6,1,2026-03-09,2026-03-11,2026-03-14,3000.0,0.0,5.6,
9408,1256,17,5,1,2026-03-09,2026-03-10,2026-03-13,140000.0,17000.0,3.1,
9409,1870,10,5,1,2026-03-09,2026-03-09,2026-03-10,159000.0,0.0,4.7,
9410,150,1,4,1,2026-03-09,2026-03-09,2026-03-11,135000.0,44000.0,4.7,
9411,1878,6,6,1,2026-03-09,2026-03-11,2026-03-14,134000.0,0.0,3.5,
9412,136,21,1,2,2026-03-09,2026-03-10,2026-03-23,268000.0,0.0,58.1,Módulo ECG dañado
9413,928,1,8,1,2026-03-10,2026-03-10,2026-03-11,869000.0,0.0,6.2,
9414,649,21,2,1,2026-03-10,2026-03-11,2026-03-14,218000.0,0.0,3.2,
9415,408,12,2,1,2026-03-10,2026-03-11,2026-03-14,1758000.0,0.0,6.6,
9416,401,2,3,1,2026-03-10,2026-03-11,2026-03-13,213000.0,0.0,2.5,
9417,613,13,5,1,2026-03-10,2026-03-11,2026-03-12,312000.0,0.0,1.2,
9418,1183,18,10,2,2026-03-10,2026-03-12,2026-03-23,461000.0,99000.0,37.1,Botón de emergencia defectuoso
9419,380,12,6,2,2026-03-10,2026-03-10,2026-03-11,11000.0,0.0,18.5,Batería agotada
9420,316,9,4,1,2026-03-10,2026-03-10,2026-03-11,251000.0,0.0,7.6,
9421,1172,7,5,1,2026-03-10,2026-03-11,2026-03-13,4000.0,0.0,2.8,
9422,1925,17,8,1,2026-03-10,2026-03-10,2026-03-11,790000.0,0.0,3.5,
9423,835,11,1,1,2026-03-10,2026-03-11,2026-03-12,84000.0,8000.0,7.8,
9424,1733,19,10,1,2026-03-11,2026-03-13,2026-03-15,659000.0,109000.0,5.3,
9425,1947,11,6,1,2026-03-11,2026-03-13,2026-03-16,1261000.0,0.0,4.8,
9426,637,9,9,1,2026-03-11,2026-03-12,2026-03-13,26153000.0,0.0,8.0,
9427,916,12,3,2,2026-03-11,2026-03-11,2026-03-13,3508000.0,0.0,39.5,Batería dañada
9428,1118,17,7,1,2026-03-11,2026-03-12,2026-03-13,99000.0,0.0,4.3,
9429,1768,3,5,1,2026-03-11,2026-03-12,2026-03-14,136000.0,0.0,1.8,
9430,1949,4,9,2,2026-03-11,2026-03-11,2026-03-21,4582000.0,0.0,11.5,Falla de teclado o trackball
9431,1164,20,9,1,2026-03-11,2026-03-13,2026-03-14,2439000.0,0.0,1.8,
9432,683,1,1,2,2026-03-11,2026-03-11,2026-03-14,26000.0,0.0,19.4,Manómetro descalibrado
9433,1909,21,1,1,2026-03-11,2026-03-12,2026-03-13,57000.0,0.0,7.8,
9434,1179,4,4,1,2026-03-11,2026-03-12,2026-03-14,10000.0,0.0,6.7,
9435,593,15,10,1,2026-03-11,2026-03-12,2026-03-15,111000.0,0.0,2.9,
9436,848,5,7,2,2026-03-11,2026-03-13,2026-03-28,100000.0,0.0,45.4,Batería agotada
9437,900,4,12,1,2026-03-11,2026-03-11,2026-03-13,315000.0,0.0,2.8,
9438,1796,3,1,2,2026-03-11,2026-03-14,2026-03-18,164000.0,0.0,65.2,Caudal incorrecto
9439,1628,22,3,2,2026-03-12,2026-03-13,2026-03-14,20000.0,0.0,23.2,Válvula defectuosa
9440,1894,18,5,1,2026-03-12,2026-03-12,2026-03-15,76000.0,17000.0,5.3,
9441,256,10,5,1,2026-03-12,2026-03-12,2026-03-15,75000.0,0.0,6.3,
9442,1730,15,10,1,2026-03-12,2026-03-13,2026-03-16,171000.0,0.0,5.1,
9443,298,12,4,1,2026-03-12,2026-03-14,2026-03-15,166000.0,0.0,1.2,
9444,1364,2,2,1,2026-03-12,2026-03-12,2026-03-15,322000.0,95000.0,3.0,
9445,692,17,6,1,2026-03-12,2026-03-13,2026-03-16,71000.0,0.0,6.5,
9446,1748,3,6,1,2026-03-12,2026-03-14,2026-03-17,49000.0,0.0,4.9,
9447,1945,1,4,1,2026-03-12,2026-03-13,2026-03-14,102000.0,27000.0,2.2,
9448,398,6,7,2,2026-03-12,2026-03-14,2026-03-25,12000.0,0.0,25.6,Lectura errática
9449,226,11,5,1,2026-03-12,2026-03-14,2026-03-17,207000.0,0.0,2.4,
9450,126,5,1,1,2026-03-13,2026-03-14,2026-03-16,26000.0,0.0,3.7,
9451,976,18,3,2,2026-03-13,2026-03-13,2026-03-26,13000.0,3000.0,84.0,Lectura incorrecta
9452,1177,5,2,2,2026-03-13,2026-03-16,2026-03-26,382000.0,0.0,60.2,Lecturas erráticas
9453,1669,2,7,1,2026-03-13,2026-03-14,2026-03-17,113000.0,0.0,2.8,
9454,443,2,5,2,2026-03-13,2026-03-13,2026-03-23,185000.0,49000.0,52.7,Error de calibración
9455,1826,2,4,1,2026-03-13,2026-03-13,2026-03-14,20000.0,0.0,3.9,
9456,585,2,5,1,2026-03-13,2026-03-15,2026-03-18,9000.0,0.0,5.5,
9457,50,5,1,1,2026-03-13,2026-03-13,2026-03-16,269000.0,0.0,1.2,
9458,790,3,6,2,2026-03-13,2026-03-14,2026-03-15,5355000.0,0.0,13.3,Falla en vaporizador
9459,1936,1,1,2,2026-03-13,2026-03-14,2026-03-24,3466000.0,837000.0,44.5,Falla en vaporizador
9460,1329,13,5,1,2026-03-13,2026-03-13,2026-03-14,105000.0,0.0,6.5,
9461,1134,1,5,1,2026-03-13,2026-03-13,2026-03-14,83000.0,18000.0,7.5,
9462,830,12,2,1,2026-03-13,2026-03-15,2026-03-17,177000.0,66000.0,7.8,
9463,280,9,7,2,2026-03-14,2026-03-14,2026-03-25,182000.0,29000.0,215.4,Puerta o clamp dañado
9464,1604,7,6,2,2026-03-14,2026-03-15,2026-03-24,3380000.0,1014000.0,148.6,Alarma de presión
9465,476,9,1,2,2026-03-14,2026-03-14,2026-03-27,3314000.0,0.0,200.3,Sensor defectuoso
9466,1332,4,9,2,2026-03-15,2026-03-15,2026-03-17,60000000.0,0.0,44.4,Error de software
9467,787,1,2,1,2026-03-16,2026-03-16,2026-03-18,230000.0,86000.0,2.7,
9468,1285,15,10,1,2026-03-16,2026-03-17,2026-03-19,103000.0,20000.0,5.6,
9469,898,7,3,1,2026-03-16,2026-03-16,2026-03-19,119000.0,0.0,2.9,
9470,818,4,3,1,2026-03-16,2026-03-16,2026-03-18,85000.0,0.0,1.9,
9471,167,9,2,1,2026-03-16,2026-03-16,2026-03-17,24000.0,0.0,1.8,
9472,1085,12,4,1,2026-03-16,2026-03-18,2026-03-21,467000.0,0.0,1.3,
9473,39,7,3,1,2026-03-16,2026-03-17,2026-03-18,53000.0,0.0,4.2,
9474,971,3,7,1,2026-03-16,2026-03-17,2026-03-19,128000.0,0.0,4.6,
9475,1084,17,2,2,2026-03-16,2026-03-16,2026-03-23,466000.0,0.0,106.4,Colchón dañado
9476,222,12,4,1,2026-03-16,2026-03-18,2026-03-19,154000.0,0.0,5.1,
9477,697,2,5,1,2026-03-16,2026-03-18,2026-03-21,96000.0,0.0,3.5,
9478,1399,9,12,2,2026-03-16,2026-03-16,2026-03-27,571000.0,0.0,141.8,Alarma defectuosa
9479,862,8,1,1,2026-03-16,2026-03-17,2026-03-20,285000.0,0.0,1.9,
9480,853,20,8,2,2026-03-16,2026-03-17,2026-03-30,318000.0,0.0,236.6,Punta/sensor dañado
9481,1745,16,7,1,2026-03-16,2026-03-16,2026-03-17,37000.0,0.0,3.1,
9482,482,19,10,1,2026-03-16,2026-03-18,2026-03-20,64000.0,0.0,3.5,
9483,197,6,6,1,2026-03-16,2026-03-17,2026-03-19,198000.0,21000.0,6.6,
9484,1428,12,2,2,2026-03-17,2026-03-20,2026-04-04,1005000.0,0.0,287.4,Sensor de humedad defectuoso
9485,533,3,2,1,2026-03-17,2026-03-18,2026-03-20,162000.0,0.0,6.9,
9486,824,6,5,2,2026-03-17,2026-03-19,2026-03-20,27000.0,0.0,16.5,Fuga en brazalete
9487,194,4,2,2,2026-03-17,2026-03-20,2026-03-26,19000.0,0.0,143.8,Válvula defectuosa
9488,461,12,12,1,2026-03-17,2026-03-17,2026-03-18,201000.0,31000.0,6.6,
9489,1010,11,2,2,2026-03-17,2026-03-17,2026-03-19,128000.0,35000.0,23.2,SpO₂ sin lectura
9490,284,15,11,1,2026-03-17,2026-03-18,2026-03-21,151000.0,0.0,7.4,
9491,1994,22,7,2,2026-03-17,2026-03-18,2026-03-22,305000.0,0.0,75.0,Módulo ECG dañado
9492,288,10,4,1,2026-03-18,2026-03-19,2026-03-20,350000.0,0.0,7.7,
9493,1059,7,1,2,2026-03-18,2026-03-20,2026-03-28,2247000.0,0.0,92.3,No enciende
9494,1908,10,3,1,2026-03-18,2026-03-19,2026-03-22,226000.0,84000.0,6.3,
9495,815,10,3,2,2026-03-18,2026-03-18,2026-03-20,682000.0,0.0,35.7,Batería agotada
9496,1310,11,5,1,2026-03-18,2026-03-18,2026-03-19,42000.0,0.0,4.7,
9497,825,22,6,1,2026-03-18,2026-03-20,2026-03-22,213000.0,43000.0,2.1,
9498,666,3,6,2,2026-03-18,2026-03-19,2026-03-20,510000.0,0.0,8.1,Módulo ECG dañado
9499,337,1,3,2,2026-03-18,2026-03-18,2026-03-23,2287000.0,0.0,55.4,Falla de pantalla
9500,1578,20,9,2,2026-03-18,2026-03-21,2026-03-25,6721000.0,2266000.0,8.1,Fallo de software
9501,148,1,2,2,2026-03-18,2026-03-20,2026-03-23,3067000.0,0.0,35.1,Falla de batería
9502,1492,3,1,2,2026-03-18,2026-03-18,2026-03-24,208000.0,0.0,77.1,Alarma de oclusión
9503,1077,4,7,1,2026-03-18,2026-03-18,2026-03-19,278000.0,53000.0,3.5,
9504,820,14,6,1,2026-03-18,2026-03-19,2026-03-22,70000.0,0.0,4.5,
9505,1258,18,11,1,2026-03-18,2026-03-19,2026-03-22,274000.0,0.0,6.5,
9506,1772,9,7,1,2026-03-19,2026-03-21,2026-03-22,160000.0,0.0,4.6,
9507,203,10,4,1,2026-03-19,2026-03-19,2026-03-20,1917000.0,0.0,4.7,
9508,1734,15,10,1,2026-03-19,2026-03-20,2026-03-23,51000.0,0.0,7.3,
9509,993,10,1,2,2026-03-19,2026-03-20,2026-03-29,2312000.0,0.0,126.3,Falla de batería
9510,1404,9,2,1,2026-03-19,2026-03-19,2026-03-21,234000.0,0.0,4.0,
9511,449,3,2,2,2026-03-19,2026-03-19,2026-03-20,1271000.0,0.0,21.8,Falla de pantalla
9512,1122,13,6,1,2026-03-19,2026-03-19,2026-03-20,164000.0,0.0,7.7,
9513,1306,3,3,1,2026-03-19,2026-03-20,2026-03-23,432000.0,0.0,2.3,
9514,860,11,5,1,2026-03-19,2026-03-19,2026-03-22,122000.0,0.0,3.4,
9515,1867,6,3,1,2026-03-19,2026-03-20,2026-03-21,24000.0,0.0,4.7,
9516,410,12,4,1,2026-03-19,2026-03-20,2026-03-23,574000.0,0.0,2.2,
9517,1535,19,1,2,2026-03-19,2026-03-19,2026-03-28,4000.0,0.0,160.7,Lectura errática
9518,325,17,4,2,2026-03-19,2026-03-21,2026-04-01,287000.0,0.0,246.3,Módulo ECG dañado
9519,1727,13,5,1,2026-03-19,2026-03-20,2026-03-23,23000.0,0.0,1.6,
9520,1606,5,6,1,2026-03-20,2026-03-21,2026-03-24,233000.0,17000.0,6.1,
9521,1556,9,1,1,2026-03-20,2026-03-21,2026-03-24,198000.0,0.0,3.4,
9522,1800,18,6,1,2026-03-20,2026-03-21,2026-03-22,53000.0,0.0,4.5,
9523,1547,8,5,1,2026-03-20,2026-03-22,2026-03-25,49000.0,0.0,3.2,
9524,1415,19,3,1,2026-03-20,2026-03-20,2026-03-22,111000.0,8000.0,3.9,
9525,1058,17,3,1,2026-03-20,2026-03-22,2026-03-24,945000.0,0.0,7.7,
9526,269,17,8,2,2026-03-20,2026-03-23,2026-04-04,3992000.0,0.0,138.7,Falla de detector
9527,1921,21,3,1,2026-03-20,2026-03-21,2026-03-23,370000.0,0.0,4.0,
9528,1510,11,7,1,2026-03-20,2026-03-21,2026-03-23,258000.0,39000.0,4.4,
9529,1573,2,4,1,2026-03-20,2026-03-22,2026-03-23,1174000.0,0.0,3.3,
9530,1520,14,4,1,2026-03-20,2026-03-20,2026-03-23,121000.0,26000.0,4.2,
9531,788,12,3,2,2026-03-20,2026-03-22,2026-04-01,440000.0,0.0,162.1,Pantalla dañada
9532,1738,9,1,2,2026-03-20,2026-03-21,2026-03-27,141000.0,0.0,141.2,Teclado/pantalla defectuosa
9533,177,17,2,2,2026-03-20,2026-03-20,2026-03-23,211000.0,0.0,16.6,Error de calibración
9534,1243,15,10,1,2026-03-20,2026-03-22,2026-03-24,239000.0,22000.0,3.0,
9535,217,5,1,2,2026-03-20,2026-03-21,2026-04-01,122000.0,0.0,248.7,Pantalla dañada
9536,137,15,10,2,2026-03-21,2026-03-21,2026-03-28,182000.0,27000.0,65.1,Resistencia dañada
9537,932,24,6,2,2026-03-21,2026-03-24,2026-03-28,421000.0,0.0,18.1,Pantalla sin imagen
9538,1031,12,2,2,2026-03-21,2026-03-21,2026-03-31,117000.0,0.0,38.8,Error de calibración
9539,583,14,12,2,2026-03-21,2026-03-21,2026-04-01,2194000.0,0.0,215.1,Falla de calibración
9540,704,22,4,2,2026-03-21,2026-03-24,2026-04-08,167000.0,0.0,177.0,Trazado con ruido
9541,1783,7,1,2,2026-03-21,2026-03-24,2026-04-07,484000.0,0.0,104.7,Lecturas erráticas
9542,452,5,1,2,2026-03-21,2026-03-23,2026-04-07,369000.0,111000.0,72.7,Mecanismo de altura no funciona
9543,135,15,11,2,2026-03-21,2026-03-24,2026-04-05,2274000.0,0.0,16.3,Boquillas obstruidas
9544,1854,11,7,2,2026-03-22,2026-03-22,2026-03-30,205000.0,0.0,11.6,Alarma de oclusión
9545,1938,10,7,2,2026-03-22,2026-03-24,2026-04-01,399000.0,104000.0,167.9,Módulo ECG dañado
9546,1490,12,1,2,2026-03-22,2026-03-23,2026-04-03,2644000.0,1054000.0,180.3,Alarma de presión
9547,1257,17,2,2,2026-03-22,2026-03-23,2026-04-03,114000.0,0.0,81.5,Puerta o clamp dañado
9548,141,4,3,2,2026-03-22,2026-03-22,2026-03-25,132000.0,0.0,52.9,Error de calibración
9549,850,9,4,1,2026-03-23,2026-03-23,2026-03-24,468000.0,0.0,2.3,
9550,199,7,2,1,2026-03-23,2026-03-23,2026-03-24,117000.0,0.0,2.6,
9551,1013,4,7,2,2026-03-23,2026-03-26,2026-03-29,307000.0,92000.0,45.8,Lecturas erráticas
9552,1436,10,9,2,2026-03-23,2026-03-26,2026-03-27,2252000.0,0.0,11.5,Pantalla defectuosa
9553,1031,12,6,1,2026-03-23,2026-03-23,2026-03-26,59000.0,0.0,6.7,
9554,674,16,4,1,2026-03-23,2026-03-24,2026-03-27,13000.0,0.0,2.5,
9555,788,12,6,1,2026-03-23,2026-03-25,2026-03-27,266000.0,0.0,5.8,
9556,1838,3,3,1,2026-03-23,2026-03-23,2026-03-26,23000.0,0.0,3.0,
9557,1048,11,3,1,2026-03-23,2026-03-23,2026-03-25,28000.0,0.0,4.8,
9558,1247,9,6,1,2026-03-23,2026-03-24,2026-03-26,94000.0,0.0,7.5,
9559,1221,18,3,1,2026-03-23,2026-03-23,2026-03-25,38000.0,0.0,6.8,
9560,1147,8,1,1,2026-03-23,2026-03-24,2026-03-27,29000.0,0.0,3.3,
9561,1965,18,1,1,2026-03-23,2026-03-23,2026-03-24,38000.0,0.0,3.1,
9562,1105,7,5,1,2026-03-24,2026-03-26,2026-03-29,182000.0,0.0,1.3,
9563,1116,1,1,1,2026-03-24,2026-03-24,2026-03-25,1479000.0,0.0,1.0,
9564,790,3,5,2,2026-03-24,2026-03-26,2026-03-27,5355000.0,0.0,16.0,Falla de batería
9565,1991,16,12,2,2026-03-24,2026-03-25,2026-04-09,386000.0,116000.0,299.9,Alarma defectuosa
9566,1869,16,2,1,2026-03-24,2026-03-24,2026-03-26,42000.0,0.0,2.3,
9567,291,20,9,1,2026-03-24,2026-03-24,2026-03-27,1540000.0,0.0,1.7,
9568,731,9,2,1,2026-03-25,2026-03-25,2026-03-26,80000.0,0.0,4.1,
9569,1707,2,4,1,2026-03-25,2026-03-27,2026-03-28,43000.0,2000.0,6.1,
9570,175,4,6,1,2026-03-25,2026-03-26,2026-03-27,114000.0,0.0,1.8,
9571,1355,24,5,1,2026-03-25,2026-03-25,2026-03-28,284000.0,0.0,2.1,
9572,777,1,7,1,2026-03-26,2026-03-27,2026-03-28,119000.0,0.0,4.2,
9573,511,9,12,1,2026-03-26,2026-03-27,2026-03-29,87000.0,0.0,2.9,
9574,1940,1,7,2,2026-03-26,2026-03-27,2026-04-06,185000.0,56000.0,187.0,No detecta línea
9575,1038,7,4,1,2026-03-26,2026-03-26,2026-03-29,237000.0,0.0,5.9,
9576,603,9,1,2,2026-03-26,2026-03-27,2026-04-04,2313000.0,0.0,55.7,No enciende
9577,737,11,6,2,2026-03-26,2026-03-26,2026-04-01,1463000.0,0.0,138.9,Puerta o cúpula dañada
9578,330,3,4,1,2026-03-26,2026-03-27,2026-03-29,198000.0,40000.0,4.0,
9579,64,12,7,1,2026-03-26,2026-03-26,2026-03-27,147000.0,0.0,7.2,
9580,437,7,5,2,2026-03-27,2026-03-30,2026-04-08,152000.0,0.0,102.6,Batería dañada
9581,722,7,4,1,2026-03-27,2026-03-28,2026-03-29,90000.0,0.0,5.9,
9582,1633,11,4,1,2026-03-27,2026-03-29,2026-04-01,24000.0,3000.0,4.5,
9583,54,9,12,1,2026-03-27,2026-03-29,2026-03-31,953000.0,0.0,7.6,
9584,1148,3,12,2,2026-03-27,2026-03-30,2026-04-04,3271000.0,0.0,106.5,Obstrucción de pipetas
9585,868,1,5,1,2026-03-27,2026-03-29,2026-04-01,51000.0,0.0,4.3,
9586,374,15,10,2,2026-03-27,2026-03-29,2026-04-04,2710000.0,0.0,46.9,Puerta no sella
9587,720,17,6,2,2026-03-27,2026-03-28,2026-04-05,21000.0,0.0,151.2,Lectura incorrecta
9588,1305,9,4,1,2026-03-27,2026-03-29,2026-04-01,145000.0,0.0,6.2,
9589,698,19,7,1,2026-03-27,2026-03-27,2026-03-28,10000.0,1000.0,4.4,
9590,1561,4,3,2,2026-03-27,2026-03-30,2026-04-14,410000.0,123000.0,275.6,Módulo ECG dañado
9591,1970,2,3,2,2026-03-28,2026-03-29,2026-04-01,180000.0,54000.0,41.9,Error de calibración
9592,263,10,6,2,2026-03-28,2026-03-29,2026-04-12,319000.0,0.0,77.6,Pantalla sin imagen
9593,352,2,3,2,2026-03-28,2026-03-31,2026-04-10,7000.0,2000.0,160.0,Tiempo de medición excesivo
9594,679,12,3,2,2026-03-28,2026-03-28,2026-03-29,14000.0,4000.0,17.8,Lectura incorrecta
9595,977,21,1,2,2026-03-28,2026-03-29,2026-04-12,6916000.0,0.0,83.8,Problema en ventilador integrado
9596,489,1,1,2,2026-03-28,2026-03-30,2026-04-14,4443000.0,0.0,58.4,Batería dañada
9597,243,12,1,1,2026-03-30,2026-03-31,2026-04-03,620000.0,0.0,7.2,
9598,1325,20,9,1,2026-03-30,2026-04-01,2026-04-04,3151000.0,0.0,1.5,
9599,279,8,1,1,2026-03-30,2026-04-01,2026-04-03,108000.0,0.0,7.3,
9600,1391,4,2,1,2026-03-30,2026-03-31,2026-04-02,64000.0,0.0,5.8,
9601,1059,7,4,1,2026-03-30,2026-03-30,2026-03-31,1646000.0,0.0,7.7,
9602,1835,20,8,1,2026-03-30,2026-03-31,2026-04-01,472000.0,0.0,1.1,
9603,1841,5,1,1,2026-03-30,2026-04-01,2026-04-02,410000.0,0.0,2.5,
9604,1384,16,7,1,2026-03-30,2026-03-30,2026-04-01,58000.0,0.0,6.5,
9605,1108,3,12,1,2026-03-30,2026-03-31,2026-04-01,563000.0,0.0,2.4,
9606,1677,5,2,1,2026-03-31,2026-03-31,2026-04-03,17000.0,0.0,5.9,
9607,1001,11,5,1,2026-03-31,2026-03-31,2026-04-01,1165000.0,318000.0,2.3,
9608,656,4,2,1,2026-03-31,2026-03-31,2026-04-02,12000.0,1000.0,6.8,
9609,645,1,5,2,2026-04-01,2026-04-03,2026-04-09,22000.0,5000.0,42.7,Lectura incorrecta
9610,114,7,6,2,2026-04-01,2026-04-02,2026-04-10,2332000.0,0.0,21.6,Fuga en circuito
9611,1762,17,3,1,2026-04-01,2026-04-03,2026-04-06,228000.0,0.0,5.4,
9612,508,3,7,1,2026-04-01,2026-04-03,2026-04-05,198000.0,0.0,7.0,
9613,601,12,1,2,2026-04-01,2026-04-01,2026-04-07,502000.0,150000.0,34.4,No enciende
9614,663,1,2,2,2026-04-01,2026-04-01,2026-04-15,1598000.0,0.0,199.0,Puerta o cúpula dañada
9615,800,22,12,2,2026-04-01,2026-04-01,2026-04-02,239000.0,0.0,19.6,Lentes sucios o dañados
9616,481,21,2,1,2026-04-02,2026-04-02,2026-04-05,207000.0,0.0,7.4,
9617,269,17,9,1,2026-04-02,2026-04-03,2026-04-04,873000.0,0.0,6.9,
9618,381,11,4,2,2026-04-02,2026-04-03,2026-04-11,4192000.0,0.0,29.9,Fuga en circuito
9619,1787,22,5,2,2026-04-02,2026-04-03,2026-04-08,186000.0,0.0,102.9,SpO₂ sin lectura
9620,1069,12,2,2,2026-04-02,2026-04-04,2026-04-18,5886000.0,0.0,215.7,Problema en ventilador integrado
9621,1364,2,1,2,2026-04-02,2026-04-05,2026-04-08,541000.0,162000.0,27.7,Descarga fallida
9622,1440,10,6,1,2026-04-02,2026-04-02,2026-04-04,803000.0,0.0,2.3,
9623,1399,9,12,2,2026-04-02,2026-04-05,2026-04-06,571000.0,0.0,13.6,Temperatura fuera de rango
9624,433,4,1,1,2026-04-02,2026-04-02,2026-04-04,47000.0,0.0,3.0,
9625,1864,6,5,1,2026-04-02,2026-04-03,2026-04-05,118000.0,27000.0,3.0,
9626,1406,15,10,2,2026-04-02,2026-04-04,2026-04-06,3337000.0,0.0,42.8,Fuga de vapor
9627,1170,21,7,1,2026-04-02,2026-04-03,2026-04-04,79000.0,12000.0,3.4,
9628,1557,4,8,1,2026-04-02,2026-04-03,2026-04-06,5103000.0,0.0,2.1,
9629,1635,2,5,1,2026-04-03,2026-04-05,2026-04-07,70000.0,0.0,4.3,
9630,984,11,2,1,2026-04-03,2026-04-04,2026-04-05,67000.0,15000.0,5.2,
9631,1348,16,5,1,2026-04-03,2026-04-05,2026-04-06,276000.0,0.0,2.7,
9632,492,11,1,1,2026-04-03,2026-04-05,2026-04-08,124000.0,0.0,6.2,
9633,1084,17,7,2,2026-04-03,2026-04-06,2026-04-18,466000.0,0.0,163.5,Barandas sueltas
9634,516,7,1,1,2026-04-03,2026-04-04,2026-04-06,85000.0,0.0,2.8,
9635,1452,7,1,1,2026-04-03,2026-04-05,2026-04-07,2007000.0,447000.0,1.0,
9636,376,17,1,2,2026-04-03,2026-04-06,2026-04-10,563000.0,0.0,69.8,No enciende
9637,811,19,3,1,2026-04-03,2026-04-04,2026-04-07,131000.0,0.0,7.2,
9638,312,17,4,2,2026-04-04,2026-04-05,2026-04-06,392000.0,117000.0,11.8,SpO₂ no detecta señal
9639,1569,12,7,2,2026-04-04,2026-04-04,2026-04-12,13000.0,0.0,96.7,Válvula defectuosa
9640,1162,1,2,2,2026-04-04,2026-04-05,2026-04-14,133000.0,0.0,139.1,Puerta o clamp dañado
9641,910,6,6,2,2026-04-04,2026-04-05,2026-04-13,457000.0,137000.0,152.6,Software no reconoce el equipo
9642,1153,2,2,2,2026-04-05,2026-04-08,2026-04-23,333000.0,100000.0,258.6,Alarmas defectuosas
9643,1426,22,4,2,2026-04-05,2026-04-06,2026-04-16,16000.0,0.0,14.9,Fuga en brazalete
9644,1499,6,4,2,2026-04-05,2026-04-07,2026-04-12,118000.0,0.0,96.4,Falla de presión NIBP
9645,1739,21,6,2,2026-04-05,2026-04-07,2026-04-13,21000.0,6000.0,128.5,Válvula defectuosa
9646,1532,17,7,1,2026-04-06,2026-04-08,2026-04-11,172000.0,0.0,3.1,
9647,658,10,4,2,2026-04-06,2026-04-07,2026-04-17,807000.0,242000.0,227.3,Sensor de humedad defectuoso
9648,790,3,7,2,2026-04-06,2026-04-09,2026-04-10,5355000.0,0.0,12.1,Falla en vaporizador
9649,1803,4,3,2,2026-04-06,2026-04-09,2026-04-13,240000.0,0.0,56.1,Lecturas erráticas
9650,1573,2,2,2,2026-04-06,2026-04-07,2026-04-15,2828000.0,0.0,36.6,Error de calibración
9651,1128,12,2,1,2026-04-06,2026-04-07,2026-04-10,183000.0,0.0,4.1,
9652,1297,9,1,2,2026-04-06,2026-04-08,2026-04-13,2793000.0,0.0,116.8,Sensor defectuoso
9653,1229,17,6,2,2026-04-06,2026-04-07,2026-04-15,394000.0,0.0,152.4,Alarmas defectuosas
9654,1148,3,12,1,2026-04-06,2026-04-06,2026-04-07,1790000.0,0.0,5.8,
9655,1162,1,6,1,2026-04-07,2026-04-09,2026-04-10,119000.0,0.0,5.7,
9656,1320,10,1,1,2026-04-07,2026-04-09,2026-04-12,238000.0,0.0,5.0,
9657,1757,21,4,1,2026-04-07,2026-04-09,2026-04-11,154000.0,14000.0,4.0,
9658,236,2,5,1,2026-04-07,2026-04-09,2026-04-11,461000.0,76000.0,6.0,
9659,1673,4,4,2,2026-04-07,2026-04-09,2026-04-20,2025000.0,0.0,161.3,Alarma de presión
9660,747,15,11,1,2026-04-07,2026-04-08,2026-04-09,111000.0,0.0,4.7,
9661,1672,21,5,2,2026-04-07,2026-04-10,2026-04-11,28000.0,0.0,19.5,Pera dañada
9662,667,4,2,1,2026-04-07,2026-04-07,2026-04-09,223000.0,0.0,3.7,
9663,1902,20,1,1,2026-04-07,2026-04-07,2026-04-09,27000.0,2000.0,2.2,
9664,95,4,3,1,2026-04-07,2026-04-09,2026-04-12,120000.0,0.0,7.2,
9665,1137,11,2,1,2026-04-07,2026-04-08,2026-04-09,60000.0,5000.0,7.5,
9666,781,17,6,1,2026-04-08,2026-04-08,2026-04-09,162000.0,0.0,4.4,
9667,1238,1,7,1,2026-04-08,2026-04-09,2026-04-11,1081000.0,0.0,1.1,
9668,1058,17,1,2,2026-04-08,2026-04-10,2026-04-18,1666000.0,0.0,28.8,Falla de pantalla
9669,630,14,1,1,2026-04-08,2026-04-09,2026-04-12,65000.0,0.0,7.6,
9670,419,20,9,1,2026-04-08,2026-04-10,2026-04-12,445000.0,0.0,7.8,
9671,291,20,8,2,2026-04-08,2026-04-08,2026-04-16,6130000.0,0.0,131.8,Iluminación defectuosa
9672,1737,21,7,1,2026-04-08,2026-04-08,2026-04-09,779000.0,0.0,5.2,
9673,776,21,5,1,2026-04-08,2026-04-09,2026-04-10,9000.0,0.0,4.8,
9674,1516,11,4,1,2026-04-08,2026-04-08,2026-04-10,83000.0,0.0,5.9,
9675,965,13,9,1,2026-04-08,2026-04-10,2026-04-12,1277000.0,0.0,7.9,
9676,1598,14,6,1,2026-04-08,2026-04-10,2026-04-11,125000.0,0.0,5.0,
9677,1818,2,4,1,2026-04-09,2026-04-09,2026-04-12,67000.0,0.0,6.6,
9678,889,17,9,1,2026-04-09,2026-04-10,2026-04-11,611000.0,0.0,6.6,
9679,726,5,2,1,2026-04-09,2026-04-11,2026-04-13,37000.0,2000.0,4.3,
9680,1334,5,12,1,2026-04-09,2026-04-10,2026-04-12,114000.0,0.0,2.4,
9681,1607,9,2,1,2026-04-09,2026-04-10,2026-04-11,24000.0,0.0,3.7,
9682,1783,7,3,2,2026-04-09,2026-04-11,2026-04-20,484000.0,0.0,153.0,NIBP no infla
9683,1466,4,5,1,2026-04-09,2026-04-09,2026-04-10,181000.0,22000.0,7.1,
9684,740,2,1,1,2026-04-09,2026-04-10,2026-04-13,136000.0,0.0,6.2,
9685,973,9,3,2,2026-04-09,2026-04-09,2026-04-15,281000.0,0.0,107.5,Alarmas defectuosas
9686,490,1,4,2,2026-04-09,2026-04-11,2026-04-17,205000.0,0.0,84.1,Caudal incorrecto
9687,1182,6,2,1,2026-04-09,2026-04-09,2026-04-11,372000.0,0.0,6.7,
9688,903,17,3,1,2026-04-09,2026-04-09,2026-04-12,116000.0,0.0,3.6,
9689,888,6,1,1,2026-04-09,2026-04-09,2026-04-11,15000.0,0.0,2.4,
9690,144,8,9,1,2026-04-09,2026-04-10,2026-04-12,1965000.0,0.0,7.6,
9691,374,15,10,2,2026-04-09,2026-04-11,2026-04-16,2710000.0,0.0,36.3,Fuga de vapor
9692,1490,12,5,2,2026-04-10,2026-04-11,2026-04-24,2403000.0,1054000.0,119.0,Problema en válvulas internas
9693,1493,20,8,2,2026-04-10,2026-04-12,2026-04-16,585000.0,0.0,31.5,Lectura incorrecta
9694,1167,18,11,2,2026-04-10,2026-04-10,2026-04-21,167000.0,0.0,254.9,Sistema de altura no funciona
9695,1546,7,6,2,2026-04-10,2026-04-13,2026-04-26,416000.0,0.0,280.5,NIBP no infla
9696,1445,9,5,2,2026-04-10,2026-04-13,2026-04-15,356000.0,0.0,21.1,Alarmas defectuosas
9697,1081,10,3,1,2026-04-10,2026-04-11,2026-04-14,637000.0,0.0,4.8,
9698,746,3,5,2,2026-04-10,2026-04-10,2026-04-20,429000.0,0.0,163.9,NIBP no infla
9699,1455,13,3,1,2026-04-10,2026-04-10,2026-04-13,81000.0,0.0,4.5,
9700,1233,3,4,1,2026-04-10,2026-04-10,2026-04-13,234000.0,0.0,5.5,
9701,574,1,1,1,2026-04-10,2026-04-11,2026-04-13,350000.0,0.0,7.0,
9702,1576,1,3,2,2026-04-10,2026-04-13,2026-04-16,168000.0,0.0,16.4,Puerta o clamp dañado
9703,1420,5,5,1,2026-04-10,2026-04-12,2026-04-15,228000.0,0.0,7.1,
9704,109,22,2,2,2026-04-10,2026-04-10,2026-04-17,395000.0,0.0,154.5,Cables de paciente defectuosos
9705,834,12,7,1,2026-04-10,2026-04-11,2026-04-12,27000.0,0.0,3.1,
9706,225,12,4,1,2026-04-10,2026-04-12,2026-04-15,62000.0,17000.0,3.9,
9707,1205,10,1,2,2026-04-11,2026-04-11,2026-04-15,1008000.0,0.0,92.5,Alarma no funciona
9708,1302,11,3,2,2026-04-11,2026-04-14,2026-04-21,2983000.0,0.0,24.1,Error de calibración
9709,768,10,7,2,2026-04-11,2026-04-14,2026-04-28,174000.0,0.0,171.9,Caudal incorrecto
9710,537,3,2,2,2026-04-12,2026-04-14,2026-04-18,49000.0,9000.0,54.4,Display defectuoso
9711,216,10,3,2,2026-04-12,2026-04-12,2026-04-25,6632000.0,0.0,51.7,Falla de batería
9712,567,6,12,2,2026-04-12,2026-04-13,2026-04-19,315000.0,0.0,49.8,Error de motor
9713,1561,4,6,2,2026-04-12,2026-04-15,2026-04-30,410000.0,81000.0,94.1,SpO₂ no detecta señal
9714,997,8,4,2,2026-04-12,2026-04-15,2026-04-19,16000.0,0.0,81.1,Tiempo de medición excesivo
9715,1617,15,11,2,2026-04-12,2026-04-12,2026-04-15,1677000.0,499000.0,67.1,No alcanza temperatura
9716,1519,8,9,1,2026-04-13,2026-04-15,2026-04-16,1553000.0,0.0,4.8,
9717,1842,17,2,1,2026-04-13,2026-04-13,2026-04-15,1998000.0,0.0,5.5,
9718,14,7,7,1,2026-04-13,2026-04-14,2026-04-15,230000.0,95000.0,7.3,
9719,775,19,10,1,2026-04-13,2026-04-13,2026-04-15,133000.0,0.0,8.0,
9720,1982,8,1,2,2026-04-13,2026-04-15,2026-04-27,369000.0,0.0,267.5,Módulo ECG dañado
9721,1877,18,11,1,2026-04-13,2026-04-14,2026-04-15,252000.0,0.0,6.6,
9722,136,21,1,2,2026-04-13,2026-04-14,2026-04-27,268000.0,0.0,167.3,Lecturas erráticas
9723,25,3,7,2,2026-04-13,2026-04-14,2026-04-16,31000.0,0.0,47.5,Pera dañada
9724,1220,2,2,1,2026-04-13,2026-04-15,2026-04-16,50000.0,0.0,1.2,
9725,1500,9,12,1,2026-04-13,2026-04-13,2026-04-16,338000.0,0.0,2.7,
9726,344,15,11,2,2026-04-13,2026-04-15,2026-04-21,1682000.0,0.0,106.9,Boquillas obstruidas
9727,103,1,5,1,2026-04-13,2026-04-14,2026-04-16,692000.0,0.0,6.8,
9728,910,17,5,2,2026-04-13,2026-04-13,2026-04-20,457000.0,137000.0,83.1,Error de descarga de datos
9729,1683,8,2,1,2026-04-13,2026-04-15,2026-04-16,195000.0,15000.0,7.9,
9730,340,18,10,2,2026-04-13,2026-04-16,2026-04-19,111000.0,0.0,57.0,Estructura inestable
9731,92,4,7,2,2026-04-13,2026-04-16,2026-04-28,2813000.0,0.0,204.1,Sensor defectuoso
9732,1067,1,2,1,2026-04-14,2026-04-15,2026-04-16,90000.0,0.0,1.6,
9733,320,4,7,1,2026-04-14,2026-04-15,2026-04-17,91000.0,0.0,7.9,
9734,804,1,8,1,2026-04-14,2026-04-15,2026-04-16,1894000.0,0.0,6.3,
9735,1104,12,6,1,2026-04-14,2026-04-14,2026-04-16,126000.0,0.0,4.4,
9736,1393,3,4,1,2026-04-14,2026-04-15,2026-04-17,114000.0,0.0,7.9,
9737,670,12,4,2,2026-04-14,2026-04-14,2026-04-28,182000.0,55000.0,94.7,Puerta o clamp dañado
9738,1515,10,1,1,2026-04-14,2026-04-14,2026-04-16,40000.0,0.0,1.2,
9739,684,21,5,1,2026-04-14,2026-04-16,2026-04-17,1672000.0,365000.0,1.9,
9740,977,1,2,2,2026-04-14,2026-04-17,2026-04-21,6916000.0,0.0,77.0,Pantalla sin respuesta
9741,65,22,2,2,2026-04-14,2026-04-14,2026-04-23,390000.0,0.0,75.4,Barandas sueltas
9742,1302,11,5,2,2026-04-14,2026-04-15,2026-04-27,3092000.0,0.0,274.5,Error de calibración
9743,1301,17,8,2,2026-04-14,2026-04-17,2026-04-29,3435000.0,0.0,67.5,Imagen subexpuesta
9744,1732,18,11,2,2026-04-14,2026-04-17,2026-04-26,280000.0,0.0,18.3,Intensidad inestable
9745,1142,11,7,1,2026-04-14,2026-04-16,2026-04-18,62000.0,0.0,2.7,
9746,617,9,8,2,2026-04-14,2026-04-17,2026-04-18,5028000.0,0.0,20.3,Problema de comunicación con estación
9747,1792,8,1,1,2026-04-14,2026-04-16,2026-04-17,32000.0,0.0,1.2,
9748,901,16,12,2,2026-04-14,2026-04-16,2026-04-21,103000.0,0.0,65.2,Rotor desbalanceado
9749,152,10,2,1,2026-04-15,2026-04-16,2026-04-18,36000.0,0.0,2.2,
9750,562,3,4,1,2026-04-15,2026-04-17,2026-04-20,382000.0,59000.0,7.9,
9751,828,12,1,2,2026-04-15,2026-04-15,2026-04-16,288000.0,86000.0,8.4,Pantalla defectuosa
9752,1720,9,2,2,2026-04-15,2026-04-15,2026-04-17,113000.0,34000.0,11.4,Falla de presión NIBP
9753,653,6,12,1,2026-04-15,2026-04-15,2026-04-16,1285000.0,0.0,4.7,
9754,1163,3,6,1,2026-04-15,2026-04-17,2026-04-20,148000.0,0.0,7.0,
9755,293,18,3,2,2026-04-15,2026-04-16,2026-04-18,28000.0,8000.0,32.6,Fuga en brazalete
9756,534,1,6,1,2026-04-15,2026-04-17,2026-04-18,200000.0,63000.0,2.3,
9757,650,7,1,1,2026-04-15,2026-04-17,2026-04-18,118000.0,0.0,4.9,
9758,16,12,2,1,2026-04-15,2026-04-17,2026-04-20,158000.0,0.0,4.2,
9759,163,5,3,1,2026-04-15,2026-04-17,2026-04-19,282000.0,0.0,4.2,
9760,1022,19,10,1,2026-04-15,2026-04-15,2026-04-16,2429000.0,1320000.0,7.8,
9761,1678,11,6,2,2026-04-15,2026-04-17,2026-04-25,553000.0,0.0,83.0,Botón de paciente dañado
9762,1190,19,6,2,2026-04-15,2026-04-17,2026-04-28,4000.0,1000.0,153.6,Lecturas erróneas
9763,134,9,7,1,2026-04-15,2026-04-16,2026-04-17,104000.0,6000.0,2.5,
9764,1095,15,10,1,2026-04-15,2026-04-16,2026-04-19,44000.0,14000.0,7.8,
9765,1274,12,6,2,2026-04-15,2026-04-17,2026-05-01,397000.0,0.0,225.1,Módulo ECG dañado
9766,1523,12,5,2,2026-04-15,2026-04-17,2026-04-24,151000.0,0.0,74.7,No detecta línea
9767,1714,21,1,1,2026-04-15,2026-04-15,2026-04-18,75000.0,0.0,5.9,
9768,582,18,10,1,2026-04-15,2026-04-15,2026-04-16,77000.0,0.0,5.5,
9769,428,1,7,1,2026-04-15,2026-04-17,2026-04-19,245000.0,0.0,1.2,
9770,1963,12,2,2,2026-04-15,2026-04-15,2026-04-18,518000.0,0.0,60.4,No carga energía
9771,1966,20,8,1,2026-04-15,2026-04-15,2026-04-17,397000.0,0.0,1.9,
9772,1318,15,10,1,2026-04-16,2026-04-16,2026-04-17,1120000.0,0.0,3.4,
9773,1297,9,6,2,2026-04-16,2026-04-19,2026-04-30,3630000.0,0.0,14.9,Alarma de presión
9774,1183,18,10,2,2026-04-16,2026-04-19,2026-04-29,461000.0,92000.0,183.0,Ruido mecánico
9775,1533,5,2,2,2026-04-16,2026-04-17,2026-04-24,14000.0,4000.0,64.2,Lectura errática
9776,563,12,4,1,2026-04-16,2026-04-18,2026-04-20,89000.0,0.0,2.0,
9777,1083,8,2,1,2026-04-16,2026-04-17,2026-04-18,221000.0,0.0,3.1,
9778,959,7,5,2,2026-04-16,2026-04-17,2026-04-24,189000.0,57000.0,153.4,Teclado/pantalla defectuosa
9779,948,10,5,1,2026-04-16,2026-04-18,2026-04-21,1935000.0,467000.0,7.6,
9780,1454,4,3,1,2026-04-16,2026-04-18,2026-04-21,178000.0,0.0,2.0,
9781,1356,15,10,1,2026-04-16,2026-04-17,2026-04-18,194000.0,0.0,6.6,
9782,1825,21,5,1,2026-04-16,2026-04-17,2026-04-20,39000.0,0.0,4.7,
9783,457,17,4,2,2026-04-16,2026-04-16,2026-04-25,387000.0,116000.0,59.1,Módulo ECG dañado
9784,48,16,12,1,2026-04-16,2026-04-18,2026-04-20,94000.0,0.0,3.7,
9785,1665,5,1,1,2026-04-16,2026-04-17,2026-04-19,315000.0,60000.0,5.1,
9786,1797,11,6,1,2026-04-16,2026-04-17,2026-04-18,230000.0,0.0,5.2,
9787,299,21,7,1,2026-04-16,2026-04-16,2026-04-19,98000.0,0.0,4.4,
9788,1656,13,9,1,2026-04-17,2026-04-18,2026-04-19,880000.0,0.0,6.3,
9789,599,1,3,2,2026-04-17,2026-04-20,2026-04-23,154000.0,0.0,30.6,Pantalla dañada
9790,934,3,4,1,2026-04-17,2026-04-19,2026-04-22,2565000.0,0.0,3.8,
9791,1936,1,5,1,2026-04-17,2026-04-19,2026-04-22,1285000.0,276000.0,5.2,
9792,17,11,6,1,2026-04-17,2026-04-17,2026-04-19,230000.0,0.0,2.3,
9793,157,22,3,2,2026-04-17,2026-04-17,2026-04-21,11000.0,0.0,43.8,Lectura errática
9794,614,1,5,1,2026-04-17,2026-04-17,2026-04-20,250000.0,65000.0,6.1,
9795,616,4,3,1,2026-04-17,2026-04-17,2026-04-19,240000.0,0.0,4.5,
9796,1978,5,2,1,2026-04-17,2026-04-17,2026-04-20,30000.0,0.0,4.2,
9797,1941,9,3,1,2026-04-17,2026-04-19,2026-04-22,86000.0,0.0,4.9,
9798,636,11,7,2,2026-04-17,2026-04-18,2026-04-20,16000.0,3000.0,25.0,Lectura errática
9799,1950,4,9,2,2026-04-17,2026-04-17,2026-05-01,5260000.0,0.0,147.1,Congelamiento del software
9800,1256,17,3,2,2026-04-17,2026-04-18,2026-04-27,188000.0,45000.0,11.5,Error de calibración
9801,291,20,8,2,2026-04-17,2026-04-19,2026-04-30,6130000.0,0.0,104.5,Brazo desbalanceado
9802,1656,13,9,2,2026-04-18,2026-04-20,2026-04-29,3969000.0,0.0,193.9,Congelamiento del software
9803,90,24,7,2,2026-04-18,2026-04-19,2026-05-02,0.0,0.0,217.9,Manómetro descalibrado
9804,359,8,6,2,2026-04-18,2026-04-20,2026-05-05,14000.0,0.0,259.6,Fuga en brazalete
9805,1460,22,6,2,2026-04-18,2026-04-18,2026-04-29,245000.0,0.0,257.7,Error de descarga de datos
9806,694,24,6,2,2026-04-19,2026-04-19,2026-04-28,273000.0,0.0,165.1,Software no reconoce el equipo
9807,1859,12,4,2,2026-04-19,2026-04-20,2026-04-24,1139000.0,0.0,26.9,Puerta o cúpula dañada
9808,1214,3,6,2,2026-04-19,2026-04-22,2026-05-06,346000.0,0.0,226.8,Frenos defectuosos
9809,995,21,5,2,2026-04-19,2026-04-21,2026-04-28,201000.0,60000.0,91.2,No detecta línea
9810,666,3,3,1,2026-04-20,2026-04-20,2026-04-22,408000.0,0.0,2.4,
9811,587,11,6,1,2026-04-20,2026-04-20,2026-04-21,15000.0,0.0,3.3,
9812,1961,10,3,1,2026-04-20,2026-04-21,2026-04-24,1370000.0,0.0,4.1,
9813,1570,21,3,1,2026-04-20,2026-04-21,2026-04-24,146000.0,0.0,5.7,
9814,1047,1,6,1,2026-04-20,2026-04-22,2026-04-23,660000.0,0.0,4.1,
9815,366,11,4,2,2026-04-20,2026-04-20,2026-04-23,4372000.0,0.0,61.2,Batería dañada
9816,1148,3,12,2,2026-04-20,2026-04-22,2026-04-28,3271000.0,0.0,9.9,Resultados inconsistentes
9817,1883,6,6,1,2026-04-20,2026-04-20,2026-04-23,93000.0,0.0,8.0,
9818,864,1,8,2,2026-04-20,2026-04-23,2026-04-24,60000000.0,0.0,18.8,Problemas de gradientes
9819,798,3,6,1,2026-04-20,2026-04-20,2026-04-23,142000.0,0.0,1.8,
9820,1051,10,5,1,2026-04-20,2026-04-21,2026-04-22,1366000.0,0.0,2.1,
9821,790,3,2,1,2026-04-20,2026-04-22,2026-04-25,2033000.0,0.0,2.5,
9822,545,10,7,2,2026-04-21,2026-04-24,2026-05-07,315000.0,0.0,299.3,NIBP no infla
9823,734,4,9,1,2026-04-21,2026-04-23,2026-04-25,373000.0,0.0,2.6,
9824,1538,18,10,2,2026-04-21,2026-04-23,2026-04-28,284000.0,0.0,93.4,No entrega corriente
9825,1922,1,5,1,2026-04-21,2026-04-21,2026-04-22,305000.0,0.0,7.3,
9826,1664,7,3,1,2026-04-21,2026-04-22,2026-04-23,142000.0,0.0,4.6,
9827,247,18,11,1,2026-04-21,2026-04-23,2026-04-24,256000.0,0.0,2.6,
9828,601,12,1,1,2026-04-22,2026-04-23,2026-04-26,233000.0,93000.0,2.5,
9829,678,3,5,2,2026-04-22,2026-04-24,2026-05-07,0.0,0.0,210.1,Selector de lentes trabado
9830,86,12,6,1,2026-04-22,2026-04-22,2026-04-24,239000.0,0.0,7.9,
9831,1458,1,5,1,2026-04-22,2026-04-23,2026-04-26,145000.0,0.0,8.0,
9832,347,7,7,1,2026-04-22,2026-04-22,2026-04-25,38000.0,0.0,3.8,
9833,1827,24,2,2,2026-04-22,2026-04-22,2026-04-26,437000.0,0.0,64.3,Electrodos/cables dañados
9834,1569,12,3,1,2026-04-22,2026-04-24,2026-04-26,32000.0,0.0,5.1,
9835,283,11,6,1,2026-04-22,2026-04-22,2026-04-23,104000.0,19000.0,2.2,
9836,337,1,1,2,2026-04-23,2026-04-23,2026-05-08,3082000.0,0.0,207.3,Falla de batería
9837,98,6,12,1,2026-04-23,2026-04-24,2026-04-26,114000.0,40000.0,4.0,
9838,208,14,12,2,2026-04-23,2026-04-23,2026-04-29,93000.0,28000.0,62.4,Display no funciona
9839,1171,11,3,1,2026-04-23,2026-04-23,2026-04-24,71000.0,0.0,2.2,
9840,1422,2,4,1,2026-04-23,2026-04-25,2026-04-28,323000.0,0.0,4.1,
9841,737,11,3,1,2026-04-23,2026-04-24,2026-04-25,828000.0,0.0,2.9,
9842,1933,12,1,2,2026-04-23,2026-04-23,2026-05-02,3882000.0,0.0,187.2,Falla de pantalla
9843,885,19,11,2,2026-04-23,2026-04-25,2026-05-06,104000.0,0.0,69.7,Pedal o botón fallando
9844,1324,9,5,2,2026-04-23,2026-04-26,2026-05-06,1574000.0,0.0,60.0,Falla de pantalla
9845,113,14,1,1,2026-04-23,2026-04-24,2026-04-25,28000.0,0.0,2.8,
9846,1830,11,3,1,2026-04-23,2026-04-25,2026-04-27,388000.0,0.0,2.2,
9847,32,19,3,1,2026-04-23,2026-04-23,2026-04-26,18000.0,0.0,3.8,
9848,43,6,12,1,2026-04-23,2026-04-25,2026-04-28,126000.0,14000.0,3.4,
9849,250,2,4,1,2026-04-23,2026-04-25,2026-04-28,125000.0,0.0,3.9,
9850,721,18,2,1,2026-04-23,2026-04-25,2026-04-26,21000.0,0.0,2.7,
9851,1418,12,5,2,2026-04-23,2026-04-24,2026-05-09,3987000.0,1196000.0,227.5,Presión inestable
9852,1938,10,4,1,2026-04-24,2026-04-26,2026-04-29,168000.0,66000.0,2.8,
9853,1540,2,2,1,2026-04-24,2026-04-25,2026-04-26,745000.0,0.0,5.7,
9854,1070,15,10,2,2026-04-24,2026-04-26,2026-04-28,230000.0,0.0,36.3,Rodillos gastados
9855,1919,6,2,1,2026-04-24,2026-04-26,2026-04-29,75000.0,0.0,7.2,
9856,225,12,3,2,2026-04-24,2026-04-26,2026-05-07,102000.0,30000.0,33.3,Error de calibración
9857,1484,4,9,2,2026-04-24,2026-04-26,2026-05-06,5202000.0,0.0,212.7,Pantalla defectuosa
9858,1242,9,7,1,2026-04-24,2026-04-25,2026-04-28,166000.0,16000.0,5.5,
9859,81,11,3,1,2026-04-24,2026-04-26,2026-04-28,125000.0,0.0,3.3,
9860,1798,9,4,1,2026-04-24,2026-04-24,2026-04-27,1655000.0,0.0,5.1,
9861,1785,7,5,2,2026-04-25,2026-04-25,2026-05-03,158000.0,0.0,153.1,Caudal incorrecto
9862,1480,10,6,2,2026-04-25,2026-04-28,2026-05-08,304000.0,0.0,153.2,Batería agotada
9863,1482,2,5,2,2026-04-25,2026-04-28,2026-04-29,30000.0,7000.0,15.8,Luz débil
9864,112,10,5,2,2026-04-26,2026-04-29,2026-05-06,423000.0,100000.0,36.8,SpO₂ no detecta señal
9865,624,20,6,2,2026-04-26,2026-04-27,2026-04-29,444000.0,0.0,34.9,Sistema hidráulico con fuga
9866,62,5,6,2,2026-04-26,2026-04-26,2026-04-28,7000.0,0.0,43.5,Pantalla defectuosa
9867,1460,22,2,2,2026-04-26,2026-04-29,2026-05-11,245000.0,0.0,91.5,No registra datos
9868,162,12,3,2,2026-04-26,2026-04-26,2026-05-11,180000.0,0.0,211.3,Batería dañada
9869,1100,1,3,2,2026-04-26,2026-04-26,2026-04-27,44000.0,0.0,13.5,Selector de lentes trabado
9870,409,10,1,1,2026-04-27,2026-04-28,2026-04-29,324000.0,79000.0,4.4,
9871,1528,7,6,1,2026-04-27,2026-04-29,2026-05-02,309000.0,0.0,8.0,
9872,1671,19,11,1,2026-04-27,2026-04-29,2026-05-02,575000.0,0.0,2.3,
9873,31,2,7,1,2026-04-27,2026-04-29,2026-05-01,21000.0,0.0,6.4,
9874,1382,15,11,1,2026-04-27,2026-04-29,2026-04-30,115000.0,0.0,2.4,
9875,534,1,5,2,2026-04-27,2026-04-27,2026-05-10,477000.0,143000.0,208.5,Lecturas erráticas
9876,497,17,4,1,2026-04-27,2026-04-28,2026-05-01,138000.0,0.0,7.1,
9877,894,15,11,2,2026-04-27,2026-04-27,2026-05-02,3068000.0,921000.0,33.7,No alcanza temperatura
9878,1542,12,3,1,2026-04-27,2026-04-28,2026-04-30,459000.0,0.0,3.8,
9879,1616,17,7,1,2026-04-27,2026-04-28,2026-04-29,178000.0,0.0,5.5,
9880,1246,12,1,2,2026-04-27,2026-04-28,2026-04-29,576000.0,173000.0,15.5,Alarmas defectuosas
9881,263,10,2,1,2026-04-27,2026-04-28,2026-04-29,226000.0,0.0,2.7,
9882,1793,17,3,2,2026-04-27,2026-04-30,2026-05-03,164000.0,0.0,12.9,Puerta o clamp dañado
9883,1679,3,12,2,2026-04-27,2026-04-29,2026-05-05,2910000.0,0.0,122.3,Error de reactivos
9884,943,4,6,1,2026-04-27,2026-04-29,2026-04-30,1498000.0,318000.0,2.6,
9885,1332,4,9,1,2026-04-27,2026-04-29,2026-04-30,40335000.0,0.0,7.3,
9886,1045,16,3,1,2026-04-27,2026-04-28,2026-04-30,12000.0,0.0,4.2,
9887,1302,11,7,2,2026-04-28,2026-05-01,2026-05-12,2421000.0,0.0,256.4,Error de calibración
9888,1733,19,10,2,2026-04-28,2026-04-28,2026-04-30,978000.0,225000.0,45.6,No sube/baja
9889,735,8,4,1,2026-04-28,2026-04-30,2026-05-01,25000.0,0.0,2.6,
9890,127,11,2,2,2026-04-28,2026-04-29,2026-05-09,182000.0,0.0,133.3,Pantalla dañada
9891,461,12,12,2,2026-04-28,2026-05-01,2026-05-05,317000.0,71000.0,16.4,Vibración excesiva
9892,728,8,9,1,2026-04-28,2026-04-29,2026-04-30,1966000.0,510000.0,2.8,
9893,993,10,5,2,2026-04-28,2026-04-30,2026-05-09,1689000.0,0.0,108.9,Falla de pantalla
9894,309,5,2,2,2026-04-28,2026-04-30,2026-05-11,142000.0,0.0,25.9,Alarmas inoperativas
9895,1413,3,2,2,2026-04-28,2026-04-29,2026-05-13,497000.0,149000.0,145.6,No enciende
9896,751,12,4,1,2026-04-28,2026-04-28,2026-04-29,610000.0,0.0,4.5,
9897,1493,20,9,2,2026-04-28,2026-05-01,2026-05-13,585000.0,0.0,250.2,Punta/sensor dañado
9898,1236,4,5,2,2026-04-28,2026-04-30,2026-05-01,118000.0,0.0,23.7,Batería dañada
9899,1079,12,7,1,2026-04-28,2026-04-28,2026-05-01,265000.0,0.0,6.7,
9900,287,4,4,2,2026-04-28,2026-04-30,2026-05-06,140000.0,0.0,59.2,Pantalla defectuosa
9901,1705,10,2,1,2026-04-28,2026-04-28,2026-04-30,117000.0,0.0,3.5,
9902,120,4,12,1,2026-04-29,2026-05-01,2026-05-02,369000.0,0.0,6.0,
9903,723,1,4,1,2026-04-29,2026-04-29,2026-05-02,221000.0,0.0,4.3,
9904,686,1,4,1,2026-04-30,2026-05-01,2026-05-03,229000.0,0.0,6.6,
9905,123,8,7,1,2026-04-30,2026-05-02,2026-05-03,200000.0,0.0,2.5,
9906,4,7,3,1,2026-04-30,2026-04-30,2026-05-01,54000.0,0.0,7.8,
9907,430,22,4,1,2026-04-30,2026-04-30,2026-05-03,15000.0,0.0,4.4,
9908,1629,24,1,1,2026-05-01,2026-05-01,2026-05-02,431000.0,0.0,4.7,
9909,1683,8,4,2,2026-05-01,2026-05-03,,301000.0,90000.0,,Barandas sueltas
9910,1311,3,12,1,2026-05-01,2026-05-03,2026-05-05,232000.0,0.0,7.2,
9911,576,22,7,2,2026-05-01,2026-05-04,,600000.0,0.0,,SpO₂ no detecta señal
9912,359,19,3,1,2026-05-01,2026-05-01,2026-05-03,26000.0,0.0,7.1,
9913,993,10,2,2,2026-05-01,2026-05-02,,2660000.0,0.0,,Fuga en circuito
9914,1138,9,1,1,2026-05-01,2026-05-02,2026-05-04,28000.0,1000.0,3.3,
9915,1963,12,6,1,2026-05-01,2026-05-03,2026-05-04,324000.0,0.0,1.4,
9916,69,21,3,1,2026-05-01,2026-05-03,2026-05-05,144000.0,0.0,4.3,
9917,1011,15,10,2,2026-05-01,2026-05-04,,172000.0,0.0,,Accesorios sueltos
9918,1936,1,5,2,2026-05-02,2026-05-04,,3466000.0,1040000.0,,Fuga de gases
9919,1413,3,7,2,2026-05-02,2026-05-03,,497000.0,149000.0,,Módulo ECG dañado
9920,637,9,8,2,2026-05-02,2026-05-02,,60000000.0,0.0,,Problemas de mesa
9921,104,4,4,2,2026-05-02,2026-05-02,,247000.0,0.0,,Alarma de oclusión
9922,890,12,3,2,2026-05-03,2026-05-06,,64000.0,0.0,,Audio defectuoso
9923,1730,15,11,2,2026-05-03,2026-05-03,,224000.0,0.0,,Resistencia dañada
9924,1058,17,6,2,2026-05-04,2026-05-07,2026-05-21,2261000.0,0.0,235.0,Alarma de presión
9925,560,1,4,2,2026-05-04,2026-05-05,,840000.0,0.0,,No calienta
9926,1802,5,1,1,2026-05-04,2026-05-06,2026-05-08,402000.0,46000.0,7.5,
9927,1582,10,6,2,2026-05-04,2026-05-07,,55000.0,11000.0,,Batería dañada
9928,1613,21,5,1,2026-05-04,2026-05-06,2026-05-07,81000.0,0.0,6.8,
9929,1074,2,1,1,2026-05-04,2026-05-05,2026-05-07,156000.0,0.0,2.4,
9930,175,4,1,2,2026-05-04,2026-05-06,,133000.0,0.0,,Teclado/pantalla defectuosa
9931,209,2,5,2,2026-05-05,2026-05-08,2026-05-10,114000.0,0.0,38.8,Alarmas inoperativas
9932,892,10,4,1,2026-05-05,2026-05-05,2026-05-07,2469000.0,0.0,2.8,
9933,119,11,5,2,2026-05-05,2026-05-06,,3819000.0,0.0,,Error de calibración
9934,448,2,1,1,2026-05-05,2026-05-05,2026-05-06,79000.0,0.0,6.0,
9935,1859,12,1,2,2026-05-05,2026-05-07,,1179000.0,0.0,,Sensor de humedad defectuoso
9936,280,9,3,2,2026-05-05,2026-05-05,,182000.0,38000.0,,Teclado/pantalla defectuosa
9937,1706,4,12,2,2026-05-05,2026-05-08,,132000.0,40000.0,,Fuga de agua
9938,1157,1,5,2,2026-05-05,2026-05-07,2026-05-16,360000.0,0.0,154.0,Alarmas defectuosas
9939,529,3,4,1,2026-05-05,2026-05-06,2026-05-08,111000.0,0.0,2.6,
9940,1995,12,2,1,2026-05-05,2026-05-05,2026-05-06,395000.0,0.0,2.6,
9941,1604,7,2,2,2026-05-05,2026-05-08,,3329000.0,1014000.0,,Problema en ventilador integrado
9942,1349,10,4,1,2026-05-05,2026-05-05,2026-05-08,157000.0,0.0,6.4,
9943,93,1,3,1,2026-05-06,2026-05-06,2026-05-08,268000.0,0.0,5.3,
9944,1662,14,12,1,2026-05-06,2026-05-08,2026-05-11,289000.0,0.0,2.2,
9945,827,17,9,1,2026-05-06,2026-05-08,2026-05-11,685000.0,131000.0,6.5,
9946,41,14,12,2,2026-05-06,2026-05-06,,213000.0,0.0,,Tapa no bloquea
9947,1884,8,6,1,2026-05-06,2026-05-07,2026-05-09,167000.0,0.0,5.7,
9948,1543,14,7,1,2026-05-06,2026-05-07,2026-05-10,185000.0,0.0,3.8,
9949,2000,21,5,1,2026-05-06,2026-05-08,2026-05-11,60000.0,0.0,6.6,
9950,1254,17,4,1,2026-05-06,2026-05-08,2026-05-09,242000.0,0.0,6.7,
9951,200,10,8,1,2026-05-06,2026-05-08,2026-05-11,1543000.0,521000.0,1.3,
9952,1594,11,6,1,2026-05-06,2026-05-06,2026-05-07,108000.0,0.0,2.8,
9953,1072,18,11,1,2026-05-06,2026-05-08,2026-05-10,190000.0,0.0,5.1,
9954,838,8,5,1,2026-05-07,2026-05-08,2026-05-10,27000.0,0.0,3.8,
9955,21,11,5,1,2026-05-07,2026-05-09,2026-05-11,155000.0,0.0,7.6,
9956,462,3,7,1,2026-05-07,2026-05-08,2026-05-10,98000.0,0.0,4.0,
9957,1632,1,4,1,2026-05-07,2026-05-08,2026-05-10,108000.0,0.0,4.0,
9958,378,12,4,1,2026-05-07,2026-05-09,2026-05-12,1362000.0,0.0,4.7,
9959,216,12,5,2,2026-05-07,2026-05-09,,6632000.0,0.0,,Alarma de presión
9960,837,1,6,1,2026-05-07,2026-05-08,2026-05-11,284000.0,0.0,3.7,
9961,24,12,2,1,2026-05-07,2026-05-09,2026-05-11,171000.0,0.0,3.5,
9962,225,12,5,2,2026-05-07,2026-05-10,,102000.0,30000.0,,No detecta línea
9963,1552,12,5,1,2026-05-08,2026-05-09,2026-05-11,192000.0,0.0,1.6,
9964,1226,2,4,1,2026-05-08,2026-05-09,2026-05-11,80000.0,0.0,3.4,
9965,1681,22,1,2,2026-05-08,2026-05-11,,186000.0,0.0,,NIBP no infla
9966,972,12,2,1,2026-05-08,2026-05-10,2026-05-12,72000.0,0.0,6.3,
9967,118,12,12,2,2026-05-08,2026-05-11,,286000.0,0.0,,Error de motor
9968,1480,10,7,2,2026-05-08,2026-05-09,,304000.0,0.0,,Caudal incorrecto
9969,1126,6,6,2,2026-05-08,2026-05-11,,310000.0,0.0,,SpO₂ no detecta señal
9970,333,4,7,1,2026-05-08,2026-05-09,2026-05-10,66000.0,0.0,7.8,
9971,1465,21,6,1,2026-05-08,2026-05-10,2026-05-11,146000.0,0.0,3.5,
9972,31,22,6,2,2026-05-08,2026-05-11,,8000.0,0.0,,Fuga en brazalete
9973,1033,3,12,1,2026-05-08,2026-05-10,2026-05-12,217000.0,0.0,7.5,
9974,618,6,2,1,2026-05-08,2026-05-09,2026-05-10,179000.0,26000.0,5.0,
9975,1070,15,11,1,2026-05-08,2026-05-09,2026-05-10,231000.0,0.0,2.0,
9976,1960,22,4,1,2026-05-08,2026-05-10,2026-05-12,356000.0,0.0,1.5,
9977,1760,17,7,1,2026-05-08,2026-05-09,2026-05-10,273000.0,0.0,6.0,
9978,588,2,6,2,2026-05-09,2026-05-09,,2334000.0,0.0,,Error de calibración
9979,1557,4,9,2,2026-05-09,2026-05-11,,15197000.0,0.0,,Sobrecalentamiento
9980,576,22,5,2,2026-05-09,2026-05-12,,600000.0,0.0,,SpO₂ no detecta señal
9981,516,7,2,2,2026-05-09,2026-05-11,,142000.0,0.0,,Error de calibración
9982,1519,8,9,2,2026-05-09,2026-05-12,,2729000.0,0.0,,Falla de teclado o trackball
9983,1116,1,5,2,2026-05-10,2026-05-12,,4133000.0,0.0,,Batería dañada
9984,525,22,6,2,2026-05-10,2026-05-13,,168000.0,0.0,,SpO₂ sin lectura
9985,429,19,10,2,2026-05-10,2026-05-11,,171000.0,0.0,,Pedal o botón fallando
9986,1258,18,10,2,2026-05-10,2026-05-10,,275000.0,0.0,,Pantalla defectuosa
9987,1148,3,12,2,2026-05-10,2026-05-10,,3271000.0,0.0,,Problemas de lavado
9988,353,13,3,2,2026-05-10,2026-05-10,2026-05-11,16000.0,0.0,19.9,Lectura incorrecta
9989,514,2,5,2,2026-05-10,2026-05-11,,403000.0,0.0,,NIBP no infla
9990,463,4,1,2,2026-05-10,2026-05-10,2026-05-22,246000.0,0.0,9.8,Caudal incorrecto
9991,1865,12,5,2,2026-05-11,2026-05-13,,387000.0,0.0,,Pantalla sin imagen
9992,1693,6,6,1,2026-05-11,2026-05-11,2026-05-12,26000.0,0.0,7.4,
9993,364,7,4,1,2026-05-11,2026-05-11,2026-05-14,99000.0,0.0,1.5,
9994,1714,21,1,2,2026-05-11,2026-05-11,,128000.0,0.0,,Error de calibración
9995,1663,7,6,1,2026-05-11,2026-05-11,2026-05-13,220000.0,0.0,1.4,
9996,557,12,5,2,2026-05-11,2026-05-12,,436000.0,72000.0,,Cables de paciente defectuosos
9997,1065,13,7,1,2026-05-12,2026-05-12,2026-05-15,11000.0,0.0,6.4,
9998,1028,2,2,1,2026-05-12,2026-05-13,2026-05-14,59000.0,0.0,2.6,
9999,631,20,9,1,2026-05-12,2026-05-13,2026-05-15,210000.0,0.0,7.2,
10000,439,21,4,1,2026-05-12,2026-05-13,2026-05-15,121000.0,0.0,2.3,
10001,1853,21,1,1,2026-05-12,2026-05-14,2026-05-15,1294000.0,0.0,6.4,
10002,354,10,3,1,2026-05-12,2026-05-12,2026-05-14,162000.0,0.0,7.2,
10003,1016,11,5,1,2026-05-12,2026-05-14,2026-05-16,108000.0,0.0,2.7,
10004,182,12,1,1,2026-05-12,2026-05-12,2026-05-13,577000.0,0.0,4.6,
10005,799,7,1,1,2026-05-12,2026-05-14,2026-05-17,125000.0,0.0,3.7,
10006,116,10,3,1,2026-05-12,2026-05-14,2026-05-17,266000.0,0.0,2.1,
10007,569,1,3,1,2026-05-12,2026-05-14,2026-05-17,179000.0,0.0,6.0,
10008,484,24,3,1,2026-05-12,2026-05-13,2026-05-14,337000.0,0.0,2.7,
10009,249,9,5,1,2026-05-13,2026-05-15,2026-05-16,177000.0,47000.0,2.9,
10010,1139,18,10,1,2026-05-13,2026-05-13,2026-05-14,290000.0,0.0,1.9,
10011,1448,7,3,1,2026-05-13,2026-05-13,2026-05-15,91000.0,0.0,6.9,
10012,67,1,8,1,2026-05-13,2026-05-14,2026-05-17,860000.0,0.0,2.3,
10013,1720,9,4,2,2026-05-13,2026-05-13,,113000.0,34000.0,,Falla de presión NIBP
10014,1107,16,5,2,2026-05-13,2026-05-16,,14000.0,0.0,,Pantalla defectuosa
10015,122,12,5,1,2026-05-13,2026-05-15,2026-05-18,148000.0,0.0,1.2,
10016,656,4,7,2,2026-05-13,2026-05-13,2026-05-28,5000.0,2000.0,31.0,Pantalla defectuosa
10017,1841,1,3,2,2026-05-14,2026-05-17,,541000.0,0.0,,SpO₂ no detecta señal
10018,1899,12,6,2,2026-05-14,2026-05-14,,1362000.0,0.0,,Falla de ventilador
10019,1062,7,5,2,2026-05-14,2026-05-15,,8000.0,2000.0,,Pantalla defectuosa
10020,845,22,5,1,2026-05-14,2026-05-14,2026-05-17,347000.0,0.0,3.5,
10021,1791,4,5,1,2026-05-14,2026-05-16,2026-05-19,131000.0,0.0,4.1,
10022,441,12,1,1,2026-05-14,2026-05-16,2026-05-19,687000.0,0.0,2.7,
10023,688,1,2,1,2026-05-14,2026-05-16,2026-05-19,159000.0,0.0,1.2,
10024,1612,22,7,1,2026-05-14,2026-05-14,2026-05-16,40000.0,0.0,4.5,
10025,68,1,8,1,2026-05-14,2026-05-15,2026-05-17,917000.0,0.0,6.9,
10026,478,11,5,2,2026-05-14,2026-05-14,,463000.0,0.0,,No enciende
10027,498,17,7,2,2026-05-14,2026-05-14,,613000.0,0.0,,No enciende
10028,1327,4,7,1,2026-05-15,2026-05-15,2026-05-17,196000.0,35000.0,5.1,
10029,1687,7,6,1,2026-05-15,2026-05-16,2026-05-17,272000.0,0.0,6.9,
10030,1201,15,11,2,2026-05-15,2026-05-17,,152000.0,0.0,,Corrosión
10031,544,13,4,1,2026-05-15,2026-05-15,2026-05-17,60000.0,0.0,2.2,
10032,216,12,1,1,2026-05-15,2026-05-15,2026-05-16,2766000.0,0.0,3.8,
10033,1240,24,6,1,2026-05-15,2026-05-15,2026-05-16,7000.0,0.0,7.6,
10034,241,17,3,2,2026-05-15,2026-05-15,,46000.0,0.0,,Contacto eléctrico defectuoso
10035,1346,9,4,1,2026-05-15,2026-05-16,2026-05-17,249000.0,0.0,7.6,
10036,1856,19,10,1,2026-05-15,2026-05-16,2026-05-19,624000.0,0.0,6.4,
10037,594,12,6,1,2026-05-15,2026-05-17,2026-05-19,146000.0,0.0,5.7,
10038,603,9,6,2,2026-05-16,2026-05-16,,3113000.0,0.0,,Sensor defectuoso
10039,446,1,6,2,2026-05-16,2026-05-17,,98000.0,0.0,,Celda de carga dañada
10040,539,9,2,2,2026-05-16,2026-05-18,,698000.0,0.0,,No carga energía
10041,1332,4,8,2,2026-05-16,2026-05-18,,60000000.0,0.0,,Artefactos de imagen
10042,1069,12,6,2,2026-05-17,2026-05-20,,5886000.0,0.0,,Alarma de presión
10043,1659,9,7,2,2026-05-17,2026-05-18,,331000.0,99000.0,,Mecanismo de altura no funciona
10044,637,9,8,2,2026-05-18,2026-05-18,,53250000.0,0.0,,Artefactos de imagen
10045,827,17,8,2,2026-05-18,2026-05-21,,1607000.0,482000.0,,Pantalla defectuosa
10046,917,3,2,1,2026-05-18,2026-05-20,2026-05-22,328000.0,0.0,1.8,
10047,572,21,2,1,2026-05-18,2026-05-18,2026-05-19,40000.0,0.0,2.4,
10048,346,2,4,1,2026-05-18,2026-05-18,2026-05-20,293000.0,0.0,7.0,
10049,1140,4,1,1,2026-05-18,2026-05-18,2026-05-21,287000.0,0.0,1.9,
10050,487,21,6,2,2026-05-18,2026-05-21,,438000.0,0.0,,SpO₂ no detecta señal
10051,1008,15,10,1,2026-05-18,2026-05-20,2026-05-21,943000.0,0.0,6.1,
10052,223,15,11,1,2026-05-18,2026-05-18,2026-05-20,861000.0,0.0,3.3,
10053,1224,16,7,1,2026-05-18,2026-05-18,2026-05-21,26000.0,3000.0,1.8,
10054,472,13,6,1,2026-05-18,2026-05-18,2026-05-19,20000.0,1000.0,2.9,
10055,1735,20,8,1,2026-05-18,2026-05-19,2026-05-22,351000.0,0.0,4.7,
10056,1522,24,6,1,2026-05-18,2026-05-18,2026-05-21,164000.0,0.0,3.0,
10057,105,2,3,1,2026-05-19,2026-05-21,2026-05-24,321000.0,0.0,3.1,
10058,1595,9,8,1,2026-05-19,2026-05-19,2026-05-20,924000.0,0.0,1.8,
10059,894,15,11,2,2026-05-19,2026-05-21,,3068000.0,591000.0,,Puerta no sella
10060,938,4,3,1,2026-05-19,2026-05-19,2026-05-20,173000.0,24000.0,7.9,
10061,703,9,3,1,2026-05-19,2026-05-20,2026-05-23,6000.0,0.0,2.0,
10062,768,9,4,2,2026-05-19,2026-05-19,,174000.0,0.0,,Alarma de oclusión
10063,1372,3,3,1,2026-05-19,2026-05-21,2026-05-23,106000.0,0.0,3.7,
10064,599,4,5,2,2026-05-19,2026-05-22,,154000.0,0.0,,Falla de presión NIBP
10065,489,1,3,2,2026-05-19,2026-05-21,,4443000.0,0.0,,Sensor de flujo defectuoso
10066,55,2,1,2,2026-05-19,2026-05-21,,162000.0,0.0,,Alarma de oclusión
10067,1918,21,1,1,2026-05-19,2026-05-20,2026-05-21,77000.0,13000.0,2.1,
10068,558,5,1,1,2026-05-19,2026-05-19,2026-05-20,190000.0,0.0,7.4,
10069,1741,15,11,1,2026-05-19,2026-05-21,2026-05-23,98000.0,24000.0,3.7,
10070,369,8,7,1,2026-05-19,2026-05-21,2026-05-22,50000.0,0.0,1.6,
10071,1115,18,10,2,2026-05-19,2026-05-19,,194000.0,58000.0,,Estructura inestable
10072,1644,11,6,1,2026-05-20,2026-05-21,2026-05-23,108000.0,0.0,6.1,
10073,1571,2,1,1,2026-05-20,2026-05-20,2026-05-22,94000.0,0.0,3.6,
10074,788,12,4,2,2026-05-20,2026-05-21,,440000.0,0.0,,Palas/electrodos defectuosos
10075,961,4,6,1,2026-05-20,2026-05-22,2026-05-23,126000.0,0.0,1.6,
10076,1739,21,7,1,2026-05-20,2026-05-21,2026-05-22,46000.0,3000.0,4.4,
10077,904,8,9,2,2026-05-20,2026-05-21,,15999000.0,0.0,,Detector defectuoso
10078,35,12,3,2,2026-05-20,2026-05-20,,1004000.0,0.0,,Sensor de humedad defectuoso
10079,966,1,7,1,2026-05-20,2026-05-21,2026-05-24,735000.0,0.0,7.0,
10080,1811,7,7,1,2026-05-20,2026-05-20,2026-05-22,117000.0,0.0,5.3,
10081,1093,1,9,2,2026-05-20,2026-05-20,,28166000.0,0.0,,Imagen con artefactos
10082,562,3,2,2,2026-05-20,2026-05-22,,480000.0,144000.0,,SpO₂ no detecta señal
10083,1198,4,12,1,2026-05-20,2026-05-21,2026-05-24,307000.0,0.0,2.9,
10084,1865,9,4,1,2026-05-20,2026-05-21,2026-05-24,212000.0,0.0,3.5,
10085,634,11,6,1,2026-05-20,2026-05-20,2026-05-23,4000.0,0.0,6.0,
10086,153,2,2,2,2026-05-20,2026-05-22,,521000.0,0.0,,Lecturas erráticas
10087,391,10,6,1,2026-05-20,2026-05-22,2026-05-25,264000.0,0.0,6.8,
10088,657,4,12,1,2026-05-20,2026-05-21,2026-05-24,168000.0,16000.0,5.9,
10089,230,9,1,2,2026-05-20,2026-05-20,,514000.0,0.0,,Alarmas defectuosas
10090,851,8,8,2,2026-05-21,2026-05-21,,4896000.0,0.0,,Imagen subexpuesta
10091,993,10,3,1,2026-05-21,2026-05-22,2026-05-24,1210000.0,0.0,4.5,
10092,1699,11,3,2,2026-05-21,2026-05-24,,144000.0,0.0,,Falla de presión NIBP
10093,1634,15,11,2,2026-05-21,2026-05-24,,2769000.0,831000.0,,Boquillas obstruidas
10094,1951,11,6,1,2026-05-21,2026-05-21,2026-05-22,354000.0,68000.0,7.8,
10095,1893,2,4,1,2026-05-21,2026-05-22,2026-05-23,1565000.0,0.0,2.7,
10096,867,10,4,1,2026-05-21,2026-05-23,2026-05-24,90000.0,0.0,7.7,
10097,434,4,6,1,2026-05-21,2026-05-21,2026-05-24,115000.0,0.0,6.9,
10098,1576,1,7,1,2026-05-21,2026-05-21,2026-05-24,87000.0,0.0,2.4,
10099,1029,12,12,1,2026-05-21,2026-05-21,2026-05-24,150000.0,0.0,7.4,
10100,1836,7,6,2,2026-05-21,2026-05-21,,145000.0,0.0,,Error de calibración
10101,1738,9,4,2,2026-05-21,2026-05-23,,141000.0,0.0,,Alarma de oclusión
10102,1161,1,6,2,2026-05-22,2026-05-23,,120000.0,36000.0,,Alarmas inoperativas
10103,1351,1,9,1,2026-05-22,2026-05-23,2026-05-25,3597000.0,0.0,7.9,
10104,1119,8,9,2,2026-05-22,2026-05-25,,3855000.0,1167000.0,,Falla de teclado o trackball
10105,183,2,6,1,2026-05-22,2026-05-23,2026-05-26,488000.0,0.0,3.9,
10106,1681,22,2,1,2026-05-22,2026-05-23,2026-05-26,79000.0,0.0,1.8,
10107,923,9,5,2,2026-05-22,2026-05-22,2026-05-31,132000.0,0.0,113.1,Caudal incorrecto
10108,1336,3,5,1,2026-05-22,2026-05-23,2026-05-26,207000.0,0.0,5.9,
10109,270,11,1,2,2026-05-22,2026-05-22,2026-06-01,9000.0,0.0,71.9,Pantalla defectuosa
10110,1424,2,7,1,2026-05-22,2026-05-24,2026-05-27,124000.0,0.0,2.9,
10111,1601,11,3,2,2026-05-23,2026-05-23,,239000.0,0.0,,No detecta línea
10112,297,9,8,2,2026-05-23,2026-05-25,,58953000.0,18331000.0,,Falla de detector
10113,1637,9,1,2,2026-05-23,2026-05-25,,2707000.0,0.0,,Falla de batería
10114,840,12,1,2,2026-05-24,2026-05-24,,1513000.0,0.0,,Alarma no funciona
10115,290,5,1,1,2026-05-25,2026-05-27,2026-05-28,186000.0,0.0,3.4,
10116,792,12,3,1,2026-05-25,2026-05-26,2026-05-29,46000.0,2000.0,6.5,
10117,194,4,6,2,2026-05-25,2026-05-27,,19000.0,0.0,,Fuga en brazalete
10118,1053,2,1,2,2026-05-25,2026-05-28,,301000.0,0.0,,Lecturas erráticas
10119,1934,12,3,1,2026-05-25,2026-05-27,2026-05-30,212000.0,0.0,4.1,
10120,1710,10,7,1,2026-05-25,2026-05-25,2026-05-26,3071000.0,0.0,6.4,
10121,96,21,3,1,2026-05-25,2026-05-27,2026-05-29,1016000.0,0.0,6.4,
10122,1495,17,8,1,2026-05-25,2026-05-27,2026-05-30,4232000.0,1576000.0,5.3,
10123,412,11,6,1,2026-05-25,2026-05-25,2026-05-28,30000.0,0.0,1.4,
10124,1956,12,12,1,2026-05-25,2026-05-25,2026-05-26,158000.0,0.0,1.8,
10125,868,1,2,2,2026-05-26,2026-05-28,,21000.0,0.0,,Fuga en brazalete
10126,1728,4,7,1,2026-05-26,2026-05-28,2026-05-29,313000.0,0.0,5.2,
10127,116,10,5,2,2026-05-26,2026-05-29,,436000.0,0.0,,Pantalla dañada
10128,72,6,12,1,2026-05-26,2026-05-28,2026-05-30,2315000.0,511000.0,4.1,
10129,1317,10,5,2,2026-05-26,2026-05-29,,266000.0,80000.0,,Baja intensidad lumínica
10130,209,2,6,2,2026-05-26,2026-05-27,,114000.0,0.0,,Alarmas inoperativas
10131,1324,9,3,1,2026-05-26,2026-05-28,2026-05-30,595000.0,0.0,7.6,
10132,1474,13,1,1,2026-05-26,2026-05-26,2026-05-27,23000.0,0.0,4.0,
10133,1333,8,8,1,2026-05-26,2026-05-26,2026-05-27,16519000.0,0.0,3.9,
10134,899,3,6,1,2026-05-26,2026-05-26,2026-05-27,349000.0,0.0,7.3,
10135,1953,5,3,2,2026-05-26,2026-05-28,,25000.0,0.0,,Lectura incorrecta
10136,1188,7,1,2,2026-05-26,2026-05-26,,259000.0,0.0,,Alarmas defectuosas
10137,370,1,7,2,2026-05-26,2026-05-29,,1968000.0,0.0,,Sensor defectuoso
10138,1903,1,2,1,2026-05-26,2026-05-27,2026-05-30,116000.0,0.0,1.6,
10139,57,5,5,1,2026-05-26,2026-05-28,2026-05-31,29000.0,0.0,7.2,
10140,1211,2,7,2,2026-05-26,2026-05-27,,149000.0,0.0,,SpO₂ sin lectura
10141,1013,4,7,2,2026-05-26,2026-05-29,2026-06-12,307000.0,52000.0,61.4,Alarmas defectuosas
10142,177,17,3,1,2026-05-26,2026-05-27,2026-05-28,161000.0,0.0,4.3,
10143,1804,18,5,1,2026-05-26,2026-05-27,2026-05-28,28000.0,0.0,6.3,
10144,1536,1,2,1,2026-05-26,2026-05-27,2026-05-29,75000.0,0.0,1.1,
10145,1785,7,2,1,2026-05-27,2026-05-29,2026-05-31,118000.0,0.0,2.9,
10146,1907,1,3,2,2026-05-27,2026-05-28,,489000.0,0.0,,Impresora no funciona
10147,845,22,2,2,2026-05-27,2026-05-30,,477000.0,0.0,,Lecturas erráticas
10148,1492,3,4,1,2026-05-27,2026-05-29,2026-05-30,142000.0,0.0,5.9,
10149,483,7,7,1,2026-05-27,2026-05-27,2026-05-28,109000.0,0.0,6.3,
10150,114,7,1,1,2026-05-27,2026-05-28,2026-05-29,812000.0,0.0,6.0,
10151,416,10,6,2,2026-05-27,2026-05-29,,185000.0,32000.0,,Batería dañada
10152,576,22,7,2,2026-05-27,2026-05-30,,600000.0,0.0,,Módulo ECG dañado
10153,1370,21,5,1,2026-05-27,2026-05-28,2026-05-30,6000.0,0.0,3.5,
10154,1250,4,1,1,2026-05-27,2026-05-28,2026-05-30,99000.0,0.0,1.1,
10155,1089,10,3,1,2026-05-27,2026-05-29,2026-06-01,242000.0,0.0,3.4,
10156,1169,5,7,1,2026-05-27,2026-05-27,2026-05-28,9000.0,0.0,4.3,
10157,633,21,6,1,2026-05-28,2026-05-30,2026-06-02,35000.0,0.0,6.0,
10158,1087,15,11,1,2026-05-28,2026-05-29,2026-05-31,72000.0,0.0,4.0,
10159,894,15,10,1,2026-05-28,2026-05-28,2026-05-30,1972000.0,342000.0,1.9,
10160,47,11,6,1,2026-05-28,2026-05-29,2026-05-31,250000.0,0.0,1.9,
10161,1013,4,2,1,2026-05-28,2026-05-29,2026-06-01,244000.0,15000.0,5.9,
10162,527,9,1,2,2026-05-28,2026-05-28,,65000.0,0.0,,Cabezal flojo
10163,551,11,5,1,2026-05-28,2026-05-29,2026-06-01,209000.0,0.0,6.4,
10164,1876,4,1,1,2026-05-28,2026-05-29,2026-05-31,108000.0,36000.0,7.0,
10165,1872,3,4,1,2026-05-28,2026-05-30,2026-05-31,268000.0,0.0,1.5,
10166,1257,21,6,1,2026-05-28,2026-05-28,2026-05-31,60000.0,0.0,4.3,
10167,386,21,1,2,2026-05-28,2026-05-30,,196000.0,59000.0,,Caudal incorrecto
10168,1463,8,1,1,2026-05-28,2026-05-30,2026-06-01,354000.0,0.0,8.0,
10169,1279,9,5,1,2026-05-29,2026-05-31,2026-06-03,56000.0,12000.0,5.2,
10170,1696,12,1,1,2026-05-29,2026-05-30,2026-06-01,93000.0,29000.0,4.9,
10171,786,6,2,1,2026-05-29,2026-05-30,2026-06-01,121000.0,18000.0,5.4,
10172,1433,14,2,1,2026-05-29,2026-05-31,2026-06-02,31000.0,0.0,6.8,
10173,405,9,5,1,2026-05-29,2026-05-30,2026-05-31,167000.0,15000.0,3.2,
10174,991,7,2,1,2026-05-29,2026-05-29,2026-06-01,156000.0,13000.0,7.0,
10175,1574,15,11,1,2026-06-01,2026-06-02,2026-06-05,86000.0,0.0,6.8,
10176,1763,6,12,2,2026-06-01,2026-06-01,,2963000.0,0.0,,Obstrucción de pipetas
10177,1573,2,3,2,2026-06-01,2026-06-01,,2736000.0,0.0,,Alarma de presión
10178,916,12,3,1,2026-06-01,2026-06-02,2026-06-04,1956000.0,0.0,3.8,
10179,676,21,2,1,2026-06-01,2026-06-01,2026-06-02,120000.0,0.0,7.4,
10180,1930,15,11,1,2026-06-01,2026-06-03,2026-06-04,61000.0,0.0,7.1,
10181,792,12,2,2,2026-06-01,2026-06-03,,18000.0,6000.0,,Tiempo de medición excesivo
10182,1289,11,7,1,2026-06-01,2026-06-01,2026-06-02,83000.0,29000.0,6.5,
10183,410,12,4,2,2026-06-01,2026-06-04,,1209000.0,0.0,,Puerta o cúpula dañada
10184,42,9,7,1,2026-06-01,2026-06-03,2026-06-05,150000.0,0.0,3.6,
10185,396,22,12,2,2026-06-02,2026-06-05,,345000.0,0.0,,Rotor desbalanceado
10186,1729,4,3,2,2026-06-02,2026-06-02,,402000.0,0.0,,Lecturas erráticas
10187,1102,3,4,1,2026-06-02,2026-06-03,2026-06-06,137000.0,0.0,6.9,
10188,803,12,5,2,2026-06-02,2026-06-05,,5000.0,0.0,,Pantalla defectuosa
10189,1129,16,7,1,2026-06-02,2026-06-02,2026-06-03,21000.0,2000.0,4.9,
10190,1823,10,3,1,2026-06-02,2026-06-04,2026-06-07,351000.0,112000.0,4.9,
10191,1492,3,1,2,2026-06-02,2026-06-05,,208000.0,0.0,,Caudal incorrecto
10192,112,10,1,2,2026-06-02,2026-06-02,,423000.0,127000.0,,Lecturas erráticas
10193,62,5,3,1,2026-06-02,2026-06-02,2026-06-03,12000.0,0.0,1.6,
10194,1518,8,4,2,2026-06-02,2026-06-02,,449000.0,0.0,,SpO₂ no detecta señal
10195,1326,21,1,2,2026-06-03,2026-06-05,,379000.0,114000.0,,Ruedas trabadas
10196,941,22,5,1,2026-06-03,2026-06-03,2026-06-05,64000.0,0.0,2.0,
10197,201,17,4,2,2026-06-03,2026-06-03,,159000.0,0.0,,No detecta línea
10198,1230,10,1,1,2026-06-03,2026-06-03,2026-06-06,2525000.0,0.0,1.9,
10199,42,9,7,2,2026-06-03,2026-06-05,,171000.0,0.0,,Botón de paciente defectuoso
10200,1498,10,7,2,2026-06-03,2026-06-04,,155000.0,0.0,,No detecta línea
10201,495,9,8,1,2026-06-03,2026-06-05,2026-06-06,1865000.0,0.0,6.4,
10202,184,16,12,1,2026-06-03,2026-06-04,2026-06-06,362000.0,79000.0,5.5,
10203,596,1,2,1,2026-06-03,2026-06-05,2026-06-08,149000.0,0.0,4.8,
10204,1297,9,2,2,2026-06-03,2026-06-03,,2459000.0,0.0,,Falla de batería
10205,227,17,4,1,2026-06-03,2026-06-03,2026-06-04,36000.0,0.0,3.1,
10206,94,17,3,1,2026-06-03,2026-06-03,2026-06-04,106000.0,0.0,3.6,
10207,881,18,10,1,2026-06-03,2026-06-05,2026-06-06,200000.0,0.0,5.6,
10208,198,2,4,2,2026-06-03,2026-06-04,,154000.0,0.0,,Alarma de oclusión
10209,1637,9,5,2,2026-06-03,2026-06-04,,2139000.0,0.0,,Fuga en circuito
10210,306,3,7,1,2026-06-03,2026-06-03,2026-06-06,111000.0,21000.0,7.5,
10211,859,4,3,2,2026-06-03,2026-06-06,,16000.0,0.0,,Batería agotada
10212,1548,6,3,2,2026-06-03,2026-06-06,,500000.0,0.0,,SpO₂ no detecta señal
10213,1292,15,10,2,2026-06-04,2026-06-04,2026-06-12,1896000.0,0.0,51.1,No alcanza temperatura
10214,871,21,2,1,2026-06-04,2026-06-06,2026-06-08,86000.0,0.0,3.1,
10215,1954,7,7,2,2026-06-04,2026-06-05,,161000.0,0.0,,No detecta línea
10216,608,10,6,1,2026-06-04,2026-06-05,2026-06-07,920000.0,0.0,4.0,
10217,1361,11,2,1,2026-06-04,2026-06-06,2026-06-07,381000.0,0.0,6.1,
10218,761,15,10,1,2026-06-04,2026-06-06,2026-06-09,44000.0,9000.0,1.7,
10219,1152,8,3,2,2026-06-04,2026-06-07,,16000.0,0.0,,Lectura errática
10220,309,5,3,2,2026-06-04,2026-06-05,,142000.0,0.0,,Batería defectuosa
10221,1890,2,7,1,2026-06-04,2026-06-06,2026-06-07,189000.0,24000.0,7.5,
10222,1774,20,9,1,2026-06-04,2026-06-04,2026-06-05,246000.0,0.0,5.1,
10223,444,12,5,1,2026-06-04,2026-06-04,2026-06-06,90000.0,0.0,6.2,
10224,443,2,5,1,2026-06-04,2026-06-04,2026-06-07,100000.0,32000.0,2.6,
10225,549,1,5,1,2026-06-05,2026-06-06,2026-06-08,386000.0,74000.0,8.0,
10226,1173,11,5,1,2026-06-05,2026-06-06,2026-06-08,273000.0,0.0,2.3,
10227,819,7,6,1,2026-06-05,2026-06-07,2026-06-08,238000.0,33000.0,3.0,
10228,1488,7,6,1,2026-06-05,2026-06-07,2026-06-08,119000.0,0.0,7.4,
10229,553,1,5,2,2026-06-05,2026-06-07,,3102000.0,0.0,,Error de calibración
10230,677,9,4,1,2026-06-05,2026-06-05,2026-06-08,76000.0,22000.0,6.7,
10231,1582,6,2,1,2026-06-05,2026-06-06,2026-06-08,75000.0,3000.0,6.1,
10232,943,4,3,2,2026-06-05,2026-06-07,,3662000.0,892000.0,,Alarma de presión
10233,162,12,4,2,2026-06-05,2026-06-06,,180000.0,0.0,,Teclado/pantalla defectuosa
10234,487,17,6,1,2026-06-05,2026-06-06,2026-06-09,234000.0,0.0,6.7,
10235,498,10,3,2,2026-06-06,2026-06-09,,613000.0,0.0,,Alarmas defectuosas
10236,218,16,12,2,2026-06-07,2026-06-09,,4541000.0,0.0,,Error de software
10237,1487,2,2,2,2026-06-07,2026-06-08,,135000.0,0.0,,Alarmas inoperativas
10238,38,11,2,2,2026-06-07,2026-06-07,,448000.0,0.0,,No enciende
10239,246,20,1,2,2026-06-07,2026-06-07,,10000.0,0.0,,Lectura errática
10240,1978,18,6,2,2026-06-07,2026-06-07,,19000.0,0.0,,Válvula defectuosa
10241,1196,4,6,2,2026-06-07,2026-06-10,,166000.0,0.0,,Pantalla dañada
10242,1900,19,1,2,2026-06-07,2026-06-07,,18000.0,3000.0,,Manómetro descalibrado
10243,1507,4,5,1,2026-06-08,2026-06-09,2026-06-11,1651000.0,0.0,3.4,
10244,1583,4,8,1,2026-06-08,2026-06-09,2026-06-12,950000.0,0.0,6.3,
10245,990,22,3,1,2026-06-08,2026-06-08,2026-06-09,4000.0,0.0,4.3,
10246,1276,14,4,1,2026-06-08,2026-06-08,2026-06-09,40000.0,4000.0,6.7,
10247,987,13,2,1,2026-06-08,2026-06-10,2026-06-11,341000.0,0.0,1.5,
10248,1663,7,5,2,2026-06-08,2026-06-10,,366000.0,0.0,,Módulo ECG dañado
10249,946,21,1,1,2026-06-08,2026-06-10,2026-06-13,152000.0,10000.0,2.9,
10250,879,9,3,1,2026-06-08,2026-06-09,2026-06-12,240000.0,0.0,3.6,
10251,1987,14,6,1,2026-06-08,2026-06-08,2026-06-11,15000.0,0.0,2.1,
10252,71,3,2,1,2026-06-08,2026-06-08,2026-06-10,144000.0,0.0,4.9,
10253,1367,10,7,1,2026-06-08,2026-06-09,2026-06-11,265000.0,0.0,7.2,
10254,1150,15,10,1,2026-06-08,2026-06-09,2026-06-11,166000.0,0.0,4.3,
10255,817,18,11,1,2026-06-08,2026-06-08,2026-06-10,302000.0,0.0,1.1,
10256,1617,15,11,2,2026-06-08,2026-06-09,,1677000.0,256000.0,,Falla de resistencia
10257,1297,9,7,2,2026-06-08,2026-06-08,,2361000.0,0.0,,Alarma de presión
10258,214,9,8,1,2026-06-08,2026-06-10,2026-06-11,1422000.0,0.0,7.7,
10259,330,2,5,2,2026-06-08,2026-06-11,,343000.0,103000.0,,Batería dañada
10260,1012,3,5,1,2026-06-08,2026-06-10,2026-06-13,151000.0,0.0,5.6,
10261,1952,21,2,1,2026-06-09,2026-06-09,2026-06-10,2746000.0,0.0,8.0,
10262,1939,12,1,1,2026-06-09,2026-06-09,2026-06-11,230000.0,40000.0,2.3,
10263,375,22,3,1,2026-06-09,2026-06-10,2026-06-12,261000.0,73000.0,7.4,
10264,251,10,3,1,2026-06-09,2026-06-10,2026-06-13,154000.0,0.0,5.5,
10265,1044,24,4,1,2026-06-09,2026-06-10,2026-06-12,191000.0,0.0,6.1,
10266,771,5,2,1,2026-06-09,2026-06-10,2026-06-12,7000.0,0.0,1.3,
10267,351,17,1,1,2026-06-09,2026-06-10,2026-06-13,3663000.0,0.0,6.7,
10268,1551,12,5,1,2026-06-10,2026-06-11,2026-06-12,156000.0,0.0,7.7,
10269,1205,10,6,1,2026-06-10,2026-06-10,2026-06-12,615000.0,0.0,2.3,
10270,751,12,2,2,2026-06-10,2026-06-13,,1506000.0,0.0,,Sensor de humedad defectuoso
10271,426,11,2,2,2026-06-10,2026-06-13,,192000.0,0.0,,Puerta o clamp dañado
10272,943,4,6,2,2026-06-10,2026-06-11,,3662000.0,671000.0,,Sensor defectuoso
10273,1611,10,3,2,2026-06-10,2026-06-11,,393000.0,0.0,,Alarmas defectuosas
10274,1957,6,3,2,2026-06-10,2026-06-13,,308000.0,0.0,,SpO₂ no detecta señal
10275,840,12,2,1,2026-06-10,2026-06-12,2026-06-14,529000.0,0.0,5.0,
10276,866,12,5,2,2026-06-10,2026-06-13,,1278000.0,0.0,,No calienta
10277,1866,7,7,1,2026-06-10,2026-06-11,2026-06-13,733000.0,0.0,5.7,
10278,641,17,8,1,2026-06-10,2026-06-11,2026-06-13,16888000.0,8343000.0,2.1,
10279,1266,15,10,1,2026-06-10,2026-06-12,2026-06-14,126000.0,0.0,1.6,
10280,1668,15,10,1,2026-06-10,2026-06-10,2026-06-12,88000.0,0.0,7.5,
10281,844,3,7,1,2026-06-10,2026-06-12,2026-06-15,179000.0,0.0,4.5,
10282,791,7,3,1,2026-06-10,2026-06-10,2026-06-12,150000.0,0.0,5.6,
10283,207,6,7,1,2026-06-10,2026-06-10,2026-06-13,258000.0,0.0,1.7,
10284,1022,19,11,2,2026-06-10,2026-06-13,,6722000.0,2016000.0,,Mala calibración
10285,276,3,5,1,2026-06-10,2026-06-12,2026-06-13,166000.0,0.0,4.2,
10286,1177,22,5,2,2026-06-10,2026-06-13,,382000.0,0.0,,SpO₂ no detecta señal
10287,564,21,5,1,2026-06-10,2026-06-12,2026-06-14,105000.0,0.0,1.3,
10288,1189,21,7,1,2026-06-10,2026-06-10,2026-06-13,142000.0,33000.0,3.7,
10289,1459,11,6,1,2026-06-11,2026-06-12,2026-06-13,631000.0,0.0,5.0,
10290,108,15,10,1,2026-06-11,2026-06-11,2026-06-14,1311000.0,0.0,2.9,
10291,1700,11,5,1,2026-06-11,2026-06-13,2026-06-14,346000.0,45000.0,6.5,
10292,1422,2,3,2,2026-06-11,2026-06-13,,431000.0,0.0,,Error de calibración
10293,112,10,4,1,2026-06-11,2026-06-12,2026-06-13,229000.0,53000.0,3.9,
10294,1430,12,6,2,2026-06-11,2026-06-14,,295000.0,0.0,,SpO₂ no detecta señal
10295,1358,6,5,1,2026-06-11,2026-06-11,2026-06-14,75000.0,0.0,2.6,
10296,27,12,2,1,2026-06-11,2026-06-12,2026-06-13,764000.0,0.0,5.0,
10297,1056,1,5,1,2026-06-12,2026-06-12,2026-06-13,155000.0,0.0,3.4,
10298,1801,3,4,1,2026-06-12,2026-06-13,2026-06-15,489000.0,0.0,4.2,
10299,20,4,7,2,2026-06-12,2026-06-12,,142000.0,38000.0,,Alarmas inoperativas
10300,289,21,4,2,2026-06-12,2026-06-15,,389000.0,110000.0,,Pantalla defectuosa
10301,1736,18,4,1,2026-06-12,2026-06-13,2026-06-16,31000.0,0.0,5.0,
10302,809,7,7,2,2026-06-12,2026-06-14,,120000.0,36000.0,,Temperatura errática
10303,293,18,6,2,2026-06-12,2026-06-12,,28000.0,8000.0,,Fuga en brazalete
10304,1469,13,2,1,2026-06-12,2026-06-14,2026-06-17,14000.0,0.0,2.6,
10305,1301,17,8,1,2026-06-12,2026-06-13,2026-06-14,1541000.0,0.0,6.0,
10306,80,10,7,1,2026-06-12,2026-06-13,2026-06-14,246000.0,0.0,4.3,
10307,626,4,3,2,2026-06-12,2026-06-15,,556000.0,144000.0,,Sistema hidráulico con fuga
10308,37,4,6,1,2026-06-12,2026-06-13,2026-06-15,513000.0,0.0,7.7,
10309,339,15,10,1,2026-06-12,2026-06-14,2026-06-17,77000.0,0.0,1.4,
10310,1729,4,7,1,2026-06-12,2026-06-13,2026-06-15,226000.0,0.0,1.5,
10311,190,20,4,2,2026-06-12,2026-06-12,,24000.0,0.0,,Fuga en brazalete
10312,800,22,12,2,2026-06-13,2026-06-16,,239000.0,0.0,,Lentes sucios o dañados
10313,1723,3,12,2,2026-06-13,2026-06-14,,1628000.0,0.0,,Error de reactivo
10314,1402,6,7,2,2026-06-13,2026-06-15,,370000.0,57000.0,,Módulo ECG dañado
10315,1126,6,1,2,2026-06-14,2026-06-15,,310000.0,0.0,,Módulo ECG dañado
10316,1084,17,4,2,2026-06-14,2026-06-14,,466000.0,0.0,,Barandas sueltas
10317,878,9,7,2,2026-06-14,2026-06-16,,261000.0,78000.0,,NIBP no infla
10318,1367,10,5,2,2026-06-14,2026-06-17,,329000.0,0.0,,Batería agotada
10319,1075,13,8,1,2026-06-15,2026-06-16,2026-06-17,2113000.0,591000.0,1.6,
10320,700,7,6,1,2026-06-15,2026-06-17,2026-06-20,542000.0,0.0,3.4,
10321,468,12,5,1,2026-06-15,2026-06-17,2026-06-20,96000.0,0.0,1.8,
10322,1840,4,7,1,2026-06-15,2026-06-16,2026-06-18,182000.0,0.0,2.1,
10323,560,1,7,1,2026-06-15,2026-06-16,2026-06-17,665000.0,0.0,3.1,
10324,1097,21,2,1,2026-06-15,2026-06-15,2026-06-18,255000.0,68000.0,1.3,
10325,1650,4,1,1,2026-06-15,2026-06-17,2026-06-19,133000.0,0.0,4.4,
10326,1276,6,7,2,2026-06-15,2026-06-16,,26000.0,8000.0,,Lectura incorrecta
10327,661,24,1,1,2026-06-15,2026-06-16,2026-06-18,7000.0,1000.0,3.1,
10328,1265,5,6,1,2026-06-15,2026-06-15,2026-06-16,401000.0,0.0,7.6,
10329,1066,17,4,2,2026-06-15,2026-06-16,,10000.0,2000.0,,Pantalla defectuosa
10330,1732,18,10,2,2026-06-15,2026-06-17,,280000.0,0.0,,No entrega corriente
10331,1084,17,5,1,2026-06-16,2026-06-16,2026-06-19,347000.0,0.0,1.3,
10332,260,11,5,1,2026-06-16,2026-06-17,2026-06-20,1169000.0,294000.0,4.5,
10333,1873,22,5,2,2026-06-16,2026-06-16,,17000.0,0.0,,Lectura errática
10334,417,14,12,1,2026-06-16,2026-06-18,2026-06-19,174000.0,0.0,2.2,
10335,121,6,12,1,2026-06-16,2026-06-16,2026-06-19,189000.0,0.0,5.1,
10336,1861,3,7,2,2026-06-16,2026-06-17,2026-06-30,0.0,0.0,298.5,Fuga en circuito
10337,1434,21,6,1,2026-06-16,2026-06-17,2026-06-18,92000.0,0.0,6.2,
10338,327,1,5,1,2026-06-16,2026-06-18,2026-06-19,1758000.0,0.0,7.7,
10339,1444,4,5,1,2026-06-16,2026-06-17,2026-06-18,43000.0,0.0,5.4,
10340,1895,18,5,1,2026-06-16,2026-06-17,2026-06-19,203000.0,0.0,1.6,
10341,597,19,10,1,2026-06-17,2026-06-19,2026-06-22,547000.0,0.0,4.2,
10342,1006,13,4,1,2026-06-17,2026-06-18,2026-06-21,63000.0,0.0,4.7,
10343,1797,11,4,2,2026-06-17,2026-06-20,2026-06-28,448000.0,0.0,191.3,Barandas sueltas
10344,458,12,3,1,2026-06-17,2026-06-18,2026-06-21,1570000.0,0.0,5.0,
10345,1617,15,10,1,2026-06-17,2026-06-19,2026-06-20,1203000.0,182000.0,4.2,
10346,140,20,9,2,2026-06-17,2026-06-19,,2262000.0,0.0,,Error de calibración
10347,1069,12,1,2,2026-06-17,2026-06-19,2026-06-27,5608000.0,0.0,161.6,Alarma de presión
10348,836,11,5,1,2026-06-17,2026-06-19,2026-06-22,1294000.0,604000.0,7.4,
10349,520,10,1,1,2026-06-17,2026-06-18,2026-06-21,547000.0,215000.0,1.2,
10350,950,21,4,1,2026-06-17,2026-06-19,2026-06-22,89000.0,0.0,7.6,
10351,1544,10,2,1,2026-06-17,2026-06-17,2026-06-18,410000.0,0.0,3.7,
10352,49,16,12,1,2026-06-17,2026-06-17,2026-06-20,382000.0,0.0,5.7,
10353,475,9,6,1,2026-06-17,2026-06-17,2026-06-19,169000.0,0.0,6.9,
10354,112,10,1,2,2026-06-17,2026-06-18,,423000.0,127000.0,,NIBP no infla
10355,297,9,8,1,2026-06-17,2026-06-18,2026-06-19,12975000.0,6833000.0,1.0,
10356,490,1,7,1,2026-06-18,2026-06-19,2026-06-21,177000.0,0.0,3.3,
10357,1264,3,6,1,2026-06-18,2026-06-19,2026-06-20,47000.0,0.0,2.8,
10358,34,18,11,1,2026-06-18,2026-06-20,2026-06-22,310000.0,39000.0,7.5,
10359,280,9,1,1,2026-06-18,2026-06-18,2026-06-20,116000.0,16000.0,5.6,
10360,1929,10,8,2,2026-06-18,2026-06-20,,1601000.0,0.0,,Imagen con ruido
10361,1376,17,4,1,2026-06-18,2026-06-19,2026-06-21,86000.0,0.0,3.3,
10362,911,4,5,2,2026-06-18,2026-06-19,,180000.0,0.0,,Error de calibración
10363,958,4,5,1,2026-06-18,2026-06-18,2026-06-20,2626000.0,0.0,7.2,
10364,382,17,2,1,2026-06-18,2026-06-18,2026-06-21,191000.0,13000.0,5.2,
10365,1990,21,4,1,2026-06-18,2026-06-18,2026-06-19,136000.0,0.0,6.8,
10366,845,22,1,2,2026-06-18,2026-06-19,,477000.0,0.0,,NIBP no infla
10367,1933,12,7,1,2026-06-18,2026-06-20,2026-06-21,951000.0,0.0,3.7,
10368,1511,20,9,2,2026-06-19,2026-06-20,,546000.0,0.0,,Batería agotada
10369,5,7,4,1,2026-06-19,2026-06-20,2026-06-23,219000.0,0.0,2.7,
10370,23,12,4,2,2026-06-19,2026-06-19,,1607000.0,0.0,,No enciende
10371,671,9,12,2,2026-06-19,2026-06-20,,231000.0,0.0,,Tapa no bloquea
10372,127,12,3,1,2026-06-19,2026-06-19,2026-06-22,179000.0,0.0,2.6,
10373,526,9,4,2,2026-06-19,2026-06-20,2026-06-30,2759000.0,762000.0,74.2,Fuga en circuito
10374,92,4,5,1,2026-06-19,2026-06-21,2026-06-24,1479000.0,0.0,3.8,
10375,1795,11,2,1,2026-06-19,2026-06-20,2026-06-23,67000.0,6000.0,5.8,
10376,1589,12,4,1,2026-06-19,2026-06-19,2026-06-22,265000.0,0.0,2.7,
10377,351,17,1,2,2026-06-19,2026-06-20,,6413000.0,0.0,,Falla de batería
10378,1171,11,1,2,2026-06-19,2026-06-22,,58000.0,0.0,,Batería dañada
10379,208,14,12,1,2026-06-19,2026-06-20,2026-06-22,72000.0,10000.0,5.5,
10380,1581,12,2,1,2026-06-19,2026-06-21,2026-06-23,51000.0,0.0,7.7,
10381,1754,8,3,1,2026-06-19,2026-06-19,2026-06-22,31000.0,1000.0,2.1,
10382,974,12,4,2,2026-06-19,2026-06-20,,1032000.0,0.0,,Falla de ventilador
10383,1214,3,6,2,2026-06-20,2026-06-20,,346000.0,0.0,,Ruedas trabadas
10384,1265,5,7,2,2026-06-20,2026-06-23,,591000.0,0.0,,Lecturas erráticas
10385,1808,17,6,2,2026-06-20,2026-06-23,,118000.0,0.0,,Pantalla dañada
10386,250,2,7,2,2026-06-20,2026-06-23,,133000.0,0.0,,Falla de presión NIBP
10387,1676,10,4,2,2026-06-21,2026-06-23,,3106000.0,0.0,,Presión inestable
10388,19,17,9,2,2026-06-21,2026-06-23,2026-07-06,12137000.0,0.0,232.1,Imagen distorsionada
10389,457,17,3,2,2026-06-21,2026-06-22,,387000.0,116000.0,,NIBP no infla
10390,1140,4,4,2,2026-06-21,2026-06-21,,495000.0,0.0,,Alarmas defectuosas
10391,1822,22,3,2,2026-06-21,2026-06-21,,131000.0,0.0,,SpO₂ sin lectura
10392,1017,7,1,2,2026-06-22,2026-06-24,,87000.0,0.0,,Pantalla dañada
10393,581,21,7,2,2026-06-22,2026-06-22,,178000.0,0.0,,Alarma de oclusión
10394,1039,17,3,1,2026-06-22,2026-06-23,2026-06-26,340000.0,0.0,2.4,
10395,560,1,5,2,2026-06-22,2026-06-24,2026-06-27,840000.0,0.0,47.4,Alarma de temperatura
10396,407,17,9,1,2026-06-22,2026-06-24,2026-06-27,874000.0,0.0,7.7,
10397,1244,6,2,1,2026-06-22,2026-06-22,2026-06-24,39000.0,2000.0,4.5,
10398,513,2,1,1,2026-06-22,2026-06-23,2026-06-24,82000.0,0.0,1.4,
10399,797,14,6,1,2026-06-22,2026-06-22,2026-06-23,59000.0,0.0,1.3,
10400,468,12,5,2,2026-06-22,2026-06-24,,148000.0,0.0,,No detecta línea
10401,1249,1,1,1,2026-06-22,2026-06-22,2026-06-25,354000.0,0.0,4.2,
10402,716,15,10,1,2026-06-22,2026-06-23,2026-06-25,95000.0,0.0,3.6,
10403,751,12,1,2,2026-06-22,2026-06-22,,1506000.0,0.0,,Falla de ventilador
10404,828,12,4,1,2026-06-22,2026-06-22,2026-06-25,184000.0,38000.0,7.8,
10405,1645,17,4,1,2026-06-22,2026-06-23,2026-06-26,292000.0,99000.0,1.2,
10406,581,21,5,1,2026-06-22,2026-06-22,2026-06-24,123000.0,0.0,6.4,
10407,1630,9,7,1,2026-06-22,2026-06-24,2026-06-26,2274000.0,903000.0,2.6,
10408,637,9,9,2,2026-06-22,2026-06-24,,60000000.0,0.0,,Falla de detector
10409,912,5,1,1,2026-06-23,2026-06-25,2026-06-27,34000.0,0.0,1.8,
10410,746,3,1,2,2026-06-23,2026-06-25,2026-06-27,429000.0,0.0,39.0,Pantalla sin imagen
10411,230,9,2,1,2026-06-23,2026-06-24,2026-06-25,346000.0,0.0,5.5,
10412,1052,10,4,2,2026-06-23,2026-06-26,,1920000.0,576000.0,,Puerta o cúpula dañada
10413,321,3,2,1,2026-06-23,2026-06-24,2026-06-26,26000.0,2000.0,6.0,
10414,173,3,1,2,2026-06-23,2026-06-23,,169000.0,0.0,,Puerta o clamp dañado
10415,1315,14,12,1,2026-06-23,2026-06-24,2026-06-26,241000.0,0.0,1.3,
10416,1847,10,7,1,2026-06-23,2026-06-25,2026-06-26,140000.0,0.0,6.3,
10417,567,6,12,1,2026-06-23,2026-06-25,2026-06-28,273000.0,0.0,2.0,
10418,344,15,10,2,2026-06-23,2026-06-23,,1682000.0,0.0,,Bomba de lavado defectuosa
10419,1738,9,7,1,2026-06-23,2026-06-23,2026-06-24,110000.0,0.0,1.6,
10420,431,21,7,1,2026-06-23,2026-06-23,2026-06-25,77000.0,0.0,1.0,
10421,300,3,4,1,2026-06-23,2026-06-23,2026-06-26,51000.0,0.0,7.6,
10422,255,4,1,1,2026-06-23,2026-06-25,2026-06-28,72000.0,0.0,3.8,
10423,1817,20,7,1,2026-06-24,2026-06-25,2026-06-27,51000.0,0.0,3.0,
10424,753,9,2,1,2026-06-24,2026-06-24,2026-06-27,12000.0,0.0,6.1,
10425,1391,4,1,2,2026-06-24,2026-06-24,,93000.0,0.0,,Alarmas inoperativas
10426,1879,13,5,1,2026-06-24,2026-06-25,2026-06-26,53000.0,0.0,6.3,
10427,995,21,1,1,2026-06-24,2026-06-25,2026-06-27,101000.0,11000.0,2.1,
10428,715,15,10,1,2026-06-24,2026-06-25,2026-06-26,1302000.0,0.0,2.8,
10429,112,10,7,2,2026-06-24,2026-06-27,,423000.0,127000.0,,No enciende
10430,977,1,2,1,2026-06-24,2026-06-24,2026-06-26,2226000.0,0.0,5.3,
10431,1714,21,6,2,2026-06-24,2026-06-25,,128000.0,0.0,,Puerta o clamp dañado
10432,1106,9,6,1,2026-06-24,2026-06-25,2026-06-28,17000.0,0.0,7.3,
10433,989,10,2,1,2026-06-24,2026-06-26,2026-06-29,120000.0,0.0,1.3,
10434,1149,18,11,1,2026-06-24,2026-06-24,2026-06-25,93000.0,10000.0,6.4,
10435,54,9,12,2,2026-06-25,2026-06-25,,1905000.0,0.0,,Problemas de lavado
10436,1499,2,7,1,2026-06-25,2026-06-25,2026-06-27,64000.0,0.0,3.4,
10437,1386,1,2,1,2026-06-25,2026-06-26,2026-06-28,9000.0,1000.0,7.7,
10438,1930,15,10,2,2026-06-25,2026-06-26,,146000.0,0.0,,Puertas o cierres sueltos
10439,332,18,11,2,2026-06-26,2026-06-28,,198000.0,0.0,,Intensidad inestable
10440,1737,21,1,2,2026-06-26,2026-06-29,,2534000.0,0.0,,Alarma de presión
10441,1674,18,5,1,2026-06-26,2026-06-27,2026-06-29,25000.0,0.0,7.3,
10442,1646,7,2,1,2026-06-26,2026-06-27,2026-06-29,266000.0,0.0,7.7,
10443,1384,14,2,2,2026-06-26,2026-06-28,,26000.0,0.0,,Lectura incorrecta
10444,1780,4,12,1,2026-06-26,2026-06-28,2026-06-29,158000.0,0.0,2.0,
10445,101,14,1,1,2026-06-26,2026-06-28,2026-06-30,38000.0,2000.0,1.5,
10446,87,8,4,1,2026-06-26,2026-06-28,2026-06-29,25000.0,0.0,2.9,
10447,573,4,2,2,2026-06-26,2026-06-29,,6042000.0,0.0,,Falla de batería
10448,1716,1,6,1,2026-06-26,2026-06-28,2026-06-29,160000.0,0.0,6.5,
10449,704,22,7,1,2026-06-26,2026-06-28,2026-06-30,102000.0,0.0,5.9,
10450,1799,1,7,1,2026-06-26,2026-06-26,2026-06-28,313000.0,0.0,3.9,
10451,1105,7,1,2,2026-06-27,2026-06-30,,205000.0,0.0,,No detecta línea
10452,374,15,11,2,2026-06-27,2026-06-29,,2710000.0,0.0,,No alcanza temperatura
10453,391,10,7,2,2026-06-27,2026-06-28,,386000.0,0.0,,SpO₂ no detecta señal
10454,751,12,2,2,2026-06-27,2026-06-29,,1506000.0,0.0,,Falla de ventilador
10455,114,7,3,2,2026-06-27,2026-06-29,,2332000.0,0.0,,Falla de pantalla
10456,437,7,1,2,2026-06-27,2026-06-29,,152000.0,0.0,,No detecta línea
10457,1886,17,5,2,2026-06-28,2026-06-30,,348000.0,0.0,,No enciende
10458,1611,10,6,2,2026-06-28,2026-06-29,,393000.0,0.0,,NIBP no infla
10459,530,1,2,1,2026-06-29,2026-06-30,2026-07-02,66000.0,0.0,2.9,
10460,1673,4,7,1,2026-06-29,2026-06-30,2026-07-01,1092000.0,0.0,3.2,
10461,1548,6,5,1,2026-06-29,2026-06-29,2026-07-02,233000.0,0.0,1.4,
10462,1269,3,7,1,2026-06-29,2026-06-30,2026-07-02,331000.0,0.0,5.9,
10463,1194,22,2,1,2026-06-29,2026-07-01,2026-07-02,34000.0,0.0,3.0,
10464,543,22,12,1,2026-06-29,2026-06-30,2026-07-01,272000.0,0.0,5.8,
10465,293,18,6,1,2026-06-29,2026-06-30,2026-07-01,55000.0,3000.0,1.8,
10466,195,18,7,1,2026-06-29,2026-06-30,2026-07-03,127000.0,0.0,7.3,
10467,1423,18,6,1,2026-06-29,2026-06-29,2026-07-01,54000.0,0.0,5.0,
10468,936,5,2,1,2026-06-29,2026-06-29,2026-07-02,314000.0,0.0,7.3,
10469,1854,11,7,1,2026-06-30,2026-07-02,2026-07-05,127000.0,0.0,7.9,
10470,141,4,3,1,2026-06-30,2026-07-02,2026-07-03,85000.0,0.0,2.0,
10471,137,15,10,1,2026-06-30,2026-06-30,2026-07-01,159000.0,28000.0,1.2,
10472,1529,21,3,1,2026-06-30,2026-07-02,2026-07-05,121000.0,18000.0,6.2,
